ddinter_id,ddinter_name,pubchem_cid,pubchem_title,connectivity_smiles,smiles,inchi,inchikey,mapping_method,mapping_status,structure_status,retrieval_source,retrieved_at
DDInter1,Abacavir,441300,Abacavir,C1CC1NC2=C3C(=NC(=N2)N)N(C=N3)C4CC(C=C4)CO,C1CC1NC2=C3C(=NC(=N2)N)N(C=N3)[C@@H]4C[C@@H](C=C4)CO,"InChI=1S/C14H18N6O/c15-14-18-12(17-9-2-3-9)11-13(19-14)20(7-16-11)10-4-1-8(5-10)6-21/h1,4,7-10,21H,2-3,5-6H2,(H3,15,17,18,19)/t8-,10+/m1/s1",MCGSCOLBFJQGHM-SCZZXKLOSA-N,exact DDInter name query,exact_unique,valid,"https://pubchem.ncbi.nlm.nih.gov/rest/pug/compound/name/Abacavir/property/Title,ConnectivitySMILES,SMILES,InChI,InChIKey/JSON",2026-09-22
DDInter10,Acamprosate,71158,Acamprosate,CC(=O)NCCCS(=O)(=O)O,CC(=O)NCCCS(=O)(=O)O,"InChI=1S/C5H11NO4S/c1-5(7)6-3-2-4-11(8,9)10/h2-4H2,1H3,(H,6,7)(H,8,9,10)",AFCGFAGUEYAMAO-UHFFFAOYSA-N,exact DDInter name query,exact_unique,valid,"https://pubchem.ncbi.nlm.nih.gov/rest/pug/compound/name/Acamprosate/property/Title,ConnectivitySMILES,SMILES,InChI,InChIKey/JSON",2026-09-22
DDInter100,Anthrax vaccine,,,,,,,exact DDInter name query,unmapped,unavailable,"https://pubchem.ncbi.nlm.nih.gov/rest/pug/compound/name/Anthrax%20vaccine/property/Title,ConnectivitySMILES,SMILES,InChI,InChIKey/JSON",2026-09-22
DDInter1000,Ivosidenib,71657455,Ivosidenib,C1CC(=O)N(C1C(=O)N(C2=CC(=CN=C2)F)C(C3=CC=CC=C3Cl)C(=O)NC4CC(C4)(F)F)C5=NC=CC(=C5)C#N,C1CC(=O)N([C@@H]1C(=O)N(C2=CC(=CN=C2)F)[C@@H](C3=CC=CC=C3Cl)C(=O)NC4CC(C4)(F)F)C5=NC=CC(=C5)C#N,"InChI=1S/C28H22ClF3N6O3/c29-21-4-2-1-3-20(21)25(26(40)36-18-11-28(31,32)12-18)37(19-10-17(30)14-34-15-19)27(41)22-5-6-24(39)38(22)23-9-16(13-33)7-8-35-23/h1-4,7-10,14-15,18,22,25H,5-6,11-12H2,(H,36,40)/t22-,25-/m0/s1",WIJZXSAJMHAVGX-DHLKQENFSA-N,exact DDInter name query,exact_unique,valid,"https://pubchem.ncbi.nlm.nih.gov/rest/pug/compound/name/Ivosidenib/property/Title,ConnectivitySMILES,SMILES,InChI,InChIKey/JSON",2026-09-22
DDInter1001,Ixabepilone,6445540,Ixabepilone,CC1CCCC2(C(O2)CC(NC(=O)CC(C(C(=O)C(C1O)C)(C)C)O)C(=CC3=CSC(=N3)C)C)C,C[C@H]1CCC[C@@]2([C@@H](O2)C[C@H](NC(=O)C[C@@H](C(C(=O)[C@@H]([C@H]1O)C)(C)C)O)/C(=C/C3=CSC(=N3)C)/C)C,"InChI=1S/C27H42N2O5S/c1-15-9-8-10-27(7)22(34-27)12-20(16(2)11-19-14-35-18(4)28-19)29-23(31)13-21(30)26(5,6)25(33)17(3)24(15)32/h11,14-15,17,20-22,24,30,32H,8-10,12-13H2,1-7H3,(H,29,31)/b16-11+/t15-,17+,20-,21-,22-,24-,27+/m0/s1",FABUFPQFXZVHFB-PVYNADRNSA-N,exact DDInter name query,exact_unique,valid,"https://pubchem.ncbi.nlm.nih.gov/rest/pug/compound/name/Ixabepilone/property/Title,ConnectivitySMILES,SMILES,InChI,InChIKey/JSON",2026-09-22
DDInter1002,Ixazomib,25183872,Ixazomib,B(C(CC(C)C)NC(=O)CNC(=O)C1=C(C=CC(=C1)Cl)Cl)(O)O,B([C@H](CC(C)C)NC(=O)CNC(=O)C1=C(C=CC(=C1)Cl)Cl)(O)O,"InChI=1S/C14H19BCl2N2O4/c1-8(2)5-12(15(22)23)19-13(20)7-18-14(21)10-6-9(16)3-4-11(10)17/h3-4,6,8,12,22-23H,5,7H2,1-2H3,(H,18,21)(H,19,20)/t12-/m0/s1",MXAYKZJJDUDWDS-LBPRGKRZSA-N,exact DDInter name query,exact_unique,valid,"https://pubchem.ncbi.nlm.nih.gov/rest/pug/compound/name/Ixazomib/property/Title,ConnectivitySMILES,SMILES,InChI,InChIKey/JSON",2026-09-22
DDInter1003,Ixekizumab,,,,,,,exact DDInter name query,unmapped,unavailable,"https://pubchem.ncbi.nlm.nih.gov/rest/pug/compound/name/Ixekizumab/property/Title,ConnectivitySMILES,SMILES,InChI,InChIKey/JSON",2026-09-22
DDInter1004,Kanamycin,6032,Kanamycin,C1C(C(C(C(C1N)OC2C(C(C(C(O2)CN)O)O)O)O)OC3C(C(C(C(O3)CO)O)N)O)N,C1[C@H]([C@@H]([C@H]([C@@H]([C@H]1N)O[C@@H]2[C@@H]([C@H]([C@@H]([C@H](O2)CN)O)O)O)O)O[C@@H]3[C@@H]([C@H]([C@@H]([C@H](O3)CO)O)N)O)N,"InChI=1S/C18H36N4O11/c19-2-6-10(25)12(27)13(28)18(30-6)33-16-5(21)1-4(20)15(14(16)29)32-17-11(26)8(22)9(24)7(3-23)31-17/h4-18,23-29H,1-3,19-22H2/t4-,5+,6-,7-,8+,9-,10-,11-,12+,13-,14-,15+,16-,17-,18-/m1/s1",SBUJHOSQTJFQJX-NOAMYHISSA-N,exact DDInter name query,exact_unique,valid,"https://pubchem.ncbi.nlm.nih.gov/rest/pug/compound/name/Kanamycin/property/Title,ConnectivitySMILES,SMILES,InChI,InChIKey/JSON",2026-09-22
DDInter1005,Kaolin,,,,,,,exact DDInter name query,unmapped,unavailable,"https://pubchem.ncbi.nlm.nih.gov/rest/pug/compound/name/Kaolin/property/Title,ConnectivitySMILES,SMILES,InChI,InChIKey/JSON",2026-09-22
DDInter1006,Kava,5281052,Kava,COC1=CC(=O)OC(C1)C=CC2=CCCC=C2,COC1=CC(=O)OC(C1)/C=C/C2=CCCC=C2,"InChI=1S/C14H16O3/c1-16-13-9-12(17-14(15)10-13)8-7-11-5-3-2-4-6-11/h3,5-8,10,12H,2,4,9H2,1H3/b8-7+",OMNGEVNATYFZGG-BQYQJAHWSA-N,exact DDInter name query,exact_unique,valid,"https://pubchem.ncbi.nlm.nih.gov/rest/pug/compound/name/Kava/property/Title,ConnectivitySMILES,SMILES,InChI,InChIKey/JSON",2026-09-22
DDInter1007,Ketamine,3821,Ketamine,CNC1(CCCCC1=O)C2=CC=CC=C2Cl,CNC1(CCCCC1=O)C2=CC=CC=C2Cl,"InChI=1S/C13H16ClNO/c1-15-13(9-5-4-8-12(13)16)10-6-2-3-7-11(10)14/h2-3,6-7,15H,4-5,8-9H2,1H3",YQEZLKZALYSWHR-UHFFFAOYSA-N,exact DDInter name query,exact_unique,valid,"https://pubchem.ncbi.nlm.nih.gov/rest/pug/compound/name/Ketamine/property/Title,ConnectivitySMILES,SMILES,InChI,InChIKey/JSON",2026-09-22
DDInter1008,Ketoconazole,47576,Ketoconazole,CC(=O)N1CCN(CC1)C2=CC=C(C=C2)OCC3COC(O3)(CN4C=CN=C4)C5=C(C=C(C=C5)Cl)Cl,CC(=O)N1CCN(CC1)C2=CC=C(C=C2)OC[C@@H]3CO[C@@](O3)(CN4C=CN=C4)C5=C(C=C(C=C5)Cl)Cl,"InChI=1S/C26H28Cl2N4O4/c1-19(33)31-10-12-32(13-11-31)21-3-5-22(6-4-21)34-15-23-16-35-26(36-23,17-30-9-8-29-18-30)24-7-2-20(27)14-25(24)28/h2-9,14,18,23H,10-13,15-17H2,1H3/t23-,26-/m1/s1",XMAYWYJOQHXEEK-ZEQKJWHPSA-N,exact DDInter name query,exact_unique,valid,"https://pubchem.ncbi.nlm.nih.gov/rest/pug/compound/name/Ketoconazole/property/Title,ConnectivitySMILES,SMILES,InChI,InChIKey/JSON",2026-09-22
DDInter1009,Ketoprofen,3825,Ketoprofen,CC(C1=CC(=CC=C1)C(=O)C2=CC=CC=C2)C(=O)O,CC(C1=CC(=CC=C1)C(=O)C2=CC=CC=C2)C(=O)O,"InChI=1S/C16H14O3/c1-11(16(18)19)13-8-5-9-14(10-13)15(17)12-6-3-2-4-7-12/h2-11H,1H3,(H,18,19)",DKYWVDODHFEZIM-UHFFFAOYSA-N,exact DDInter name query,exact_unique,valid,"https://pubchem.ncbi.nlm.nih.gov/rest/pug/compound/name/Ketoprofen/property/Title,ConnectivitySMILES,SMILES,InChI,InChIKey/JSON",2026-09-22
DDInter101,Anti-inhibitor coagulant complex,,,,,,,exact DDInter name query,unmapped,unavailable,"https://pubchem.ncbi.nlm.nih.gov/rest/pug/compound/name/Anti-inhibitor%20coagulant%20complex/property/Title,ConnectivitySMILES,SMILES,InChI,InChIKey/JSON",2026-09-22
DDInter1010,Ketorolac,3826,Ketorolac,C1CN2C(=CC=C2C(=O)C3=CC=CC=C3)C1C(=O)O,C1CN2C(=CC=C2C(=O)C3=CC=CC=C3)C1C(=O)O,"InChI=1S/C15H13NO3/c17-14(10-4-2-1-3-5-10)13-7-6-12-11(15(18)19)8-9-16(12)13/h1-7,11H,8-9H2,(H,18,19)",OZWKMVRBQXNZKK-UHFFFAOYSA-N,exact DDInter name query,exact_unique,valid,"https://pubchem.ncbi.nlm.nih.gov/rest/pug/compound/name/Ketorolac/property/Title,ConnectivitySMILES,SMILES,InChI,InChIKey/JSON",2026-09-22
DDInter1011,Ketorolac (ophthalmic),,,,,,,exact DDInter name query,unmapped,unavailable,"https://pubchem.ncbi.nlm.nih.gov/rest/pug/compound/name/Ketorolac%20%28ophthalmic%29/property/Title,ConnectivitySMILES,SMILES,InChI,InChIKey/JSON",2026-09-22
DDInter1012,Ketotifen,3827,Ketotifen,CN1CCC(=C2C3=C(C(=O)CC4=CC=CC=C42)SC=C3)CC1,CN1CCC(=C2C3=C(C(=O)CC4=CC=CC=C42)SC=C3)CC1,"InChI=1S/C19H19NOS/c1-20-9-6-13(7-10-20)18-15-5-3-2-4-14(15)12-17(21)19-16(18)8-11-22-19/h2-5,8,11H,6-7,9-10,12H2,1H3",ZCVMWBYGMWKGHF-UHFFFAOYSA-N,exact DDInter name query,exact_unique,valid,"https://pubchem.ncbi.nlm.nih.gov/rest/pug/compound/name/Ketotifen/property/Title,ConnectivitySMILES,SMILES,InChI,InChIKey/JSON",2026-09-22
DDInter1013,Labetalol,3869,Labetalol,CC(CCC1=CC=CC=C1)NCC(C2=CC(=C(C=C2)O)C(=O)N)O,CC(CCC1=CC=CC=C1)NCC(C2=CC(=C(C=C2)O)C(=O)N)O,"InChI=1S/C19H24N2O3/c1-13(7-8-14-5-3-2-4-6-14)21-12-18(23)15-9-10-17(22)16(11-15)19(20)24/h2-6,9-11,13,18,21-23H,7-8,12H2,1H3,(H2,20,24)",SGUAFYQXFOLMHL-UHFFFAOYSA-N,exact DDInter name query,exact_unique,valid,"https://pubchem.ncbi.nlm.nih.gov/rest/pug/compound/name/Labetalol/property/Title,ConnectivitySMILES,SMILES,InChI,InChIKey/JSON",2026-09-22
DDInter1014,Lacosamide,219078,Lacosamide,CC(=O)NC(COC)C(=O)NCC1=CC=CC=C1,CC(=O)N[C@H](COC)C(=O)NCC1=CC=CC=C1,"InChI=1S/C13H18N2O3/c1-10(16)15-12(9-18-2)13(17)14-8-11-6-4-3-5-7-11/h3-7,12H,8-9H2,1-2H3,(H,14,17)(H,15,16)/t12-/m1/s1",VPPJLAIAVCUEMN-GFCCVEGCSA-N,exact DDInter name query,exact_unique,valid,"https://pubchem.ncbi.nlm.nih.gov/rest/pug/compound/name/Lacosamide/property/Title,ConnectivitySMILES,SMILES,InChI,InChIKey/JSON",2026-09-22
DDInter1015,Lactic acid,612,Lactic Acid,CC(C(=O)O)O,CC(C(=O)O)O,"InChI=1S/C3H6O3/c1-2(4)3(5)6/h2,4H,1H3,(H,5,6)",JVTAAEKCZFNVCJ-UHFFFAOYSA-N,exact DDInter name query,exact_unique,valid,"https://pubchem.ncbi.nlm.nih.gov/rest/pug/compound/name/Lactic%20acid/property/Title,ConnectivitySMILES,SMILES,InChI,InChIKey/JSON",2026-09-22
DDInter1016,Lactitol,157355,Lactitol,C(C1C(C(C(C(O1)OC(C(CO)O)C(C(CO)O)O)O)O)O)O,C([C@@H]1[C@@H]([C@@H]([C@H]([C@@H](O1)O[C@H]([C@@H](CO)O)[C@@H]([C@H](CO)O)O)O)O)O)O,"InChI=1S/C12H24O11/c13-1-4(16)7(18)11(5(17)2-14)23-12-10(21)9(20)8(19)6(3-15)22-12/h4-21H,1-3H2/t4-,5+,6+,7+,8-,9-,10+,11+,12-/m0/s1",VQHSOMBJVWLPSR-JVCRWLNRSA-N,exact DDInter name query,exact_unique,valid,"https://pubchem.ncbi.nlm.nih.gov/rest/pug/compound/name/Lactitol/property/Title,ConnectivitySMILES,SMILES,InChI,InChIKey/JSON",2026-09-22
DDInter1017,Lactobacillus acidophilus,,,,,,,exact DDInter name query,unmapped,unavailable,"https://pubchem.ncbi.nlm.nih.gov/rest/pug/compound/name/Lactobacillus%20acidophilus/property/Title,ConnectivitySMILES,SMILES,InChI,InChIKey/JSON",2026-09-22
DDInter1018,Lactulose,11333,Lactulose,C(C1C(C(C(C(O1)OC2C(OC(C2O)(CO)O)CO)O)O)O)O,C([C@@H]1[C@@H]([C@@H]([C@H]([C@@H](O1)O[C@@H]2[C@H](O[C@@]([C@H]2O)(CO)O)CO)O)O)O)O,"InChI=1S/C12H22O11/c13-1-4-6(16)7(17)8(18)11(21-4)22-9-5(2-14)23-12(20,3-15)10(9)19/h4-11,13-20H,1-3H2/t4-,5-,6+,7+,8-,9-,10+,11+,12-/m1/s1",JCQLYHFGKNRPGE-FCVZTGTOSA-N,exact DDInter name query,exact_unique,valid,"https://pubchem.ncbi.nlm.nih.gov/rest/pug/compound/name/Lactulose/property/Title,ConnectivitySMILES,SMILES,InChI,InChIKey/JSON",2026-09-22
DDInter1019,Lamivudine,60825,Lamivudine,C1C(OC(S1)CO)N2C=CC(=NC2=O)N,C1[C@H](O[C@H](S1)CO)N2C=CC(=NC2=O)N,"InChI=1S/C8H11N3O3S/c9-5-1-2-11(8(13)10-5)6-4-15-7(3-12)14-6/h1-2,6-7,12H,3-4H2,(H2,9,10,13)/t6-,7+/m0/s1",JTEGQNOMFQHVDC-NKWVEPMBSA-N,exact DDInter name query,exact_unique,valid,"https://pubchem.ncbi.nlm.nih.gov/rest/pug/compound/name/Lamivudine/property/Title,ConnectivitySMILES,SMILES,InChI,InChIKey/JSON",2026-09-22
DDInter102,"Antihemophilic factor, human recombinant",,,,,,,exact DDInter name query,unmapped,unavailable,"https://pubchem.ncbi.nlm.nih.gov/rest/pug/compound/name/Antihemophilic%20factor%2C%20human%20recombinant/property/Title,ConnectivitySMILES,SMILES,InChI,InChIKey/JSON",2026-09-22
DDInter1020,Lamotrigine,3878,Lamotrigine,C1=CC(=C(C(=C1)Cl)Cl)C2=C(N=C(N=N2)N)N,C1=CC(=C(C(=C1)Cl)Cl)C2=C(N=C(N=N2)N)N,"InChI=1S/C9H7Cl2N5/c10-5-3-1-2-4(6(5)11)7-8(12)14-9(13)16-15-7/h1-3H,(H4,12,13,14,16)",PYZRQGJRPPTADH-UHFFFAOYSA-N,exact DDInter name query,exact_unique,valid,"https://pubchem.ncbi.nlm.nih.gov/rest/pug/compound/name/Lamotrigine/property/Title,ConnectivitySMILES,SMILES,InChI,InChIKey/JSON",2026-09-22
DDInter1021,Lanreotide,6918011,Lanreotide,CC(C)C1C(=O)NC(CSSCC(C(=O)NC(C(=O)NC(C(=O)NC(C(=O)N1)CCCCN)CC2=CNC3=CC=CC=C32)CC4=CC=C(C=C4)O)NC(=O)C(CC5=CC6=CC=CC=C6C=C5)N)C(=O)NC(C(C)O)C(=O)N,C[C@H]([C@@H](C(=O)N)NC(=O)[C@@H]1CSSC[C@@H](C(=O)N[C@H](C(=O)N[C@@H](C(=O)N[C@H](C(=O)N[C@H](C(=O)N1)C(C)C)CCCCN)CC2=CNC3=CC=CC=C32)CC4=CC=C(C=C4)O)NC(=O)[C@@H](CC5=CC6=CC=CC=C6C=C5)N)O,"InChI=1S/C54H69N11O10S2/c1-29(2)45-54(75)63-44(53(74)65-46(30(3)66)47(57)68)28-77-76-27-43(62-48(69)38(56)23-32-15-18-33-10-4-5-11-34(33)22-32)52(73)60-41(24-31-16-19-36(67)20-17-31)50(71)61-42(25-35-26-58-39-13-7-6-12-37(35)39)51(72)59-40(49(70)64-45)14-8-9-21-55/h4-7,10-13,15-20,22,26,29-30,38,40-46,58,66-67H,8-9,14,21,23-25,27-28,55-56H2,1-3H3,(H2,57,68)(H,59,72)(H,60,73)(H,61,71)(H,62,69)(H,63,75)(H,64,70)(H,65,74)/t30-,38-,40+,41+,42-,43+,44+,45+,46+/m1/s1",PUDHBTGHUJUUFI-SCTWWAJVSA-N,exact DDInter name query,exact_unique,valid,"https://pubchem.ncbi.nlm.nih.gov/rest/pug/compound/name/Lanreotide/property/Title,ConnectivitySMILES,SMILES,InChI,InChIKey/JSON",2026-09-22
DDInter1022,Lansoprazole,3883,Lansoprazole,CC1=C(C=CN=C1CS(=O)C2=NC3=CC=CC=C3N2)OCC(F)(F)F,CC1=C(C=CN=C1CS(=O)C2=NC3=CC=CC=C3N2)OCC(F)(F)F,"InChI=1S/C16H14F3N3O2S/c1-10-13(20-7-6-14(10)24-9-16(17,18)19)8-25(23)15-21-11-4-2-3-5-12(11)22-15/h2-7H,8-9H2,1H3,(H,21,22)",MJIHNNLFOKEZEW-UHFFFAOYSA-N,exact DDInter name query,exact_unique,valid,"https://pubchem.ncbi.nlm.nih.gov/rest/pug/compound/name/Lansoprazole/property/Title,ConnectivitySMILES,SMILES,InChI,InChIKey/JSON",2026-09-22
DDInter1023,Lanthanum carbonate,168924,Lanthanum carbonate anhydrous,C(=O)([O-])[O-].C(=O)([O-])[O-].C(=O)([O-])[O-].[La+3].[La+3],C(=O)([O-])[O-].C(=O)([O-])[O-].C(=O)([O-])[O-].[La+3].[La+3],"InChI=1S/3CH2O3.2La/c3*2-1(3)4;;/h3*(H2,2,3,4);;/q;;;2*+3/p-6",NZPIUJUFIFZSPW-UHFFFAOYSA-H,exact DDInter name query,ambiguous,excluded_title_mismatch,"https://pubchem.ncbi.nlm.nih.gov/rest/pug/compound/name/Lanthanum%20carbonate/property/Title,ConnectivitySMILES,SMILES,InChI,InChIKey/JSON",2026-09-22
DDInter1024,Lapatinib,208908,Lapatinib,CS(=O)(=O)CCNCC1=CC=C(O1)C2=CC3=C(C=C2)N=CN=C3NC4=CC(=C(C=C4)OCC5=CC(=CC=C5)F)Cl,CS(=O)(=O)CCNCC1=CC=C(O1)C2=CC3=C(C=C2)N=CN=C3NC4=CC(=C(C=C4)OCC5=CC(=CC=C5)F)Cl,"InChI=1S/C29H26ClFN4O4S/c1-40(36,37)12-11-32-16-23-7-10-27(39-23)20-5-8-26-24(14-20)29(34-18-33-26)35-22-6-9-28(25(30)15-22)38-17-19-3-2-4-21(31)13-19/h2-10,13-15,18,32H,11-12,16-17H2,1H3,(H,33,34,35)",BCFGMOOMADDAQU-UHFFFAOYSA-N,exact DDInter name query,exact_unique,valid,"https://pubchem.ncbi.nlm.nih.gov/rest/pug/compound/name/Lapatinib/property/Title,ConnectivitySMILES,SMILES,InChI,InChIKey/JSON",2026-09-22
DDInter1025,Laronidase,,,,,,,exact DDInter name query,unmapped,unavailable,"https://pubchem.ncbi.nlm.nih.gov/rest/pug/compound/name/Laronidase/property/Title,ConnectivitySMILES,SMILES,InChI,InChIKey/JSON",2026-09-22
DDInter1026,Larotrectinib,46188928,Larotrectinib,C1CC(N(C1)C2=NC3=C(C=NN3C=C2)NC(=O)N4CCC(C4)O)C5=C(C=CC(=C5)F)F,C1C[C@@H](N(C1)C2=NC3=C(C=NN3C=C2)NC(=O)N4CC[C@@H](C4)O)C5=C(C=CC(=C5)F)F,"InChI=1S/C21H22F2N6O2/c22-13-3-4-16(23)15(10-13)18-2-1-7-28(18)19-6-9-29-20(26-19)17(11-24-29)25-21(31)27-8-5-14(30)12-27/h3-4,6,9-11,14,18,30H,1-2,5,7-8,12H2,(H,25,31)/t14-,18+/m0/s1",NYNZQNWKBKUAII-KBXCAEBGSA-N,exact DDInter name query,exact_unique,valid,"https://pubchem.ncbi.nlm.nih.gov/rest/pug/compound/name/Larotrectinib/property/Title,ConnectivitySMILES,SMILES,InChI,InChIKey/JSON",2026-09-22
DDInter1027,Lasmiditan,11610526,Lasmiditan,CN1CCC(CC1)C(=O)C2=NC(=CC=C2)NC(=O)C3=C(C=C(C=C3F)F)F,CN1CCC(CC1)C(=O)C2=NC(=CC=C2)NC(=O)C3=C(C=C(C=C3F)F)F,"InChI=1S/C19H18F3N3O2/c1-25-7-5-11(6-8-25)18(26)15-3-2-4-16(23-15)24-19(27)17-13(21)9-12(20)10-14(17)22/h2-4,9-11H,5-8H2,1H3,(H,23,24,27)",XEDHVZKDSYZQBF-UHFFFAOYSA-N,exact DDInter name query,exact_unique,valid,"https://pubchem.ncbi.nlm.nih.gov/rest/pug/compound/name/Lasmiditan/property/Title,ConnectivitySMILES,SMILES,InChI,InChIKey/JSON",2026-09-22
DDInter1028,Latanoprost,5311221,Latanoprost,CC(C)OC(=O)CCCC=CCC1C(CC(C1CCC(CCC2=CC=CC=C2)O)O)O,CC(C)OC(=O)CCC/C=C\C[C@H]1[C@H](C[C@H]([C@@H]1CC[C@H](CCC2=CC=CC=C2)O)O)O,"InChI=1S/C26H40O5/c1-19(2)31-26(30)13-9-4-3-8-12-22-23(25(29)18-24(22)28)17-16-21(27)15-14-20-10-6-5-7-11-20/h3,5-8,10-11,19,21-25,27-29H,4,9,12-18H2,1-2H3/b8-3-/t21-,22+,23+,24-,25+/m0/s1",GGXICVAJURFBLW-CEYXHVGTSA-N,exact DDInter name query,exact_unique,valid,"https://pubchem.ncbi.nlm.nih.gov/rest/pug/compound/name/Latanoprost/property/Title,ConnectivitySMILES,SMILES,InChI,InChIKey/JSON",2026-09-22
DDInter103,Antilymphocyte immunoglobulin (horse),,,,,,,exact DDInter name query,unmapped,unavailable,"https://pubchem.ncbi.nlm.nih.gov/rest/pug/compound/name/Antilymphocyte%20immunoglobulin%20%28horse%29/property/Title,ConnectivitySMILES,SMILES,InChI,InChIKey/JSON",2026-09-22
DDInter1031,Ledipasvir,67505836,Ledipasvir,CC(C)C(C(=O)N1CC2(CC2)CC1C3=NC=C(N3)C4=CC5=C(C=C4)C6=C(C5(F)F)C=C(C=C6)C7=CC8=C(C=C7)N=C(N8)C9C1CCC(C1)N9C(=O)C(C(C)C)NC(=O)OC)NC(=O)OC,CC(C)[C@@H](C(=O)N1CC2(CC2)C[C@H]1C3=NC=C(N3)C4=CC5=C(C=C4)C6=C(C5(F)F)C=C(C=C6)C7=CC8=C(C=C7)N=C(N8)[C@@H]9[C@H]1CC[C@H](C1)N9C(=O)[C@H](C(C)C)NC(=O)OC)NC(=O)OC,"InChI=1S/C49H54F2N8O6/c1-24(2)39(56-46(62)64-5)44(60)58-23-48(15-16-48)21-38(58)42-52-22-37(55-42)28-9-13-32-31-12-8-26(18-33(31)49(50,51)34(32)19-28)27-10-14-35-36(20-27)54-43(53-35)41-29-7-11-30(17-29)59(41)45(61)40(25(3)4)57-47(63)65-6/h8-10,12-14,18-20,22,24-25,29-30,38-41H,7,11,15-17,21,23H2,1-6H3,(H,52,55)(H,53,54)(H,56,62)(H,57,63)/t29-,30+,38-,39-,40-,41-/m0/s1",VRTWBAAJJOHBQU-KMWAZVGDSA-N,exact DDInter name query,exact_unique,valid,"https://pubchem.ncbi.nlm.nih.gov/rest/pug/compound/name/Ledipasvir/property/Title,ConnectivitySMILES,SMILES,InChI,InChIKey/JSON",2026-09-22
DDInter1032,Lefamulin,58076382,Lefamulin,CC1CCC23CCC(=O)C2C1(C(CC(C(C3C)O)(C)C=C)OC(=O)CSC4CCC(CC4O)N)C,C[C@H]1[C@@H]([C@](C[C@H]([C@]2([C@H]3[C@@]1(CCC2C)CCC3=O)C)OC(=O)CS[C@@H]4CC[C@H](C[C@H]4O)N)(C)C=C)O,"InChI=1S/C28H45NO5S/c1-6-26(4)14-22(34-23(32)15-35-21-8-7-18(29)13-20(21)31)27(5)16(2)9-11-28(17(3)25(26)33)12-10-19(30)24(27)28/h6,16-18,20-22,24-25,31,33H,1,7-15,29H2,2-5H3/t16?,17-,18+,20+,21+,22+,24-,25-,26+,27-,28-/m0/s1",KPVIXBKIJXZQJX-CSOZIWFHSA-N,exact DDInter name query,exact_unique,valid,"https://pubchem.ncbi.nlm.nih.gov/rest/pug/compound/name/Lefamulin/property/Title,ConnectivitySMILES,SMILES,InChI,InChIKey/JSON",2026-09-22
DDInter1033,Leflunomide,3899,Leflunomide,CC1=C(C=NO1)C(=O)NC2=CC=C(C=C2)C(F)(F)F,CC1=C(C=NO1)C(=O)NC2=CC=C(C=C2)C(F)(F)F,"InChI=1S/C12H9F3N2O2/c1-7-10(6-16-19-7)11(18)17-9-4-2-8(3-5-9)12(13,14)15/h2-6H,1H3,(H,17,18)",VHOGYURTWQBHIL-UHFFFAOYSA-N,exact DDInter name query,exact_unique,valid,"https://pubchem.ncbi.nlm.nih.gov/rest/pug/compound/name/Leflunomide/property/Title,ConnectivitySMILES,SMILES,InChI,InChIKey/JSON",2026-09-22
DDInter1034,Lemborexant,56944144,Lemborexant,CC1=NC(=NC=C1OCC2(CC2C(=O)NC3=NC=C(C=C3)F)C4=CC(=CC=C4)F)C,CC1=NC(=NC=C1OC[C@]2(C[C@H]2C(=O)NC3=NC=C(C=C3)F)C4=CC(=CC=C4)F)C,"InChI=1S/C22H20F2N4O2/c1-13-19(11-25-14(2)27-13)30-12-22(15-4-3-5-16(23)8-15)9-18(22)21(29)28-20-7-6-17(24)10-26-20/h3-8,10-11,18H,9,12H2,1-2H3,(H,26,28,29)/t18-,22+/m0/s1",MUGXRYIUWFITCP-PGRDOPGGSA-N,exact DDInter name query,exact_unique,valid,"https://pubchem.ncbi.nlm.nih.gov/rest/pug/compound/name/Lemborexant/property/Title,ConnectivitySMILES,SMILES,InChI,InChIKey/JSON",2026-09-22
DDInter1035,Lenalidomide,216326,Lenalidomide,C1CC(=O)NC(=O)C1N2CC3=C(C2=O)C=CC=C3N,C1CC(=O)NC(=O)C1N2CC3=C(C2=O)C=CC=C3N,"InChI=1S/C13H13N3O3/c14-9-3-1-2-7-8(9)6-16(13(7)19)10-4-5-11(17)15-12(10)18/h1-3,10H,4-6,14H2,(H,15,17,18)",GOTYRUGSSMKFNF-UHFFFAOYSA-N,exact DDInter name query,exact_unique,valid,"https://pubchem.ncbi.nlm.nih.gov/rest/pug/compound/name/Lenalidomide/property/Title,ConnectivitySMILES,SMILES,InChI,InChIKey/JSON",2026-09-22
DDInter1036,Lenvatinib,9823820,Lenvatinib,COC1=CC2=NC=CC(=C2C=C1C(=O)N)OC3=CC(=C(C=C3)NC(=O)NC4CC4)Cl,COC1=CC2=NC=CC(=C2C=C1C(=O)N)OC3=CC(=C(C=C3)NC(=O)NC4CC4)Cl,"InChI=1S/C21H19ClN4O4/c1-29-19-10-17-13(9-14(19)20(23)27)18(6-7-24-17)30-12-4-5-16(15(22)8-12)26-21(28)25-11-2-3-11/h4-11H,2-3H2,1H3,(H2,23,27)(H2,25,26,28)",WOSKHXYHFSIKNG-UHFFFAOYSA-N,exact DDInter name query,exact_unique,valid,"https://pubchem.ncbi.nlm.nih.gov/rest/pug/compound/name/Lenvatinib/property/Title,ConnectivitySMILES,SMILES,InChI,InChIKey/JSON",2026-09-22
DDInter1037,Lepirudin,118856773,Lepirudin,CCC(C)C1C(=O)NC(C(=O)NCC(=O)NC(C(=O)NC(C(=O)NCC(=O)NC(C(=O)NC(C(=O)NC(C(=O)NC(C(=O)NC(CSSCC2C(=O)NCC(=O)NC(C(=O)NCC(=O)NC(C(=O)NC(C(=O)NC(CSSCC(C(=O)NC(C(=O)NCC(=O)NC(C(=O)NC(C(=O)NC(C(=O)N2)C(C)C)CC(=O)N)CO)CCC(=O)O)NC(=O)C(CC(C)C)NC(=O)C3CSSCC(C(=O)NC(C(=O)NC(C(=O)NC(C(=O)NCC(=O)NC(C(=O)NC(C(=O)NC(C(=O)N3)CC(C)C)CC(=O)N)CCC(=O)N)CO)CCC(=O)O)C(C)O)NC(=O)C(CC(=O)O)NC(=O)C(C(C)O)NC(=O)C(CC4=CC=C(C=C4)O)NC(=O)C(C(C)O)NC(=O)C(CC(C)C)N)C(=O)N1)CCCCN)CC(=O)N)CCC(=O)N)C(=O)NC(C(C)C)C(=O)NC(C(C)O)C(=O)NCC(=O)NC(CCC(=O)O)C(=O)NCC(=O)NC(C(C)O)C(=O)N5CCCC5C(=O)NC(CCCCN)C(=O)N6CCCC6C(=O)NC(CCC(=O)N)C(=O)NC(CO)C(=O)NC(CC7=CNC=N7)C(=O)NC(CC(=O)N)C(=O)NC(CC(=O)O)C(=O)NCC(=O)NC(CC(=O)O)C(=O)NC(CC8=CC=CC=C8)C(=O)NC(CCC(=O)O)C(=O)NC(CCC(=O)O)C(=O)NC(C(C)CC)C(=O)N9CCCC9C(=O)NC(CCC(=O)O)C(=O)NC(CCC(=O)O)C(=O)NC(CC1=CC=C(C=C1)O)C(=O)NC(CC(C)C)C(=O)NC(CCC(=O)N)C(=O)O)CCC(=O)N)CC(=O)N)CCCCN)CCC(=O)O)CC(=O)O)CO)CC(C)C,CC[C@H](C)[C@H]1C(=O)N[C@H](C(=O)NCC(=O)N[C@H](C(=O)N[C@H](C(=O)NCC(=O)N[C@H](C(=O)N[C@H](C(=O)N[C@H](C(=O)N[C@H](C(=O)N[C@@H](CSSC[C@H]2C(=O)NCC(=O)N[C@H](C(=O)NCC(=O)N[C@H](C(=O)N[C@H](C(=O)N[C@@H](CSSC[C@@H](C(=O)N[C@H](C(=O)NCC(=O)N[C@H](C(=O)N[C@H](C(=O)N[C@H](C(=O)N2)C(C)C)CC(=O)N)CO)CCC(=O)O)NC(=O)[C@H](CC(C)C)NC(=O)[C@@H]3CSSC[C@@H](C(=O)N[C@H](C(=O)N[C@H](C(=O)N[C@H](C(=O)NCC(=O)N[C@H](C(=O)N[C@H](C(=O)N[C@H](C(=O)N3)CC(C)C)CC(=O)N)CCC(=O)N)CO)CCC(=O)O)[C@@H](C)O)NC(=O)[C@H](CC(=O)O)NC(=O)[C@H]([C@@H](C)O)NC(=O)[C@H](CC4=CC=C(C=C4)O)NC(=O)[C@H]([C@@H](C)O)NC(=O)[C@H](CC(C)C)N)C(=O)N1)CCCCN)CC(=O)N)CCC(=O)N)C(=O)N[C@@H](C(C)C)C(=O)N[C@@H]([C@@H](C)O)C(=O)NCC(=O)N[C@@H](CCC(=O)O)C(=O)NCC(=O)N[C@@H]([C@@H](C)O)C(=O)N5CCC[C@H]5C(=O)N[C@@H](CCCCN)C(=O)N6CCC[C@H]6C(=O)N[C@@H](CCC(=O)N)C(=O)N[C@@H](CO)C(=O)N[C@@H](CC7=CNC=N7)C(=O)N[C@@H](CC(=O)N)C(=O)N[C@@H](CC(=O)O)C(=O)NCC(=O)N[C@@H](CC(=O)O)C(=O)N[C@@H](CC8=CC=CC=C8)C(=O)N[C@@H](CCC(=O)O)C(=O)N[C@@H](CCC(=O)O)C(=O)N[C@@H]([C@@H](C)CC)C(=O)N9CCC[C@H]9C(=O)N[C@@H](CCC(=O)O)C(=O)N[C@@H](CCC(=O)O)C(=O)N[C@@H](CC1=CC=C(C=C1)O)C(=O)N[C@@H](CC(C)C)C(=O)N[C@@H](CCC(=O)N)C(=O)O)CCC(=O)N)CC(=O)N)CCCCN)CCC(=O)O)CC(=O)O)CO)CC(C)C,"InChI=1S/C287H440N80O111S6/c1-24-132(17)225-280(470)345-162(87-126(5)6)236(426)306-111-209(396)320-181(116-370)267(457)344-176(101-220(416)417)238(428)307-105-203(390)316-152(61-74-213(402)403)243(433)321-146(40-29-32-80-288)241(431)339-171(96-198(298)385)259(449)326-153(56-69-194(294)381)250(440)351-186(121-482-479-118-183-240(430)310-107-202(389)313-148(54-67-192(292)379)233(423)303-108-206(393)317-170(95-197(297)384)258(448)322-147(41-30-33-81-289)242(432)350-187(272(462)359-225)122-483-480-119-184(269(459)323-150(60-73-212(400)401)235(425)304-110-208(395)319-180(115-369)266(456)342-174(99-201(301)388)265(455)357-223(130(13)14)278(468)355-183)352-254(444)165(90-129(11)12)335-270(460)185-120-481-484-123-188(354-263(453)178(103-222(420)421)347-283(473)230(137(22)375)362-264(454)168(93-141-48-52-144(378)53-49-141)346-282(472)228(135(20)373)361-232(422)145(291)86-125(3)4)273(463)363-229(136(21)374)281(471)330-158(65-78-217(410)411)249(439)348-179(114-368)239(429)309-106-204(391)315-151(55-68-193(293)380)244(434)340-172(97-199(299)386)260(450)334-164(89-128(9)10)253(443)353-185)271(461)358-224(131(15)16)279(469)364-227(134(19)372)277(467)311-112-205(392)314-149(59-72-211(398)399)234(424)305-113-210(397)356-231(138(23)376)286(476)367-85-37-45-191(367)276(466)331-160(42-31-34-82-290)284(474)365-83-35-43-189(365)274(464)328-154(57-70-195(295)382)248(438)349-182(117-371)268(458)338-169(94-142-104-302-124-312-142)257(447)341-173(98-200(300)387)261(451)343-175(100-219(414)415)237(427)308-109-207(394)318-177(102-221(418)419)262(452)337-166(91-139-38-27-26-28-39-139)255(445)327-155(62-75-214(404)405)245(435)325-159(66-79-218(412)413)251(441)360-226(133(18)25-2)285(475)366-84-36-44-190(366)275(465)329-157(64-77-216(408)409)246(436)324-156(63-76-215(406)407)247(437)336-167(92-140-46-50-143(377)51-47-140)256(446)333-163(88-127(7)8)252(442)332-161(287(477)478)58-71-196(296)383/h26-28,38-39,46-53,104,124-138,145-191,223-231,368-378H,24-25,29-37,40-45,54-103,105-123,288-291H2,1-23H3,(H2,292,379)(H2,293,380)(H2,294,381)(H2,295,382)(H2,296,383)(H2,297,384)(H2,298,385)(H2,299,386)(H2,300,387)(H2,301,388)(H,302,312)(H,303,423)(H,304,425)(H,305,424)(H,306,426)(H,307,428)(H,308,427)(H,309,429)(H,310,430)(H,311,467)(H,313,389)(H,314,392)(H,315,391)(H,316,390)(H,317,393)(H,318,394)(H,319,395)(H,320,396)(H,321,433)(H,322,448)(H,323,459)(H,324,436)(H,325,435)(H,326,449)(H,327,445)(H,328,464)(H,329,465)(H,330,471)(H,331,466)(H,332,442)(H,333,446)(H,334,450)(H,335,460)(H,336,437)(H,337,452)(H,338,458)(H,339,431)(H,340,434)(H,341,447)(H,342,456)(H,343,451)(H,344,457)(H,345,470)(H,346,472)(H,347,473)(H,348,439)(H,349,438)(H,350,432)(H,351,440)(H,352,444)(H,353,443)(H,354,453)(H,355,468)(H,356,397)(H,357,455)(H,358,461)(H,359,462)(H,360,441)(H,361,422)(H,362,454)(H,363,463)(H,364,469)(H,398,399)(H,400,401)(H,402,403)(H,404,405)(H,406,407)(H,408,409)(H,410,411)(H,412,413)(H,414,415)(H,416,417)(H,418,419)(H,420,421)(H,477,478)/t132-,133-,134+,135+,136+,137+,138+,145-,146-,147-,148-,149-,150-,151-,152-,153-,154-,155-,156-,157-,158-,159-,160-,161-,162-,163-,164-,165-,166-,167-,168-,169-,170-,171-,172-,173-,174-,175-,176-,177-,178-,179-,180-,181-,182-,183-,184-,185-,186-,187-,188-,189-,190-,191-,223-,224-,225-,226-,227-,228-,229-,230-,231-/m0/s1",FIBJDTSHOUXTKV-BRHMIFOHSA-N,exact DDInter name query,exact_unique,valid,"https://pubchem.ncbi.nlm.nih.gov/rest/pug/compound/name/Lepirudin/property/Title,ConnectivitySMILES,SMILES,InChI,InChIKey/JSON",2026-09-22
DDInter1038,Lesinurad,53465279,Lesinurad,C1CC1C2=CC=C(C3=CC=CC=C23)N4C(=NN=C4Br)SCC(=O)O,C1CC1C2=CC=C(C3=CC=CC=C23)N4C(=NN=C4Br)SCC(=O)O,"InChI=1S/C17H14BrN3O2S/c18-16-19-20-17(24-9-15(22)23)21(16)14-8-7-11(10-5-6-10)12-3-1-2-4-13(12)14/h1-4,7-8,10H,5-6,9H2,(H,22,23)",FGQFOYHRJSUHMR-UHFFFAOYSA-N,exact DDInter name query,exact_unique,valid,"https://pubchem.ncbi.nlm.nih.gov/rest/pug/compound/name/Lesinurad/property/Title,ConnectivitySMILES,SMILES,InChI,InChIKey/JSON",2026-09-22
DDInter1039,Letermovir,45138674,Letermovir,COC1=C(C=C(C=C1)C(F)(F)F)N2C(C3=C(C(=CC=C3)F)N=C2N4CCN(CC4)C5=CC(=CC=C5)OC)CC(=O)O,COC1=C(C=C(C=C1)C(F)(F)F)N2[C@H](C3=C(C(=CC=C3)F)N=C2N4CCN(CC4)C5=CC(=CC=C5)OC)CC(=O)O,"InChI=1S/C29H28F4N4O4/c1-40-20-6-3-5-19(16-20)35-11-13-36(14-12-35)28-34-27-21(7-4-8-22(27)30)23(17-26(38)39)37(28)24-15-18(29(31,32)33)9-10-25(24)41-2/h3-10,15-16,23H,11-14,17H2,1-2H3,(H,38,39)/t23-/m0/s1",FWYSMLBETOMXAG-QHCPKHFHSA-N,exact DDInter name query,exact_unique,valid,"https://pubchem.ncbi.nlm.nih.gov/rest/pug/compound/name/Letermovir/property/Title,ConnectivitySMILES,SMILES,InChI,InChIKey/JSON",2026-09-22
DDInter104,Antithrombin Alfa,,,,,,,exact DDInter name query,unmapped,unavailable,"https://pubchem.ncbi.nlm.nih.gov/rest/pug/compound/name/Antithrombin%20Alfa/property/Title,ConnectivitySMILES,SMILES,InChI,InChIKey/JSON",2026-09-22
DDInter1040,Letrozole,3902,Letrozole,C1=CC(=CC=C1C#N)C(C2=CC=C(C=C2)C#N)N3C=NC=N3,C1=CC(=CC=C1C#N)C(C2=CC=C(C=C2)C#N)N3C=NC=N3,"InChI=1S/C17H11N5/c18-9-13-1-5-15(6-2-13)17(22-12-20-11-21-22)16-7-3-14(10-19)4-8-16/h1-8,11-12,17H",HPJKCIUCZWXJDR-UHFFFAOYSA-N,exact DDInter name query,exact_unique,valid,"https://pubchem.ncbi.nlm.nih.gov/rest/pug/compound/name/Letrozole/property/Title,ConnectivitySMILES,SMILES,InChI,InChIKey/JSON",2026-09-22
DDInter1041,Leucovorin,135403648,Leucovorin,C1C(N(C2=C(N1)N=C(NC2=O)N)C=O)CNC3=CC=C(C=C3)C(=O)NC(CCC(=O)O)C(=O)O,C1C(N(C2=C(N1)N=C(NC2=O)N)C=O)CNC3=CC=C(C=C3)C(=O)N[C@@H](CCC(=O)O)C(=O)O,"InChI=1S/C20H23N7O7/c21-20-25-16-15(18(32)26-20)27(9-28)12(8-23-16)7-22-11-3-1-10(2-4-11)17(31)24-13(19(33)34)5-6-14(29)30/h1-4,9,12-13,22H,5-8H2,(H,24,31)(H,29,30)(H,33,34)(H4,21,23,25,26,32)/t12?,13-/m0/s1",VVIAGPKUTFNRDU-ABLWVSNPSA-N,exact DDInter name query,exact_unique,valid,"https://pubchem.ncbi.nlm.nih.gov/rest/pug/compound/name/Leucovorin/property/Title,ConnectivitySMILES,SMILES,InChI,InChIKey/JSON",2026-09-22
DDInter1042,Leuprolide,657181,Leuprolide,CCNC(=O)C1CCCN1C(=O)C(CCCN=C(N)N)NC(=O)C(CC(C)C)NC(=O)C(CC(C)C)NC(=O)C(CC2=CC=C(C=C2)O)NC(=O)C(CO)NC(=O)C(CC3=CNC4=CC=CC=C43)NC(=O)C(CC5=CN=CN5)NC(=O)C6CCC(=O)N6,CCNC(=O)[C@@H]1CCCN1C(=O)[C@H](CCCN=C(N)N)NC(=O)[C@H](CC(C)C)NC(=O)[C@@H](CC(C)C)NC(=O)[C@H](CC2=CC=C(C=C2)O)NC(=O)[C@H](CO)NC(=O)[C@H](CC3=CNC4=CC=CC=C43)NC(=O)[C@H](CC5=CN=CN5)NC(=O)[C@@H]6CCC(=O)N6,"InChI=1S/C59H84N16O12/c1-6-63-57(86)48-14-10-22-75(48)58(87)41(13-9-21-64-59(60)61)68-51(80)42(23-32(2)3)69-52(81)43(24-33(4)5)70-53(82)44(25-34-15-17-37(77)18-16-34)71-56(85)47(30-76)74-54(83)45(26-35-28-65-39-12-8-7-11-38(35)39)72-55(84)46(27-36-29-62-31-66-36)73-50(79)40-19-20-49(78)67-40/h7-8,11-12,15-18,28-29,31-33,40-48,65,76-77H,6,9-10,13-14,19-27,30H2,1-5H3,(H,62,66)(H,63,86)(H,67,78)(H,68,80)(H,69,81)(H,70,82)(H,71,85)(H,72,84)(H,73,79)(H,74,83)(H4,60,61,64)/t40-,41-,42-,43+,44-,45-,46-,47-,48-/m0/s1",GFIJNRVAKGFPGQ-LIJARHBVSA-N,exact DDInter name query,exact_unique,valid,"https://pubchem.ncbi.nlm.nih.gov/rest/pug/compound/name/Leuprolide/property/Title,ConnectivitySMILES,SMILES,InChI,InChIKey/JSON",2026-09-22
DDInter1043,Levacetylmethadol,15130,Levomethadyl Acetate,CCC(C(CC(C)N(C)C)(C1=CC=CC=C1)C2=CC=CC=C2)OC(=O)C,CC[C@@H](C(C[C@H](C)N(C)C)(C1=CC=CC=C1)C2=CC=CC=C2)OC(=O)C,"InChI=1S/C23H31NO2/c1-6-22(26-19(3)25)23(17-18(2)24(4)5,20-13-9-7-10-14-20)21-15-11-8-12-16-21/h7-16,18,22H,6,17H2,1-5H3/t18-,22-/m0/s1",XBMIVRRWGCYBTQ-AVRDEDQJSA-N,exact DDInter name query,ambiguous,excluded_title_mismatch,"https://pubchem.ncbi.nlm.nih.gov/rest/pug/compound/name/Levacetylmethadol/property/Title,ConnectivitySMILES,SMILES,InChI,InChIKey/JSON",2026-09-22
DDInter1044,Levamisole,26879,Levamisole,C1CSC2=NC(CN21)C3=CC=CC=C3,C1CSC2=N[C@H](CN21)C3=CC=CC=C3,"InChI=1S/C11H12N2S/c1-2-4-9(5-3-1)10-8-13-6-7-14-11(13)12-10/h1-5,10H,6-8H2/t10-/m1/s1",HLFSDGLLUJUHTE-SNVBAGLBSA-N,exact DDInter name query,exact_unique,valid,"https://pubchem.ncbi.nlm.nih.gov/rest/pug/compound/name/Levamisole/property/Title,ConnectivitySMILES,SMILES,InChI,InChIKey/JSON",2026-09-22
DDInter1045,Levamlodipine,9822750,Levamlodipine,CCOC(=O)C1=C(NC(=C(C1C2=CC=CC=C2Cl)C(=O)OC)C)COCCN,CCOC(=O)C1=C(NC(=C([C@@H]1C2=CC=CC=C2Cl)C(=O)OC)C)COCCN,"InChI=1S/C20H25ClN2O5/c1-4-28-20(25)18-15(11-27-10-9-22)23-12(2)16(19(24)26-3)17(18)13-7-5-6-8-14(13)21/h5-8,17,23H,4,9-11,22H2,1-3H3/t17-/m0/s1",HTIQEAQVCYTUBX-KRWDZBQOSA-N,exact DDInter name query,exact_unique,valid,"https://pubchem.ncbi.nlm.nih.gov/rest/pug/compound/name/Levamlodipine/property/Title,ConnectivitySMILES,SMILES,InChI,InChIKey/JSON",2026-09-22
DDInter1046,Levetiracetam,5284583,Levetiracetam,CCC(C(=O)N)N1CCCC1=O,CC[C@@H](C(=O)N)N1CCCC1=O,"InChI=1S/C8H14N2O2/c1-2-6(8(9)12)10-5-3-4-7(10)11/h6H,2-5H2,1H3,(H2,9,12)/t6-/m0/s1",HPHUVLMMVZITSG-LURJTMIESA-N,exact DDInter name query,exact_unique,valid,"https://pubchem.ncbi.nlm.nih.gov/rest/pug/compound/name/Levetiracetam/property/Title,ConnectivitySMILES,SMILES,InChI,InChIKey/JSON",2026-09-22
DDInter1047,Levmetamfetamine (nasal),,,,,,,exact DDInter name query,unmapped,unavailable,"https://pubchem.ncbi.nlm.nih.gov/rest/pug/compound/name/Levmetamfetamine%20%28nasal%29/property/Title,ConnectivitySMILES,SMILES,InChI,InChIKey/JSON",2026-09-22
DDInter1048,Levobetaxolol (ophthalmic),,,,,,,exact DDInter name query,unmapped,unavailable,"https://pubchem.ncbi.nlm.nih.gov/rest/pug/compound/name/Levobetaxolol%20%28ophthalmic%29/property/Title,ConnectivitySMILES,SMILES,InChI,InChIKey/JSON",2026-09-22
DDInter1049,Levobunolol,39468,Levobunolol,CC(C)(C)NCC(COC1=CC=CC2=C1CCCC2=O)O,CC(C)(C)NC[C@@H](COC1=CC=CC2=C1CCCC2=O)O,"InChI=1S/C17H25NO3/c1-17(2,3)18-10-12(19)11-21-16-9-5-6-13-14(16)7-4-8-15(13)20/h5-6,9,12,18-19H,4,7-8,10-11H2,1-3H3/t12-/m0/s1",IXHBTMCLRNMKHZ-LBPRGKRZSA-N,exact DDInter name query,exact_unique,valid,"https://pubchem.ncbi.nlm.nih.gov/rest/pug/compound/name/Levobunolol/property/Title,ConnectivitySMILES,SMILES,InChI,InChIKey/JSON",2026-09-22
DDInter105,Antithrombin III human,,,,,,,exact DDInter name query,unmapped,unavailable,"https://pubchem.ncbi.nlm.nih.gov/rest/pug/compound/name/Antithrombin%20III%20human/property/Title,ConnectivitySMILES,SMILES,InChI,InChIKey/JSON",2026-09-22
DDInter1050,Levobunolol (ophthalmic),,,,,,,exact DDInter name query,unmapped,unavailable,"https://pubchem.ncbi.nlm.nih.gov/rest/pug/compound/name/Levobunolol%20%28ophthalmic%29/property/Title,ConnectivitySMILES,SMILES,InChI,InChIKey/JSON",2026-09-22
DDInter1051,Levobupivacaine,92253,Levobupivacaine,CCCCN1CCCCC1C(=O)NC2=C(C=CC=C2C)C,CCCCN1CCCC[C@H]1C(=O)NC2=C(C=CC=C2C)C,"InChI=1S/C18H28N2O/c1-4-5-12-20-13-7-6-11-16(20)18(21)19-17-14(2)9-8-10-15(17)3/h8-10,16H,4-7,11-13H2,1-3H3,(H,19,21)/t16-/m0/s1",LEBVLXFERQHONN-INIZCTEOSA-N,exact DDInter name query,exact_unique,valid,"https://pubchem.ncbi.nlm.nih.gov/rest/pug/compound/name/Levobupivacaine/property/Title,ConnectivitySMILES,SMILES,InChI,InChIKey/JSON",2026-09-22
DDInter1052,Levocarnitine,10917,(-)-Carnitine,C[N+](C)(C)CC(CC(=O)[O-])O,C[N+](C)(C)C[C@@H](CC(=O)[O-])O,"InChI=1S/C7H15NO3/c1-8(2,3)5-6(9)4-7(10)11/h6,9H,4-5H2,1-3H3/t6-/m1/s1",PHIQHXFUZVPYII-ZCFIWIBFSA-N,exact DDInter name query,ambiguous,excluded_title_mismatch,"https://pubchem.ncbi.nlm.nih.gov/rest/pug/compound/name/Levocarnitine/property/Title,ConnectivitySMILES,SMILES,InChI,InChIKey/JSON",2026-09-22
DDInter1053,Levocetirizine,1549000,Levocetirizine,C1CN(CCN1CCOCC(=O)O)C(C2=CC=CC=C2)C3=CC=C(C=C3)Cl,C1CN(CCN1CCOCC(=O)O)[C@H](C2=CC=CC=C2)C3=CC=C(C=C3)Cl,"InChI=1S/C21H25ClN2O3/c22-19-8-6-18(7-9-19)21(17-4-2-1-3-5-17)24-12-10-23(11-13-24)14-15-27-16-20(25)26/h1-9,21H,10-16H2,(H,25,26)/t21-/m1/s1",ZKLPARSLTMPFCP-OAQYLSRUSA-N,exact DDInter name query,exact_unique,valid,"https://pubchem.ncbi.nlm.nih.gov/rest/pug/compound/name/Levocetirizine/property/Title,ConnectivitySMILES,SMILES,InChI,InChIKey/JSON",2026-09-22
DDInter1054,Levodopa,6047,Levodopa,C1=CC(=C(C=C1CC(C(=O)O)N)O)O,C1=CC(=C(C=C1C[C@@H](C(=O)O)N)O)O,"InChI=1S/C9H11NO4/c10-6(9(13)14)3-5-1-2-7(11)8(12)4-5/h1-2,4,6,11-12H,3,10H2,(H,13,14)/t6-/m0/s1",WTDRDQBEARUVNC-LURJTMIESA-N,exact DDInter name query,exact_unique,valid,"https://pubchem.ncbi.nlm.nih.gov/rest/pug/compound/name/Levodopa/property/Title,ConnectivitySMILES,SMILES,InChI,InChIKey/JSON",2026-09-22
DDInter1055,Levofloxacin,149096,Levofloxacin,CC1COC2=C3N1C=C(C(=O)C3=CC(=C2N4CCN(CC4)C)F)C(=O)O,C[C@H]1COC2=C3N1C=C(C(=O)C3=CC(=C2N4CCN(CC4)C)F)C(=O)O,"InChI=1S/C18H20FN3O4/c1-10-9-26-17-14-11(16(23)12(18(24)25)8-22(10)14)7-13(19)15(17)21-5-3-20(2)4-6-21/h7-8,10H,3-6,9H2,1-2H3,(H,24,25)/t10-/m0/s1",GSDSWSVVBLHKDQ-JTQLQIEISA-N,exact DDInter name query,exact_unique,valid,"https://pubchem.ncbi.nlm.nih.gov/rest/pug/compound/name/Levofloxacin/property/Title,ConnectivitySMILES,SMILES,InChI,InChIKey/JSON",2026-09-22
DDInter1056,Levoleucovorin,135398559,L-Folinic acid,C1C(N(C2=C(N1)N=C(NC2=O)N)C=O)CNC3=CC=C(C=C3)C(=O)NC(CCC(=O)O)C(=O)O,C1[C@@H](N(C2=C(N1)N=C(NC2=O)N)C=O)CNC3=CC=C(C=C3)C(=O)N[C@@H](CCC(=O)O)C(=O)O,"InChI=1S/C20H23N7O7/c21-20-25-16-15(18(32)26-20)27(9-28)12(8-23-16)7-22-11-3-1-10(2-4-11)17(31)24-13(19(33)34)5-6-14(29)30/h1-4,9,12-13,22H,5-8H2,(H,24,31)(H,29,30)(H,33,34)(H4,21,23,25,26,32)/t12-,13-/m0/s1",VVIAGPKUTFNRDU-STQMWFEESA-N,exact DDInter name query,ambiguous,excluded_title_mismatch,"https://pubchem.ncbi.nlm.nih.gov/rest/pug/compound/name/Levoleucovorin/property/Title,ConnectivitySMILES,SMILES,InChI,InChIKey/JSON",2026-09-22
DDInter1057,Levomefolic acid,135398561,L-Methylfolate,CN1C(CNC2=C1C(=O)NC(=N2)N)CNC3=CC=C(C=C3)C(=O)NC(CCC(=O)O)C(=O)O,CN1[C@H](CNC2=C1C(=O)NC(=N2)N)CNC3=CC=C(C=C3)C(=O)N[C@@H](CCC(=O)O)C(=O)O,"InChI=1S/C20H25N7O6/c1-27-12(9-23-16-15(27)18(31)26-20(21)25-16)8-22-11-4-2-10(3-5-11)17(30)24-13(19(32)33)6-7-14(28)29/h2-5,12-13,22H,6-9H2,1H3,(H,24,30)(H,28,29)(H,32,33)(H4,21,23,25,26,31)/t12-,13-/m0/s1",ZNOVTXRBGFNYRX-STQMWFEESA-N,exact DDInter name query,ambiguous,excluded_title_mismatch,"https://pubchem.ncbi.nlm.nih.gov/rest/pug/compound/name/Levomefolic%20acid/property/Title,ConnectivitySMILES,SMILES,InChI,InChIKey/JSON",2026-09-22
DDInter1058,Levomefolic acid (calcium),,,,,,,exact DDInter name query,unmapped,unavailable,"https://pubchem.ncbi.nlm.nih.gov/rest/pug/compound/name/Levomefolic%20acid%20%28calcium%29/property/Title,ConnectivitySMILES,SMILES,InChI,InChIKey/JSON",2026-09-22
DDInter1059,Levomilnacipran,6917779,Levomilnacipran,CCN(CC)C(=O)C1(CC1CN)C2=CC=CC=C2,CCN(CC)C(=O)[C@]1(C[C@H]1CN)C2=CC=CC=C2,"InChI=1S/C15H22N2O/c1-3-17(4-2)14(18)15(10-13(15)11-16)12-8-6-5-7-9-12/h5-9,13H,3-4,10-11,16H2,1-2H3/t13-,15+/m0/s1",GJJFMKBJSRMPLA-DZGCQCFKSA-N,exact DDInter name query,exact_unique,valid,"https://pubchem.ncbi.nlm.nih.gov/rest/pug/compound/name/Levomilnacipran/property/Title,ConnectivitySMILES,SMILES,InChI,InChIKey/JSON",2026-09-22
DDInter106,Antithymocyte immunoglobulin (rabbit),,,,,,,exact DDInter name query,unmapped,unavailable,"https://pubchem.ncbi.nlm.nih.gov/rest/pug/compound/name/Antithymocyte%20immunoglobulin%20%28rabbit%29/property/Title,ConnectivitySMILES,SMILES,InChI,InChIKey/JSON",2026-09-22
DDInter1060,Levonordefrin,164739,Levonordefrin,CC(C(C1=CC(=C(C=C1)O)O)O)N,C[C@@H]([C@@H](C1=CC(=C(C=C1)O)O)O)N,"InChI=1S/C9H13NO3/c1-5(10)9(13)6-2-3-7(11)8(12)4-6/h2-5,9,11-13H,10H2,1H3/t5-,9-/m0/s1",GEFQWZLICWMTKF-CDUCUWFYSA-N,exact DDInter name query,exact_unique,valid,"https://pubchem.ncbi.nlm.nih.gov/rest/pug/compound/name/Levonordefrin/property/Title,ConnectivitySMILES,SMILES,InChI,InChIKey/JSON",2026-09-22
DDInter1061,Levonorgestrel,13109,Levonorgestrel,CCC12CCC3C(C1CCC2(C#C)O)CCC4=CC(=O)CCC34,CC[C@]12CC[C@H]3[C@H]([C@@H]1CC[C@]2(C#C)O)CCC4=CC(=O)CC[C@H]34,"InChI=1S/C21H28O2/c1-3-20-11-9-17-16-8-6-15(22)13-14(16)5-7-18(17)19(20)10-12-21(20,23)4-2/h2,13,16-19,23H,3,5-12H2,1H3/t16-,17+,18+,19-,20-,21-/m0/s1",WWYNJERNGUHSAO-XUDSTZEESA-N,exact DDInter name query,exact_unique,valid,"https://pubchem.ncbi.nlm.nih.gov/rest/pug/compound/name/Levonorgestrel/property/Title,ConnectivitySMILES,SMILES,InChI,InChIKey/JSON",2026-09-22
DDInter1062,Levorphanol,5359272,Levorphanol,CN1CCC23CCCCC2C1CC4=C3C=C(C=C4)O,CN1CC[C@]23CCCC[C@H]2[C@H]1CC4=C3C=C(C=C4)O,"InChI=1S/C17H23NO/c1-18-9-8-17-7-3-2-4-14(17)16(18)10-12-5-6-13(19)11-15(12)17/h5-6,11,14,16,19H,2-4,7-10H2,1H3/t14-,16+,17+/m0/s1",JAQUASYNZVUNQP-USXIJHARSA-N,exact DDInter name query,exact_unique,valid,"https://pubchem.ncbi.nlm.nih.gov/rest/pug/compound/name/Levorphanol/property/Title,ConnectivitySMILES,SMILES,InChI,InChIKey/JSON",2026-09-22
DDInter1063,Levosalbutamol,123600,(-)-Salbutamol,CC(C)(C)NCC(C1=CC(=C(C=C1)O)CO)O,CC(C)(C)NC[C@@H](C1=CC(=C(C=C1)O)CO)O,"InChI=1S/C13H21NO3/c1-13(2,3)14-7-12(17)9-4-5-11(16)10(6-9)8-15/h4-6,12,14-17H,7-8H2,1-3H3/t12-/m0/s1",NDAUXUAQIAJITI-LBPRGKRZSA-N,exact DDInter name query,ambiguous,excluded_title_mismatch,"https://pubchem.ncbi.nlm.nih.gov/rest/pug/compound/name/Levosalbutamol/property/Title,ConnectivitySMILES,SMILES,InChI,InChIKey/JSON",2026-09-22
DDInter1064,Levothyroxine,5819,Thyroxine,C1=C(C=C(C(=C1I)OC2=CC(=C(C(=C2)I)O)I)I)CC(C(=O)O)N,C1=C(C=C(C(=C1I)OC2=CC(=C(C(=C2)I)O)I)I)C[C@@H](C(=O)O)N,"InChI=1S/C15H11I4NO4/c16-8-4-7(5-9(17)13(8)21)24-14-10(18)1-6(2-11(14)19)3-12(20)15(22)23/h1-2,4-5,12,21H,3,20H2,(H,22,23)/t12-/m0/s1",XUIIKFGFIJCVMT-LBPRGKRZSA-N,exact DDInter name query,ambiguous,excluded_title_mismatch,"https://pubchem.ncbi.nlm.nih.gov/rest/pug/compound/name/Levothyroxine/property/Title,ConnectivitySMILES,SMILES,InChI,InChIKey/JSON",2026-09-22
DDInter1065,Licorice,,,,,,,exact DDInter name query,unmapped,unavailable,"https://pubchem.ncbi.nlm.nih.gov/rest/pug/compound/name/Licorice/property/Title,ConnectivitySMILES,SMILES,InChI,InChIKey/JSON",2026-09-22
DDInter1066,Lidocaine,3676,Lidocaine,CCN(CC)CC(=O)NC1=C(C=CC=C1C)C,CCN(CC)CC(=O)NC1=C(C=CC=C1C)C,"InChI=1S/C14H22N2O/c1-5-16(6-2)10-13(17)15-14-11(3)8-7-9-12(14)4/h7-9H,5-6,10H2,1-4H3,(H,15,17)",NNJVILVZKWQKPM-UHFFFAOYSA-N,exact DDInter name query,exact_unique,valid,"https://pubchem.ncbi.nlm.nih.gov/rest/pug/compound/name/Lidocaine/property/Title,ConnectivitySMILES,SMILES,InChI,InChIKey/JSON",2026-09-22
DDInter1067,Lidocaine (ophthalmic),,,,,,,exact DDInter name query,unmapped,unavailable,"https://pubchem.ncbi.nlm.nih.gov/rest/pug/compound/name/Lidocaine%20%28ophthalmic%29/property/Title,ConnectivitySMILES,SMILES,InChI,InChIKey/JSON",2026-09-22
DDInter1068,Lidocaine (topical),,,,,,,exact DDInter name query,unmapped,unavailable,"https://pubchem.ncbi.nlm.nih.gov/rest/pug/compound/name/Lidocaine%20%28topical%29/property/Title,ConnectivitySMILES,SMILES,InChI,InChIKey/JSON",2026-09-22
DDInter1069,Linaclotide,16158208,Linaclotide,CC1C(=O)NC2CSSCC3C(=O)NC(C(=O)NC(C(=O)NC(CSSCC(NC(=O)CNC(=O)C(NC2=O)C(C)O)C(=O)NC(CC4=CC=C(C=C4)O)C(=O)O)C(=O)NC(CSSCC(C(=O)N3)N)C(=O)NC(C(=O)N5CCCC5C(=O)N1)CC(=O)N)CC6=CC=C(C=C6)O)CCC(=O)O,C[C@H]1C(=O)N[C@H]2CSSC[C@H]3C(=O)N[C@H](C(=O)N[C@H](C(=O)N[C@@H](CSSC[C@H](NC(=O)CNC(=O)[C@@H](NC2=O)[C@@H](C)O)C(=O)N[C@@H](CC4=CC=C(C=C4)O)C(=O)O)C(=O)N[C@@H](CSSC[C@@H](C(=O)N3)N)C(=O)N[C@H](C(=O)N5CCC[C@H]5C(=O)N1)CC(=O)N)CC6=CC=C(C=C6)O)CCC(=O)O,"InChI=1S/C59H79N15O21S6/c1-26-47(82)69-41-25-101-99-22-38-52(87)65-33(13-14-45(80)81)49(84)66-34(16-28-5-9-30(76)10-6-28)50(85)71-40(54(89)72-39(23-97-96-20-32(60)48(83)70-38)53(88)67-35(18-43(61)78)58(93)74-15-3-4-42(74)56(91)63-26)24-100-98-21-37(64-44(79)19-62-57(92)46(27(2)75)73-55(41)90)51(86)68-36(59(94)95)17-29-7-11-31(77)12-8-29/h5-12,26-27,32-42,46,75-77H,3-4,13-25,60H2,1-2H3,(H2,61,78)(H,62,92)(H,63,91)(H,64,79)(H,65,87)(H,66,84)(H,67,88)(H,68,86)(H,69,82)(H,70,83)(H,71,85)(H,72,89)(H,73,90)(H,80,81)(H,94,95)/t26-,27+,32-,33-,34-,35-,36-,37-,38-,39-,40-,41-,42-,46-/m0/s1",KXGCNMMJRFDFNR-WDRJZQOASA-N,exact DDInter name query,exact_unique,valid,"https://pubchem.ncbi.nlm.nih.gov/rest/pug/compound/name/Linaclotide/property/Title,ConnectivitySMILES,SMILES,InChI,InChIKey/JSON",2026-09-22
DDInter107,Apalutamide,24872560,Apalutamide,CNC(=O)C1=C(C=C(C=C1)N2C(=S)N(C(=O)C23CCC3)C4=CC(=C(N=C4)C#N)C(F)(F)F)F,CNC(=O)C1=C(C=C(C=C1)N2C(=S)N(C(=O)C23CCC3)C4=CC(=C(N=C4)C#N)C(F)(F)F)F,"InChI=1S/C21H15F4N5O2S/c1-27-17(31)13-4-3-11(8-15(13)22)30-19(33)29(18(32)20(30)5-2-6-20)12-7-14(21(23,24)25)16(9-26)28-10-12/h3-4,7-8,10H,2,5-6H2,1H3,(H,27,31)",HJBWBFZLDZWPHF-UHFFFAOYSA-N,exact DDInter name query,exact_unique,valid,"https://pubchem.ncbi.nlm.nih.gov/rest/pug/compound/name/Apalutamide/property/Title,ConnectivitySMILES,SMILES,InChI,InChIKey/JSON",2026-09-22
DDInter1070,Linagliptin,10096344,Linagliptin,CC#CCN1C2=C(N=C1N3CCCC(C3)N)N(C(=O)N(C2=O)CC4=NC5=CC=CC=C5C(=N4)C)C,CC#CCN1C2=C(N=C1N3CCC[C@H](C3)N)N(C(=O)N(C2=O)CC4=NC5=CC=CC=C5C(=N4)C)C,"InChI=1S/C25H28N8O2/c1-4-5-13-32-21-22(29-24(32)31-12-8-9-17(26)14-31)30(3)25(35)33(23(21)34)15-20-27-16(2)18-10-6-7-11-19(18)28-20/h6-7,10-11,17H,8-9,12-15,26H2,1-3H3/t17-/m1/s1",LTXREWYXXSTFRX-QGZVFWFLSA-N,exact DDInter name query,exact_unique,valid,"https://pubchem.ncbi.nlm.nih.gov/rest/pug/compound/name/Linagliptin/property/Title,ConnectivitySMILES,SMILES,InChI,InChIKey/JSON",2026-09-22
DDInter1071,Lincomycin,3000540,Lincomycin,CCCC1CC(N(C1)C)C(=O)NC(C2C(C(C(C(O2)SC)O)O)O)C(C)O,CCC[C@@H]1C[C@H](N(C1)C)C(=O)N[C@@H]([C@@H]2[C@@H]([C@@H]([C@H]([C@H](O2)SC)O)O)O)[C@@H](C)O,"InChI=1S/C18H34N2O6S/c1-5-6-10-7-11(20(3)8-10)17(25)19-12(9(2)21)16-14(23)13(22)15(24)18(26-16)27-4/h9-16,18,21-24H,5-8H2,1-4H3,(H,19,25)/t9-,10-,11+,12-,13+,14-,15-,16-,18-/m1/s1",OJMMVQQUTAEWLP-KIDUDLJLSA-N,exact DDInter name query,exact_unique,valid,"https://pubchem.ncbi.nlm.nih.gov/rest/pug/compound/name/Lincomycin/property/Title,ConnectivitySMILES,SMILES,InChI,InChIKey/JSON",2026-09-22
DDInter1072,Lindane,727,Hexachlorocyclohexane,C1(C(C(C(C(C1Cl)Cl)Cl)Cl)Cl)Cl,C1(C(C(C(C(C1Cl)Cl)Cl)Cl)Cl)Cl,InChI=1S/C6H6Cl6/c7-1-2(8)4(10)6(12)5(11)3(1)9/h1-6H,JLYXXMFPNIAWKQ-UHFFFAOYSA-N,exact DDInter name query,ambiguous,excluded_title_mismatch,"https://pubchem.ncbi.nlm.nih.gov/rest/pug/compound/name/Lindane/property/Title,ConnectivitySMILES,SMILES,InChI,InChIKey/JSON",2026-09-22
DDInter1073,Linezolid,441401,Linezolid,CC(=O)NCC1CN(C(=O)O1)C2=CC(=C(C=C2)N3CCOCC3)F,CC(=O)NC[C@H]1CN(C(=O)O1)C2=CC(=C(C=C2)N3CCOCC3)F,"InChI=1S/C16H20FN3O4/c1-11(21)18-9-13-10-20(16(22)24-13)12-2-3-15(14(17)8-12)19-4-6-23-7-5-19/h2-3,8,13H,4-7,9-10H2,1H3,(H,18,21)/t13-/m0/s1",TYZROVQLWOKYKF-ZDUSSCGKSA-N,exact DDInter name query,exact_unique,valid,"https://pubchem.ncbi.nlm.nih.gov/rest/pug/compound/name/Linezolid/property/Title,ConnectivitySMILES,SMILES,InChI,InChIKey/JSON",2026-09-22
DDInter1074,Liothyronine,5920,Liothyronine,C1=CC(=C(C=C1OC2=C(C=C(C=C2I)CC(C(=O)O)N)I)I)O,C1=CC(=C(C=C1OC2=C(C=C(C=C2I)C[C@@H](C(=O)O)N)I)I)O,"InChI=1S/C15H12I3NO4/c16-9-6-8(1-2-13(9)20)23-14-10(17)3-7(4-11(14)18)5-12(19)15(21)22/h1-4,6,12,20H,5,19H2,(H,21,22)/t12-/m0/s1",AUYYCJSJGJYCDS-LBPRGKRZSA-N,exact DDInter name query,exact_unique,valid,"https://pubchem.ncbi.nlm.nih.gov/rest/pug/compound/name/Liothyronine/property/Title,ConnectivitySMILES,SMILES,InChI,InChIKey/JSON",2026-09-22
DDInter1075,Liotrix,71371,Liotrix,C1=CC(=C(C=C1OC2=C(C=C(C=C2I)CC(C(=O)[O-])N)I)I)O.C1=C(C=C(C(=C1I)OC2=CC(=C(C(=C2)I)O)I)I)CC(C(=O)[O-])N.[Na+].[Na+],C1=CC(=C(C=C1OC2=C(C=C(C=C2I)C[C@@H](C(=O)[O-])N)I)I)O.C1=C(C=C(C(=C1I)OC2=CC(=C(C(=C2)I)O)I)I)C[C@@H](C(=O)[O-])N.[Na+].[Na+],"InChI=1S/C15H11I4NO4.C15H12I3NO4.2Na/c16-8-4-7(5-9(17)13(8)21)24-14-10(18)1-6(2-11(14)19)3-12(20)15(22)23;16-9-6-8(1-2-13(9)20)23-14-10(17)3-7(4-11(14)18)5-12(19)15(21)22;;/h1-2,4-5,12,21H,3,20H2,(H,22,23);1-4,6,12,20H,5,19H2,(H,21,22);;/q;;2*+1/p-2/t2*12-;;/m00../s1",LKYWLLWWYBVUPP-XOCLESOZSA-L,exact DDInter name query,exact_unique,valid,"https://pubchem.ncbi.nlm.nih.gov/rest/pug/compound/name/Liotrix/property/Title,ConnectivitySMILES,SMILES,InChI,InChIKey/JSON",2026-09-22
DDInter1076,Lipoic acid,,,,,,,exact DDInter name query,ambiguous,excluded_multiple_candidates,"https://pubchem.ncbi.nlm.nih.gov/rest/pug/compound/name/Lipoic%20acid/property/Title,ConnectivitySMILES,SMILES,InChI,InChIKey/JSON",2026-09-22
DDInter1077,Liraglutide,16134956,Liraglutide,CCCCCCCCCCCCCCCC(=O)NC(CCC(=O)NCCCCC(C(=O)NC(CCC(=O)O)C(=O)NC(CC1=CC=CC=C1)C(=O)NC(C(C)CC)C(=O)NC(C)C(=O)NC(CC2=CNC3=CC=CC=C32)C(=O)NC(CC(C)C)C(=O)NC(C(C)C)C(=O)NC(CCCNC(=N)N)C(=O)NCC(=O)NC(CCCNC(=N)N)C(=O)NCC(=O)O)NC(=O)C(C)NC(=O)C(C)NC(=O)C(CCC(=O)N)NC(=O)CNC(=O)C(CCC(=O)O)NC(=O)C(CC(C)C)NC(=O)C(CC4=CC=C(C=C4)O)NC(=O)C(CO)NC(=O)C(CO)NC(=O)C(C(C)C)NC(=O)C(CC(=O)O)NC(=O)C(CO)NC(=O)C(C(C)O)NC(=O)C(CC5=CC=CC=C5)NC(=O)C(C(C)O)NC(=O)CNC(=O)C(CCC(=O)O)NC(=O)C(C)NC(=O)C(CC6=CN=CN6)N)C(=O)O,CCCCCCCCCCCCCCCC(=O)N[C@@H](CCC(=O)NCCCC[C@@H](C(=O)N[C@@H](CCC(=O)O)C(=O)N[C@@H](CC1=CC=CC=C1)C(=O)N[C@@H]([C@@H](C)CC)C(=O)N[C@@H](C)C(=O)N[C@@H](CC2=CNC3=CC=CC=C32)C(=O)N[C@@H](CC(C)C)C(=O)N[C@@H](C(C)C)C(=O)N[C@@H](CCCNC(=N)N)C(=O)NCC(=O)N[C@@H](CCCNC(=N)N)C(=O)NCC(=O)O)NC(=O)[C@H](C)NC(=O)[C@H](C)NC(=O)[C@H](CCC(=O)N)NC(=O)CNC(=O)[C@H](CCC(=O)O)NC(=O)[C@H](CC(C)C)NC(=O)[C@H](CC4=CC=C(C=C4)O)NC(=O)[C@H](CO)NC(=O)[C@H](CO)NC(=O)[C@H](C(C)C)NC(=O)[C@H](CC(=O)O)NC(=O)[C@H](CO)NC(=O)[C@H]([C@@H](C)O)NC(=O)[C@H](CC5=CC=CC=C5)NC(=O)[C@H]([C@@H](C)O)NC(=O)CNC(=O)[C@H](CCC(=O)O)NC(=O)[C@H](C)NC(=O)[C@H](CC6=CN=CN6)N)C(=O)O,"InChI=1S/C172H265N43O51/c1-18-20-21-22-23-24-25-26-27-28-29-30-37-53-129(224)195-116(170(265)266)59-64-128(223)180-68-41-40-50-111(153(248)199-115(62-67-135(232)233)154(249)204-120(73-100-44-33-31-34-45-100)159(254)214-140(93(11)19-2)167(262)192-97(15)146(241)201-122(76-103-79-183-108-49-39-38-48-106(103)108)157(252)203-118(72-90(5)6)158(253)212-138(91(7)8)165(260)200-110(52-43-70-182-172(177)178)149(244)184-81-130(225)193-109(51-42-69-181-171(175)176)148(243)187-84-137(236)237)196-144(239)95(13)189-143(238)94(12)191-152(247)114(58-63-127(174)222)194-131(226)82-185-151(246)113(61-66-134(230)231)198-155(250)117(71-89(3)4)202-156(251)119(75-102-54-56-105(221)57-55-102)205-162(257)124(85-216)208-164(259)126(87-218)209-166(261)139(92(9)10)213-161(256)123(78-136(234)235)206-163(258)125(86-217)210-169(264)142(99(17)220)215-160(255)121(74-101-46-35-32-36-47-101)207-168(263)141(98(16)219)211-132(227)83-186-150(245)112(60-65-133(228)229)197-145(240)96(14)190-147(242)107(173)77-104-80-179-88-188-104/h31-36,38-39,44-49,54-57,79-80,88-99,107,109-126,138-142,183,216-221H,18-30,37,40-43,50-53,58-78,81-87,173H2,1-17H3,(H2,174,222)(H,179,188)(H,180,223)(H,184,244)(H,185,246)(H,186,245)(H,187,243)(H,189,238)(H,190,242)(H,191,247)(H,192,262)(H,193,225)(H,194,226)(H,195,224)(H,196,239)(H,197,240)(H,198,250)(H,199,248)(H,200,260)(H,201,241)(H,202,251)(H,203,252)(H,204,249)(H,205,257)(H,206,258)(H,207,263)(H,208,259)(H,209,261)(H,210,264)(H,211,227)(H,212,253)(H,213,256)(H,214,254)(H,215,255)(H,228,229)(H,230,231)(H,232,233)(H,234,235)(H,236,237)(H,265,266)(H4,175,176,181)(H4,177,178,182)/t93-,94-,95-,96-,97-,98+,99+,107-,109-,110-,111-,112-,113-,114-,115-,116-,117-,118-,119-,120-,121-,122-,123-,124-,125-,126-,138-,139-,140-,141-,142-/m0/s1",YSDQQAXHVYUZIW-QCIJIYAXSA-N,exact DDInter name query,exact_unique,valid,"https://pubchem.ncbi.nlm.nih.gov/rest/pug/compound/name/Liraglutide/property/Title,ConnectivitySMILES,SMILES,InChI,InChIKey/JSON",2026-09-22
DDInter1078,Lisdexamfetamine,11597698,Lisdexamfetamine,CC(CC1=CC=CC=C1)NC(=O)C(CCCCN)N,C[C@@H](CC1=CC=CC=C1)NC(=O)[C@H](CCCCN)N,"InChI=1S/C15H25N3O/c1-12(11-13-7-3-2-4-8-13)18-15(19)14(17)9-5-6-10-16/h2-4,7-8,12,14H,5-6,9-11,16-17H2,1H3,(H,18,19)/t12-,14-/m0/s1",VOBHXZCDAVEXEY-JSGCOSHPSA-N,exact DDInter name query,exact_unique,valid,"https://pubchem.ncbi.nlm.nih.gov/rest/pug/compound/name/Lisdexamfetamine/property/Title,ConnectivitySMILES,SMILES,InChI,InChIKey/JSON",2026-09-22
DDInter1079,Lisinopril,5362119,Lisinopril,C1CC(N(C1)C(=O)C(CCCCN)NC(CCC2=CC=CC=C2)C(=O)O)C(=O)O,C1C[C@H](N(C1)C(=O)[C@H](CCCCN)N[C@@H](CCC2=CC=CC=C2)C(=O)O)C(=O)O,"InChI=1S/C21H31N3O5/c22-13-5-4-9-16(19(25)24-14-6-10-18(24)21(28)29)23-17(20(26)27)12-11-15-7-2-1-3-8-15/h1-3,7-8,16-18,23H,4-6,9-14,22H2,(H,26,27)(H,28,29)/t16-,17-,18-/m0/s1",RLAWWYSOJDYHDC-BZSNNMDCSA-N,exact DDInter name query,exact_unique,valid,"https://pubchem.ncbi.nlm.nih.gov/rest/pug/compound/name/Lisinopril/property/Title,ConnectivitySMILES,SMILES,InChI,InChIKey/JSON",2026-09-22
DDInter108,Apixaban,10182969,Apixaban,COC1=CC=C(C=C1)N2C3=C(CCN(C3=O)C4=CC=C(C=C4)N5CCCCC5=O)C(=N2)C(=O)N,COC1=CC=C(C=C1)N2C3=C(CCN(C3=O)C4=CC=C(C=C4)N5CCCCC5=O)C(=N2)C(=O)N,"InChI=1S/C25H25N5O4/c1-34-19-11-9-18(10-12-19)30-23-20(22(27-30)24(26)32)13-15-29(25(23)33)17-7-5-16(6-8-17)28-14-3-2-4-21(28)31/h5-12H,2-4,13-15H2,1H3,(H2,26,32)",QNZCBYKSOIHPEH-UHFFFAOYSA-N,exact DDInter name query,exact_unique,valid,"https://pubchem.ncbi.nlm.nih.gov/rest/pug/compound/name/Apixaban/property/Title,ConnectivitySMILES,SMILES,InChI,InChIKey/JSON",2026-09-22
DDInter1080,Lisocabtagene maraleucel,,,,,,,exact DDInter name query,unmapped,unavailable,"https://pubchem.ncbi.nlm.nih.gov/rest/pug/compound/name/Lisocabtagene%20maraleucel/property/Title,ConnectivitySMILES,SMILES,InChI,InChIKey/JSON",2026-09-22
DDInter1081,Lithium carbonate,11125,Lithium Carbonate,[Li+].[Li+].C(=O)([O-])[O-],[Li+].[Li+].C(=O)([O-])[O-],"InChI=1S/CH2O3.2Li/c2-1(3)4;;/h(H2,2,3,4);;/q;2*+1/p-2",XGZVUEUWXADBQD-UHFFFAOYSA-L,exact DDInter name query,exact_unique,valid,"https://pubchem.ncbi.nlm.nih.gov/rest/pug/compound/name/Lithium%20carbonate/property/Title,ConnectivitySMILES,SMILES,InChI,InChIKey/JSON",2026-09-22
DDInter1082,Lixisenatide,90472060,Lixisenatide,CCC(C)C(C(=O)NC(CCC(=O)O)C(=O)NC(CC1=CNC2=CC=CC=C21)C(=O)NC(CC(C)C)C(=O)NC(CCCCN)C(=O)NC(CC(=O)N)C(=O)NCC(=O)NCC(=O)N3CCCC3C(=O)NC(CO)C(=O)NC(CO)C(=O)NCC(=O)NC(C)C(=O)N4CCCC4C(=O)N5CCCC5C(=O)NC(CO)C(=O)NC(CCCCN)C(=O)NC(CCCCN)C(=O)NC(CCCCN)C(=O)NC(CCCCN)C(=O)NC(CCCCN)C(=O)NC(CCCCN)C(=O)N)NC(=O)C(CC6=CC=CC=C6)NC(=O)C(CC(C)C)NC(=O)C(CCCNC(=N)N)NC(=O)C(C(C)C)NC(=O)C(C)NC(=O)C(CCC(=O)O)NC(=O)C(CCC(=O)O)NC(=O)C(CCC(=O)O)NC(=O)C(CCSC)NC(=O)C(CCC(=O)N)NC(=O)C(CCCCN)NC(=O)C(CO)NC(=O)C(CC(C)C)NC(=O)C(CC(=O)O)NC(=O)C(CO)NC(=O)C(C(C)O)NC(=O)C(CC7=CC=CC=C7)NC(=O)C(C(C)O)NC(=O)CNC(=O)C(CCC(=O)O)NC(=O)CNC(=O)C(CC8=CNC=N8)N,CC[C@H](C)[C@@H](C(=O)N[C@@H](CCC(=O)O)C(=O)N[C@@H](CC1=CNC2=CC=CC=C21)C(=O)N[C@@H](CC(C)C)C(=O)N[C@@H](CCCCN)C(=O)N[C@@H](CC(=O)N)C(=O)NCC(=O)NCC(=O)N3CCC[C@H]3C(=O)N[C@@H](CO)C(=O)N[C@@H](CO)C(=O)NCC(=O)N[C@@H](C)C(=O)N4CCC[C@H]4C(=O)N5CCC[C@H]5C(=O)N[C@@H](CO)C(=O)N[C@@H](CCCCN)C(=O)N[C@@H](CCCCN)C(=O)N[C@@H](CCCCN)C(=O)N[C@@H](CCCCN)C(=O)N[C@@H](CCCCN)C(=O)N[C@@H](CCCCN)C(=O)N)NC(=O)[C@H](CC6=CC=CC=C6)NC(=O)[C@H](CC(C)C)NC(=O)[C@H](CCCNC(=N)N)NC(=O)[C@H](C(C)C)NC(=O)[C@H](C)NC(=O)[C@H](CCC(=O)O)NC(=O)[C@H](CCC(=O)O)NC(=O)[C@H](CCC(=O)O)NC(=O)[C@H](CCSC)NC(=O)[C@H](CCC(=O)N)NC(=O)[C@H](CCCCN)NC(=O)[C@H](CO)NC(=O)[C@H](CC(C)C)NC(=O)[C@H](CC(=O)O)NC(=O)[C@H](CO)NC(=O)[C@H]([C@@H](C)O)NC(=O)[C@H](CC7=CC=CC=C7)NC(=O)[C@H]([C@@H](C)O)NC(=O)CNC(=O)[C@H](CCC(=O)O)NC(=O)CNC(=O)[C@H](CC8=CNC=N8)N,"InChI=1S/C215H347N61O65S/c1-16-115(10)173(210(337)256-141(68-74-170(299)300)194(321)261-148(94-122-98-232-126-50-24-23-49-124(122)126)199(326)258-143(89-111(2)3)196(323)247-134(58-32-40-83-223)189(316)262-149(96-160(226)285)180(307)235-100-161(286)233-104-165(290)274-85-42-60-156(274)207(334)267-154(108-280)206(333)265-151(105-277)181(308)237-101-162(287)239-117(12)213(340)276-87-44-62-158(276)214(341)275-86-43-61-157(275)208(335)268-153(107-279)204(331)249-132(56-30-38-81-221)187(314)246-131(55-29-37-80-220)186(313)245-130(54-28-36-79-219)185(312)244-129(53-27-35-78-218)184(311)243-128(52-26-34-77-217)183(310)242-127(176(227)303)51-25-33-76-216)272-201(328)146(92-120-45-19-17-20-46-120)260-197(324)144(90-112(4)5)257-190(317)135(59-41-84-231-215(228)229)255-209(336)172(114(8)9)271-177(304)116(11)240-182(309)138(65-71-167(293)294)251-192(319)139(66-72-168(295)296)252-193(320)140(67-73-169(297)298)253-195(322)142(75-88-342-15)254-191(318)137(63-69-159(225)284)250-188(315)133(57-31-39-82-222)248-203(330)152(106-278)266-198(325)145(91-113(6)7)259-200(327)150(97-171(301)302)263-205(332)155(109-281)269-212(339)175(119(14)283)273-202(329)147(93-121-47-21-18-22-48-121)264-211(338)174(118(13)282)270-164(289)103-236-179(306)136(64-70-166(291)292)241-163(288)102-234-178(305)125(224)95-123-99-230-110-238-123/h17-24,45-50,98-99,110-119,125,127-158,172-175,232,277-283H,16,25-44,51-97,100-109,216-224H2,1-15H3,(H2,225,284)(H2,226,285)(H2,227,303)(H,230,238)(H,233,286)(H,234,305)(H,235,307)(H,236,306)(H,237,308)(H,239,287)(H,240,309)(H,241,288)(H,242,310)(H,243,311)(H,244,312)(H,245,313)(H,246,314)(H,247,323)(H,248,330)(H,249,331)(H,250,315)(H,251,319)(H,252,320)(H,253,322)(H,254,318)(H,255,336)(H,256,337)(H,257,317)(H,258,326)(H,259,327)(H,260,324)(H,261,321)(H,262,316)(H,263,332)(H,264,338)(H,265,333)(H,266,325)(H,267,334)(H,268,335)(H,269,339)(H,270,289)(H,271,304)(H,272,328)(H,273,329)(H,291,292)(H,293,294)(H,295,296)(H,297,298)(H,299,300)(H,301,302)(H4,228,229,231)/t115-,116-,117-,118+,119+,125-,127-,128-,129-,130-,131-,132-,133-,134-,135-,136-,137-,138-,139-,140-,141-,142-,143-,144-,145-,146-,147-,148-,149-,150-,151-,152-,153-,154-,155-,156-,157-,158-,172-,173-,174-,175-/m0/s1",XVVOERDUTLJJHN-IAEQDCLQSA-N,exact DDInter name query,exact_unique,valid,"https://pubchem.ncbi.nlm.nih.gov/rest/pug/compound/name/Lixisenatide/property/Title,ConnectivitySMILES,SMILES,InChI,InChIKey/JSON",2026-09-22
DDInter1083,Lofexidine,30668,Lofexidine,CC(C1=NCCN1)OC2=C(C=CC=C2Cl)Cl,CC(C1=NCCN1)OC2=C(C=CC=C2Cl)Cl,"InChI=1S/C11H12Cl2N2O/c1-7(11-14-5-6-15-11)16-10-8(12)3-2-4-9(10)13/h2-4,7H,5-6H2,1H3,(H,14,15)",KSMAGQUYOIHWFS-UHFFFAOYSA-N,exact DDInter name query,exact_unique,valid,"https://pubchem.ncbi.nlm.nih.gov/rest/pug/compound/name/Lofexidine/property/Title,ConnectivitySMILES,SMILES,InChI,InChIKey/JSON",2026-09-22
DDInter1084,Lomefloxacin,3948,Lomefloxacin,CCN1C=C(C(=O)C2=CC(=C(C(=C21)F)N3CCNC(C3)C)F)C(=O)O,CCN1C=C(C(=O)C2=CC(=C(C(=C21)F)N3CCNC(C3)C)F)C(=O)O,"InChI=1S/C17H19F2N3O3/c1-3-21-8-11(17(24)25)16(23)10-6-12(18)15(13(19)14(10)21)22-5-4-20-9(2)7-22/h6,8-9,20H,3-5,7H2,1-2H3,(H,24,25)",ZEKZLJVOYLTDKK-UHFFFAOYSA-N,exact DDInter name query,exact_unique,valid,"https://pubchem.ncbi.nlm.nih.gov/rest/pug/compound/name/Lomefloxacin/property/Title,ConnectivitySMILES,SMILES,InChI,InChIKey/JSON",2026-09-22
DDInter1085,Lomitapide,9853053,Lomitapide,C1CN(CCC1NC(=O)C2=CC=CC=C2C3=CC=C(C=C3)C(F)(F)F)CCCCC4(C5=CC=CC=C5C6=CC=CC=C64)C(=O)NCC(F)(F)F,C1CN(CCC1NC(=O)C2=CC=CC=C2C3=CC=C(C=C3)C(F)(F)F)CCCCC4(C5=CC=CC=C5C6=CC=CC=C64)C(=O)NCC(F)(F)F,"InChI=1S/C39H37F6N3O2/c40-38(41,42)25-46-36(50)37(33-13-5-3-10-30(33)31-11-4-6-14-34(31)37)21-7-8-22-48-23-19-28(20-24-48)47-35(49)32-12-2-1-9-29(32)26-15-17-27(18-16-26)39(43,44)45/h1-6,9-18,28H,7-8,19-25H2,(H,46,50)(H,47,49)",MBBCVAKAJPKAKM-UHFFFAOYSA-N,exact DDInter name query,exact_unique,valid,"https://pubchem.ncbi.nlm.nih.gov/rest/pug/compound/name/Lomitapide/property/Title,ConnectivitySMILES,SMILES,InChI,InChIKey/JSON",2026-09-22
DDInter1086,Lomustine,3950,Lomustine,C1CCC(CC1)NC(=O)N(CCCl)N=O,C1CCC(CC1)NC(=O)N(CCCl)N=O,"InChI=1S/C9H16ClN3O2/c10-6-7-13(12-15)9(14)11-8-4-2-1-3-5-8/h8H,1-7H2,(H,11,14)",GQYIWUVLTXOXAJ-UHFFFAOYSA-N,exact DDInter name query,exact_unique,valid,"https://pubchem.ncbi.nlm.nih.gov/rest/pug/compound/name/Lomustine/property/Title,ConnectivitySMILES,SMILES,InChI,InChIKey/JSON",2026-09-22
DDInter1087,Lonafarnib,148195,Lonafarnib,C1CN(CCC1CC(=O)N2CCC(CC2)C3C4=C(CCC5=C3N=CC(=C5)Br)C=C(C=C4Br)Cl)C(=O)N,C1CN(CCC1CC(=O)N2CCC(CC2)[C@@H]3C4=C(CCC5=C3N=CC(=C5)Br)C=C(C=C4Br)Cl)C(=O)N,"InChI=1S/C27H31Br2ClN4O2/c28-20-12-19-2-1-18-13-21(30)14-22(29)24(18)25(26(19)32-15-20)17-5-9-33(10-6-17)23(35)11-16-3-7-34(8-4-16)27(31)36/h12-17,25H,1-11H2,(H2,31,36)/t25-/m1/s1",DHMTURDWPRKSOA-RUZDIDTESA-N,exact DDInter name query,exact_unique,valid,"https://pubchem.ncbi.nlm.nih.gov/rest/pug/compound/name/Lonafarnib/property/Title,ConnectivitySMILES,SMILES,InChI,InChIKey/JSON",2026-09-22
DDInter1088,Loperamide,3955,Loperamide,CN(C)C(=O)C(CCN1CCC(CC1)(C2=CC=C(C=C2)Cl)O)(C3=CC=CC=C3)C4=CC=CC=C4,CN(C)C(=O)C(CCN1CCC(CC1)(C2=CC=C(C=C2)Cl)O)(C3=CC=CC=C3)C4=CC=CC=C4,"InChI=1S/C29H33ClN2O2/c1-31(2)27(33)29(24-9-5-3-6-10-24,25-11-7-4-8-12-25)19-22-32-20-17-28(34,18-21-32)23-13-15-26(30)16-14-23/h3-16,34H,17-22H2,1-2H3",RDOIQAHITMMDAJ-UHFFFAOYSA-N,exact DDInter name query,exact_unique,valid,"https://pubchem.ncbi.nlm.nih.gov/rest/pug/compound/name/Loperamide/property/Title,ConnectivitySMILES,SMILES,InChI,InChIKey/JSON",2026-09-22
DDInter1089,Lopinavir,92727,Lopinavir,CC1=C(C(=CC=C1)C)OCC(=O)NC(CC2=CC=CC=C2)C(CC(CC3=CC=CC=C3)NC(=O)C(C(C)C)N4CCCNC4=O)O,CC1=C(C(=CC=C1)C)OCC(=O)N[C@@H](CC2=CC=CC=C2)[C@H](C[C@H](CC3=CC=CC=C3)NC(=O)[C@H](C(C)C)N4CCCNC4=O)O,"InChI=1S/C37H48N4O5/c1-25(2)34(41-20-12-19-38-37(41)45)36(44)39-30(21-28-15-7-5-8-16-28)23-32(42)31(22-29-17-9-6-10-18-29)40-33(43)24-46-35-26(3)13-11-14-27(35)4/h5-11,13-18,25,30-32,34,42H,12,19-24H2,1-4H3,(H,38,45)(H,39,44)(H,40,43)/t30-,31-,32-,34-/m0/s1",KJHKTHWMRKYKJE-SUGCFTRWSA-N,exact DDInter name query,exact_unique,valid,"https://pubchem.ncbi.nlm.nih.gov/rest/pug/compound/name/Lopinavir/property/Title,ConnectivitySMILES,SMILES,InChI,InChIKey/JSON",2026-09-22
DDInter109,Apomorphine,6005,Apomorphine,CN1CCC2=C3C1CC4=C(C3=CC=C2)C(=C(C=C4)O)O,CN1CCC2=C3[C@H]1CC4=C(C3=CC=C2)C(=C(C=C4)O)O,"InChI=1S/C17H17NO2/c1-18-8-7-10-3-2-4-12-15(10)13(18)9-11-5-6-14(19)17(20)16(11)12/h2-6,13,19-20H,7-9H2,1H3/t13-/m1/s1",VMWNQDUVQKEIOC-CYBMUJFWSA-N,exact DDInter name query,exact_unique,valid,"https://pubchem.ncbi.nlm.nih.gov/rest/pug/compound/name/Apomorphine/property/Title,ConnectivitySMILES,SMILES,InChI,InChIKey/JSON",2026-09-22
DDInter1090,Loracarbef,5284585,Loracarbef,C1CC(=C(N2C1C(C2=O)NC(=O)C(C3=CC=CC=C3)N)C(=O)O)Cl,C1CC(=C(N2[C@H]1[C@@H](C2=O)NC(=O)[C@@H](C3=CC=CC=C3)N)C(=O)O)Cl,"InChI=1S/C16H16ClN3O4/c17-9-6-7-10-12(15(22)20(10)13(9)16(23)24)19-14(21)11(18)8-4-2-1-3-5-8/h1-5,10-12H,6-7,18H2,(H,19,21)(H,23,24)/t10-,11-,12+/m1/s1",JAPHQRWPEGVNBT-UTUOFQBUSA-N,exact DDInter name query,exact_unique,valid,"https://pubchem.ncbi.nlm.nih.gov/rest/pug/compound/name/Loracarbef/property/Title,ConnectivitySMILES,SMILES,InChI,InChIKey/JSON",2026-09-22
DDInter1091,Loratadine,3957,Loratadine,CCOC(=O)N1CCC(=C2C3=C(CCC4=C2N=CC=C4)C=C(C=C3)Cl)CC1,CCOC(=O)N1CCC(=C2C3=C(CCC4=C2N=CC=C4)C=C(C=C3)Cl)CC1,"InChI=1S/C22H23ClN2O2/c1-2-27-22(26)25-12-9-15(10-13-25)20-19-8-7-18(23)14-17(19)6-5-16-4-3-11-24-21(16)20/h3-4,7-8,11,14H,2,5-6,9-10,12-13H2,1H3",JCCNYMKQOSZNPW-UHFFFAOYSA-N,exact DDInter name query,exact_unique,valid,"https://pubchem.ncbi.nlm.nih.gov/rest/pug/compound/name/Loratadine/property/Title,ConnectivitySMILES,SMILES,InChI,InChIKey/JSON",2026-09-22
DDInter1092,Lorazepam,3958,Lorazepam,C1=CC=C(C(=C1)C2=NC(C(=O)NC3=C2C=C(C=C3)Cl)O)Cl,C1=CC=C(C(=C1)C2=NC(C(=O)NC3=C2C=C(C=C3)Cl)O)Cl,"InChI=1S/C15H10Cl2N2O2/c16-8-5-6-12-10(7-8)13(19-15(21)14(20)18-12)9-3-1-2-4-11(9)17/h1-7,15,21H,(H,18,20)",DIWRORZWFLOCLC-UHFFFAOYSA-N,exact DDInter name query,exact_unique,valid,"https://pubchem.ncbi.nlm.nih.gov/rest/pug/compound/name/Lorazepam/property/Title,ConnectivitySMILES,SMILES,InChI,InChIKey/JSON",2026-09-22
DDInter1093,Lorcaserin,11658860,Lorcaserin,CC1CNCCC2=C1C=C(C=C2)Cl,C[C@H]1CNCCC2=C1C=C(C=C2)Cl,"InChI=1S/C11H14ClN/c1-8-7-13-5-4-9-2-3-10(12)6-11(8)9/h2-3,6,8,13H,4-5,7H2,1H3/t8-/m0/s1",XTTZERNUQAFMOF-QMMMGPOBSA-N,exact DDInter name query,exact_unique,valid,"https://pubchem.ncbi.nlm.nih.gov/rest/pug/compound/name/Lorcaserin/property/Title,ConnectivitySMILES,SMILES,InChI,InChIKey/JSON",2026-09-22
DDInter1094,Lorlatinib,71731823,Lorlatinib,CC1C2=C(C=CC(=C2)F)C(=O)N(CC3=NN(C(=C3C4=CC(=C(N=C4)N)O1)C#N)C)C,C[C@@H]1C2=C(C=CC(=C2)F)C(=O)N(CC3=NN(C(=C3C4=CC(=C(N=C4)N)O1)C#N)C)C,"InChI=1S/C21H19FN6O2/c1-11-15-7-13(22)4-5-14(15)21(29)27(2)10-16-19(17(8-23)28(3)26-16)12-6-18(30-11)20(24)25-9-12/h4-7,9,11H,10H2,1-3H3,(H2,24,25)/t11-/m1/s1",IIXWYSCJSQVBQM-LLVKDONJSA-N,exact DDInter name query,exact_unique,valid,"https://pubchem.ncbi.nlm.nih.gov/rest/pug/compound/name/Lorlatinib/property/Title,ConnectivitySMILES,SMILES,InChI,InChIKey/JSON",2026-09-22
DDInter1095,Losartan,3961,Losartan,CCCCC1=NC(=C(N1CC2=CC=C(C=C2)C3=CC=CC=C3C4=NNN=N4)CO)Cl,CCCCC1=NC(=C(N1CC2=CC=C(C=C2)C3=CC=CC=C3C4=NNN=N4)CO)Cl,"InChI=1S/C22H23ClN6O/c1-2-3-8-20-24-21(23)19(14-30)29(20)13-15-9-11-16(12-10-15)17-6-4-5-7-18(17)22-25-27-28-26-22/h4-7,9-12,30H,2-3,8,13-14H2,1H3,(H,25,26,27,28)",PSIFNNKUMBGKDQ-UHFFFAOYSA-N,exact DDInter name query,exact_unique,valid,"https://pubchem.ncbi.nlm.nih.gov/rest/pug/compound/name/Losartan/property/Title,ConnectivitySMILES,SMILES,InChI,InChIKey/JSON",2026-09-22
DDInter1096,Loteprednol (ophthalmic),,,,,,,exact DDInter name query,unmapped,unavailable,"https://pubchem.ncbi.nlm.nih.gov/rest/pug/compound/name/Loteprednol%20%28ophthalmic%29/property/Title,ConnectivitySMILES,SMILES,InChI,InChIKey/JSON",2026-09-22
DDInter1097,Loteprednol etabonate,444025,Loteprednol Etabonate,CCOC(=O)OC1(CCC2C1(CC(C3C2CCC4=CC(=O)C=CC34C)O)C)C(=O)OCCl,CCOC(=O)O[C@@]1(CC[C@@H]2[C@@]1(C[C@@H]([C@H]3[C@H]2CCC4=CC(=O)C=C[C@]34C)O)C)C(=O)OCCl,"InChI=1S/C24H31ClO7/c1-4-30-21(29)32-24(20(28)31-13-25)10-8-17-16-6-5-14-11-15(26)7-9-22(14,2)19(16)18(27)12-23(17,24)3/h7,9,11,16-19,27H,4-6,8,10,12-13H2,1-3H3/t16-,17-,18-,19+,22-,23-,24-/m0/s1",DMKSVUSAATWOCU-HROMYWEYSA-N,exact DDInter name query,exact_unique,valid,"https://pubchem.ncbi.nlm.nih.gov/rest/pug/compound/name/Loteprednol%20etabonate/property/Title,ConnectivitySMILES,SMILES,InChI,InChIKey/JSON",2026-09-22
DDInter1098,Lovastatin,53232,Lovastatin,CCC(C)C(=O)OC1CC(C=C2C1C(C(C=C2)C)CCC3CC(CC(=O)O3)O)C,CC[C@H](C)C(=O)O[C@H]1C[C@H](C=C2[C@H]1[C@H]([C@H](C=C2)C)CC[C@@H]3C[C@H](CC(=O)O3)O)C,"InChI=1S/C24H36O5/c1-5-15(3)24(27)29-21-11-14(2)10-17-7-6-16(4)20(23(17)21)9-8-19-12-18(25)13-22(26)28-19/h6-7,10,14-16,18-21,23,25H,5,8-9,11-13H2,1-4H3/t14-,15-,16-,18+,19+,20-,21-,23-/m0/s1",PCZOHLXUXFIOCF-BXMDZJJMSA-N,exact DDInter name query,exact_unique,valid,"https://pubchem.ncbi.nlm.nih.gov/rest/pug/compound/name/Lovastatin/property/Title,ConnectivitySMILES,SMILES,InChI,InChIKey/JSON",2026-09-22
DDInter1099,Loxapine,3964,Loxapine,CN1CCN(CC1)C2=NC3=CC=CC=C3OC4=C2C=C(C=C4)Cl,CN1CCN(CC1)C2=NC3=CC=CC=C3OC4=C2C=C(C=C4)Cl,"InChI=1S/C18H18ClN3O/c1-21-8-10-22(11-9-21)18-14-12-13(19)6-7-16(14)23-17-5-3-2-4-15(17)20-18/h2-7,12H,8-11H2,1H3",XJGVXQDUIWGIRW-UHFFFAOYSA-N,exact DDInter name query,exact_unique,valid,"https://pubchem.ncbi.nlm.nih.gov/rest/pug/compound/name/Loxapine/property/Title,ConnectivitySMILES,SMILES,InChI,InChIKey/JSON",2026-09-22
DDInter11,Acarbose,9811704,Acarbose,CC1C(C(C(C(O1)OC2C(OC(C(C2O)O)OC(C(CO)O)C(C(C=O)O)O)CO)O)O)NC3C=C(C(C(C3O)O)O)CO,C[C@@H]1[C@H]([C@@H]([C@H]([C@H](O1)O[C@@H]2[C@H](O[C@@H]([C@@H]([C@H]2O)O)O[C@H]([C@@H](CO)O)[C@@H]([C@H](C=O)O)O)CO)O)O)N[C@H]3C=C([C@H]([C@@H]([C@H]3O)O)O)CO,"InChI=1S/C25H43NO18/c1-7-13(26-9-2-8(3-27)14(33)18(37)15(9)34)17(36)20(39)24(41-7)44-23-12(6-30)42-25(21(40)19(23)38)43-22(11(32)5-29)16(35)10(31)4-28/h2,4,7,9-27,29-40H,3,5-6H2,1H3/t7-,9+,10+,11-,12-,13-,14-,15+,16-,17+,18+,19-,20-,21-,22-,23-,24-,25-/m1/s1",CEMXHAPUFJOOSV-XGWNLRGSSA-N,exact DDInter name query,exact_unique,valid,"https://pubchem.ncbi.nlm.nih.gov/rest/pug/compound/name/Acarbose/property/Title,ConnectivitySMILES,SMILES,InChI,InChIKey/JSON",2026-09-22
DDInter110,Apraclonidine,2216,Apraclonidine,C1CN=C(N1)NC2=C(C=C(C=C2Cl)N)Cl,C1CN=C(N1)NC2=C(C=C(C=C2Cl)N)Cl,"InChI=1S/C9H10Cl2N4/c10-6-3-5(12)4-7(11)8(6)15-9-13-1-2-14-9/h3-4H,1-2,12H2,(H2,13,14,15)",IEJXVRYNEISIKR-UHFFFAOYSA-N,exact DDInter name query,exact_unique,valid,"https://pubchem.ncbi.nlm.nih.gov/rest/pug/compound/name/Apraclonidine/property/Title,ConnectivitySMILES,SMILES,InChI,InChIKey/JSON",2026-09-22
DDInter1100,Lubiprostone,157920,Lubiprostone,CCCCC(C1(CCC2C(O1)CC(=O)C2CCCCCCC(=O)O)O)(F)F,CCCCC([C@]1(CC[C@H]2[C@H](O1)CC(=O)[C@@H]2CCCCCCC(=O)O)O)(F)F,"InChI=1S/C20H32F2O5/c1-2-3-11-19(21,22)20(26)12-10-15-14(16(23)13-17(15)27-20)8-6-4-5-7-9-18(24)25/h14-15,17,26H,2-13H2,1H3,(H,24,25)/t14-,15-,17-,20-/m1/s1",WGFOBBZOWHGYQH-MXHNKVEKSA-N,exact DDInter name query,exact_unique,valid,"https://pubchem.ncbi.nlm.nih.gov/rest/pug/compound/name/Lubiprostone/property/Title,ConnectivitySMILES,SMILES,InChI,InChIKey/JSON",2026-09-22
DDInter1101,Lumacaftor,16678941,Lumacaftor,CC1=C(N=C(C=C1)NC(=O)C2(CC2)C3=CC4=C(C=C3)OC(O4)(F)F)C5=CC(=CC=C5)C(=O)O,CC1=C(N=C(C=C1)NC(=O)C2(CC2)C3=CC4=C(C=C3)OC(O4)(F)F)C5=CC(=CC=C5)C(=O)O,"InChI=1S/C24H18F2N2O5/c1-13-5-8-19(27-20(13)14-3-2-4-15(11-14)21(29)30)28-22(31)23(9-10-23)16-6-7-17-18(12-16)33-24(25,26)32-17/h2-8,11-12H,9-10H2,1H3,(H,29,30)(H,27,28,31)",UFSKUSARDNFIRC-UHFFFAOYSA-N,exact DDInter name query,exact_unique,valid,"https://pubchem.ncbi.nlm.nih.gov/rest/pug/compound/name/Lumacaftor/property/Title,ConnectivitySMILES,SMILES,InChI,InChIKey/JSON",2026-09-22
DDInter1102,Lumateperone,21302490,Lumateperone,CN1CCN2C3CCN(CC3C4=C2C1=CC=C4)CCCC(=O)C5=CC=C(C=C5)F,CN1CCN2[C@H]3CCN(C[C@H]3C4=C2C1=CC=C4)CCCC(=O)C5=CC=C(C=C5)F,"InChI=1S/C24H28FN3O/c1-26-14-15-28-21-11-13-27(16-20(21)19-4-2-5-22(26)24(19)28)12-3-6-23(29)17-7-9-18(25)10-8-17/h2,4-5,7-10,20-21H,3,6,11-16H2,1H3/t20-,21-/m0/s1",HOIIHACBCFLJET-SFTDATJTSA-N,exact DDInter name query,exact_unique,valid,"https://pubchem.ncbi.nlm.nih.gov/rest/pug/compound/name/Lumateperone/property/Title,ConnectivitySMILES,SMILES,InChI,InChIKey/JSON",2026-09-22
DDInter1103,Lumefantrine,6437380,Lumefantrine,CCCCN(CCCC)CC(C1=CC(=CC2=C1C3=C(C2=CC4=CC=C(C=C4)Cl)C=C(C=C3)Cl)Cl)O,CCCCN(CCCC)CC(C1=CC(=CC\2=C1C3=C(/C2=C/C4=CC=C(C=C4)Cl)C=C(C=C3)Cl)Cl)O,"InChI=1S/C30H32Cl3NO/c1-3-5-13-34(14-6-4-2)19-29(35)28-18-23(33)17-27-25(15-20-7-9-21(31)10-8-20)26-16-22(32)11-12-24(26)30(27)28/h7-12,15-18,29,35H,3-6,13-14,19H2,1-2H3/b25-15-",DYLGFOYVTXJFJP-MYYYXRDXSA-N,exact DDInter name query,exact_unique,valid,"https://pubchem.ncbi.nlm.nih.gov/rest/pug/compound/name/Lumefantrine/property/Title,ConnectivitySMILES,SMILES,InChI,InChIKey/JSON",2026-09-22
DDInter1104,Lurasidone,213046,Lurasidone,C1CCC(C(C1)CN2CCN(CC2)C3=NSC4=CC=CC=C43)CN5C(=O)C6C7CCC(C7)C6C5=O,C1CC[C@H]([C@@H](C1)CN2CCN(CC2)C3=NSC4=CC=CC=C43)CN5C(=O)[C@H]6[C@@H]7CC[C@@H](C7)[C@H]6C5=O,"InChI=1S/C28H36N4O2S/c33-27-24-18-9-10-19(15-18)25(24)28(34)32(27)17-21-6-2-1-5-20(21)16-30-11-13-31(14-12-30)26-22-7-3-4-8-23(22)35-29-26/h3-4,7-8,18-21,24-25H,1-2,5-6,9-17H2/t18-,19+,20-,21-,24+,25-/m0/s1",PQXKDMSYBGKCJA-CVTJIBDQSA-N,exact DDInter name query,exact_unique,valid,"https://pubchem.ncbi.nlm.nih.gov/rest/pug/compound/name/Lurasidone/property/Title,ConnectivitySMILES,SMILES,InChI,InChIKey/JSON",2026-09-22
DDInter1105,Lurbinectedin,57327016,Lurbinectedin,CC1=CC2=C(C3C4C5C6=C(C(=C7C(=C6C(N4C(C(C2)N3C)O)COC(=O)C8(CS5)C9=C(CCN8)C2=C(N9)C=CC(=C2)OC)OCO7)C)OC(=O)C)C(=C1OC)O,CC1=CC2=C([C@@H]3[C@@H]4[C@H]5C6=C(C(=C7C(=C6[C@@H](N4[C@H]([C@H](C2)N3C)O)COC(=O)[C@@]8(CS5)C9=C(CCN8)C2=C(N9)C=CC(=C2)OC)OCO7)C)OC(=O)C)C(=C1OC)O,"InChI=1S/C41H44N4O10S/c1-17-11-20-12-25-39(48)45-26-14-52-40(49)41(38-22(9-10-42-41)23-13-21(50-5)7-8-24(23)43-38)15-56-37(31(45)30(44(25)4)27(20)32(47)33(17)51-6)29-28(26)36-35(53-16-54-36)18(2)34(29)55-19(3)46/h7-8,11,13,25-26,30-31,37,39,42-43,47-48H,9-10,12,14-16H2,1-6H3/t25-,26-,30+,31+,37+,39-,41+/m0/s1",YDDMIZRDDREKEP-HWTBNCOESA-N,exact DDInter name query,exact_unique,valid,"https://pubchem.ncbi.nlm.nih.gov/rest/pug/compound/name/Lurbinectedin/property/Title,ConnectivitySMILES,SMILES,InChI,InChIKey/JSON",2026-09-22
DDInter1106,Lusutrombopag,49843517,Lusutrombopag,CCCCCCOC(C)C1=CC=CC(=C1OC)C2=CSC(=N2)NC(=O)C3=CC(=C(C(=C3)Cl)C=C(C)C(=O)O)Cl,CCCCCCO[C@@H](C)C1=CC=CC(=C1OC)C2=CSC(=N2)NC(=O)C3=CC(=C(C(=C3)Cl)/C=C(\C)/C(=O)O)Cl,"InChI=1S/C29H32Cl2N2O5S/c1-5-6-7-8-12-38-18(3)20-10-9-11-21(26(20)37-4)25-16-39-29(32-25)33-27(34)19-14-23(30)22(24(31)15-19)13-17(2)28(35)36/h9-11,13-16,18H,5-8,12H2,1-4H3,(H,35,36)(H,32,33,34)/b17-13+/t18-/m0/s1",NOZIJMHMKORZBA-KJCUYJGMSA-N,exact DDInter name query,exact_unique,valid,"https://pubchem.ncbi.nlm.nih.gov/rest/pug/compound/name/Lusutrombopag/property/Title,ConnectivitySMILES,SMILES,InChI,InChIKey/JSON",2026-09-22
DDInter1107,Lutein,5281243,Lutein A,CC1=C(C(CC(C1)O)(C)C)C=CC(=CC=CC(=CC=CC=C(C)C=CC=C(C)C=CC2C(=CC(CC2(C)C)O)C)C)C,CC1=C(C(C[C@@H](C1)O)(C)C)/C=C/C(=C/C=C/C(=C/C=C/C=C(\C)/C=C/C=C(\C)/C=C/[C@H]2C(=C[C@@H](CC2(C)C)O)C)/C)/C,"InChI=1S/C40H56O2/c1-29(17-13-19-31(3)21-23-37-33(5)25-35(41)27-39(37,7)8)15-11-12-16-30(2)18-14-20-32(4)22-24-38-34(6)26-36(42)28-40(38,9)10/h11-25,35-37,41-42H,26-28H2,1-10H3/b12-11+,17-13+,18-14+,23-21+,24-22+,29-15+,30-16+,31-19+,32-20+/t35-,36+,37-/m0/s1",KBPHJBAIARWVSC-RGZFRNHPSA-N,exact DDInter name query,ambiguous,excluded_title_mismatch,"https://pubchem.ncbi.nlm.nih.gov/rest/pug/compound/name/Lutein/property/Title,ConnectivitySMILES,SMILES,InChI,InChIKey/JSON",2026-09-22
DDInter1108,Lutetium Lu 177 dotatate,76966897,Lutetium Lu 177 Dotatate,CC(C1C(=O)NC(CSSCC(C(=O)NC(C(=O)NC(C(=O)NC(C(=O)N1)CCCCN)CC2=CNC3=CC=CC=C32)CC4=CC=C(C=C4)O)NC(=O)C(CC5=CC=CC=C5)NC(=O)CN6CCN(CCN(CCN(CC6)CC(=O)[O-])CC(=O)[O-])CC(=O)[O-])C(=O)NC(C(C)O)C(=O)O)O.[Lu+3],C[C@H]([C@H]1C(=O)N[C@@H](CSSC[C@@H](C(=O)N[C@H](C(=O)N[C@@H](C(=O)N[C@H](C(=O)N1)CCCCN)CC2=CNC3=CC=CC=C32)CC4=CC=C(C=C4)O)NC(=O)[C@@H](CC5=CC=CC=C5)NC(=O)CN6CCN(CCN(CCN(CC6)CC(=O)[O-])CC(=O)[O-])CC(=O)[O-])C(=O)N[C@@H]([C@@H](C)O)C(=O)O)O.[177Lu+3],"InChI=1S/C65H90N14O19S2.Lu/c1-38(80)56-64(96)73-51(63(95)75-57(39(2)81)65(97)98)37-100-99-36-50(72-59(91)47(28-40-10-4-3-5-11-40)68-52(83)32-76-20-22-77(33-53(84)85)24-26-79(35-55(88)89)27-25-78(23-21-76)34-54(86)87)62(94)70-48(29-41-15-17-43(82)18-16-41)60(92)71-49(30-42-31-67-45-13-7-6-12-44(42)45)61(93)69-46(58(90)74-56)14-8-9-19-66;/h3-7,10-13,15-18,31,38-39,46-51,56-57,67,80-82H,8-9,14,19-30,32-37,66H2,1-2H3,(H,68,83)(H,69,93)(H,70,94)(H,71,92)(H,72,91)(H,73,96)(H,74,90)(H,75,95)(H,84,85)(H,86,87)(H,88,89)(H,97,98);/q;+3/p-3/t38-,39-,46+,47-,48+,49-,50+,51+,56+,57+;/m1./s1/i;1+2",MXDPZUIOZWKRAA-PRDSJKGBSA-K,exact DDInter name query,exact_unique,valid,"https://pubchem.ncbi.nlm.nih.gov/rest/pug/compound/name/Lutetium%20Lu%20177%20dotatate/property/Title,ConnectivitySMILES,SMILES,InChI,InChIKey/JSON",2026-09-22
DDInter1109,Lyme disease vaccine (recombinant OspA),,,,,,,exact DDInter name query,unmapped,unavailable,"https://pubchem.ncbi.nlm.nih.gov/rest/pug/compound/name/Lyme%20disease%20vaccine%20%28recombinant%20OspA%29/property/Title,ConnectivitySMILES,SMILES,InChI,InChIKey/JSON",2026-09-22
DDInter111,Apremilast,11561674,Apremilast,CCOC1=C(C=CC(=C1)C(CS(=O)(=O)C)N2C(=O)C3=C(C2=O)C(=CC=C3)NC(=O)C)OC,CCOC1=C(C=CC(=C1)[C@@H](CS(=O)(=O)C)N2C(=O)C3=C(C2=O)C(=CC=C3)NC(=O)C)OC,"InChI=1S/C22H24N2O7S/c1-5-31-19-11-14(9-10-18(19)30-3)17(12-32(4,28)29)24-21(26)15-7-6-8-16(23-13(2)25)20(15)22(24)27/h6-11,17H,5,12H2,1-4H3,(H,23,25)/t17-/m1/s1",IMOZEMNVLZVGJZ-QGZVFWFLSA-N,exact DDInter name query,exact_unique,valid,"https://pubchem.ncbi.nlm.nih.gov/rest/pug/compound/name/Apremilast/property/Title,ConnectivitySMILES,SMILES,InChI,InChIKey/JSON",2026-09-22
DDInter1110,Macimorelin,9804938,Macimorelin,CC(C)(C(=O)NC(CC1=CNC2=CC=CC=C21)C(=O)NC(CC3=CNC4=CC=CC=C43)NC=O)N,CC(C)(C(=O)N[C@H](CC1=CNC2=CC=CC=C21)C(=O)N[C@H](CC3=CNC4=CC=CC=C43)NC=O)N,"InChI=1S/C26H30N6O3/c1-26(2,27)25(35)31-22(11-16-13-28-20-9-5-3-7-18(16)20)24(34)32-23(30-15-33)12-17-14-29-21-10-6-4-8-19(17)21/h3-10,13-15,22-23,28-29H,11-12,27H2,1-2H3,(H,30,33)(H,31,35)(H,32,34)/t22-,23-/m1/s1",UJVDJAPJQWZRFR-DHIUTWEWSA-N,exact DDInter name query,exact_unique,valid,"https://pubchem.ncbi.nlm.nih.gov/rest/pug/compound/name/Macimorelin/property/Title,ConnectivitySMILES,SMILES,InChI,InChIKey/JSON",2026-09-22
DDInter1111,Macitentan,16004692,Macitentan,CCCNS(=O)(=O)NC1=C(C(=NC=N1)OCCOC2=NC=C(C=N2)Br)C3=CC=C(C=C3)Br,CCCNS(=O)(=O)NC1=C(C(=NC=N1)OCCOC2=NC=C(C=N2)Br)C3=CC=C(C=C3)Br,"InChI=1S/C19H20Br2N6O4S/c1-2-7-26-32(28,29)27-17-16(13-3-5-14(20)6-4-13)18(25-12-24-17)30-8-9-31-19-22-10-15(21)11-23-19/h3-6,10-12,26H,2,7-9H2,1H3,(H,24,25,27)",JGCMEBMXRHSZKX-UHFFFAOYSA-N,exact DDInter name query,exact_unique,valid,"https://pubchem.ncbi.nlm.nih.gov/rest/pug/compound/name/Macitentan/property/Title,ConnectivitySMILES,SMILES,InChI,InChIKey/JSON",2026-09-22
DDInter1112,Magaldrate,122706784,Magaldrate,O.[OH-].[OH-].[OH-].[OH-].[OH-].[OH-].[OH-].[OH-].[OH-].[OH-].[OH-].[OH-].[OH-].[OH-].[OH-].[OH-].[OH-].[OH-].[OH-].[OH-].[OH-].[OH-].[OH-].[OH-].[OH-].[OH-].[OH-].[OH-].[OH-].[OH-].[OH-].[O-]S(=O)(=O)[O-].[O-]S(=O)(=O)[O-].[Mg+2].[Mg+2].[Mg+2].[Mg+2].[Mg+2].[Mg+2].[Mg+2].[Mg+2].[Mg+2].[Mg+2].[Al+3].[Al+3].[Al+3].[Al+3].[Al+3],O.[OH-].[OH-].[OH-].[OH-].[OH-].[OH-].[OH-].[OH-].[OH-].[OH-].[OH-].[OH-].[OH-].[OH-].[OH-].[OH-].[OH-].[OH-].[OH-].[OH-].[OH-].[OH-].[OH-].[OH-].[OH-].[OH-].[OH-].[OH-].[OH-].[OH-].[OH-].[O-]S(=O)(=O)[O-].[O-]S(=O)(=O)[O-].[Mg+2].[Mg+2].[Mg+2].[Mg+2].[Mg+2].[Mg+2].[Mg+2].[Mg+2].[Mg+2].[Mg+2].[Al+3].[Al+3].[Al+3].[Al+3].[Al+3],"InChI=1S/5Al.10Mg.2H2O4S.32H2O/c;;;;;;;;;;;;;;;2*1-5(2,3)4;;;;;;;;;;;;;;;;;;;;;;;;;;;;;;;;/h;;;;;;;;;;;;;;;2*(H2,1,2,3,4);32*1H2/q5*+3;10*+2;;;;;;;;;;;;;;;;;;;;;;;;;;;;;;;;;;/p-35",SPPNVMTVMQOKSC-UHFFFAOYSA-A,exact DDInter name query,exact_unique,valid,"https://pubchem.ncbi.nlm.nih.gov/rest/pug/compound/name/Magaldrate/property/Title,ConnectivitySMILES,SMILES,InChI,InChIKey/JSON",2026-09-22
DDInter1113,Magnesium carbonate,11029,Magnesium Carbonate,C(=O)([O-])[O-].[Mg+2],C(=O)([O-])[O-].[Mg+2],"InChI=1S/CH2O3.Mg/c2-1(3)4;/h(H2,2,3,4);/q;+2/p-2",ZLNQQNXFFQJAID-UHFFFAOYSA-L,exact DDInter name query,exact_unique,valid,"https://pubchem.ncbi.nlm.nih.gov/rest/pug/compound/name/Magnesium%20carbonate/property/Title,ConnectivitySMILES,SMILES,InChI,InChIKey/JSON",2026-09-22
DDInter1114,Magnesium chloride,5360315,Magnesium Chloride,[Mg+2].[Cl-].[Cl-],[Mg+2].[Cl-].[Cl-],InChI=1S/2ClH.Mg/h2*1H;/q;;+2/p-2,TWRXJAOTZQYOKJ-UHFFFAOYSA-L,exact DDInter name query,exact_unique,valid,"https://pubchem.ncbi.nlm.nih.gov/rest/pug/compound/name/Magnesium%20chloride/property/Title,ConnectivitySMILES,SMILES,InChI,InChIKey/JSON",2026-09-22
DDInter1115,Magnesium citrate,6099959,Trimagnesium dicitrate,C(C(=O)[O-])C(CC(=O)[O-])(C(=O)[O-])O.C(C(=O)[O-])C(CC(=O)[O-])(C(=O)[O-])O.[Mg+2].[Mg+2].[Mg+2],C(C(=O)[O-])C(CC(=O)[O-])(C(=O)[O-])O.C(C(=O)[O-])C(CC(=O)[O-])(C(=O)[O-])O.[Mg+2].[Mg+2].[Mg+2],"InChI=1S/2C6H8O7.3Mg/c2*7-3(8)1-6(13,5(11)12)2-4(9)10;;;/h2*13H,1-2H2,(H,7,8)(H,9,10)(H,11,12);;;/q;;3*+2/p-6",PLSARIKBYIPYPF-UHFFFAOYSA-H,exact DDInter name query,ambiguous,excluded_title_mismatch,"https://pubchem.ncbi.nlm.nih.gov/rest/pug/compound/name/Magnesium%20citrate/property/Title,ConnectivitySMILES,SMILES,InChI,InChIKey/JSON",2026-09-22
DDInter1116,Magnesium gluconate,71587201,Magnesium Gluconate,C(C(C(C(C(C(=O)[O-])O)O)O)O)O.C(C(C(C(C(C(=O)[O-])O)O)O)O)O.O.O.[Mg+2],C([C@H]([C@H]([C@@H]([C@H](C(=O)[O-])O)O)O)O)O.C([C@H]([C@H]([C@@H]([C@H](C(=O)[O-])O)O)O)O)O.O.O.[Mg+2],"InChI=1S/2C6H12O7.Mg.2H2O/c2*7-1-2(8)3(9)4(10)5(11)6(12)13;;;/h2*2-5,7-11H,1H2,(H,12,13);;2*1H2/q;;+2;;/p-2/t2*2-,3-,4+,5-;;;/m11.../s1",HJWFTNWQKDPLAS-SYAJEJNSSA-L,exact DDInter name query,exact_unique,valid,"https://pubchem.ncbi.nlm.nih.gov/rest/pug/compound/name/Magnesium%20gluconate/property/Title,ConnectivitySMILES,SMILES,InChI,InChIKey/JSON",2026-09-22
DDInter1117,Magnesium glycinate,84645,Magnesium Glycinate,C(C(=O)[O-])N.C(C(=O)[O-])N.[Mg+2],C(C(=O)[O-])N.C(C(=O)[O-])N.[Mg+2],"InChI=1S/2C2H5NO2.Mg/c2*3-1-2(4)5;/h2*1,3H2,(H,4,5);/q;;+2/p-2",AACACXATQSKRQG-UHFFFAOYSA-L,exact DDInter name query,exact_unique,valid,"https://pubchem.ncbi.nlm.nih.gov/rest/pug/compound/name/Magnesium%20glycinate/property/Title,ConnectivitySMILES,SMILES,InChI,InChIKey/JSON",2026-09-22
DDInter1118,Magnesium hydroxide,73981,Magnesium Hydroxide,[OH-].[OH-].[Mg+2],[OH-].[OH-].[Mg+2],InChI=1S/Mg.2H2O/h;2*1H2/q+2;;/p-2,VTHJTEIRLNZDEV-UHFFFAOYSA-L,exact DDInter name query,exact_unique,valid,"https://pubchem.ncbi.nlm.nih.gov/rest/pug/compound/name/Magnesium%20hydroxide/property/Title,ConnectivitySMILES,SMILES,InChI,InChIKey/JSON",2026-09-22
DDInter1119,Magnesium oxide,14792,Magnesium Oxide,O=[Mg],O=[Mg],InChI=1S/Mg.O,CPLXHLVBOLITMK-UHFFFAOYSA-N,exact DDInter name query,exact_unique,valid,"https://pubchem.ncbi.nlm.nih.gov/rest/pug/compound/name/Magnesium%20oxide/property/Title,ConnectivitySMILES,SMILES,InChI,InChIKey/JSON",2026-09-22
DDInter112,Aprepitant,135413536,Aprepitant,CC(C1=CC(=CC(=C1)C(F)(F)F)C(F)(F)F)OC2C(N(CCO2)CC3=NNC(=O)N3)C4=CC=C(C=C4)F,C[C@H](C1=CC(=CC(=C1)C(F)(F)F)C(F)(F)F)O[C@@H]2[C@@H](N(CCO2)CC3=NNC(=O)N3)C4=CC=C(C=C4)F,"InChI=1S/C23H21F7N4O3/c1-12(14-8-15(22(25,26)27)10-16(9-14)23(28,29)30)37-20-19(13-2-4-17(24)5-3-13)34(6-7-36-20)11-18-31-21(35)33-32-18/h2-5,8-10,12,19-20H,6-7,11H2,1H3,(H2,31,32,33,35)/t12-,19+,20-/m1/s1",ATALOFNDEOCMKK-OITMNORJSA-N,exact DDInter name query,exact_unique,valid,"https://pubchem.ncbi.nlm.nih.gov/rest/pug/compound/name/Aprepitant/property/Title,ConnectivitySMILES,SMILES,InChI,InChIKey/JSON",2026-09-22
DDInter1120,Magnesium sulfate,24083,Sulfuric acid magnesium salt (1:1),[O-]S(=O)(=O)[O-].[Mg+2],[O-]S(=O)(=O)[O-].[Mg+2],"InChI=1S/Mg.H2O4S/c;1-5(2,3)4/h;(H2,1,2,3,4)/q+2;/p-2",CSNNHWWHGAXBCP-UHFFFAOYSA-L,exact DDInter name query,ambiguous,excluded_title_mismatch,"https://pubchem.ncbi.nlm.nih.gov/rest/pug/compound/name/Magnesium%20sulfate/property/Title,ConnectivitySMILES,SMILES,InChI,InChIKey/JSON",2026-09-22
DDInter1121,Manganese (chloride),24480,Manganese (II) chloride,Cl[Mn]Cl,Cl[Mn]Cl,InChI=1S/2ClH.Mn/h2*1H;/q;;+2/p-2,GLFNIEUTAYBVOC-UHFFFAOYSA-L,exact DDInter name query,ambiguous,excluded_title_mismatch,"https://pubchem.ncbi.nlm.nih.gov/rest/pug/compound/name/Manganese%20%28chloride%29/property/Title,ConnectivitySMILES,SMILES,InChI,InChIKey/JSON",2026-09-22
DDInter1122,Manganese (sulfate),,,,,,,exact DDInter name query,unmapped,unavailable,"https://pubchem.ncbi.nlm.nih.gov/rest/pug/compound/name/Manganese%20%28sulfate%29/property/Title,ConnectivitySMILES,SMILES,InChI,InChIKey/JSON",2026-09-22
DDInter1123,Mannitol,6251,Mannitol,C(C(C(C(C(CO)O)O)O)O)O,C([C@H]([C@H]([C@@H]([C@@H](CO)O)O)O)O)O,"InChI=1S/C6H14O6/c7-1-3(9)5(11)6(12)4(10)2-8/h3-12H,1-2H2/t3-,4-,5-,6-/m1/s1",FBPFZTCFMRRESA-KVTDHHQDSA-N,exact DDInter name query,exact_unique,valid,"https://pubchem.ncbi.nlm.nih.gov/rest/pug/compound/name/Mannitol/property/Title,ConnectivitySMILES,SMILES,InChI,InChIKey/JSON",2026-09-22
DDInter1124,Maprotiline,4011,Maprotiline,CNCCCC12CCC(C3=CC=CC=C31)C4=CC=CC=C24,CNCCCC12CCC(C3=CC=CC=C31)C4=CC=CC=C24,"InChI=1S/C20H23N/c1-21-14-6-12-20-13-11-15(16-7-2-4-9-18(16)20)17-8-3-5-10-19(17)20/h2-5,7-10,15,21H,6,11-14H2,1H3",QSLMDECMDJKHMQ-UHFFFAOYSA-N,exact DDInter name query,exact_unique,valid,"https://pubchem.ncbi.nlm.nih.gov/rest/pug/compound/name/Maprotiline/property/Title,ConnectivitySMILES,SMILES,InChI,InChIKey/JSON",2026-09-22
DDInter1125,Maraviroc,3002977,(3H)maraviroc,CC1=NN=C(N1C2CC3CCC(C2)N3CCC(C4=CC=CC=C4)NC(=O)C5CCC(CC5)(F)F)C(C)C,CC1=NN=C(N1C2C[C@H]3CC[C@@H](C2)N3CC[C@@H](C4=CC=CC=C4)NC(=O)C5CCC(CC5)(F)F)C(C)C,"InChI=1S/C29H41F2N5O/c1-19(2)27-34-33-20(3)36(27)25-17-23-9-10-24(18-25)35(23)16-13-26(21-7-5-4-6-8-21)32-28(37)22-11-14-29(30,31)15-12-22/h4-8,19,22-26H,9-18H2,1-3H3,(H,32,37)/t23-,24+,25?,26-/m0/s1",GSNHKUDZZFZSJB-HLMSNRGBSA-N,exact DDInter name query,ambiguous,excluded_title_mismatch,"https://pubchem.ncbi.nlm.nih.gov/rest/pug/compound/name/Maraviroc/property/Title,ConnectivitySMILES,SMILES,InChI,InChIKey/JSON",2026-09-22
DDInter1126,Mazindol,4020,Mazindol,C1CN2C(=N1)C3=CC=CC=C3C2(C4=CC=C(C=C4)Cl)O,C1CN2C(=N1)C3=CC=CC=C3C2(C4=CC=C(C=C4)Cl)O,"InChI=1S/C16H13ClN2O/c17-12-7-5-11(6-8-12)16(20)14-4-2-1-3-13(14)15-18-9-10-19(15)16/h1-8,20H,9-10H2",ZPXSCAKFGYXMGA-UHFFFAOYSA-N,exact DDInter name query,exact_unique,valid,"https://pubchem.ncbi.nlm.nih.gov/rest/pug/compound/name/Mazindol/property/Title,ConnectivitySMILES,SMILES,InChI,InChIKey/JSON",2026-09-22
DDInter1127,Measles virus vaccine live attenuated,,,,,,,exact DDInter name query,unmapped,unavailable,"https://pubchem.ncbi.nlm.nih.gov/rest/pug/compound/name/Measles%20virus%20vaccine%20live%20attenuated/property/Title,ConnectivitySMILES,SMILES,InChI,InChIKey/JSON",2026-09-22
DDInter1128,Mebendazole,4030,Mebendazole,COC(=O)NC1=NC2=C(N1)C=C(C=C2)C(=O)C3=CC=CC=C3,COC(=O)NC1=NC2=C(N1)C=C(C=C2)C(=O)C3=CC=CC=C3,"InChI=1S/C16H13N3O3/c1-22-16(21)19-15-17-12-8-7-11(9-13(12)18-15)14(20)10-5-3-2-4-6-10/h2-9H,1H3,(H2,17,18,19,21)",OPXLLQIJSORQAM-UHFFFAOYSA-N,exact DDInter name query,exact_unique,valid,"https://pubchem.ncbi.nlm.nih.gov/rest/pug/compound/name/Mebendazole/property/Title,ConnectivitySMILES,SMILES,InChI,InChIKey/JSON",2026-09-22
DDInter1129,Mebrofenin,54158,Mebrofenin,CC1=CC(=C(C(=C1NC(=O)CN(CC(=O)O)CC(=O)O)C)Br)C,CC1=CC(=C(C(=C1NC(=O)CN(CC(=O)O)CC(=O)O)C)Br)C,"InChI=1S/C15H19BrN2O5/c1-8-4-9(2)15(10(3)14(8)16)17-11(19)5-18(6-12(20)21)7-13(22)23/h4H,5-7H2,1-3H3,(H,17,19)(H,20,21)(H,22,23)",MHPZZZZLAQGTHT-UHFFFAOYSA-N,exact DDInter name query,exact_unique,valid,"https://pubchem.ncbi.nlm.nih.gov/rest/pug/compound/name/Mebrofenin/property/Title,ConnectivitySMILES,SMILES,InChI,InChIKey/JSON",2026-09-22
DDInter113,Aprotinin,16130295,Pancreatic trypsin inhibitor,CCC(C)C1C(=O)NC(C(=O)NC(C(=O)NC(C(=O)NC(C(=O)NC(C(=O)NC(C(=O)NC(C(=O)NC(C(=O)NC(C(=O)NCC(=O)NC(C(=O)NC2CSSCC3C(=O)NC(C(=O)NC(C(=O)NC(C(=O)NC(CSSCC(C(=O)NC(C(=O)NC(C(=O)N4CCCC4C(=O)N5CCCC5C(=O)NC(C(=O)NC(C(=O)NCC(=O)N6CCCC6C(=O)NC(CSSCC(C(=O)NC(C(=O)NC(C(=O)NC(C(=O)NC(C(=O)NC(C(=O)NC(C(=O)NC(C(=O)NC(C(=O)NC(C(=O)NC(C(=O)NC(C(=O)NC(C(=O)N3)CC(=O)O)CCC(=O)O)C)CO)CCCCN)CC7=CC=CC=C7)CC(=O)N)CC(=O)N)CCCNC(=N)N)CCCCN)C)CCCNC(=N)N)NC(=O)CNC(=O)CNC(=O)C(NC(=O)C(NC(=O)C(NC(=O)C(NC(=O)C(NC2=O)CCC(=O)N)C(C)O)CC8=CC=CC=C8)C(C)C)CC9=CC=C(C=C9)O)C(=O)NC(C(=O)NC(C(=O)NC(C(=O)N1)CCCNC(=N)N)C)CCCCN)C(C)O)CC1=CC=C(C=C1)O)CCC(=O)O)CC(C)C)NC(=O)C(CC1=CC=CC=C1)NC(=O)C(CC(=O)O)NC(=O)C1CCCN1C(=O)C(CCCNC(=N)N)N)C(=O)NCC(=O)NCC(=O)NC(C)C(=O)O)C(C)O)CCCNC(=N)N)CCSC)CC(C)C)C)CCCCN)C)CC(=O)N)CC1=CC=C(C=C1)O)CC1=CC=CC=C1)CC1=CC=C(C=C1)O)CCCNC(=N)N)C(C)CC,CC[C@H](C)[C@H]1C(=O)N[C@H](C(=O)N[C@H](C(=O)N[C@H](C(=O)N[C@H](C(=O)N[C@H](C(=O)N[C@H](C(=O)N[C@H](C(=O)N[C@H](C(=O)N[C@H](C(=O)NCC(=O)N[C@H](C(=O)N[C@H]2CSSC[C@H]3C(=O)N[C@H](C(=O)N[C@H](C(=O)N[C@H](C(=O)N[C@@H](CSSC[C@@H](C(=O)N[C@H](C(=O)N[C@H](C(=O)N4CCC[C@H]4C(=O)N5CCC[C@H]5C(=O)N[C@H](C(=O)N[C@H](C(=O)NCC(=O)N6CCC[C@H]6C(=O)N[C@@H](CSSC[C@@H](C(=O)N[C@H](C(=O)N[C@H](C(=O)N[C@H](C(=O)N[C@H](C(=O)N[C@H](C(=O)N[C@H](C(=O)N[C@H](C(=O)N[C@H](C(=O)N[C@H](C(=O)N[C@H](C(=O)N[C@H](C(=O)N[C@H](C(=O)N3)CC(=O)O)CCC(=O)O)C)CO)CCCCN)CC7=CC=CC=C7)CC(=O)N)CC(=O)N)CCCNC(=N)N)CCCCN)C)CCCNC(=N)N)NC(=O)CNC(=O)CNC(=O)[C@@H](NC(=O)[C@@H](NC(=O)[C@@H](NC(=O)[C@@H](NC(=O)[C@@H](NC2=O)CCC(=O)N)[C@@H](C)O)CC8=CC=CC=C8)C(C)C)CC9=CC=C(C=C9)O)C(=O)N[C@H](C(=O)N[C@H](C(=O)N[C@H](C(=O)N1)CCCNC(=N)N)C)CCCCN)[C@@H](C)O)CC1=CC=C(C=C1)O)CCC(=O)O)CC(C)C)NC(=O)[C@H](CC1=CC=CC=C1)NC(=O)[C@H](CC(=O)O)NC(=O)[C@@H]1CCCN1C(=O)[C@H](CCCNC(=N)N)N)C(=O)NCC(=O)NCC(=O)N[C@@H](C)C(=O)O)[C@@H](C)O)CCCNC(=N)N)CCSC)CC(C)C)C)CCCCN)C)CC(=O)N)CC1=CC=C(C=C1)O)CC1=CC=CC=C1)CC1=CC=C(C=C1)O)CCCNC(=N)N)[C@@H](C)CC,"InChI=1S/C284H432N84O79S7/c1-21-144(9)222-271(439)337-174(68-46-105-309-282(300)301)239(407)340-187(120-160-77-85-164(374)86-78-160)251(419)341-185(116-156-55-29-24-30-56-156)250(418)342-188(121-161-79-87-165(375)88-80-161)252(420)346-191(123-208(291)378)246(414)322-149(14)230(398)326-168(62-35-39-98-285)234(402)319-146(11)227(395)314-132-215(385)324-181(113-141(3)4)247(415)354-199-137-452-453-138-200-263(431)336-179(97-112-448-20)242(410)331-176(70-48-107-311-284(304)305)244(412)363-226(154(19)372)274(442)358-197(233(401)316-129-212(382)312-130-213(383)318-151(16)278(446)447)135-449-451-139-201(355-253(421)186(117-157-57-31-25-32-58-157)344-256(424)195(127-220(393)394)350-267(435)204-72-50-109-366(204)275(443)167(289)61-43-102-306-279(294)295)265(433)339-182(114-142(5)6)248(416)338-180(93-96-218(389)390)276(444)368-111-52-74-206(368)277(445)367-110-51-73-205(367)268(436)349-189(122-162-81-89-166(376)90-82-162)259(427)362-224(152(17)370)269(437)317-133-216(386)365-108-49-71-203(365)266(434)357-202(264(432)333-169(63-36-40-99-286)235(403)320-148(13)229(397)328-175(69-47-106-310-283(302)303)243(411)360-223(145(10)22-2)272(440)361-222)140-454-450-136-198(325-214(384)131-313-211(381)128-315-232(400)183(119-159-75-83-163(373)84-76-159)351-270(438)221(143(7)8)359-258(426)190(118-158-59-33-26-34-60-158)352-273(441)225(153(18)371)364-245(413)177(335-262(199)430)91-94-207(290)377)261(429)334-172(66-44-103-307-280(296)297)236(404)321-147(12)228(396)327-170(64-37-41-100-287)237(405)330-173(67-45-104-308-281(298)299)238(406)345-192(124-209(292)379)255(423)347-193(125-210(293)380)254(422)343-184(115-155-53-27-23-28-54-155)249(417)332-171(65-38-42-101-288)240(408)353-196(134-369)260(428)323-150(15)231(399)329-178(92-95-217(387)388)241(409)348-194(126-219(391)392)257(425)356-200/h23-34,53-60,75-90,141-154,167-206,221-226,369-376H,21-22,35-52,61-74,91-140,285-289H2,1-20H3,(H2,290,377)(H2,291,378)(H2,292,379)(H2,293,380)(H,312,382)(H,313,381)(H,314,395)(H,315,400)(H,316,401)(H,317,437)(H,318,383)(H,319,402)(H,320,403)(H,321,404)(H,322,414)(H,323,428)(H,324,385)(H,325,384)(H,326,398)(H,327,396)(H,328,397)(H,329,399)(H,330,405)(H,331,410)(H,332,417)(H,333,432)(H,334,429)(H,335,430)(H,336,431)(H,337,439)(H,338,416)(H,339,433)(H,340,407)(H,341,419)(H,342,418)(H,343,422)(H,344,424)(H,345,406)(H,346,420)(H,347,423)(H,348,409)(H,349,436)(H,350,435)(H,351,438)(H,352,441)(H,353,408)(H,354,415)(H,355,421)(H,356,425)(H,357,434)(H,358,442)(H,359,426)(H,360,411)(H,361,440)(H,362,427)(H,363,412)(H,364,413)(H,387,388)(H,389,390)(H,391,392)(H,393,394)(H,446,447)(H4,294,295,306)(H4,296,297,307)(H4,298,299,308)(H4,300,301,309)(H4,302,303,310)(H4,304,305,311)/t144-,145-,146-,147-,148-,149-,150-,151-,152+,153+,154+,167-,168-,169-,170-,171-,172-,173-,174-,175-,176-,177-,178-,179-,180-,181-,182-,183-,184-,185-,186-,187-,188-,189-,190-,191-,192-,193-,194-,195-,196-,197-,198-,199-,200-,201-,202-,203-,204-,205-,206-,221-,222-,223-,224-,225-,226-/m0/s1",ZPNFWUPYTFPOJU-LPYSRVMUSA-N,exact DDInter name query,ambiguous,excluded_title_mismatch,"https://pubchem.ncbi.nlm.nih.gov/rest/pug/compound/name/Aprotinin/property/Title,ConnectivitySMILES,SMILES,InChI,InChIKey/JSON",2026-09-22
DDInter1130,Mecamylamine,4032,Mecamylamine,CC1(C2CCC(C2)C1(C)NC)C,CC1(C2CCC(C2)C1(C)NC)C,"InChI=1S/C11H21N/c1-10(2)8-5-6-9(7-8)11(10,3)12-4/h8-9,12H,5-7H2,1-4H3",IMYZQPCYWPFTAG-UHFFFAOYSA-N,exact DDInter name query,exact_unique,valid,"https://pubchem.ncbi.nlm.nih.gov/rest/pug/compound/name/Mecamylamine/property/Title,ConnectivitySMILES,SMILES,InChI,InChIKey/JSON",2026-09-22
DDInter1131,Mecasermin,,,,,,,exact DDInter name query,unmapped,unavailable,"https://pubchem.ncbi.nlm.nih.gov/rest/pug/compound/name/Mecasermin/property/Title,ConnectivitySMILES,SMILES,InChI,InChIKey/JSON",2026-09-22
DDInter1132,Mecasermin rinfabate,,,,,,,exact DDInter name query,unmapped,unavailable,"https://pubchem.ncbi.nlm.nih.gov/rest/pug/compound/name/Mecasermin%20rinfabate/property/Title,ConnectivitySMILES,SMILES,InChI,InChIKey/JSON",2026-09-22
DDInter1133,Mechlorethamine,4033,Mechlorethamine,CN(CCCl)CCCl,CN(CCCl)CCCl,"InChI=1S/C5H11Cl2N/c1-8(4-2-6)5-3-7/h2-5H2,1H3",HAWPXGHAZFHHAD-UHFFFAOYSA-N,exact DDInter name query,exact_unique,valid,"https://pubchem.ncbi.nlm.nih.gov/rest/pug/compound/name/Mechlorethamine/property/Title,ConnectivitySMILES,SMILES,InChI,InChIKey/JSON",2026-09-22
DDInter1134,Meclizine,4034,Meclizine,CC1=CC(=CC=C1)CN2CCN(CC2)C(C3=CC=CC=C3)C4=CC=C(C=C4)Cl,CC1=CC(=CC=C1)CN2CCN(CC2)C(C3=CC=CC=C3)C4=CC=C(C=C4)Cl,"InChI=1S/C25H27ClN2/c1-20-6-5-7-21(18-20)19-27-14-16-28(17-15-27)25(22-8-3-2-4-9-22)23-10-12-24(26)13-11-23/h2-13,18,25H,14-17,19H2,1H3",OCJYIGYOJCODJL-UHFFFAOYSA-N,exact DDInter name query,exact_unique,valid,"https://pubchem.ncbi.nlm.nih.gov/rest/pug/compound/name/Meclizine/property/Title,ConnectivitySMILES,SMILES,InChI,InChIKey/JSON",2026-09-22
DDInter1135,Meclofenamic acid,4037,Meclofenamic Acid,CC1=C(C(=C(C=C1)Cl)NC2=CC=CC=C2C(=O)O)Cl,CC1=C(C(=C(C=C1)Cl)NC2=CC=CC=C2C(=O)O)Cl,"InChI=1S/C14H11Cl2NO2/c1-8-6-7-10(15)13(12(8)16)17-11-5-3-2-4-9(11)14(18)19/h2-7,17H,1H3,(H,18,19)",SBDNJUWAMKYJOX-UHFFFAOYSA-N,exact DDInter name query,exact_unique,valid,"https://pubchem.ncbi.nlm.nih.gov/rest/pug/compound/name/Meclofenamic%20acid/property/Title,ConnectivitySMILES,SMILES,InChI,InChIKey/JSON",2026-09-22
DDInter1136,Mecobalamin,,,,,,,exact DDInter name query,ambiguous,excluded_multiple_candidates,"https://pubchem.ncbi.nlm.nih.gov/rest/pug/compound/name/Mecobalamin/property/Title,ConnectivitySMILES,SMILES,InChI,InChIKey/JSON",2026-09-22
DDInter1137,Medroxyprogesterone acetate,6279,Medroxyprogesterone Acetate,CC1CC2C(CCC3(C2CCC3(C(=O)C)OC(=O)C)C)C4(C1=CC(=O)CC4)C,C[C@H]1C[C@@H]2[C@H](CC[C@]3([C@H]2CC[C@@]3(C(=O)C)OC(=O)C)C)[C@@]4(C1=CC(=O)CC4)C,"InChI=1S/C24H34O4/c1-14-12-18-19(22(4)9-6-17(27)13-21(14)22)7-10-23(5)20(18)8-11-24(23,15(2)25)28-16(3)26/h13-14,18-20H,6-12H2,1-5H3/t14-,18+,19-,20-,22+,23-,24-/m0/s1",PSGAAPLEWMOORI-PEINSRQWSA-N,exact DDInter name query,exact_unique,valid,"https://pubchem.ncbi.nlm.nih.gov/rest/pug/compound/name/Medroxyprogesterone%20acetate/property/Title,ConnectivitySMILES,SMILES,InChI,InChIKey/JSON",2026-09-22
DDInter1138,Medrysone (ophthalmic),,,,,,,exact DDInter name query,unmapped,unavailable,"https://pubchem.ncbi.nlm.nih.gov/rest/pug/compound/name/Medrysone%20%28ophthalmic%29/property/Title,ConnectivitySMILES,SMILES,InChI,InChIKey/JSON",2026-09-22
DDInter1139,Mefenamic acid,4044,Mefenamic Acid,CC1=C(C(=CC=C1)NC2=CC=CC=C2C(=O)O)C,CC1=C(C(=CC=C1)NC2=CC=CC=C2C(=O)O)C,"InChI=1S/C15H15NO2/c1-10-6-5-9-13(11(10)2)16-14-8-4-3-7-12(14)15(17)18/h3-9,16H,1-2H3,(H,17,18)",HYYBABOKPJLUIN-UHFFFAOYSA-N,exact DDInter name query,exact_unique,valid,"https://pubchem.ncbi.nlm.nih.gov/rest/pug/compound/name/Mefenamic%20acid/property/Title,ConnectivitySMILES,SMILES,InChI,InChIKey/JSON",2026-09-22
DDInter114,Arbutamine,60789,Arbutamine,C1=CC(=CC=C1CCCCNCC(C2=CC(=C(C=C2)O)O)O)O,C1=CC(=CC=C1CCCCNC[C@@H](C2=CC(=C(C=C2)O)O)O)O,"InChI=1S/C18H23NO4/c20-15-7-4-13(5-8-15)3-1-2-10-19-12-18(23)14-6-9-16(21)17(22)11-14/h4-9,11,18-23H,1-3,10,12H2/t18-/m0/s1",IIRWWTKISYTTBL-SFHVURJKSA-N,exact DDInter name query,exact_unique,valid,"https://pubchem.ncbi.nlm.nih.gov/rest/pug/compound/name/Arbutamine/property/Title,ConnectivitySMILES,SMILES,InChI,InChIKey/JSON",2026-09-22
DDInter1140,Mefloquine,4046,Mefloquine,C1CCNC(C1)C(C2=CC(=NC3=C2C=CC=C3C(F)(F)F)C(F)(F)F)O,C1CCNC(C1)C(C2=CC(=NC3=C2C=CC=C3C(F)(F)F)C(F)(F)F)O,"InChI=1S/C17H16F6N2O/c18-16(19,20)11-5-3-4-9-10(15(26)12-6-1-2-7-24-12)8-13(17(21,22)23)25-14(9)11/h3-5,8,12,15,24,26H,1-2,6-7H2",XEEQGYMUWCZPDN-UHFFFAOYSA-N,exact DDInter name query,exact_unique,valid,"https://pubchem.ncbi.nlm.nih.gov/rest/pug/compound/name/Mefloquine/property/Title,ConnectivitySMILES,SMILES,InChI,InChIKey/JSON",2026-09-22
DDInter1141,Megestrol acetate,11683,Megestrol Acetate,CC1=CC2C(CCC3(C2CCC3(C(=O)C)OC(=O)C)C)C4(C1=CC(=O)CC4)C,CC1=C[C@@H]2[C@H](CC[C@]3([C@H]2CC[C@@]3(C(=O)C)OC(=O)C)C)[C@@]4(C1=CC(=O)CC4)C,"InChI=1S/C24H32O4/c1-14-12-18-19(22(4)9-6-17(27)13-21(14)22)7-10-23(5)20(18)8-11-24(23,15(2)25)28-16(3)26/h12-13,18-20H,6-11H2,1-5H3/t18-,19+,20+,22-,23+,24+/m1/s1",RQZAXGRLVPAYTJ-GQFGMJRRSA-N,exact DDInter name query,exact_unique,valid,"https://pubchem.ncbi.nlm.nih.gov/rest/pug/compound/name/Megestrol%20acetate/property/Title,ConnectivitySMILES,SMILES,InChI,InChIKey/JSON",2026-09-22
DDInter1142,Melatonin,896,Melatonin,CC(=O)NCCC1=CNC2=C1C=C(C=C2)OC,CC(=O)NCCC1=CNC2=C1C=C(C=C2)OC,"InChI=1S/C13H16N2O2/c1-9(16)14-6-5-10-8-15-13-4-3-11(17-2)7-12(10)13/h3-4,7-8,15H,5-6H2,1-2H3,(H,14,16)",DRLFMBDRBRZALE-UHFFFAOYSA-N,exact DDInter name query,exact_unique,valid,"https://pubchem.ncbi.nlm.nih.gov/rest/pug/compound/name/Melatonin/property/Title,ConnectivitySMILES,SMILES,InChI,InChIKey/JSON",2026-09-22
DDInter1143,Meloxicam,54677470,Meloxicam,CC1=CN=C(S1)NC(=O)C2=C(C3=CC=CC=C3S(=O)(=O)N2C)O,CC1=CN=C(S1)NC(=O)C2=C(C3=CC=CC=C3S(=O)(=O)N2C)O,"InChI=1S/C14H13N3O4S2/c1-8-7-15-14(22-8)16-13(19)11-12(18)9-5-3-4-6-10(9)23(20,21)17(11)2/h3-7,18H,1-2H3,(H,15,16,19)",ZRVUJXDFFKFLMG-UHFFFAOYSA-N,exact DDInter name query,exact_unique,valid,"https://pubchem.ncbi.nlm.nih.gov/rest/pug/compound/name/Meloxicam/property/Title,ConnectivitySMILES,SMILES,InChI,InChIKey/JSON",2026-09-22
DDInter1144,Melphalan,460612,Melphalan,C1=CC(=CC=C1CC(C(=O)O)N)N(CCCl)CCCl,C1=CC(=CC=C1C[C@@H](C(=O)O)N)N(CCCl)CCCl,"InChI=1S/C13H18Cl2N2O2/c14-5-7-17(8-6-15)11-3-1-10(2-4-11)9-12(16)13(18)19/h1-4,12H,5-9,16H2,(H,18,19)/t12-/m0/s1",SGDBTWWWUNNDEQ-LBPRGKRZSA-N,exact DDInter name query,exact_unique,valid,"https://pubchem.ncbi.nlm.nih.gov/rest/pug/compound/name/Melphalan/property/Title,ConnectivitySMILES,SMILES,InChI,InChIKey/JSON",2026-09-22
DDInter1145,Melphalan flufenamide,9935639,Melphalan Flufenamide,CCOC(=O)C(CC1=CC=C(C=C1)F)NC(=O)C(CC2=CC=C(C=C2)N(CCCl)CCCl)N,CCOC(=O)[C@H](CC1=CC=C(C=C1)F)NC(=O)[C@H](CC2=CC=C(C=C2)N(CCCl)CCCl)N,"InChI=1S/C24H30Cl2FN3O3/c1-2-33-24(32)22(16-18-3-7-19(27)8-4-18)29-23(31)21(28)15-17-5-9-20(10-6-17)30(13-11-25)14-12-26/h3-10,21-22H,2,11-16,28H2,1H3,(H,29,31)/t21-,22-/m0/s1",YQZNKYXGZSVEHI-VXKWHMMOSA-N,exact DDInter name query,exact_unique,valid,"https://pubchem.ncbi.nlm.nih.gov/rest/pug/compound/name/Melphalan%20flufenamide/property/Title,ConnectivitySMILES,SMILES,InChI,InChIKey/JSON",2026-09-22
DDInter1146,Memantine,4054,Memantine,CC12CC3CC(C1)(CC(C3)(C2)N)C,CC12CC3CC(C1)(CC(C3)(C2)N)C,"InChI=1S/C12H21N/c1-10-3-9-4-11(2,6-10)8-12(13,5-9)7-10/h9H,3-8,13H2,1-2H3",BUGYDGFZZOZRHP-UHFFFAOYSA-N,exact DDInter name query,exact_unique,valid,"https://pubchem.ncbi.nlm.nih.gov/rest/pug/compound/name/Memantine/property/Title,ConnectivitySMILES,SMILES,InChI,InChIKey/JSON",2026-09-22
DDInter1147,Meningococcal polysaccharide vaccine group C,,,,,,,exact DDInter name query,unmapped,unavailable,"https://pubchem.ncbi.nlm.nih.gov/rest/pug/compound/name/Meningococcal%20polysaccharide%20vaccine%20group%20C/property/Title,ConnectivitySMILES,SMILES,InChI,InChIKey/JSON",2026-09-22
DDInter1148,Menotropins,,,,,,,exact DDInter name query,unmapped,unavailable,"https://pubchem.ncbi.nlm.nih.gov/rest/pug/compound/name/Menotropins/property/Title,ConnectivitySMILES,SMILES,InChI,InChIKey/JSON",2026-09-22
DDInter1149,Mepenzolate,4057,Mepenzolate,C[N+]1(CCCC(C1)OC(=O)C(C2=CC=CC=C2)(C3=CC=CC=C3)O)C,C[N+]1(CCCC(C1)OC(=O)C(C2=CC=CC=C2)(C3=CC=CC=C3)O)C,"InChI=1S/C21H26NO3/c1-22(2)15-9-14-19(16-22)25-20(23)21(24,17-10-5-3-6-11-17)18-12-7-4-8-13-18/h3-8,10-13,19,24H,9,14-16H2,1-2H3/q+1",GKNPSSNBBWDAGH-UHFFFAOYSA-N,exact DDInter name query,exact_unique,valid,"https://pubchem.ncbi.nlm.nih.gov/rest/pug/compound/name/Mepenzolate/property/Title,ConnectivitySMILES,SMILES,InChI,InChIKey/JSON",2026-09-22
DDInter115,Ardeparin,,,,,,,exact DDInter name query,unmapped,unavailable,"https://pubchem.ncbi.nlm.nih.gov/rest/pug/compound/name/Ardeparin/property/Title,ConnectivitySMILES,SMILES,InChI,InChIKey/JSON",2026-09-22
DDInter1150,Meperidine,4058,Meperidine,CCOC(=O)C1(CCN(CC1)C)C2=CC=CC=C2,CCOC(=O)C1(CCN(CC1)C)C2=CC=CC=C2,"InChI=1S/C15H21NO2/c1-3-18-14(17)15(9-11-16(2)12-10-15)13-7-5-4-6-8-13/h4-8H,3,9-12H2,1-2H3",XADCESSVHJOZHK-UHFFFAOYSA-N,exact DDInter name query,exact_unique,valid,"https://pubchem.ncbi.nlm.nih.gov/rest/pug/compound/name/Meperidine/property/Title,ConnectivitySMILES,SMILES,InChI,InChIKey/JSON",2026-09-22
DDInter1151,Mephentermine,3677,Mephentermine,CC(C)(CC1=CC=CC=C1)NC,CC(C)(CC1=CC=CC=C1)NC,"InChI=1S/C11H17N/c1-11(2,12-3)9-10-7-5-4-6-8-10/h4-8,12H,9H2,1-3H3",RXQCGGRTAILOIN-UHFFFAOYSA-N,exact DDInter name query,exact_unique,valid,"https://pubchem.ncbi.nlm.nih.gov/rest/pug/compound/name/Mephentermine/property/Title,ConnectivitySMILES,SMILES,InChI,InChIKey/JSON",2026-09-22
DDInter1152,Mephenytoin,4060,Mephenytoin,CCC1(C(=O)N(C(=O)N1)C)C2=CC=CC=C2,CCC1(C(=O)N(C(=O)N1)C)C2=CC=CC=C2,"InChI=1S/C12H14N2O2/c1-3-12(9-7-5-4-6-8-9)10(15)14(2)11(16)13-12/h4-8H,3H2,1-2H3,(H,13,16)",GMHKMTDVRCWUDX-UHFFFAOYSA-N,exact DDInter name query,exact_unique,valid,"https://pubchem.ncbi.nlm.nih.gov/rest/pug/compound/name/Mephenytoin/property/Title,ConnectivitySMILES,SMILES,InChI,InChIKey/JSON",2026-09-22
DDInter1153,Mepivacaine,4062,Mepivacaine,CC1=C(C(=CC=C1)C)NC(=O)C2CCCCN2C,CC1=C(C(=CC=C1)C)NC(=O)C2CCCCN2C,"InChI=1S/C15H22N2O/c1-11-7-6-8-12(2)14(11)16-15(18)13-9-4-5-10-17(13)3/h6-8,13H,4-5,9-10H2,1-3H3,(H,16,18)",INWLQCZOYSRPNW-UHFFFAOYSA-N,exact DDInter name query,exact_unique,valid,"https://pubchem.ncbi.nlm.nih.gov/rest/pug/compound/name/Mepivacaine/property/Title,ConnectivitySMILES,SMILES,InChI,InChIKey/JSON",2026-09-22
DDInter1154,Meprobamate,4064,Meprobamate,CCCC(C)(COC(=O)N)COC(=O)N,CCCC(C)(COC(=O)N)COC(=O)N,"InChI=1S/C9H18N2O4/c1-3-4-9(2,5-14-7(10)12)6-15-8(11)13/h3-6H2,1-2H3,(H2,10,12)(H2,11,13)",NPPQSCRMBWNHMW-UHFFFAOYSA-N,exact DDInter name query,exact_unique,valid,"https://pubchem.ncbi.nlm.nih.gov/rest/pug/compound/name/Meprobamate/property/Title,ConnectivitySMILES,SMILES,InChI,InChIKey/JSON",2026-09-22
DDInter1155,Mepyramine,4992,Pyrilamine,CN(C)CCN(CC1=CC=C(C=C1)OC)C2=CC=CC=N2,CN(C)CCN(CC1=CC=C(C=C1)OC)C2=CC=CC=N2,"InChI=1S/C17H23N3O/c1-19(2)12-13-20(17-6-4-5-11-18-17)14-15-7-9-16(21-3)10-8-15/h4-11H,12-14H2,1-3H3",YECBIJXISLIIDS-UHFFFAOYSA-N,exact DDInter name query,ambiguous,excluded_title_mismatch,"https://pubchem.ncbi.nlm.nih.gov/rest/pug/compound/name/Mepyramine/property/Title,ConnectivitySMILES,SMILES,InChI,InChIKey/JSON",2026-09-22
DDInter1156,Mercaptopurine,667490,6-Mercaptopurine,C1=NC2=C(N1)C(=S)N=CN2,C1=NC2=C(N1)C(=S)N=CN2,"InChI=1S/C5H4N4S/c10-5-3-4(7-1-6-3)8-2-9-5/h1-2H,(H2,6,7,8,9,10)",GLVAUDGFNGKCSF-UHFFFAOYSA-N,exact DDInter name query,ambiguous,excluded_title_mismatch,"https://pubchem.ncbi.nlm.nih.gov/rest/pug/compound/name/Mercaptopurine/property/Title,ConnectivitySMILES,SMILES,InChI,InChIKey/JSON",2026-09-22
DDInter1157,Meropenem,441130,Meropenem,CC1C2C(C(=O)N2C(=C1SC3CC(NC3)C(=O)N(C)C)C(=O)O)C(C)O,C[C@@H]1[C@@H]2[C@H](C(=O)N2C(=C1S[C@H]3C[C@H](NC3)C(=O)N(C)C)C(=O)O)[C@@H](C)O,"InChI=1S/C17H25N3O5S/c1-7-12-11(8(2)21)16(23)20(12)13(17(24)25)14(7)26-9-5-10(18-6-9)15(22)19(3)4/h7-12,18,21H,5-6H2,1-4H3,(H,24,25)/t7-,8-,9+,10+,11-,12-/m1/s1",DMJNNHOOLUXYBV-PQTSNVLCSA-N,exact DDInter name query,exact_unique,valid,"https://pubchem.ncbi.nlm.nih.gov/rest/pug/compound/name/Meropenem/property/Title,ConnectivitySMILES,SMILES,InChI,InChIKey/JSON",2026-09-22
DDInter1158,Mesalazine,4075,5-Aminosalicylic Acid,C1=CC(=C(C=C1N)C(=O)O)O,C1=CC(=C(C=C1N)C(=O)O)O,"InChI=1S/C7H7NO3/c8-4-1-2-6(9)5(3-4)7(10)11/h1-3,9H,8H2,(H,10,11)",KBOPZPXVLCULAV-UHFFFAOYSA-N,exact DDInter name query,ambiguous,excluded_title_mismatch,"https://pubchem.ncbi.nlm.nih.gov/rest/pug/compound/name/Mesalazine/property/Title,ConnectivitySMILES,SMILES,InChI,InChIKey/JSON",2026-09-22
DDInter1159,Mesoridazine,4078,Mesoridazine,CN1CCCCC1CCN2C3=CC=CC=C3SC4=C2C=C(C=C4)S(=O)C,CN1CCCCC1CCN2C3=CC=CC=C3SC4=C2C=C(C=C4)S(=O)C,"InChI=1S/C21H26N2OS2/c1-22-13-6-5-7-16(22)12-14-23-18-8-3-4-9-20(18)25-21-11-10-17(26(2)24)15-19(21)23/h3-4,8-11,15-16H,5-7,12-14H2,1-2H3",SLVMESMUVMCQIY-UHFFFAOYSA-N,exact DDInter name query,exact_unique,valid,"https://pubchem.ncbi.nlm.nih.gov/rest/pug/compound/name/Mesoridazine/property/Title,ConnectivitySMILES,SMILES,InChI,InChIKey/JSON",2026-09-22
DDInter116,Arformoterol,3083544,Arformoterol,CC(CC1=CC=C(C=C1)OC)NCC(C2=CC(=C(C=C2)O)NC=O)O,C[C@H](CC1=CC=C(C=C1)OC)NC[C@@H](C2=CC(=C(C=C2)O)NC=O)O,"InChI=1S/C19H24N2O4/c1-13(9-14-3-6-16(25-2)7-4-14)20-11-19(24)15-5-8-18(23)17(10-15)21-12-22/h3-8,10,12-13,19-20,23-24H,9,11H2,1-2H3,(H,21,22)/t13-,19+/m1/s1",BPZSYCZIITTYBL-YJYMSZOUSA-N,exact DDInter name query,exact_unique,valid,"https://pubchem.ncbi.nlm.nih.gov/rest/pug/compound/name/Arformoterol/property/Title,ConnectivitySMILES,SMILES,InChI,InChIKey/JSON",2026-09-22
DDInter1160,Mestranol,6291,Mestranol,CC12CCC3C(C1CCC2(C#C)O)CCC4=C3C=CC(=C4)OC,C[C@]12CC[C@H]3[C@H]([C@@H]1CC[C@]2(C#C)O)CCC4=C3C=CC(=C4)OC,"InChI=1S/C21H26O2/c1-4-21(22)12-10-19-18-7-5-14-13-15(23-3)6-8-16(14)17(18)9-11-20(19,21)2/h1,6,8,13,17-19,22H,5,7,9-12H2,2-3H3/t17-,18-,19+,20+,21+/m1/s1",IMSSROKUHAOUJS-MJCUULBUSA-N,exact DDInter name query,exact_unique,valid,"https://pubchem.ncbi.nlm.nih.gov/rest/pug/compound/name/Mestranol/property/Title,ConnectivitySMILES,SMILES,InChI,InChIKey/JSON",2026-09-22
DDInter1161,Metamfetamine,10836,Methamphetamine,CC(CC1=CC=CC=C1)NC,C[C@@H](CC1=CC=CC=C1)NC,"InChI=1S/C10H15N/c1-9(11-2)8-10-6-4-3-5-7-10/h3-7,9,11H,8H2,1-2H3/t9-/m0/s1",MYWUZJCMWCOHBA-VIFPVBQESA-N,exact DDInter name query,ambiguous,excluded_title_mismatch,"https://pubchem.ncbi.nlm.nih.gov/rest/pug/compound/name/Metamfetamine/property/Title,ConnectivitySMILES,SMILES,InChI,InChIKey/JSON",2026-09-22
DDInter1162,Metaraminol,5906,Metaraminol,CC(C(C1=CC(=CC=C1)O)O)N,C[C@@H]([C@@H](C1=CC(=CC=C1)O)O)N,"InChI=1S/C9H13NO2/c1-6(10)9(12)7-3-2-4-8(11)5-7/h2-6,9,11-12H,10H2,1H3/t6-,9-/m0/s1",WXFIGDLSSYIKKV-RCOVLWMOSA-N,exact DDInter name query,exact_unique,valid,"https://pubchem.ncbi.nlm.nih.gov/rest/pug/compound/name/Metaraminol/property/Title,ConnectivitySMILES,SMILES,InChI,InChIKey/JSON",2026-09-22
DDInter1163,Metaxalone,15459,Metaxalone,CC1=CC(=CC(=C1)OCC2CNC(=O)O2)C,CC1=CC(=CC(=C1)OCC2CNC(=O)O2)C,"InChI=1S/C12H15NO3/c1-8-3-9(2)5-10(4-8)15-7-11-6-13-12(14)16-11/h3-5,11H,6-7H2,1-2H3,(H,13,14)",IMWZZHHPURKASS-UHFFFAOYSA-N,exact DDInter name query,exact_unique,valid,"https://pubchem.ncbi.nlm.nih.gov/rest/pug/compound/name/Metaxalone/property/Title,ConnectivitySMILES,SMILES,InChI,InChIKey/JSON",2026-09-22
DDInter1164,Metformin,4091,Metformin,CN(C)C(=N)N=C(N)N,CN(C)C(=N)N=C(N)N,"InChI=1S/C4H11N5/c1-9(2)4(7)8-3(5)6/h1-2H3,(H5,5,6,7,8)",XZWYZXLIPXDOLR-UHFFFAOYSA-N,exact DDInter name query,exact_unique,valid,"https://pubchem.ncbi.nlm.nih.gov/rest/pug/compound/name/Metformin/property/Title,ConnectivitySMILES,SMILES,InChI,InChIKey/JSON",2026-09-22
DDInter1165,Methacholine,1993,Methacholine,CC(C[N+](C)(C)C)OC(=O)C,CC(C[N+](C)(C)C)OC(=O)C,"InChI=1S/C8H18NO2/c1-7(11-8(2)10)6-9(3,4)5/h7H,6H2,1-5H3/q+1",NZWOPGCLSHLLPA-UHFFFAOYSA-N,exact DDInter name query,exact_unique,valid,"https://pubchem.ncbi.nlm.nih.gov/rest/pug/compound/name/Methacholine/property/Title,ConnectivitySMILES,SMILES,InChI,InChIKey/JSON",2026-09-22
DDInter1166,Methadone,4095,Methadone,CCC(=O)C(CC(C)N(C)C)(C1=CC=CC=C1)C2=CC=CC=C2,CCC(=O)C(CC(C)N(C)C)(C1=CC=CC=C1)C2=CC=CC=C2,"InChI=1S/C21H27NO/c1-5-20(23)21(16-17(2)22(3)4,18-12-8-6-9-13-18)19-14-10-7-11-15-19/h6-15,17H,5,16H2,1-4H3",USSIQXCVUWKGNF-UHFFFAOYSA-N,exact DDInter name query,exact_unique,valid,"https://pubchem.ncbi.nlm.nih.gov/rest/pug/compound/name/Methadone/property/Title,ConnectivitySMILES,SMILES,InChI,InChIKey/JSON",2026-09-22
DDInter1167,Methazolamide,4100,Methazolamide,CC(=O)N=C1N(N=C(S1)S(=O)(=O)N)C,CC(=O)N=C1N(N=C(S1)S(=O)(=O)N)C,"InChI=1S/C5H8N4O3S2/c1-3(10)7-4-9(2)8-5(13-4)14(6,11)12/h1-2H3,(H2,6,11,12)",FLOSMHQXBMRNHR-UHFFFAOYSA-N,exact DDInter name query,exact_unique,valid,"https://pubchem.ncbi.nlm.nih.gov/rest/pug/compound/name/Methazolamide/property/Title,ConnectivitySMILES,SMILES,InChI,InChIKey/JSON",2026-09-22
DDInter1168,Methdilazine,14677,Methdilazine,CN1CCC(C1)CN2C3=CC=CC=C3SC4=CC=CC=C42,CN1CCC(C1)CN2C3=CC=CC=C3SC4=CC=CC=C42,"InChI=1S/C18H20N2S/c1-19-11-10-14(12-19)13-20-15-6-2-4-8-17(15)21-18-9-5-3-7-16(18)20/h2-9,14H,10-13H2,1H3",HTMIBDQKFHUPSX-UHFFFAOYSA-N,exact DDInter name query,exact_unique,valid,"https://pubchem.ncbi.nlm.nih.gov/rest/pug/compound/name/Methdilazine/property/Title,ConnectivitySMILES,SMILES,InChI,InChIKey/JSON",2026-09-22
DDInter1169,Methenamine,4101,Hexamethylenetetramine,C1N2CN3CN1CN(C2)C3,C1N2CN3CN1CN(C2)C3,InChI=1S/C6H12N4/c1-7-2-9-4-8(1)5-10(3-7)6-9/h1-6H2,VKYKSIONXSXAKP-UHFFFAOYSA-N,exact DDInter name query,ambiguous,excluded_title_mismatch,"https://pubchem.ncbi.nlm.nih.gov/rest/pug/compound/name/Methenamine/property/Title,ConnectivitySMILES,SMILES,InChI,InChIKey/JSON",2026-09-22
DDInter117,Argatroban,92722,Argatroban,CC1CCN(C(C1)C(=O)O)C(=O)C(CCCN=C(N)N)NS(=O)(=O)C2=CC=CC3=C2NCC(C3)C,C[C@@H]1CCN([C@H](C1)C(=O)O)C(=O)[C@H](CCCN=C(N)N)NS(=O)(=O)C2=CC=CC3=C2NCC(C3)C,"InChI=1S/C23H36N6O5S/c1-14-8-10-29(18(12-14)22(31)32)21(30)17(6-4-9-26-23(24)25)28-35(33,34)19-7-3-5-16-11-15(2)13-27-20(16)19/h3,5,7,14-15,17-18,27-28H,4,6,8-13H2,1-2H3,(H,31,32)(H4,24,25,26)/t14-,15?,17+,18-/m1/s1",KXNPVXPOPUZYGB-IOVMHBDKSA-N,exact DDInter name query,exact_unique,valid,"https://pubchem.ncbi.nlm.nih.gov/rest/pug/compound/name/Argatroban/property/Title,ConnectivitySMILES,SMILES,InChI,InChIKey/JSON",2026-09-22
DDInter1170,Methimazole,1349907,Methimazole,CN1C=CNC1=S,CN1C=CNC1=S,"InChI=1S/C4H6N2S/c1-6-3-2-5-4(6)7/h2-3H,1H3,(H,5,7)",PMRYVIKBURPHAH-UHFFFAOYSA-N,exact DDInter name query,exact_unique,valid,"https://pubchem.ncbi.nlm.nih.gov/rest/pug/compound/name/Methimazole/property/Title,ConnectivitySMILES,SMILES,InChI,InChIKey/JSON",2026-09-22
DDInter1171,Methionine,6137,L-Methionine,CSCCC(C(=O)O)N,CSCC[C@@H](C(=O)O)N,"InChI=1S/C5H11NO2S/c1-9-3-2-4(6)5(7)8/h4H,2-3,6H2,1H3,(H,7,8)/t4-/m0/s1",FFEARJCKVFRZRR-BYPYZUCNSA-N,exact DDInter name query,ambiguous,excluded_title_mismatch,"https://pubchem.ncbi.nlm.nih.gov/rest/pug/compound/name/Methionine/property/Title,ConnectivitySMILES,SMILES,InChI,InChIKey/JSON",2026-09-22
DDInter1172,Methocarbamol,4107,Methocarbamol,COC1=CC=CC=C1OCC(COC(=O)N)O,COC1=CC=CC=C1OCC(COC(=O)N)O,"InChI=1S/C11H15NO5/c1-15-9-4-2-3-5-10(9)16-6-8(13)7-17-11(12)14/h2-5,8,13H,6-7H2,1H3,(H2,12,14)",GNXFOGHNGIVQEH-UHFFFAOYSA-N,exact DDInter name query,exact_unique,valid,"https://pubchem.ncbi.nlm.nih.gov/rest/pug/compound/name/Methocarbamol/property/Title,ConnectivitySMILES,SMILES,InChI,InChIKey/JSON",2026-09-22
DDInter1173,Methohexital,9034,Methohexital,CCC#CC(C)C1(C(=O)NC(=O)N(C1=O)C)CC=C,CCC#CC(C)C1(C(=O)NC(=O)N(C1=O)C)CC=C,"InChI=1S/C14H18N2O3/c1-5-7-8-10(3)14(9-6-2)11(17)15-13(19)16(4)12(14)18/h6,10H,2,5,9H2,1,3-4H3,(H,15,17,19)",NZXKDOXHBHYTKP-UHFFFAOYSA-N,exact DDInter name query,exact_unique,valid,"https://pubchem.ncbi.nlm.nih.gov/rest/pug/compound/name/Methohexital/property/Title,ConnectivitySMILES,SMILES,InChI,InChIKey/JSON",2026-09-22
DDInter1174,Methotrexate,126941,Methotrexate,CN(CC1=CN=C2C(=N1)C(=NC(=N2)N)N)C3=CC=C(C=C3)C(=O)NC(CCC(=O)O)C(=O)O,CN(CC1=CN=C2C(=N1)C(=NC(=N2)N)N)C3=CC=C(C=C3)C(=O)N[C@@H](CCC(=O)O)C(=O)O,"InChI=1S/C20H22N8O5/c1-28(9-11-8-23-17-15(24-11)16(21)26-20(22)27-17)12-4-2-10(3-5-12)18(31)25-13(19(32)33)6-7-14(29)30/h2-5,8,13H,6-7,9H2,1H3,(H,25,31)(H,29,30)(H,32,33)(H4,21,22,23,26,27)/t13-/m0/s1",FBOZXECLQNJBKD-ZDUSSCGKSA-N,exact DDInter name query,exact_unique,valid,"https://pubchem.ncbi.nlm.nih.gov/rest/pug/compound/name/Methotrexate/property/Title,ConnectivitySMILES,SMILES,InChI,InChIKey/JSON",2026-09-22
DDInter1175,Methotrimeprazine,72287,Levomepromazine,CC(CN1C2=CC=CC=C2SC3=C1C=C(C=C3)OC)CN(C)C,C[C@@H](CN1C2=CC=CC=C2SC3=C1C=C(C=C3)OC)CN(C)C,"InChI=1S/C19H24N2OS/c1-14(12-20(2)3)13-21-16-7-5-6-8-18(16)23-19-10-9-15(22-4)11-17(19)21/h5-11,14H,12-13H2,1-4H3/t14-/m1/s1",VRQVVMDWGGWHTJ-CQSZACIVSA-N,exact DDInter name query,ambiguous,excluded_title_mismatch,"https://pubchem.ncbi.nlm.nih.gov/rest/pug/compound/name/Methotrimeprazine/property/Title,ConnectivitySMILES,SMILES,InChI,InChIKey/JSON",2026-09-22
DDInter1176,Methoxamine,6082,Methoxamine,CC(C(C1=C(C=CC(=C1)OC)OC)O)N,CC(C(C1=C(C=CC(=C1)OC)OC)O)N,"InChI=1S/C11H17NO3/c1-7(12)11(13)9-6-8(14-2)4-5-10(9)15-3/h4-7,11,13H,12H2,1-3H3",WJAJPNHVVFWKKL-UHFFFAOYSA-N,exact DDInter name query,exact_unique,valid,"https://pubchem.ncbi.nlm.nih.gov/rest/pug/compound/name/Methoxamine/property/Title,ConnectivitySMILES,SMILES,InChI,InChIKey/JSON",2026-09-22
DDInter1177,Methoxsalen,4114,8-Methoxypsoralen,COC1=C2C(=CC3=C1OC=C3)C=CC(=O)O2,COC1=C2C(=CC3=C1OC=C3)C=CC(=O)O2,"InChI=1S/C12H8O4/c1-14-12-10-8(4-5-15-10)6-7-2-3-9(13)16-11(7)12/h2-6H,1H3",QXKHYNVANLEOEG-UHFFFAOYSA-N,exact DDInter name query,ambiguous,excluded_title_mismatch,"https://pubchem.ncbi.nlm.nih.gov/rest/pug/compound/name/Methoxsalen/property/Title,ConnectivitySMILES,SMILES,InChI,InChIKey/JSON",2026-09-22
DDInter1178,Methoxsalen (topical),,,,,,,exact DDInter name query,unmapped,unavailable,"https://pubchem.ncbi.nlm.nih.gov/rest/pug/compound/name/Methoxsalen%20%28topical%29/property/Title,ConnectivitySMILES,SMILES,InChI,InChIKey/JSON",2026-09-22
DDInter1179,Methoxyflurane,4116,Methoxyflurane,COC(C(Cl)Cl)(F)F,COC(C(Cl)Cl)(F)F,"InChI=1S/C3H4Cl2F2O/c1-8-3(6,7)2(4)5/h2H,1H3",RFKMCNOHBTXSMU-UHFFFAOYSA-N,exact DDInter name query,exact_unique,valid,"https://pubchem.ncbi.nlm.nih.gov/rest/pug/compound/name/Methoxyflurane/property/Title,ConnectivitySMILES,SMILES,InChI,InChIKey/JSON",2026-09-22
DDInter118,Aripiprazole,60795,Aripiprazole,C1CC(=O)NC2=C1C=CC(=C2)OCCCCN3CCN(CC3)C4=C(C(=CC=C4)Cl)Cl,C1CC(=O)NC2=C1C=CC(=C2)OCCCCN3CCN(CC3)C4=C(C(=CC=C4)Cl)Cl,"InChI=1S/C23H27Cl2N3O2/c24-19-4-3-5-21(23(19)25)28-13-11-27(12-14-28)10-1-2-15-30-18-8-6-17-7-9-22(29)26-20(17)16-18/h3-6,8,16H,1-2,7,9-15H2,(H,26,29)",CEUORZQYGODEFX-UHFFFAOYSA-N,exact DDInter name query,exact_unique,valid,"https://pubchem.ncbi.nlm.nih.gov/rest/pug/compound/name/Aripiprazole/property/Title,ConnectivitySMILES,SMILES,InChI,InChIKey/JSON",2026-09-22
DDInter1180,Methscopolamine,71183,N-Methylscopolamine,C[N+]1(C2CC(CC1C3C2O3)OC(=O)C(CO)C4=CC=CC=C4)C,C[N+]1([C@@H]2CC(C[C@H]1[C@H]3[C@@H]2O3)OC(=O)[C@H](CO)C4=CC=CC=C4)C,"InChI=1S/C18H24NO4/c1-19(2)14-8-12(9-15(19)17-16(14)23-17)22-18(21)13(10-20)11-6-4-3-5-7-11/h3-7,12-17,20H,8-10H2,1-2H3/q+1/t12?,13-,14-,15+,16-,17+/m1/s1",LZCOQTDXKCNBEE-XJMZPCNVSA-N,exact DDInter name query,ambiguous,excluded_title_mismatch,"https://pubchem.ncbi.nlm.nih.gov/rest/pug/compound/name/Methscopolamine/property/Title,ConnectivitySMILES,SMILES,InChI,InChIKey/JSON",2026-09-22
DDInter1181,Methsuximide,6476,Methsuximide,CC1(CC(=O)N(C1=O)C)C2=CC=CC=C2,CC1(CC(=O)N(C1=O)C)C2=CC=CC=C2,"InChI=1S/C12H13NO2/c1-12(9-6-4-3-5-7-9)8-10(14)13(2)11(12)15/h3-7H,8H2,1-2H3",AJXPJJZHWIXJCJ-UHFFFAOYSA-N,exact DDInter name query,exact_unique,valid,"https://pubchem.ncbi.nlm.nih.gov/rest/pug/compound/name/Methsuximide/property/Title,ConnectivitySMILES,SMILES,InChI,InChIKey/JSON",2026-09-22
DDInter1182,Methyl aminolevulinate (topical),,,,,,,exact DDInter name query,unmapped,unavailable,"https://pubchem.ncbi.nlm.nih.gov/rest/pug/compound/name/Methyl%20aminolevulinate%20%28topical%29/property/Title,ConnectivitySMILES,SMILES,InChI,InChIKey/JSON",2026-09-22
DDInter1183,Methyl salicylate (topical),,,,,,,exact DDInter name query,unmapped,unavailable,"https://pubchem.ncbi.nlm.nih.gov/rest/pug/compound/name/Methyl%20salicylate%20%28topical%29/property/Title,ConnectivitySMILES,SMILES,InChI,InChIKey/JSON",2026-09-22
DDInter1184,Methylcellulose,,,,,,,exact DDInter name query,unmapped,unavailable,"https://pubchem.ncbi.nlm.nih.gov/rest/pug/compound/name/Methylcellulose/property/Title,ConnectivitySMILES,SMILES,InChI,InChIKey/JSON",2026-09-22
DDInter1185,Methyldopa,38853,Methyldopa,CC(CC1=CC(=C(C=C1)O)O)(C(=O)O)N,C[C@](CC1=CC(=C(C=C1)O)O)(C(=O)O)N,"InChI=1S/C10H13NO4/c1-10(11,9(14)15)5-6-2-3-7(12)8(13)4-6/h2-4,12-13H,5,11H2,1H3,(H,14,15)/t10-/m0/s1",CJCSPKMFHVPWAR-JTQLQIEISA-N,exact DDInter name query,exact_unique,valid,"https://pubchem.ncbi.nlm.nih.gov/rest/pug/compound/name/Methyldopa/property/Title,ConnectivitySMILES,SMILES,InChI,InChIKey/JSON",2026-09-22
DDInter1186,Methylene blue,6099,Methylene Blue,CN(C)C1=CC2=C(C=C1)N=C3C=CC(=[N+](C)C)C=C3S2.[Cl-],CN(C)C1=CC2=C(C=C1)N=C3C=CC(=[N+](C)C)C=C3S2.[Cl-],"InChI=1S/C16H18N3S.ClH/c1-18(2)11-5-7-13-15(9-11)20-16-10-12(19(3)4)6-8-14(16)17-13;/h5-10H,1-4H3;1H/q+1;/p-1",CXKWCBBOMKCUKX-UHFFFAOYSA-M,exact DDInter name query,exact_unique,valid,"https://pubchem.ncbi.nlm.nih.gov/rest/pug/compound/name/Methylene%20blue/property/Title,ConnectivitySMILES,SMILES,InChI,InChIKey/JSON",2026-09-22
DDInter1187,Methylergometrine,8226,Methylergometrine,CCC(CO)NC(=O)C1CN(C2CC3=CNC4=CC=CC(=C34)C2=C1)C,CC[C@@H](CO)NC(=O)[C@H]1CN([C@@H]2CC3=CNC4=CC=CC(=C34)C2=C1)C,"InChI=1S/C20H25N3O2/c1-3-14(11-24)22-20(25)13-7-16-15-5-4-6-17-19(15)12(9-21-17)8-18(16)23(2)10-13/h4-7,9,13-14,18,21,24H,3,8,10-11H2,1-2H3,(H,22,25)/t13-,14+,18-/m1/s1",UNBRKDKAWYKMIV-QWQRMKEZSA-N,exact DDInter name query,exact_unique,valid,"https://pubchem.ncbi.nlm.nih.gov/rest/pug/compound/name/Methylergometrine/property/Title,ConnectivitySMILES,SMILES,InChI,InChIKey/JSON",2026-09-22
DDInter1188,Methylnaltrexone,5361918,Methylnaltrexone,C[N+]1(CCC23C4C(=O)CCC2(C1CC5=C3C(=C(C=C5)O)O4)O)CC6CC6,C[N+]1(CC[C@]23[C@@H]4C(=O)CC[C@]2([C@H]1CC5=C3C(=C(C=C5)O)O4)O)CC6CC6,"InChI=1S/C21H25NO4/c1-22(11-12-2-3-12)9-8-20-17-13-4-5-14(23)18(17)26-19(20)15(24)6-7-21(20,25)16(22)10-13/h4-5,12,16,19,25H,2-3,6-11H2,1H3/p+1/t16-,19+,20+,21-,22?/m1/s1",JVLBPIPGETUEET-GAAHOAFPSA-O,exact DDInter name query,exact_unique,valid,"https://pubchem.ncbi.nlm.nih.gov/rest/pug/compound/name/Methylnaltrexone/property/Title,ConnectivitySMILES,SMILES,InChI,InChIKey/JSON",2026-09-22
DDInter1189,Methylphenidate,4158,Methylphenidate,COC(=O)C(C1CCCCN1)C2=CC=CC=C2,COC(=O)C(C1CCCCN1)C2=CC=CC=C2,"InChI=1S/C14H19NO2/c1-17-14(16)13(11-7-3-2-4-8-11)12-9-5-6-10-15-12/h2-4,7-8,12-13,15H,5-6,9-10H2,1H3",DUGOZIWVEXMGBE-UHFFFAOYSA-N,exact DDInter name query,exact_unique,valid,"https://pubchem.ncbi.nlm.nih.gov/rest/pug/compound/name/Methylphenidate/property/Title,ConnectivitySMILES,SMILES,InChI,InChIKey/JSON",2026-09-22
DDInter119,Armodafinil,9690109,Armodafinil,C1=CC=C(C=C1)C(C2=CC=CC=C2)S(=O)CC(=O)N,C1=CC=C(C=C1)C(C2=CC=CC=C2)[S@](=O)CC(=O)N,"InChI=1S/C15H15NO2S/c16-14(17)11-19(18)15(12-7-3-1-4-8-12)13-9-5-2-6-10-13/h1-10,15H,11H2,(H2,16,17)/t19-/m1/s1",YFGHCGITMMYXAQ-LJQANCHMSA-N,exact DDInter name query,exact_unique,valid,"https://pubchem.ncbi.nlm.nih.gov/rest/pug/compound/name/Armodafinil/property/Title,ConnectivitySMILES,SMILES,InChI,InChIKey/JSON",2026-09-22
DDInter1190,Methylphenobarbital,8271,Mephobarbital,CCC1(C(=O)NC(=O)N(C1=O)C)C2=CC=CC=C2,CCC1(C(=O)NC(=O)N(C1=O)C)C2=CC=CC=C2,"InChI=1S/C13H14N2O3/c1-3-13(9-7-5-4-6-8-9)10(16)14-12(18)15(2)11(13)17/h4-8H,3H2,1-2H3,(H,14,16,18)",ALARQZQTBTVLJV-UHFFFAOYSA-N,exact DDInter name query,ambiguous,excluded_title_mismatch,"https://pubchem.ncbi.nlm.nih.gov/rest/pug/compound/name/Methylphenobarbital/property/Title,ConnectivitySMILES,SMILES,InChI,InChIKey/JSON",2026-09-22
DDInter1191,Methylprednisolone,6741,Methylprednisolone,CC1CC2C3CCC(C3(CC(C2C4(C1=CC(=O)C=C4)C)O)C)(C(=O)CO)O,C[C@H]1C[C@H]2[C@@H]3CC[C@@]([C@]3(C[C@@H]([C@@H]2[C@@]4(C1=CC(=O)C=C4)C)O)C)(C(=O)CO)O,"InChI=1S/C22H30O5/c1-12-8-14-15-5-7-22(27,18(26)11-23)21(15,3)10-17(25)19(14)20(2)6-4-13(24)9-16(12)20/h4,6,9,12,14-15,17,19,23,25,27H,5,7-8,10-11H2,1-3H3/t12-,14-,15-,17-,19+,20-,21-,22-/m0/s1",VHRSUDSXCMQTMA-PJHHCJLFSA-N,exact DDInter name query,exact_unique,valid,"https://pubchem.ncbi.nlm.nih.gov/rest/pug/compound/name/Methylprednisolone/property/Title,ConnectivitySMILES,SMILES,InChI,InChIKey/JSON",2026-09-22
DDInter1192,Methylprednisolone (topical),,,,,,,exact DDInter name query,unmapped,unavailable,"https://pubchem.ncbi.nlm.nih.gov/rest/pug/compound/name/Methylprednisolone%20%28topical%29/property/Title,ConnectivitySMILES,SMILES,InChI,InChIKey/JSON",2026-09-22
DDInter1193,Methyltestosterone,6010,Methyltestosterone,CC12CCC(=O)C=C1CCC3C2CCC4(C3CCC4(C)O)C,C[C@]12CCC(=O)C=C1CC[C@@H]3[C@@H]2CC[C@]4([C@H]3CC[C@]4(C)O)C,"InChI=1S/C20H30O2/c1-18-9-6-14(21)12-13(18)4-5-15-16(18)7-10-19(2)17(15)8-11-20(19,3)22/h12,15-17,22H,4-11H2,1-3H3/t15-,16+,17+,18+,19+,20+/m1/s1",GCKMFJBGXUYNAG-HLXURNFRSA-N,exact DDInter name query,exact_unique,valid,"https://pubchem.ncbi.nlm.nih.gov/rest/pug/compound/name/Methyltestosterone/property/Title,ConnectivitySMILES,SMILES,InChI,InChIKey/JSON",2026-09-22
DDInter1194,Methysergide,9681,Methysergide,CCC(CO)NC(=O)C1CN(C2CC3=CN(C4=CC=CC(=C34)C2=C1)C)C,CC[C@@H](CO)NC(=O)[C@H]1CN([C@@H]2CC3=CN(C4=CC=CC(=C34)C2=C1)C)C,"InChI=1S/C21H27N3O2/c1-4-15(12-25)22-21(26)14-8-17-16-6-5-7-18-20(16)13(10-23(18)2)9-19(17)24(3)11-14/h5-8,10,14-15,19,25H,4,9,11-12H2,1-3H3,(H,22,26)/t14-,15+,19-/m1/s1",KPJZHOPZRAFDTN-ZRGWGRIASA-N,exact DDInter name query,exact_unique,valid,"https://pubchem.ncbi.nlm.nih.gov/rest/pug/compound/name/Methysergide/property/Title,ConnectivitySMILES,SMILES,InChI,InChIKey/JSON",2026-09-22
DDInter1195,Meticillin,6087,Methicillin,CC1(C(N2C(S1)C(C2=O)NC(=O)C3=C(C=CC=C3OC)OC)C(=O)O)C,CC1([C@@H](N2[C@H](S1)[C@@H](C2=O)NC(=O)C3=C(C=CC=C3OC)OC)C(=O)O)C,"InChI=1S/C17H20N2O6S/c1-17(2)12(16(22)23)19-14(21)11(15(19)26-17)18-13(20)10-8(24-3)6-5-7-9(10)25-4/h5-7,11-12,15H,1-4H3,(H,18,20)(H,22,23)/t11-,12+,15-/m1/s1",RJQXTJLFIWVMTO-TYNCELHUSA-N,exact DDInter name query,ambiguous,excluded_title_mismatch,"https://pubchem.ncbi.nlm.nih.gov/rest/pug/compound/name/Meticillin/property/Title,ConnectivitySMILES,SMILES,InChI,InChIKey/JSON",2026-09-22
DDInter1196,Metipranolol (ophthalmic),,,,,,,exact DDInter name query,unmapped,unavailable,"https://pubchem.ncbi.nlm.nih.gov/rest/pug/compound/name/Metipranolol%20%28ophthalmic%29/property/Title,ConnectivitySMILES,SMILES,InChI,InChIKey/JSON",2026-09-22
DDInter1197,Metoclopramide,4168,Metoclopramide,CCN(CC)CCNC(=O)C1=CC(=C(C=C1OC)N)Cl,CCN(CC)CCNC(=O)C1=CC(=C(C=C1OC)N)Cl,"InChI=1S/C14H22ClN3O2/c1-4-18(5-2)7-6-17-14(19)10-8-11(15)12(16)9-13(10)20-3/h8-9H,4-7,16H2,1-3H3,(H,17,19)",TTWJBBZEZQICBI-UHFFFAOYSA-N,exact DDInter name query,exact_unique,valid,"https://pubchem.ncbi.nlm.nih.gov/rest/pug/compound/name/Metoclopramide/property/Title,ConnectivitySMILES,SMILES,InChI,InChIKey/JSON",2026-09-22
DDInter1198,Metocurine,21233,Metocurine,C[N+]1(CCC2=CC(=C3C=C2C1CC4=CC=C(C=C4)OC5=C6C(CC7=CC(=C(C=C7)OC)O3)[N+](CCC6=CC(=C5OC)OC)(C)C)OC)C,C[N+]1(CCC2=CC(=C3C=C2[C@@H]1CC4=CC=C(C=C4)OC5=C6[C@@H](CC7=CC(=C(C=C7)OC)O3)[N+](CCC6=CC(=C5OC)OC)(C)C)OC)C,"InChI=1S/C40H48N2O6/c1-41(2)17-15-27-22-34(44-6)36-24-30(27)31(41)19-25-9-12-29(13-10-25)47-40-38-28(23-37(45-7)39(40)46-8)16-18-42(3,4)32(38)20-26-11-14-33(43-5)35(21-26)48-36/h9-14,21-24,31-32H,15-20H2,1-8H3/q+2/t31-,32+/m0/s1",JFXBEKISTKFVAB-AJQTZOPKSA-N,exact DDInter name query,exact_unique,valid,"https://pubchem.ncbi.nlm.nih.gov/rest/pug/compound/name/Metocurine/property/Title,ConnectivitySMILES,SMILES,InChI,InChIKey/JSON",2026-09-22
DDInter1199,Metolazone,4170,Metolazone,CC1NC2=CC(=C(C=C2C(=O)N1C3=CC=CC=C3C)S(=O)(=O)N)Cl,CC1NC2=CC(=C(C=C2C(=O)N1C3=CC=CC=C3C)S(=O)(=O)N)Cl,"InChI=1S/C16H16ClN3O3S/c1-9-5-3-4-6-14(9)20-10(2)19-13-8-12(17)15(24(18,22)23)7-11(13)16(20)21/h3-8,10,19H,1-2H3,(H2,18,22,23)",AQCHWTWZEMGIFD-UHFFFAOYSA-N,exact DDInter name query,exact_unique,valid,"https://pubchem.ncbi.nlm.nih.gov/rest/pug/compound/name/Metolazone/property/Title,ConnectivitySMILES,SMILES,InChI,InChIKey/JSON",2026-09-22
DDInter12,Acebutolol,1978,Acebutolol,CCCC(=O)NC1=CC(=C(C=C1)OCC(CNC(C)C)O)C(=O)C,CCCC(=O)NC1=CC(=C(C=C1)OCC(CNC(C)C)O)C(=O)C,"InChI=1S/C18H28N2O4/c1-5-6-18(23)20-14-7-8-17(16(9-14)13(4)21)24-11-15(22)10-19-12(2)3/h7-9,12,15,19,22H,5-6,10-11H2,1-4H3,(H,20,23)",GOEMGAFJFRBGGG-UHFFFAOYSA-N,exact DDInter name query,exact_unique,valid,"https://pubchem.ncbi.nlm.nih.gov/rest/pug/compound/name/Acebutolol/property/Title,ConnectivitySMILES,SMILES,InChI,InChIKey/JSON",2026-09-22
DDInter120,Arsenic trioxide,14888,Arsenic Trioxide,[O-2].[O-2].[O-2].[As+3].[As+3],[O-2].[O-2].[O-2].[As+3].[As+3],InChI=1S/2As.3O/q2*+3;3*-2,QTLQKAJBUDWPIB-UHFFFAOYSA-N,exact DDInter name query,exact_unique,valid,"https://pubchem.ncbi.nlm.nih.gov/rest/pug/compound/name/Arsenic%20trioxide/property/Title,ConnectivitySMILES,SMILES,InChI,InChIKey/JSON",2026-09-22
DDInter1200,Metoprolol,4171,Metoprolol,CC(C)NCC(COC1=CC=C(C=C1)CCOC)O,CC(C)NCC(COC1=CC=C(C=C1)CCOC)O,"InChI=1S/C15H25NO3/c1-12(2)16-10-14(17)11-19-15-6-4-13(5-7-15)8-9-18-3/h4-7,12,14,16-17H,8-11H2,1-3H3",IUBSYMUCCVWXPE-UHFFFAOYSA-N,exact DDInter name query,exact_unique,valid,"https://pubchem.ncbi.nlm.nih.gov/rest/pug/compound/name/Metoprolol/property/Title,ConnectivitySMILES,SMILES,InChI,InChIKey/JSON",2026-09-22
DDInter1201,Metreleptin,,,,,,,exact DDInter name query,unmapped,unavailable,"https://pubchem.ncbi.nlm.nih.gov/rest/pug/compound/name/Metreleptin/property/Title,ConnectivitySMILES,SMILES,InChI,InChIKey/JSON",2026-09-22
DDInter1202,Metronidazole,4173,Metronidazole,CC1=NC=C(N1CCO)[N+](=O)[O-],CC1=NC=C(N1CCO)[N+](=O)[O-],"InChI=1S/C6H9N3O3/c1-5-7-4-6(9(11)12)8(5)2-3-10/h4,10H,2-3H2,1H3",VAOCPAMSLUNLGC-UHFFFAOYSA-N,exact DDInter name query,exact_unique,valid,"https://pubchem.ncbi.nlm.nih.gov/rest/pug/compound/name/Metronidazole/property/Title,ConnectivitySMILES,SMILES,InChI,InChIKey/JSON",2026-09-22
DDInter1203,Metronidazole (topical),,,,,,,exact DDInter name query,unmapped,unavailable,"https://pubchem.ncbi.nlm.nih.gov/rest/pug/compound/name/Metronidazole%20%28topical%29/property/Title,ConnectivitySMILES,SMILES,InChI,InChIKey/JSON",2026-09-22
DDInter1204,Metyrapone,4174,Metyrapone,CC(C)(C1=CN=CC=C1)C(=O)C2=CN=CC=C2,CC(C)(C1=CN=CC=C1)C(=O)C2=CN=CC=C2,"InChI=1S/C14H14N2O/c1-14(2,12-6-4-8-16-10-12)13(17)11-5-3-7-15-9-11/h3-10H,1-2H3",FJLBFSROUSIWMA-UHFFFAOYSA-N,exact DDInter name query,exact_unique,valid,"https://pubchem.ncbi.nlm.nih.gov/rest/pug/compound/name/Metyrapone/property/Title,ConnectivitySMILES,SMILES,InChI,InChIKey/JSON",2026-09-22
DDInter1205,Metyrosine,441350,Metyrosine,CC(CC1=CC=C(C=C1)O)(C(=O)O)N,C[C@](CC1=CC=C(C=C1)O)(C(=O)O)N,"InChI=1S/C10H13NO3/c1-10(11,9(13)14)6-7-2-4-8(12)5-3-7/h2-5,12H,6,11H2,1H3,(H,13,14)/t10-/m0/s1",NHTGHBARYWONDQ-JTQLQIEISA-N,exact DDInter name query,exact_unique,valid,"https://pubchem.ncbi.nlm.nih.gov/rest/pug/compound/name/Metyrosine/property/Title,ConnectivitySMILES,SMILES,InChI,InChIKey/JSON",2026-09-22
DDInter1206,Mexiletine,4178,Mexiletine,CC1=C(C(=CC=C1)C)OCC(C)N,CC1=C(C(=CC=C1)C)OCC(C)N,"InChI=1S/C11H17NO/c1-8-5-4-6-9(2)11(8)13-7-10(3)12/h4-6,10H,7,12H2,1-3H3",VLPIATFUUWWMKC-UHFFFAOYSA-N,exact DDInter name query,exact_unique,valid,"https://pubchem.ncbi.nlm.nih.gov/rest/pug/compound/name/Mexiletine/property/Title,ConnectivitySMILES,SMILES,InChI,InChIKey/JSON",2026-09-22
DDInter1207,Mezlocillin,656511,Mezlocillin,CC1(C(N2C(S1)C(C2=O)NC(=O)C(C3=CC=CC=C3)NC(=O)N4CCN(C4=O)S(=O)(=O)C)C(=O)O)C,CC1([C@@H](N2[C@H](S1)[C@@H](C2=O)NC(=O)[C@@H](C3=CC=CC=C3)NC(=O)N4CCN(C4=O)S(=O)(=O)C)C(=O)O)C,"InChI=1S/C21H25N5O8S2/c1-21(2)14(18(29)30)26-16(28)13(17(26)35-21)22-15(27)12(11-7-5-4-6-8-11)23-19(31)24-9-10-25(20(24)32)36(3,33)34/h4-8,12-14,17H,9-10H2,1-3H3,(H,22,27)(H,23,31)(H,29,30)/t12-,13-,14+,17-/m1/s1",YPBATNHYBCGSSN-VWPFQQQWSA-N,exact DDInter name query,exact_unique,valid,"https://pubchem.ncbi.nlm.nih.gov/rest/pug/compound/name/Mezlocillin/property/Title,ConnectivitySMILES,SMILES,InChI,InChIKey/JSON",2026-09-22
DDInter1208,Micafungin,477468,Micafungin,CCCCCOC1=CC=C(C=C1)C2=CC(=NO2)C3=CC=C(C=C3)C(=O)NC4CC(C(NC(=O)C5C(C(CN5C(=O)C(NC(=O)C(NC(=O)C6CC(CN6C(=O)C(NC4=O)C(C)O)O)C(C(C7=CC(=C(C=C7)O)OS(=O)(=O)O)O)O)C(CC(=O)N)O)C)O)O)O,CCCCCOC1=CC=C(C=C1)C2=CC(=NO2)C3=CC=C(C=C3)C(=O)N[C@H]4C[C@H]([C@H](NC(=O)[C@@H]5[C@H]([C@H](CN5C(=O)[C@@H](NC(=O)[C@@H](NC(=O)[C@@H]6C[C@H](CN6C(=O)[C@@H](NC4=O)[C@@H](C)O)O)[C@@H]([C@H](C7=CC(=C(C=C7)O)OS(=O)(=O)O)O)O)[C@@H](CC(=O)N)O)C)O)O)O,"InChI=1S/C56H71N9O23S/c1-4-5-6-17-86-32-14-11-28(12-15-32)39-21-33(63-87-39)27-7-9-29(10-8-27)49(75)58-34-20-38(70)52(78)62-54(80)45-46(72)25(2)23-65(45)56(82)43(37(69)22-41(57)71)60-53(79)44(48(74)47(73)30-13-16-36(68)40(18-30)88-89(83,84)85)61-51(77)35-19-31(67)24-64(35)55(81)42(26(3)66)59-50(34)76/h7-16,18,21,25-26,31,34-35,37-38,42-48,52,66-70,72-74,78H,4-6,17,19-20,22-24H2,1-3H3,(H2,57,71)(H,58,75)(H,59,76)(H,60,79)(H,61,77)(H,62,80)(H,83,84,85)/t25-,26+,31+,34-,35-,37+,38+,42-,43-,44-,45-,46-,47-,48-,52+/m0/s1",PIEUQSKUWLMALL-YABMTYFHSA-N,exact DDInter name query,exact_unique,valid,"https://pubchem.ncbi.nlm.nih.gov/rest/pug/compound/name/Micafungin/property/Title,ConnectivitySMILES,SMILES,InChI,InChIKey/JSON",2026-09-22
DDInter1209,Miconazole,4189,Miconazole,C1=CC(=C(C=C1Cl)Cl)COC(CN2C=CN=C2)C3=C(C=C(C=C3)Cl)Cl,C1=CC(=C(C=C1Cl)Cl)COC(CN2C=CN=C2)C3=C(C=C(C=C3)Cl)Cl,"InChI=1S/C18H14Cl4N2O/c19-13-2-1-12(16(21)7-13)10-25-18(9-24-6-5-23-11-24)15-4-3-14(20)8-17(15)22/h1-8,11,18H,9-10H2",BYBLEWFAAKGYCD-UHFFFAOYSA-N,exact DDInter name query,exact_unique,valid,"https://pubchem.ncbi.nlm.nih.gov/rest/pug/compound/name/Miconazole/property/Title,ConnectivitySMILES,SMILES,InChI,InChIKey/JSON",2026-09-22
DDInter121,Artemether,68911,Artemether,CC1CCC2C(C(OC3C24C1CCC(O3)(OO4)C)OC)C,C[C@@H]1CC[C@H]2[C@H]([C@H](O[C@H]3[C@@]24[C@H]1CC[C@](O3)(OO4)C)OC)C,"InChI=1S/C16H26O5/c1-9-5-6-12-10(2)13(17-4)18-14-16(12)11(9)7-8-15(3,19-14)20-21-16/h9-14H,5-8H2,1-4H3/t9-,10-,11+,12+,13+,14-,15-,16-/m1/s1",SXYIRMFQILZOAM-HVNFFKDJSA-N,exact DDInter name query,exact_unique,valid,"https://pubchem.ncbi.nlm.nih.gov/rest/pug/compound/name/Artemether/property/Title,ConnectivitySMILES,SMILES,InChI,InChIKey/JSON",2026-09-22
DDInter1210,Miconazole (topical),,,,,,,exact DDInter name query,unmapped,unavailable,"https://pubchem.ncbi.nlm.nih.gov/rest/pug/compound/name/Miconazole%20%28topical%29/property/Title,ConnectivitySMILES,SMILES,InChI,InChIKey/JSON",2026-09-22
DDInter1211,Microcrystalline cellulose,,,,,,,exact DDInter name query,unmapped,unavailable,"https://pubchem.ncbi.nlm.nih.gov/rest/pug/compound/name/Microcrystalline%20cellulose/property/Title,ConnectivitySMILES,SMILES,InChI,InChIKey/JSON",2026-09-22
DDInter1212,Midazolam,4192,Midazolam,CC1=NC=C2N1C3=C(C=C(C=C3)Cl)C(=NC2)C4=CC=CC=C4F,CC1=NC=C2N1C3=C(C=C(C=C3)Cl)C(=NC2)C4=CC=CC=C4F,"InChI=1S/C18H13ClFN3/c1-11-21-9-13-10-22-18(14-4-2-3-5-16(14)20)15-8-12(19)6-7-17(15)23(11)13/h2-9H,10H2,1H3",DDLIGBOFAVUZHB-UHFFFAOYSA-N,exact DDInter name query,exact_unique,valid,"https://pubchem.ncbi.nlm.nih.gov/rest/pug/compound/name/Midazolam/property/Title,ConnectivitySMILES,SMILES,InChI,InChIKey/JSON",2026-09-22
DDInter1213,Midodrine,4195,Midodrine,COC1=CC(=C(C=C1)OC)C(CNC(=O)CN)O,COC1=CC(=C(C=C1)OC)C(CNC(=O)CN)O,"InChI=1S/C12H18N2O4/c1-17-8-3-4-11(18-2)9(5-8)10(15)7-14-12(16)6-13/h3-5,10,15H,6-7,13H2,1-2H3,(H,14,16)",PTKSEFOSCHHMPD-UHFFFAOYSA-N,exact DDInter name query,exact_unique,valid,"https://pubchem.ncbi.nlm.nih.gov/rest/pug/compound/name/Midodrine/property/Title,ConnectivitySMILES,SMILES,InChI,InChIKey/JSON",2026-09-22
DDInter1214,Midostaurin,9829523,Midostaurin,CC12C(C(CC(O1)N3C4=CC=CC=C4C5=C6C(=C7C8=CC=CC=C8N2C7=C53)CNC6=O)N(C)C(=O)C9=CC=CC=C9)OC,C[C@@]12[C@@H]([C@@H](C[C@@H](O1)N3C4=CC=CC=C4C5=C6C(=C7C8=CC=CC=C8N2C7=C53)CNC6=O)N(C)C(=O)C9=CC=CC=C9)OC,"InChI=1S/C35H30N4O4/c1-35-32(42-3)25(37(2)34(41)19-11-5-4-6-12-19)17-26(43-35)38-23-15-9-7-13-20(23)28-29-22(18-36-33(29)40)27-21-14-8-10-16-24(21)39(35)31(27)30(28)38/h4-16,25-26,32H,17-18H2,1-3H3,(H,36,40)/t25-,26-,32-,35+/m1/s1",BMGQWWVMWDBQGC-IIFHNQTCSA-N,exact DDInter name query,exact_unique,valid,"https://pubchem.ncbi.nlm.nih.gov/rest/pug/compound/name/Midostaurin/property/Title,ConnectivitySMILES,SMILES,InChI,InChIKey/JSON",2026-09-22
DDInter1215,Mifepristone,55245,Mifepristone,CC#CC1(CCC2C1(CC(C3=C4CCC(=O)C=C4CCC23)C5=CC=C(C=C5)N(C)C)C)O,CC#C[C@@]1(CC[C@@H]2[C@@]1(C[C@@H](C3=C4CCC(=O)C=C4CC[C@@H]23)C5=CC=C(C=C5)N(C)C)C)O,"InChI=1S/C29H35NO2/c1-5-15-29(32)16-14-26-24-12-8-20-17-22(31)11-13-23(20)27(24)25(18-28(26,29)2)19-6-9-21(10-7-19)30(3)4/h6-7,9-10,17,24-26,32H,8,11-14,16,18H2,1-4H3/t24-,25+,26-,28-,29-/m0/s1",VKHAHZOOUSRJNA-GCNJZUOMSA-N,exact DDInter name query,exact_unique,valid,"https://pubchem.ncbi.nlm.nih.gov/rest/pug/compound/name/Mifepristone/property/Title,ConnectivitySMILES,SMILES,InChI,InChIKey/JSON",2026-09-22
DDInter1216,Migalastat,176077,Migalastat,C1C(C(C(C(N1)CO)O)O)O,C1[C@@H]([C@H]([C@H]([C@H](N1)CO)O)O)O,"InChI=1S/C6H13NO4/c8-2-3-5(10)6(11)4(9)1-7-3/h3-11H,1-2H2/t3-,4+,5+,6-/m1/s1",LXBIFEVIBLOUGU-DPYQTVNSSA-N,exact DDInter name query,exact_unique,valid,"https://pubchem.ncbi.nlm.nih.gov/rest/pug/compound/name/Migalastat/property/Title,ConnectivitySMILES,SMILES,InChI,InChIKey/JSON",2026-09-22
DDInter1217,Miglitol,441314,Miglitol,C1C(C(C(C(N1CCO)CO)O)O)O,C1[C@@H]([C@H]([C@@H]([C@H](N1CCO)CO)O)O)O,"InChI=1S/C8H17NO5/c10-2-1-9-3-6(12)8(14)7(13)5(9)4-11/h5-8,10-14H,1-4H2/t5-,6+,7-,8-/m1/s1",IBAQFPQHRJAVAV-ULAWRXDQSA-N,exact DDInter name query,exact_unique,valid,"https://pubchem.ncbi.nlm.nih.gov/rest/pug/compound/name/Miglitol/property/Title,ConnectivitySMILES,SMILES,InChI,InChIKey/JSON",2026-09-22
DDInter1218,Miglustat,51634,Miglustat,CCCCN1CC(C(C(C1CO)O)O)O,CCCCN1C[C@@H]([C@H]([C@@H]([C@H]1CO)O)O)O,"InChI=1S/C10H21NO4/c1-2-3-4-11-5-8(13)10(15)9(14)7(11)6-12/h7-10,12-15H,2-6H2,1H3/t7-,8+,9-,10-/m1/s1",UQRORFVVSGFNRO-UTINFBMNSA-N,exact DDInter name query,exact_unique,valid,"https://pubchem.ncbi.nlm.nih.gov/rest/pug/compound/name/Miglustat/property/Title,ConnectivitySMILES,SMILES,InChI,InChIKey/JSON",2026-09-22
DDInter1219,Milk thistle,,,,,,,exact DDInter name query,unmapped,unavailable,"https://pubchem.ncbi.nlm.nih.gov/rest/pug/compound/name/Milk%20thistle/property/Title,ConnectivitySMILES,SMILES,InChI,InChIKey/JSON",2026-09-22
DDInter122,Artesunate,6917864,Artesunate,CC1CCC2C(C(OC3C24C1CCC(O3)(OO4)C)OC(=O)CCC(=O)O)C,C[C@@H]1CC[C@H]2[C@H]([C@@H](O[C@H]3[C@@]24[C@H]1CC[C@](O3)(OO4)C)OC(=O)CCC(=O)O)C,"InChI=1S/C19H28O8/c1-10-4-5-13-11(2)16(23-15(22)7-6-14(20)21)24-17-19(13)12(10)8-9-18(3,25-17)26-27-19/h10-13,16-17H,4-9H2,1-3H3,(H,20,21)/t10-,11-,12+,13+,16-,17-,18-,19-/m1/s1",FIHJKUPKCHIPAT-AHIGJZGOSA-N,exact DDInter name query,exact_unique,valid,"https://pubchem.ncbi.nlm.nih.gov/rest/pug/compound/name/Artesunate/property/Title,ConnectivitySMILES,SMILES,InChI,InChIKey/JSON",2026-09-22
DDInter1220,Milnacipran,65833,Milnacipran,CCN(CC)C(=O)C1(CC1CN)C2=CC=CC=C2,CCN(CC)C(=O)[C@@]1(C[C@@H]1CN)C2=CC=CC=C2,"InChI=1S/C15H22N2O/c1-3-17(4-2)14(18)15(10-13(15)11-16)12-8-6-5-7-9-12/h5-9,13H,3-4,10-11,16H2,1-2H3/t13-,15+/m1/s1",GJJFMKBJSRMPLA-HIFRSBDPSA-N,exact DDInter name query,exact_unique,valid,"https://pubchem.ncbi.nlm.nih.gov/rest/pug/compound/name/Milnacipran/property/Title,ConnectivitySMILES,SMILES,InChI,InChIKey/JSON",2026-09-22
DDInter1221,Milrinone,4197,Milrinone,CC1=C(C=C(C(=O)N1)C#N)C2=CC=NC=C2,CC1=C(C=C(C(=O)N1)C#N)C2=CC=NC=C2,"InChI=1S/C12H9N3O/c1-8-11(9-2-4-14-5-3-9)6-10(7-13)12(16)15-8/h2-6H,1H3,(H,15,16)",PZRHRDRVRGEVNW-UHFFFAOYSA-N,exact DDInter name query,exact_unique,valid,"https://pubchem.ncbi.nlm.nih.gov/rest/pug/compound/name/Milrinone/property/Title,ConnectivitySMILES,SMILES,InChI,InChIKey/JSON",2026-09-22
DDInter1222,Miltefosine,3599,Miltefosine,CCCCCCCCCCCCCCCCOP(=O)([O-])OCC[N+](C)(C)C,CCCCCCCCCCCCCCCCOP(=O)([O-])OCC[N+](C)(C)C,"InChI=1S/C21H46NO4P/c1-5-6-7-8-9-10-11-12-13-14-15-16-17-18-20-25-27(23,24)26-21-19-22(2,3)4/h5-21H2,1-4H3",PQLXHQMOHUQAKB-UHFFFAOYSA-N,exact DDInter name query,exact_unique,valid,"https://pubchem.ncbi.nlm.nih.gov/rest/pug/compound/name/Miltefosine/property/Title,ConnectivitySMILES,SMILES,InChI,InChIKey/JSON",2026-09-22
DDInter1223,Mineral oil,,,,,,,exact DDInter name query,unmapped,unavailable,"https://pubchem.ncbi.nlm.nih.gov/rest/pug/compound/name/Mineral%20oil/property/Title,ConnectivitySMILES,SMILES,InChI,InChIKey/JSON",2026-09-22
DDInter1224,Minocycline,54675783,Minocycline,CN(C)C1C2CC3CC4=C(C=CC(=C4C(=C3C(=O)C2(C(=C(C1=O)C(=O)N)O)O)O)O)N(C)C,CN(C)[C@H]1[C@@H]2C[C@@H]3CC4=C(C=CC(=C4C(=C3C(=O)[C@@]2(C(=C(C1=O)C(=O)N)O)O)O)O)N(C)C,"InChI=1S/C23H27N3O7/c1-25(2)12-5-6-13(27)15-10(12)7-9-8-11-17(26(3)4)19(29)16(22(24)32)21(31)23(11,33)20(30)14(9)18(15)28/h5-6,9,11,17,27-28,31,33H,7-8H2,1-4H3,(H2,24,32)/t9-,11-,17-,23-/m0/s1",FFTVPQUHLQBXQZ-KVUCHLLUSA-N,exact DDInter name query,exact_unique,valid,"https://pubchem.ncbi.nlm.nih.gov/rest/pug/compound/name/Minocycline/property/Title,ConnectivitySMILES,SMILES,InChI,InChIKey/JSON",2026-09-22
DDInter1225,Minocycline (topical),,,,,,,exact DDInter name query,unmapped,unavailable,"https://pubchem.ncbi.nlm.nih.gov/rest/pug/compound/name/Minocycline%20%28topical%29/property/Title,ConnectivitySMILES,SMILES,InChI,InChIKey/JSON",2026-09-22
DDInter1226,Minoxidil,4201,Minoxidil,C1CCN(CC1)C2=NC(=N)N(C(=C2)N)O,C1CCN(CC1)C2=NC(=N)N(C(=C2)N)O,"InChI=1S/C9H15N5O/c10-7-6-8(12-9(11)14(7)15)13-4-2-1-3-5-13/h6,11,15H,1-5,10H2",ZIMGGGWCDYVHOY-UHFFFAOYSA-N,exact DDInter name query,exact_unique,valid,"https://pubchem.ncbi.nlm.nih.gov/rest/pug/compound/name/Minoxidil/property/Title,ConnectivitySMILES,SMILES,InChI,InChIKey/JSON",2026-09-22
DDInter1227,Minoxidil (topical),,,,,,,exact DDInter name query,unmapped,unavailable,"https://pubchem.ncbi.nlm.nih.gov/rest/pug/compound/name/Minoxidil%20%28topical%29/property/Title,ConnectivitySMILES,SMILES,InChI,InChIKey/JSON",2026-09-22
DDInter1228,Mipomersen,71301230,CID 71301230,CC1=CN(C(=O)NC1=O)C2CC(C(O2)COP(=O)([O-])SC3CC(OC3COP(=O)([O-])SC4CC(OC4COP(=O)([O-])SC5CC(OC5COP(=O)([O-])SC6CC(OC6COP(=O)([O-])SC7CC(OC7COP(=O)([O-])SC8CC(OC8COP(=O)([O-])SC9CC(OC9COP(=O)([O-])SC1C(OC(C1OCCOC)N1C=C(C(=NC1=O)N)C)COP(=O)([O-])SC1C(OC(C1OCCOC)N1C=C(C(=O)NC1=O)C)COP(=O)([O-])SC1C(OC(C1OCCOC)N1C=C(C(=NC1=O)N)C)COP(=O)([O-])SC1C(OC(C1OCCOC)N1C=C(C(=NC1=O)N)C)COP(=O)([O-])SC1C(OC(C1OCCOC)N1C=NC2=C1N=C(NC2=O)N)CO)N1C=NC2=C(N=CN=C21)N)N1C=NC2=C1N=C(NC2=O)N)N1C=C(C(=O)NC1=O)C)N1C=C(C(=NC1=O)N)C)N1C=C(C(=O)NC1=O)C)N1C=NC2=C1N=C(NC2=O)N)N1C=C(C(=NC1=O)N)C)SP(=O)([O-])OCC1C(CC(O1)N1C=C(C(=O)NC1=O)C)SP(=O)([O-])OCC1C(CC(O1)N1C=C(C(=NC1=O)N)C)SP(=O)([O-])OCC1C(C(C(O1)N1C=NC2=C1N=C(NC2=O)N)OCCOC)SP(=O)([O-])OCC1C(C(C(O1)N1C=C(C(=NC1=O)N)C)OCCOC)SP(=O)([O-])OCC1C(C(C(O1)N1C=NC2=C(N=CN=C21)N)OCCOC)SP(=O)([O-])OCC1C(C(C(O1)N1C=C(C(=NC1=O)N)C)OCCOC)SP(=O)([O-])OCC1C(C(C(O1)N1C=C(C(=NC1=O)N)C)OCCOC)O,CC1=CN(C(=O)NC1=O)[C@H]2C[C@@H]([C@H](O2)COP(=O)([O-])S[C@H]3C[C@@H](O[C@@H]3COP(=O)([O-])S[C@H]4C[C@@H](O[C@@H]4COP(=O)([O-])S[C@H]5C[C@@H](O[C@@H]5COP(=O)([O-])S[C@H]6C[C@@H](O[C@@H]6COP(=O)([O-])S[C@H]7C[C@@H](O[C@@H]7COP(=O)([O-])S[C@H]8C[C@@H](O[C@@H]8COP(=O)([O-])S[C@H]9C[C@@H](O[C@@H]9COP(=O)([O-])S[C@@H]1[C@H](O[C@H]([C@@H]1OCCOC)N1C=C(C(=NC1=O)N)C)COP(=O)([O-])S[C@@H]1[C@H](O[C@H]([C@@H]1OCCOC)N1C=C(C(=O)NC1=O)C)COP(=O)([O-])S[C@@H]1[C@H](O[C@H]([C@@H]1OCCOC)N1C=C(C(=NC1=O)N)C)COP(=O)([O-])S[C@@H]1[C@H](O[C@H]([C@@H]1OCCOC)N1C=C(C(=NC1=O)N)C)COP(=O)([O-])S[C@@H]1[C@H](O[C@H]([C@@H]1OCCOC)N1C=NC2=C1N=C(NC2=O)N)CO)N1C=NC2=C(N=CN=C21)N)N1C=NC2=C1N=C(NC2=O)N)N1C=C(C(=O)NC1=O)C)N1C=C(C(=NC1=O)N)C)N1C=C(C(=O)NC1=O)C)N1C=NC2=C1N=C(NC2=O)N)N1C=C(C(=NC1=O)N)C)SP(=O)([O-])OC[C@@H]1[C@H](C[C@@H](O1)N1C=C(C(=O)NC1=O)C)SP(=O)([O-])OC[C@@H]1[C@H](C[C@@H](O1)N1C=C(C(=NC1=O)N)C)SP(=O)([O-])OC[C@@H]1[C@H]([C@H]([C@@H](O1)N1C=NC2=C1N=C(NC2=O)N)OCCOC)SP(=O)([O-])OC[C@H]1[C@@H]([C@@H]([C@H](O1)N1C=C(C(=NC1=O)N)C)OCCOC)SP(=O)([O-])OC[C@H]1[C@@H]([C@@H]([C@H](O1)N1C=NC2=C(N=CN=C21)N)OCCOC)SP(=O)([O-])OC[C@H]1[C@@H]([C@@H]([C@H](O1)N1C=C(C(=NC1=O)N)C)OCCOC)SP(=O)([O-])OC[C@H]1[C@@H]([C@@H]([C@H](O1)N1C=C(C(=NC1=O)N)C)OCCOC)O,"InChI=1S/C230H324N67O122P19S19/c1-97-55-278(217(309)256-177(97)231)141-45-131(112(400-141)70-381-422(327,328)442-136-50-146(283-66-108(12)196(302)275-228(283)320)406-118(136)76-387-427(337,338)448-140-54-150(294-93-253-154-191(294)266-214(243)270-200(154)306)409-120(140)78-389-428(339,340)446-138-52-148(292-91-250-151-186(240)246-89-248-188(151)292)407-121(138)79-390-430(343,344)450-169-124(413-204(160(169)373-37-27-363-17)286-59-101(5)181(235)260-221(286)313)83-394-435(353,354)455-174-128(417-209(165(174)378-42-32-368-22)291-68-110(14)198(304)277-230(291)322)87-396-434(351,352)453-172-126(415-207(163(172)376-40-30-366-20)289-62-104(8)184(238)263-224(289)316)85-395-433(349,350)452-171-123(412-206(162(171)375-39-29-365-19)288-61-103(7)183(237)262-223(288)315)82-393-432(347,348)449-168-111(69-298)410-211(159(168)372-36-26-362-16)296-95-254-155-192(296)267-215(244)271-201(155)307)439-420(323,324)384-74-117-137(51-147(405-117)284-67-109(13)197(303)276-229(284)321)444-425(333,334)388-77-119-139(53-149(408-119)293-92-252-153-190(293)265-213(242)269-199(153)305)447-426(335,336)386-71-113-132(46-142(401-113)279-56-98(2)178(232)257-218(279)310)440-421(325,326)383-73-115-135(49-145(403-115)282-65-107(11)195(301)274-227(282)319)443-424(331,332)385-75-116-134(48-144(404-116)281-64-106(10)194(300)273-226(281)318)441-423(329,330)382-72-114-133(47-143(402-114)280-57-99(3)179(233)258-219(280)311)445-429(341,342)392-81-129-176(167(380-44-34-370-24)212(419-129)297-96-255-156-193(297)268-216(245)272-202(156)308)457-438(359,360)398-86-127-173(164(377-41-31-367-21)208(416-127)290-63-105(9)185(239)264-225(290)317)454-436(355,356)399-88-130-175(166(379-43-33-369-23)210(418-130)295-94-251-152-187(241)247-90-249-189(152)295)456-437(357,358)397-84-125-170(161(374-38-28-364-18)205(414-125)287-60-102(6)182(236)261-222(287)314)451-431(345,346)391-80-122-157(299)158(371-35-25-361-15)203(411-122)285-58-100(4)180(234)259-220(285)312/h55-68,89-96,111-150,157-176,203-212,298-299H,25-54,69-88H2,1-24H3,(H,323,324)(H,325,326)(H,327,328)(H,329,330)(H,331,332)(H,333,334)(H,335,336)(H,337,338)(H,339,340)(H,341,342)(H,343,344)(H,345,346)(H,347,348)(H,349,350)(H,351,352)(H,353,354)(H,355,356)(H,357,358)(H,359,360)(H2,231,256,309)(H2,232,257,310)(H2,233,258,311)(H2,234,259,312)(H2,235,260,313)(H2,236,261,314)(H2,237,262,315)(H2,238,263,316)(H2,239,264,317)(H2,240,246,248)(H2,241,247,249)(H,273,300,318)(H,274,301,319)(H,275,302,320)(H,276,303,321)(H,277,304,322)(H3,242,265,269,305)(H3,243,266,270,306)(H3,244,267,271,307)(H3,245,268,272,308)/p-19/t111-,112-,113-,114-,115-,116-,117-,118-,119-,120-,121-,122+,123-,124-,125+,126-,127+,128-,129-,130+,131+,132+,133+,134+,135+,136+,137+,138+,139+,140+,141-,142-,143-,144-,145-,146-,147-,148-,149-,150-,157+,158+,159-,160-,161+,162-,163-,164+,165-,166+,167-,168-,169-,170+,171-,172-,173+,174-,175+,176-,203+,204-,205+,206-,207-,208+,209-,210+,211-,212-/m1/s1",TZRFSLHOCZEXCC-HIVFKXHNSA-A,exact DDInter name query,ambiguous,excluded_title_mismatch,"https://pubchem.ncbi.nlm.nih.gov/rest/pug/compound/name/Mipomersen/property/Title,ConnectivitySMILES,SMILES,InChI,InChIKey/JSON",2026-09-22
DDInter1229,Mirabegron,9865528,Mirabegron,C1=CC=C(C=C1)C(CNCCC2=CC=C(C=C2)NC(=O)CC3=CSC(=N3)N)O,C1=CC=C(C=C1)[C@H](CNCCC2=CC=C(C=C2)NC(=O)CC3=CSC(=N3)N)O,"InChI=1S/C21H24N4O2S/c22-21-25-18(14-28-21)12-20(27)24-17-8-6-15(7-9-17)10-11-23-13-19(26)16-4-2-1-3-5-16/h1-9,14,19,23,26H,10-13H2,(H2,22,25)(H,24,27)/t19-/m0/s1",PBAPPPCECJKMCM-IBGZPJMESA-N,exact DDInter name query,exact_unique,valid,"https://pubchem.ncbi.nlm.nih.gov/rest/pug/compound/name/Mirabegron/property/Title,ConnectivitySMILES,SMILES,InChI,InChIKey/JSON",2026-09-22
DDInter123,Articaine,32170,Articaine,CCCNC(C)C(=O)NC1=C(SC=C1C)C(=O)OC,CCCNC(C)C(=O)NC1=C(SC=C1C)C(=O)OC,"InChI=1S/C13H20N2O3S/c1-5-6-14-9(3)12(16)15-10-8(2)7-19-11(10)13(17)18-4/h7,9,14H,5-6H2,1-4H3,(H,15,16)",QTGIAADRBBLJGA-UHFFFAOYSA-N,exact DDInter name query,exact_unique,valid,"https://pubchem.ncbi.nlm.nih.gov/rest/pug/compound/name/Articaine/property/Title,ConnectivitySMILES,SMILES,InChI,InChIKey/JSON",2026-09-22
DDInter1230,Mirtazapine,4205,Mirtazapine,CN1CCN2C(C1)C3=CC=CC=C3CC4=C2N=CC=C4,CN1CCN2C(C1)C3=CC=CC=C3CC4=C2N=CC=C4,"InChI=1S/C17H19N3/c1-19-9-10-20-16(12-19)15-7-3-2-5-13(15)11-14-6-4-8-18-17(14)20/h2-8,16H,9-12H2,1H3",RONZAEMNMFQXRA-UHFFFAOYSA-N,exact DDInter name query,exact_unique,valid,"https://pubchem.ncbi.nlm.nih.gov/rest/pug/compound/name/Mirtazapine/property/Title,ConnectivitySMILES,SMILES,InChI,InChIKey/JSON",2026-09-22
DDInter1231,Misoprostol,5282381,Misoprostol,CCCCC(C)(CC=CC1C(CC(=O)C1CCCCCCC(=O)OC)O)O,CCCCC(C)(C/C=C/[C@H]1[C@@H](CC(=O)[C@@H]1CCCCCCC(=O)OC)O)O,"InChI=1S/C22H38O5/c1-4-5-14-22(2,26)15-10-12-18-17(19(23)16-20(18)24)11-8-6-7-9-13-21(25)27-3/h10,12,17-18,20,24,26H,4-9,11,13-16H2,1-3H3/b12-10+/t17-,18-,20-,22?/m1/s1",OJLOPKGSLYJEMD-URPKTTJQSA-N,exact DDInter name query,exact_unique,valid,"https://pubchem.ncbi.nlm.nih.gov/rest/pug/compound/name/Misoprostol/property/Title,ConnectivitySMILES,SMILES,InChI,InChIKey/JSON",2026-09-22
DDInter1232,Mitomycin,5746,Mitomycin C,CC1=C(C(=O)C2=C(C1=O)N3CC4C(C3(C2COC(=O)N)OC)N4)N,CC1=C(C(=O)C2=C(C1=O)N3C[C@H]4[C@@H]([C@@]3([C@@H]2COC(=O)N)OC)N4)N,"InChI=1S/C15H18N4O5/c1-5-9(16)12(21)8-6(4-24-14(17)22)15(23-2)13-7(18-13)3-19(15)10(8)11(5)20/h6-7,13,18H,3-4,16H2,1-2H3,(H2,17,22)/t6-,7+,13+,15-/m1/s1",NWIBSHFKIJFRCO-WUDYKRTCSA-N,exact DDInter name query,ambiguous,excluded_title_mismatch,"https://pubchem.ncbi.nlm.nih.gov/rest/pug/compound/name/Mitomycin/property/Title,ConnectivitySMILES,SMILES,InChI,InChIKey/JSON",2026-09-22
DDInter1233,Mitotane,4211,Mitotane,C1=CC=C(C(=C1)C(C2=CC=C(C=C2)Cl)C(Cl)Cl)Cl,C1=CC=C(C(=C1)C(C2=CC=C(C=C2)Cl)C(Cl)Cl)Cl,"InChI=1S/C14H10Cl4/c15-10-7-5-9(6-8-10)13(14(17)18)11-3-1-2-4-12(11)16/h1-8,13-14H",JWBOIMRXGHLCPP-UHFFFAOYSA-N,exact DDInter name query,exact_unique,valid,"https://pubchem.ncbi.nlm.nih.gov/rest/pug/compound/name/Mitotane/property/Title,ConnectivitySMILES,SMILES,InChI,InChIKey/JSON",2026-09-22
DDInter1234,Mitoxantrone,4212,Mitoxantrone,C1=CC(=C2C(=C1NCCNCCO)C(=O)C3=C(C=CC(=C3C2=O)O)O)NCCNCCO,C1=CC(=C2C(=C1NCCNCCO)C(=O)C3=C(C=CC(=C3C2=O)O)O)NCCNCCO,"InChI=1S/C22H28N4O6/c27-11-9-23-5-7-25-13-1-2-14(26-8-6-24-10-12-28)18-17(13)21(31)19-15(29)3-4-16(30)20(19)22(18)32/h1-4,23-30H,5-12H2",KKZJGLLVHKMTCM-UHFFFAOYSA-N,exact DDInter name query,exact_unique,valid,"https://pubchem.ncbi.nlm.nih.gov/rest/pug/compound/name/Mitoxantrone/property/Title,ConnectivitySMILES,SMILES,InChI,InChIKey/JSON",2026-09-22
DDInter1235,Mivacurium,5281042,Mivacurium,C[N+]1(CCC2=CC(=C(C=C2C1CC3=CC(=C(C(=C3)OC)OC)OC)OC)OC)CCCOC(=O)CCC=CCCC(=O)OCCC[N+]4(CCC5=CC(=C(C=C5C4CC6=CC(=C(C(=C6)OC)OC)OC)OC)OC)C,C[N+]1(CCC2=CC(=C(C=C2[C@H]1CC3=CC(=C(C(=C3)OC)OC)OC)OC)OC)CCCOC(=O)CC/C=C/CCC(=O)OCCC[N+]4(CCC5=CC(=C(C=C5[C@H]4CC6=CC(=C(C(=C6)OC)OC)OC)OC)OC)C,"InChI=1S/C58H80N2O14/c1-59(25-21-41-35-47(63-3)49(65-5)37-43(41)45(59)29-39-31-51(67-7)57(71-11)52(32-39)68-8)23-17-27-73-55(61)19-15-13-14-16-20-56(62)74-28-18-24-60(2)26-22-42-36-48(64-4)50(66-6)38-44(42)46(60)30-40-33-53(69-9)58(72-12)54(34-40)70-10/h13-14,31-38,45-46H,15-30H2,1-12H3/q+2/b14-13+/t45-,46-,59?,60?/m1/s1",ILVYCEVXHALBSC-OTBYEXOQSA-N,exact DDInter name query,exact_unique,valid,"https://pubchem.ncbi.nlm.nih.gov/rest/pug/compound/name/Mivacurium/property/Title,ConnectivitySMILES,SMILES,InChI,InChIKey/JSON",2026-09-22
DDInter1236,Modafinil,4236,Modafinil,C1=CC=C(C=C1)C(C2=CC=CC=C2)S(=O)CC(=O)N,C1=CC=C(C=C1)C(C2=CC=CC=C2)S(=O)CC(=O)N,"InChI=1S/C15H15NO2S/c16-14(17)11-19(18)15(12-7-3-1-4-8-12)13-9-5-2-6-10-13/h1-10,15H,11H2,(H2,16,17)",YFGHCGITMMYXAQ-UHFFFAOYSA-N,exact DDInter name query,exact_unique,valid,"https://pubchem.ncbi.nlm.nih.gov/rest/pug/compound/name/Modafinil/property/Title,ConnectivitySMILES,SMILES,InChI,InChIKey/JSON",2026-09-22
DDInter1237,Moexipril,91270,Moexipril,CCOC(=O)C(CCC1=CC=CC=C1)NC(C)C(=O)N2CC3=CC(=C(C=C3CC2C(=O)O)OC)OC,CCOC(=O)[C@H](CCC1=CC=CC=C1)N[C@@H](C)C(=O)N2CC3=CC(=C(C=C3C[C@H]2C(=O)O)OC)OC,"InChI=1S/C27H34N2O7/c1-5-36-27(33)21(12-11-18-9-7-6-8-10-18)28-17(2)25(30)29-16-20-15-24(35-4)23(34-3)14-19(20)13-22(29)26(31)32/h6-10,14-15,17,21-22,28H,5,11-13,16H2,1-4H3,(H,31,32)/t17-,21-,22-/m0/s1",UWWDHYUMIORJTA-HSQYWUDLSA-N,exact DDInter name query,exact_unique,valid,"https://pubchem.ncbi.nlm.nih.gov/rest/pug/compound/name/Moexipril/property/Title,ConnectivitySMILES,SMILES,InChI,InChIKey/JSON",2026-09-22
DDInter1238,Mogamulizumab,,,,,,,exact DDInter name query,unmapped,unavailable,"https://pubchem.ncbi.nlm.nih.gov/rest/pug/compound/name/Mogamulizumab/property/Title,ConnectivitySMILES,SMILES,InChI,InChIKey/JSON",2026-09-22
DDInter1239,Molindone,23897,Molindone,CCC1=C(NC2=C1C(=O)C(CC2)CN3CCOCC3)C,CCC1=C(NC2=C1C(=O)C(CC2)CN3CCOCC3)C,"InChI=1S/C16H24N2O2/c1-3-13-11(2)17-14-5-4-12(16(19)15(13)14)10-18-6-8-20-9-7-18/h12,17H,3-10H2,1-2H3",KLPWJLBORRMFGK-UHFFFAOYSA-N,exact DDInter name query,exact_unique,valid,"https://pubchem.ncbi.nlm.nih.gov/rest/pug/compound/name/Molindone/property/Title,ConnectivitySMILES,SMILES,InChI,InChIKey/JSON",2026-09-22
DDInter124,Ascorbic acid,54670067,L-Ascorbic Acid,C(C(C1C(=C(C(=O)O1)O)O)O)O,C([C@@H]([C@@H]1C(=C(C(=O)O1)O)O)O)O,"InChI=1S/C6H8O6/c7-1-2(8)5-3(9)4(10)6(11)12-5/h2,5,7-10H,1H2/t2-,5+/m0/s1",CIWBSHSKHKDKBQ-JLAZNSOCSA-N,exact DDInter name query,ambiguous,excluded_title_mismatch,"https://pubchem.ncbi.nlm.nih.gov/rest/pug/compound/name/Ascorbic%20acid/property/Title,ConnectivitySMILES,SMILES,InChI,InChIKey/JSON",2026-09-22
DDInter1240,Monomethyl fumarate,5369209,Monomethyl Fumarate,COC(=O)C=CC(=O)O,COC(=O)/C=C/C(=O)O,"InChI=1S/C5H6O4/c1-9-5(8)3-2-4(6)7/h2-3H,1H3,(H,6,7)/b3-2+",NKHAVTQWNUWKEO-NSCUHMNNSA-N,exact DDInter name query,exact_unique,valid,"https://pubchem.ncbi.nlm.nih.gov/rest/pug/compound/name/Monomethyl%20fumarate/property/Title,ConnectivitySMILES,SMILES,InChI,InChIKey/JSON",2026-09-22
DDInter1241,Monopotassium phosphate,516951,Monobasic potassium phosphate,OP(=O)(O)[O-].[K+],OP(=O)(O)[O-].[K+],"InChI=1S/K.H3O4P/c;1-5(2,3)4/h;(H3,1,2,3,4)/q+1;/p-1",GNSKLFRGEWLPPA-UHFFFAOYSA-M,exact DDInter name query,ambiguous,excluded_title_mismatch,"https://pubchem.ncbi.nlm.nih.gov/rest/pug/compound/name/Monopotassium%20phosphate/property/Title,ConnectivitySMILES,SMILES,InChI,InChIKey/JSON",2026-09-22
DDInter1242,Montelukast,5281040,Montelukast,CC(C)(C1=CC=CC=C1CCC(C2=CC=CC(=C2)C=CC3=NC4=C(C=CC(=C4)Cl)C=C3)SCC5(CC5)CC(=O)O)O,CC(C)(C1=CC=CC=C1CC[C@H](C2=CC=CC(=C2)/C=C/C3=NC4=C(C=CC(=C4)Cl)C=C3)SCC5(CC5)CC(=O)O)O,"InChI=1S/C35H36ClNO3S/c1-34(2,40)30-9-4-3-7-25(30)13-17-32(41-23-35(18-19-35)22-33(38)39)27-8-5-6-24(20-27)10-15-29-16-12-26-11-14-28(36)21-31(26)37-29/h3-12,14-16,20-21,32,40H,13,17-19,22-23H2,1-2H3,(H,38,39)/b15-10+/t32-/m1/s1",UCHDWCPVSPXUMX-TZIWLTJVSA-N,exact DDInter name query,exact_unique,valid,"https://pubchem.ncbi.nlm.nih.gov/rest/pug/compound/name/Montelukast/property/Title,ConnectivitySMILES,SMILES,InChI,InChIKey/JSON",2026-09-22
DDInter1243,Moricizine,34633,Moricizine,CCOC(=O)NC1=CC2=C(C=C1)SC3=CC=CC=C3N2C(=O)CCN4CCOCC4,CCOC(=O)NC1=CC2=C(C=C1)SC3=CC=CC=C3N2C(=O)CCN4CCOCC4,"InChI=1S/C22H25N3O4S/c1-2-29-22(27)23-16-7-8-20-18(15-16)25(17-5-3-4-6-19(17)30-20)21(26)9-10-24-11-13-28-14-12-24/h3-8,15H,2,9-14H2,1H3,(H,23,27)",FUBVWMNBEHXPSU-UHFFFAOYSA-N,exact DDInter name query,exact_unique,valid,"https://pubchem.ncbi.nlm.nih.gov/rest/pug/compound/name/Moricizine/property/Title,ConnectivitySMILES,SMILES,InChI,InChIKey/JSON",2026-09-22
DDInter1244,Morphine,5288826,Morphine,CN1CCC23C4C1CC5=C2C(=C(C=C5)O)OC3C(C=C4)O,CN1CC[C@]23[C@@H]4[C@H]1CC5=C2C(=C(C=C5)O)O[C@H]3[C@H](C=C4)O,"InChI=1S/C17H19NO3/c1-18-7-6-17-10-3-5-13(20)16(17)21-15-12(19)4-2-9(14(15)17)8-11(10)18/h2-5,10-11,13,16,19-20H,6-8H2,1H3/t10-,11+,13-,16-,17-/m0/s1",BQJCRHHNABKAKU-KBQPJGBKSA-N,exact DDInter name query,exact_unique,valid,"https://pubchem.ncbi.nlm.nih.gov/rest/pug/compound/name/Morphine/property/Title,ConnectivitySMILES,SMILES,InChI,InChIKey/JSON",2026-09-22
DDInter1245,Morphine (liposomal),,,,,,,exact DDInter name query,unmapped,unavailable,"https://pubchem.ncbi.nlm.nih.gov/rest/pug/compound/name/Morphine%20%28liposomal%29/property/Title,ConnectivitySMILES,SMILES,InChI,InChIKey/JSON",2026-09-22
DDInter1246,Moxetumomab Pasudotox,,,,,,,exact DDInter name query,unmapped,unavailable,"https://pubchem.ncbi.nlm.nih.gov/rest/pug/compound/name/Moxetumomab%20Pasudotox/property/Title,ConnectivitySMILES,SMILES,InChI,InChIKey/JSON",2026-09-22
DDInter1247,Moxifloxacin,152946,Moxifloxacin,COC1=C2C(=CC(=C1N3CC4CCCNC4C3)F)C(=O)C(=CN2C5CC5)C(=O)O,COC1=C2C(=CC(=C1N3C[C@@H]4CCCN[C@@H]4C3)F)C(=O)C(=CN2C5CC5)C(=O)O,"InChI=1S/C21H24FN3O4/c1-29-20-17-13(19(26)14(21(27)28)9-25(17)12-4-5-12)7-15(22)18(20)24-8-11-3-2-6-23-16(11)10-24/h7,9,11-12,16,23H,2-6,8,10H2,1H3,(H,27,28)/t11-,16+/m0/s1",FABPRXSRWADJSP-MEDUHNTESA-N,exact DDInter name query,exact_unique,valid,"https://pubchem.ncbi.nlm.nih.gov/rest/pug/compound/name/Moxifloxacin/property/Title,ConnectivitySMILES,SMILES,InChI,InChIKey/JSON",2026-09-22
DDInter1248,Mumps virus strain B level jeryl lynn live antigen,,,,,,,exact DDInter name query,unmapped,unavailable,"https://pubchem.ncbi.nlm.nih.gov/rest/pug/compound/name/Mumps%20virus%20strain%20B%20level%20jeryl%20lynn%20live%20antigen/property/Title,ConnectivitySMILES,SMILES,InChI,InChIKey/JSON",2026-09-22
DDInter1249,Mupirocin,446596,Mupirocin,CC(C1C(O1)CC2COC(C(C2O)O)CC(=CC(=O)OCCCCCCCCC(=O)O)C)C(C)O,C[C@H]([C@H]1[C@@H](O1)C[C@H]2CO[C@H]([C@@H]([C@@H]2O)O)C/C(=C/C(=O)OCCCCCCCCC(=O)O)/C)[C@H](C)O,"InChI=1S/C26H44O9/c1-16(13-23(30)33-11-9-7-5-4-6-8-10-22(28)29)12-20-25(32)24(31)19(15-34-20)14-21-26(35-21)17(2)18(3)27/h13,17-21,24-27,31-32H,4-12,14-15H2,1-3H3,(H,28,29)/b16-13+/t17-,18-,19-,20-,21-,24+,25-,26-/m0/s1",MINDHVHHQZYEEK-HBBNESRFSA-N,exact DDInter name query,exact_unique,valid,"https://pubchem.ncbi.nlm.nih.gov/rest/pug/compound/name/Mupirocin/property/Title,ConnectivitySMILES,SMILES,InChI,InChIKey/JSON",2026-09-22
DDInter125,Asenapine,163091,Asenapine,CN1CC2C(C1)C3=C(C=CC(=C3)Cl)OC4=CC=CC=C24,CN1C[C@H]2[C@H](C1)C3=C(C=CC(=C3)Cl)OC4=CC=CC=C24,"InChI=1S/C17H16ClNO/c1-19-9-14-12-4-2-3-5-16(12)20-17-7-6-11(18)8-13(17)15(14)10-19/h2-8,14-15H,9-10H2,1H3/t14-,15-/m1/s1",VSWBSWWIRNCQIJ-HUUCEWRRSA-N,exact DDInter name query,exact_unique,valid,"https://pubchem.ncbi.nlm.nih.gov/rest/pug/compound/name/Asenapine/property/Title,ConnectivitySMILES,SMILES,InChI,InChIKey/JSON",2026-09-22
DDInter1250,Muromonab,,,,,,,exact DDInter name query,unmapped,unavailable,"https://pubchem.ncbi.nlm.nih.gov/rest/pug/compound/name/Muromonab/property/Title,ConnectivitySMILES,SMILES,InChI,InChIKey/JSON",2026-09-22
DDInter1251,Mycophenolate mofetil,5281078,Mycophenolate Mofetil,CC1=C2COC(=O)C2=C(C(=C1OC)CC=C(C)CCC(=O)OCCN3CCOCC3)O,CC1=C2COC(=O)C2=C(C(=C1OC)C/C=C(\C)/CCC(=O)OCCN3CCOCC3)O,"InChI=1S/C23H31NO7/c1-15(5-7-19(25)30-13-10-24-8-11-29-12-9-24)4-6-17-21(26)20-18(14-31-23(20)27)16(2)22(17)28-3/h4,26H,5-14H2,1-3H3/b15-4+",RTGDFNSFWBGLEC-SYZQJQIISA-N,exact DDInter name query,exact_unique,valid,"https://pubchem.ncbi.nlm.nih.gov/rest/pug/compound/name/Mycophenolate%20mofetil/property/Title,ConnectivitySMILES,SMILES,InChI,InChIKey/JSON",2026-09-22
DDInter1252,Mycophenolic acid,446541,Mycophenolic Acid,CC1=C2COC(=O)C2=C(C(=C1OC)CC=C(C)CCC(=O)O)O,CC1=C2COC(=O)C2=C(C(=C1OC)C/C=C(\C)/CCC(=O)O)O,"InChI=1S/C17H20O6/c1-9(5-7-13(18)19)4-6-11-15(20)14-12(8-23-17(14)21)10(2)16(11)22-3/h4,20H,5-8H2,1-3H3,(H,18,19)/b9-4+",HPNSFSBZBAHARI-RUDMXATFSA-N,exact DDInter name query,exact_unique,valid,"https://pubchem.ncbi.nlm.nih.gov/rest/pug/compound/name/Mycophenolic%20acid/property/Title,ConnectivitySMILES,SMILES,InChI,InChIKey/JSON",2026-09-22
DDInter1253,Nabilone,5284592,Nabilone,CCCCCCC(C)(C)C1=CC(=C2C3CC(=O)CCC3C(OC2=C1)(C)C)O,CCCCCCC(C)(C)C1=CC(=C2[C@@H]3CC(=O)CC[C@H]3C(OC2=C1)(C)C)O,"InChI=1S/C24H36O3/c1-6-7-8-9-12-23(2,3)16-13-20(26)22-18-15-17(25)10-11-19(18)24(4,5)27-21(22)14-16/h13-14,18-19,26H,6-12,15H2,1-5H3/t18-,19-/m1/s1",GECBBEABIDMGGL-RTBURBONSA-N,exact DDInter name query,exact_unique,valid,"https://pubchem.ncbi.nlm.nih.gov/rest/pug/compound/name/Nabilone/property/Title,ConnectivitySMILES,SMILES,InChI,InChIKey/JSON",2026-09-22
DDInter1254,Nabumetone,4409,Nabumetone,CC(=O)CCC1=CC2=C(C=C1)C=C(C=C2)OC,CC(=O)CCC1=CC2=C(C=C1)C=C(C=C2)OC,"InChI=1S/C15H16O2/c1-11(16)3-4-12-5-6-14-10-15(17-2)8-7-13(14)9-12/h5-10H,3-4H2,1-2H3",BLXXJMDCKKHMKV-UHFFFAOYSA-N,exact DDInter name query,exact_unique,valid,"https://pubchem.ncbi.nlm.nih.gov/rest/pug/compound/name/Nabumetone/property/Title,ConnectivitySMILES,SMILES,InChI,InChIKey/JSON",2026-09-22
DDInter1255,Nadolol,39147,Nadolol,CC(C)(C)NCC(COC1=CC=CC2=C1CC(C(C2)O)O)O,CC(C)(C)NCC(COC1=CC=CC2=C1C[C@@H]([C@@H](C2)O)O)O,"InChI=1S/C17H27NO4/c1-17(2,3)18-9-12(19)10-22-16-6-4-5-11-7-14(20)15(21)8-13(11)16/h4-6,12,14-15,18-21H,7-10H2,1-3H3/t12?,14-,15+/m1/s1",VWPOSFSPZNDTMJ-UCWKZMIHSA-N,exact DDInter name query,exact_unique,valid,"https://pubchem.ncbi.nlm.nih.gov/rest/pug/compound/name/Nadolol/property/Title,ConnectivitySMILES,SMILES,InChI,InChIKey/JSON",2026-09-22
DDInter1256,Nafcillin,8982,Nafcillin,CCOC1=C(C2=CC=CC=C2C=C1)C(=O)NC3C4N(C3=O)C(C(S4)(C)C)C(=O)O,CCOC1=C(C2=CC=CC=C2C=C1)C(=O)N[C@H]3[C@@H]4N(C3=O)[C@H](C(S4)(C)C)C(=O)O,"InChI=1S/C21H22N2O5S/c1-4-28-13-10-9-11-7-5-6-8-12(11)14(13)17(24)22-15-18(25)23-16(20(26)27)21(2,3)29-19(15)23/h5-10,15-16,19H,4H2,1-3H3,(H,22,24)(H,26,27)/t15-,16+,19-/m1/s1",GPXLMGHLHQJAGZ-JTDSTZFVSA-N,exact DDInter name query,exact_unique,valid,"https://pubchem.ncbi.nlm.nih.gov/rest/pug/compound/name/Nafcillin/property/Title,ConnectivitySMILES,SMILES,InChI,InChIKey/JSON",2026-09-22
DDInter1257,Nalbuphine,5311304,Nalbuphine,C1CC(C1)CN2CCC34C5C(CCC3(C2CC6=C4C(=C(C=C6)O)O5)O)O,C1CC(C1)CN2CC[C@]34[C@@H]5[C@H](CC[C@]3([C@H]2CC6=C4C(=C(C=C6)O)O5)O)O,"InChI=1S/C21H27NO4/c23-14-5-4-13-10-16-21(25)7-6-15(24)19-20(21,17(13)18(14)26-19)8-9-22(16)11-12-2-1-3-12/h4-5,12,15-16,19,23-25H,1-3,6-11H2/t15-,16+,19-,20-,21+/m0/s1",NETZHAKZCGBWSS-CEDHKZHLSA-N,exact DDInter name query,exact_unique,valid,"https://pubchem.ncbi.nlm.nih.gov/rest/pug/compound/name/Nalbuphine/property/Title,ConnectivitySMILES,SMILES,InChI,InChIKey/JSON",2026-09-22
DDInter1258,Naldemedine,54732242,Naldemedine,CC(C)(C1=NC(=NO1)C2=CC=CC=C2)NC(=O)C3=C(C4C56CCN(C(C5(C3)O)CC7=C6C(=C(C=C7)O)O4)CC8CC8)O,CC(C)(C1=NC(=NO1)C2=CC=CC=C2)NC(=O)C3=C([C@H]4[C@@]56CCN([C@@H]([C@@]5(C3)O)CC7=C6C(=C(C=C7)O)O4)CC8CC8)O,"InChI=1S/C32H34N4O6/c1-30(2,29-33-27(35-42-29)18-6-4-3-5-7-18)34-28(39)20-15-32(40)22-14-19-10-11-21(37)25-23(19)31(32,26(41-25)24(20)38)12-13-36(22)16-17-8-9-17/h3-7,10-11,17,22,26,37-38,40H,8-9,12-16H2,1-2H3,(H,34,39)/t22-,26+,31+,32-/m1/s1",AXQACEQYCPKDMV-RZAWKFBISA-N,exact DDInter name query,exact_unique,valid,"https://pubchem.ncbi.nlm.nih.gov/rest/pug/compound/name/Naldemedine/property/Title,ConnectivitySMILES,SMILES,InChI,InChIKey/JSON",2026-09-22
DDInter1259,Nalidixic acid,4421,Nalidixic Acid,CCN1C=C(C(=O)C2=C1N=C(C=C2)C)C(=O)O,CCN1C=C(C(=O)C2=C1N=C(C=C2)C)C(=O)O,"InChI=1S/C12H12N2O3/c1-3-14-6-9(12(16)17)10(15)8-5-4-7(2)13-11(8)14/h4-6H,3H2,1-2H3,(H,16,17)",MHWLWQUZZRMNGJ-UHFFFAOYSA-N,exact DDInter name query,exact_unique,valid,"https://pubchem.ncbi.nlm.nih.gov/rest/pug/compound/name/Nalidixic%20acid/property/Title,ConnectivitySMILES,SMILES,InChI,InChIKey/JSON",2026-09-22
DDInter126,Asparaginase Erwinia chrysanthemi,,,,,,,exact DDInter name query,unmapped,unavailable,"https://pubchem.ncbi.nlm.nih.gov/rest/pug/compound/name/Asparaginase%20Erwinia%20chrysanthemi/property/Title,ConnectivitySMILES,SMILES,InChI,InChIKey/JSON",2026-09-22
DDInter1260,Nalmefene,5284594,Nalmefene,C=C1CCC2(C3CC4=C5C2(C1OC5=C(C=C4)O)CCN3CC6CC6)O,C=C1CC[C@]2([C@H]3CC4=C5[C@]2([C@H]1OC5=C(C=C4)O)CCN3CC6CC6)O,"InChI=1S/C21H25NO3/c1-12-6-7-21(24)16-10-14-4-5-15(23)18-17(14)20(21,19(12)25-18)8-9-22(16)11-13-2-3-13/h4-5,13,16,19,23-24H,1-3,6-11H2/t16-,19+,20+,21-/m1/s1",WJBLNOPPDWQMCH-MBPVOVBZSA-N,exact DDInter name query,exact_unique,valid,"https://pubchem.ncbi.nlm.nih.gov/rest/pug/compound/name/Nalmefene/property/Title,ConnectivitySMILES,SMILES,InChI,InChIKey/JSON",2026-09-22
DDInter1261,Naloxegol,56959087,Naloxegol,COCCOCCOCCOCCOCCOCCOCCOC1CCC2(C3CC4=C5C2(C1OC5=C(C=C4)O)CCN3CC=C)O,COCCOCCOCCOCCOCCOCCOCCO[C@H]1CC[C@]2([C@H]3CC4=C5[C@]2([C@H]1OC5=C(C=C4)O)CCN3CC=C)O,"InChI=1S/C34H53NO11/c1-3-9-35-10-8-33-30-26-4-5-27(36)31(30)46-32(33)28(6-7-34(33,37)29(35)25-26)45-24-23-44-22-21-43-20-19-42-18-17-41-16-15-40-14-13-39-12-11-38-2/h3-5,28-29,32,36-37H,1,6-25H2,2H3/t28-,29+,32-,33-,34+/m0/s1",XNKCCCKFOQNXKV-ZRSCBOBOSA-N,exact DDInter name query,exact_unique,valid,"https://pubchem.ncbi.nlm.nih.gov/rest/pug/compound/name/Naloxegol/property/Title,ConnectivitySMILES,SMILES,InChI,InChIKey/JSON",2026-09-22
DDInter1262,Naloxone,5284596,Naloxone,C=CCN1CCC23C4C(=O)CCC2(C1CC5=C3C(=C(C=C5)O)O4)O,C=CCN1CC[C@]23[C@@H]4C(=O)CC[C@]2([C@H]1CC5=C3C(=C(C=C5)O)O4)O,"InChI=1S/C19H21NO4/c1-2-8-20-9-7-18-15-11-3-4-12(21)16(15)24-17(18)13(22)5-6-19(18,23)14(20)10-11/h2-4,14,17,21,23H,1,5-10H2/t14-,17+,18+,19-/m1/s1",UZHSEJADLWPNLE-GRGSLBFTSA-N,exact DDInter name query,exact_unique,valid,"https://pubchem.ncbi.nlm.nih.gov/rest/pug/compound/name/Naloxone/property/Title,ConnectivitySMILES,SMILES,InChI,InChIKey/JSON",2026-09-22
DDInter1263,Naltrexone,5360515,Naltrexone,C1CC1CN2CCC34C5C(=O)CCC3(C2CC6=C4C(=C(C=C6)O)O5)O,C1CC1CN2CC[C@]34[C@@H]5C(=O)CC[C@]3([C@H]2CC6=C4C(=C(C=C6)O)O5)O,"InChI=1S/C20H23NO4/c22-13-4-3-12-9-15-20(24)6-5-14(23)18-19(20,16(12)17(13)25-18)7-8-21(15)10-11-1-2-11/h3-4,11,15,18,22,24H,1-2,5-10H2/t15-,18+,19+,20-/m1/s1",DQCKKXVULJGBQN-XFWGSAIBSA-N,exact DDInter name query,exact_unique,valid,"https://pubchem.ncbi.nlm.nih.gov/rest/pug/compound/name/Naltrexone/property/Title,ConnectivitySMILES,SMILES,InChI,InChIKey/JSON",2026-09-22
DDInter1264,Naphazoline (nasal),,,,,,,exact DDInter name query,unmapped,unavailable,"https://pubchem.ncbi.nlm.nih.gov/rest/pug/compound/name/Naphazoline%20%28nasal%29/property/Title,ConnectivitySMILES,SMILES,InChI,InChIKey/JSON",2026-09-22
DDInter1265,Naphazoline (ophthalmic),,,,,,,exact DDInter name query,unmapped,unavailable,"https://pubchem.ncbi.nlm.nih.gov/rest/pug/compound/name/Naphazoline%20%28ophthalmic%29/property/Title,ConnectivitySMILES,SMILES,InChI,InChIKey/JSON",2026-09-22
DDInter1266,Naproxen,156391,Naproxen,CC(C1=CC2=C(C=C1)C=C(C=C2)OC)C(=O)O,C[C@@H](C1=CC2=C(C=C1)C=C(C=C2)OC)C(=O)O,"InChI=1S/C14H14O3/c1-9(14(15)16)10-3-4-12-8-13(17-2)6-5-11(12)7-10/h3-9H,1-2H3,(H,15,16)/t9-/m0/s1",CMWTZPSULFXXJA-VIFPVBQESA-N,exact DDInter name query,exact_unique,valid,"https://pubchem.ncbi.nlm.nih.gov/rest/pug/compound/name/Naproxen/property/Title,ConnectivitySMILES,SMILES,InChI,InChIKey/JSON",2026-09-22
DDInter1267,Naratriptan,4440,Naratriptan,CNS(=O)(=O)CCC1=CC2=C(C=C1)NC=C2C3CCN(CC3)C,CNS(=O)(=O)CCC1=CC2=C(C=C1)NC=C2C3CCN(CC3)C,"InChI=1S/C17H25N3O2S/c1-18-23(21,22)10-7-13-3-4-17-15(11-13)16(12-19-17)14-5-8-20(2)9-6-14/h3-4,11-12,14,18-19H,5-10H2,1-2H3",AMKVXSZCKVJAGH-UHFFFAOYSA-N,exact DDInter name query,exact_unique,valid,"https://pubchem.ncbi.nlm.nih.gov/rest/pug/compound/name/Naratriptan/property/Title,ConnectivitySMILES,SMILES,InChI,InChIKey/JSON",2026-09-22
DDInter1268,Natalizumab,,,,,,,exact DDInter name query,unmapped,unavailable,"https://pubchem.ncbi.nlm.nih.gov/rest/pug/compound/name/Natalizumab/property/Title,ConnectivitySMILES,SMILES,InChI,InChIKey/JSON",2026-09-22
DDInter1269,Nateglinide,5311309,Nateglinide,CC(C)C1CCC(CC1)C(=O)NC(CC2=CC=CC=C2)C(=O)O,CC(C)C1CCC(CC1)C(=O)N[C@H](CC2=CC=CC=C2)C(=O)O,"InChI=1S/C19H27NO3/c1-13(2)15-8-10-16(11-9-15)18(21)20-17(19(22)23)12-14-6-4-3-5-7-14/h3-7,13,15-17H,8-12H2,1-2H3,(H,20,21)(H,22,23)/t15?,16?,17-/m1/s1",OELFLUMRDSZNSF-OFLPRAFFSA-N,exact DDInter name query,exact_unique,valid,"https://pubchem.ncbi.nlm.nih.gov/rest/pug/compound/name/Nateglinide/property/Title,ConnectivitySMILES,SMILES,InChI,InChIKey/JSON",2026-09-22
DDInter127,Asparaginase Escherichia coli,,,,,,,exact DDInter name query,unmapped,unavailable,"https://pubchem.ncbi.nlm.nih.gov/rest/pug/compound/name/Asparaginase%20Escherichia%20coli/property/Title,ConnectivitySMILES,SMILES,InChI,InChIKey/JSON",2026-09-22
DDInter1270,Naxitamab,,,,,,,exact DDInter name query,unmapped,unavailable,"https://pubchem.ncbi.nlm.nih.gov/rest/pug/compound/name/Naxitamab/property/Title,ConnectivitySMILES,SMILES,InChI,InChIKey/JSON",2026-09-22
DDInter1271,Nebivolol,71301,Nebivolol,C1CC2=C(C=CC(=C2)F)OC1C(CNCC(C3CCC4=C(O3)C=CC(=C4)F)O)O,C1CC2=C(C=CC(=C2)F)OC1C(CNCC(C3CCC4=C(O3)C=CC(=C4)F)O)O,"InChI=1S/C22H25F2NO4/c23-15-3-7-19-13(9-15)1-5-21(28-19)17(26)11-25-12-18(27)22-6-2-14-10-16(24)4-8-20(14)29-22/h3-4,7-10,17-18,21-22,25-27H,1-2,5-6,11-12H2",KOHIRBRYDXPAMZ-UHFFFAOYSA-N,exact DDInter name query,exact_unique,valid,"https://pubchem.ncbi.nlm.nih.gov/rest/pug/compound/name/Nebivolol/property/Title,ConnectivitySMILES,SMILES,InChI,InChIKey/JSON",2026-09-22
DDInter1272,Necitumumab,,,,,,,exact DDInter name query,unmapped,unavailable,"https://pubchem.ncbi.nlm.nih.gov/rest/pug/compound/name/Necitumumab/property/Title,ConnectivitySMILES,SMILES,InChI,InChIKey/JSON",2026-09-22
DDInter1273,Nedocromil,50294,Nedocromil,CCCC1=C2C(=CC3=C1OC(=CC3=O)C(=O)O)C(=O)C=C(N2CC)C(=O)O,CCCC1=C2C(=CC3=C1OC(=CC3=O)C(=O)O)C(=O)C=C(N2CC)C(=O)O,"InChI=1S/C19H17NO7/c1-3-5-9-16-10(13(21)7-12(18(23)24)20(16)4-2)6-11-14(22)8-15(19(25)26)27-17(9)11/h6-8H,3-5H2,1-2H3,(H,23,24)(H,25,26)",RQTOOFIXOKYGAN-UHFFFAOYSA-N,exact DDInter name query,exact_unique,valid,"https://pubchem.ncbi.nlm.nih.gov/rest/pug/compound/name/Nedocromil/property/Title,ConnectivitySMILES,SMILES,InChI,InChIKey/JSON",2026-09-22
DDInter1274,Nefazodone,4449,Nefazodone,CCC1=NN(C(=O)N1CCOC2=CC=CC=C2)CCCN3CCN(CC3)C4=CC(=CC=C4)Cl,CCC1=NN(C(=O)N1CCOC2=CC=CC=C2)CCCN3CCN(CC3)C4=CC(=CC=C4)Cl,"InChI=1S/C25H32ClN5O2/c1-2-24-27-31(25(32)30(24)18-19-33-23-10-4-3-5-11-23)13-7-12-28-14-16-29(17-15-28)22-9-6-8-21(26)20-22/h3-6,8-11,20H,2,7,12-19H2,1H3",VRBKIVRKKCLPHA-UHFFFAOYSA-N,exact DDInter name query,exact_unique,valid,"https://pubchem.ncbi.nlm.nih.gov/rest/pug/compound/name/Nefazodone/property/Title,ConnectivitySMILES,SMILES,InChI,InChIKey/JSON",2026-09-22
DDInter1275,Nelarabine,3011155,Nelarabine,COC1=NC(=NC2=C1N=CN2C3C(C(C(O3)CO)O)O)N,COC1=NC(=NC2=C1N=CN2[C@H]3[C@H]([C@@H]([C@H](O3)CO)O)O)N,"InChI=1S/C11H15N5O5/c1-20-9-5-8(14-11(12)15-9)16(3-13-5)10-7(19)6(18)4(2-17)21-10/h3-4,6-7,10,17-19H,2H2,1H3,(H2,12,14,15)/t4-,6-,7+,10-/m1/s1",IXOXBSCIXZEQEQ-UHTZMRCNSA-N,exact DDInter name query,exact_unique,valid,"https://pubchem.ncbi.nlm.nih.gov/rest/pug/compound/name/Nelarabine/property/Title,ConnectivitySMILES,SMILES,InChI,InChIKey/JSON",2026-09-22
DDInter1276,Nelfinavir,64143,Nelfinavir,CC1=C(C=CC=C1O)C(=O)NC(CSC2=CC=CC=C2)C(CN3CC4CCCCC4CC3C(=O)NC(C)(C)C)O,CC1=C(C=CC=C1O)C(=O)N[C@@H](CSC2=CC=CC=C2)[C@@H](CN3C[C@H]4CCCC[C@H]4C[C@H]3C(=O)NC(C)(C)C)O,"InChI=1S/C32H45N3O4S/c1-21-25(15-10-16-28(21)36)30(38)33-26(20-40-24-13-6-5-7-14-24)29(37)19-35-18-23-12-9-8-11-22(23)17-27(35)31(39)34-32(2,3)4/h5-7,10,13-16,22-23,26-27,29,36-37H,8-9,11-12,17-20H2,1-4H3,(H,33,38)(H,34,39)/t22-,23+,26-,27-,29+/m0/s1",QAGYKUNXZHXKMR-HKWSIXNMSA-N,exact DDInter name query,exact_unique,valid,"https://pubchem.ncbi.nlm.nih.gov/rest/pug/compound/name/Nelfinavir/property/Title,ConnectivitySMILES,SMILES,InChI,InChIKey/JSON",2026-09-22
DDInter1277,Neomycin,8378,Neomycin,C1C(C(C(C(C1N)OC2C(C(C(C(O2)CN)O)O)N)OC3C(C(C(O3)CO)OC4C(C(C(C(O4)CN)O)O)N)O)O)N,C1[C@H]([C@@H]([C@H]([C@@H]([C@H]1N)O[C@@H]2[C@@H]([C@H]([C@@H]([C@H](O2)CN)O)O)N)O[C@H]3[C@@H]([C@@H]([C@H](O3)CO)O[C@@H]4[C@@H]([C@H]([C@@H]([C@@H](O4)CN)O)O)N)O)O)N,"InChI=1S/C23H46N6O13/c24-2-7-13(32)15(34)10(28)21(37-7)40-18-6(27)1-5(26)12(31)20(18)42-23-17(36)19(9(4-30)39-23)41-22-11(29)16(35)14(33)8(3-25)38-22/h5-23,30-36H,1-4,24-29H2/t5-,6+,7-,8+,9-,10-,11-,12+,13-,14-,15-,16-,17-,18-,19-,20-,21-,22-,23+/m1/s1",PGBHMTALBVVCIT-VCIWKGPPSA-N,exact DDInter name query,exact_unique,valid,"https://pubchem.ncbi.nlm.nih.gov/rest/pug/compound/name/Neomycin/property/Title,ConnectivitySMILES,SMILES,InChI,InChIKey/JSON",2026-09-22
DDInter1278,Neomycin (topical),,,,,,,exact DDInter name query,unmapped,unavailable,"https://pubchem.ncbi.nlm.nih.gov/rest/pug/compound/name/Neomycin%20%28topical%29/property/Title,ConnectivitySMILES,SMILES,InChI,InChIKey/JSON",2026-09-22
DDInter1279,Neostigmine,4456,Neostigmine,CN(C)C(=O)OC1=CC=CC(=C1)[N+](C)(C)C,CN(C)C(=O)OC1=CC=CC(=C1)[N+](C)(C)C,"InChI=1S/C12H19N2O2/c1-13(2)12(15)16-11-8-6-7-10(9-11)14(3,4)5/h6-9H,1-5H3/q+1",ALWKGYPQUAPLQC-UHFFFAOYSA-N,exact DDInter name query,exact_unique,valid,"https://pubchem.ncbi.nlm.nih.gov/rest/pug/compound/name/Neostigmine/property/Title,ConnectivitySMILES,SMILES,InChI,InChIKey/JSON",2026-09-22
DDInter128,Astemizole,2247,Astemizole,COC1=CC=C(C=C1)CCN2CCC(CC2)NC3=NC4=CC=CC=C4N3CC5=CC=C(C=C5)F,COC1=CC=C(C=C1)CCN2CCC(CC2)NC3=NC4=CC=CC=C4N3CC5=CC=C(C=C5)F,"InChI=1S/C28H31FN4O/c1-34-25-12-8-21(9-13-25)14-17-32-18-15-24(16-19-32)30-28-31-26-4-2-3-5-27(26)33(28)20-22-6-10-23(29)11-7-22/h2-13,24H,14-20H2,1H3,(H,30,31)",GXDALQBWZGODGZ-UHFFFAOYSA-N,exact DDInter name query,exact_unique,valid,"https://pubchem.ncbi.nlm.nih.gov/rest/pug/compound/name/Astemizole/property/Title,ConnectivitySMILES,SMILES,InChI,InChIKey/JSON",2026-09-22
DDInter1280,Nepafenac (ophthalmic),,,,,,,exact DDInter name query,unmapped,unavailable,"https://pubchem.ncbi.nlm.nih.gov/rest/pug/compound/name/Nepafenac%20%28ophthalmic%29/property/Title,ConnectivitySMILES,SMILES,InChI,InChIKey/JSON",2026-09-22
DDInter1281,Neratinib,9915743,Neratinib,CCOC1=C(C=C2C(=C1)N=CC(=C2NC3=CC(=C(C=C3)OCC4=CC=CC=N4)Cl)C#N)NC(=O)C=CCN(C)C,CCOC1=C(C=C2C(=C1)N=CC(=C2NC3=CC(=C(C=C3)OCC4=CC=CC=N4)Cl)C#N)NC(=O)/C=C/CN(C)C,"InChI=1S/C30H29ClN6O3/c1-4-39-28-16-25-23(15-26(28)36-29(38)9-7-13-37(2)3)30(20(17-32)18-34-25)35-21-10-11-27(24(31)14-21)40-19-22-8-5-6-12-33-22/h5-12,14-16,18H,4,13,19H2,1-3H3,(H,34,35)(H,36,38)/b9-7+",JWNPDZNEKVCWMY-VQHVLOKHSA-N,exact DDInter name query,exact_unique,valid,"https://pubchem.ncbi.nlm.nih.gov/rest/pug/compound/name/Neratinib/property/Title,ConnectivitySMILES,SMILES,InChI,InChIKey/JSON",2026-09-22
DDInter1282,Nesiritide,71308561,Nesiritide,CCC(C)C1C(=O)NC(C(=O)NC(C(=O)NC(C(=O)NC(C(=O)NCC(=O)NC(C(=O)NCC(=O)NC(CSSCC(C(=O)NC(C(=O)NCC(=O)NC(C(=O)NC(C(=O)NC(C(=O)NC(C(=O)NC(C(=O)N1)CCCNC(=N)N)CC(=O)O)CCSC)CCCCN)CCCNC(=N)N)CC2=CC=CC=C2)NC(=O)CNC(=O)C(CO)NC(=O)CNC(=O)C(CCC(=O)N)NC(=O)C(C(C)C)NC(=O)C(CCSC)NC(=O)C(CCCCN)NC(=O)C3CCCN3C(=O)C(CO)N)C(=O)NC(CCCCN)C(=O)NC(C(C)C)C(=O)NC(CC(C)C)C(=O)NC(CCCNC(=N)N)C(=O)NC(CCCNC(=N)N)C(=O)NC(CC4=CNC=N4)C(=O)O)CC(C)C)CO)CO)CO)CO,CC[C@H](C)[C@H]1C(=O)N[C@H](C(=O)N[C@H](C(=O)N[C@H](C(=O)N[C@H](C(=O)NCC(=O)N[C@H](C(=O)NCC(=O)N[C@@H](CSSC[C@@H](C(=O)N[C@H](C(=O)NCC(=O)N[C@H](C(=O)N[C@H](C(=O)N[C@H](C(=O)N[C@H](C(=O)N[C@H](C(=O)N1)CCCNC(=N)N)CC(=O)O)CCSC)CCCCN)CCCNC(=N)N)CC2=CC=CC=C2)NC(=O)CNC(=O)[C@H](CO)NC(=O)CNC(=O)[C@H](CCC(=O)N)NC(=O)[C@H](C(C)C)NC(=O)[C@H](CCSC)NC(=O)[C@H](CCCCN)NC(=O)[C@@H]3CCCN3C(=O)[C@H](CO)N)C(=O)N[C@@H](CCCCN)C(=O)N[C@@H](C(C)C)C(=O)N[C@@H](CC(C)C)C(=O)N[C@@H](CCCNC(=N)N)C(=O)N[C@@H](CCCNC(=N)N)C(=O)N[C@@H](CC4=CNC=N4)C(=O)O)CC(C)C)CO)CO)CO)CO,"InChI=1S/C143H244N50O42S4/c1-13-76(10)112-137(232)189-99(68-199)131(226)188-98(67-198)130(225)187-97(66-197)129(224)186-96(65-196)117(212)166-59-105(202)169-90(52-72(2)3)114(209)163-61-107(204)171-100(132(227)177-83(32-19-22-44-146)124(219)190-111(75(8)9)136(231)184-91(53-73(4)5)127(222)175-84(34-24-46-159-141(151)152)121(216)174-85(35-25-47-160-142(153)154)122(217)185-94(139(234)235)55-78-57-157-71-167-78)69-238-239-70-101(172-108(205)62-165-116(211)95(64-195)170-106(203)60-162-113(208)87(38-39-103(148)200)181-135(230)110(74(6)7)191-126(221)89(41-51-237-12)179-120(215)82(31-18-21-43-145)180-134(229)102-37-27-49-193(102)138(233)79(147)63-194)133(228)182-92(54-77-28-15-14-16-29-77)115(210)164-58-104(201)168-80(33-23-45-158-140(149)150)118(213)173-81(30-17-20-42-144)119(214)178-88(40-50-236-11)123(218)183-93(56-109(206)207)128(223)176-86(125(220)192-112)36-26-48-161-143(155)156/h14-16,28-29,57,71-76,79-102,110-112,194-199H,13,17-27,30-56,58-70,144-147H2,1-12H3,(H2,148,200)(H,157,167)(H,162,208)(H,163,209)(H,164,210)(H,165,211)(H,166,212)(H,168,201)(H,169,202)(H,170,203)(H,171,204)(H,172,205)(H,173,213)(H,174,216)(H,175,222)(H,176,223)(H,177,227)(H,178,214)(H,179,215)(H,180,229)(H,181,230)(H,182,228)(H,183,218)(H,184,231)(H,185,217)(H,186,224)(H,187,225)(H,188,226)(H,189,232)(H,190,219)(H,191,221)(H,192,220)(H,206,207)(H,234,235)(H4,149,150,158)(H4,151,152,159)(H4,153,154,160)(H4,155,156,161)/t76-,79-,80-,81-,82-,83-,84-,85-,86-,87-,88-,89-,90-,91-,92-,93-,94-,95-,96-,97-,98-,99-,100-,101-,102-,110-,111-,112-/m0/s1",HPNRHPKXQZSDFX-OAQDCNSJSA-N,exact DDInter name query,exact_unique,valid,"https://pubchem.ncbi.nlm.nih.gov/rest/pug/compound/name/Nesiritide/property/Title,ConnectivitySMILES,SMILES,InChI,InChIKey/JSON",2026-09-22
DDInter1283,Netilmicin,441306,Netilmicin,CCNC1CC(C(C(C1OC2C(C(C(CO2)(C)O)NC)O)O)OC3C(CC=C(O3)CN)N)N,CCN[C@@H]1C[C@@H]([C@H]([C@@H]([C@H]1O[C@@H]2[C@@H]([C@H]([C@@](CO2)(C)O)NC)O)O)O[C@@H]3[C@@H](CC=C(O3)CN)N)N,"InChI=1S/C21H41N5O7/c1-4-26-13-7-12(24)16(32-19-11(23)6-5-10(8-22)31-19)14(27)17(13)33-20-15(28)18(25-3)21(2,29)9-30-20/h5,11-20,25-29H,4,6-9,22-24H2,1-3H3/t11-,12+,13-,14+,15-,16-,17+,18-,19-,20-,21+/m1/s1",CIDUJQMULVCIBT-MQDUPKMGSA-N,exact DDInter name query,exact_unique,valid,"https://pubchem.ncbi.nlm.nih.gov/rest/pug/compound/name/Netilmicin/property/Title,ConnectivitySMILES,SMILES,InChI,InChIKey/JSON",2026-09-22
DDInter1284,Netupitant,6451149,Netupitant,CC1=CC=CC=C1C2=CC(=NC=C2N(C)C(=O)C(C)(C)C3=CC(=CC(=C3)C(F)(F)F)C(F)(F)F)N4CCN(CC4)C,CC1=CC=CC=C1C2=CC(=NC=C2N(C)C(=O)C(C)(C)C3=CC(=CC(=C3)C(F)(F)F)C(F)(F)F)N4CCN(CC4)C,"InChI=1S/C30H32F6N4O/c1-19-8-6-7-9-23(19)24-17-26(40-12-10-38(4)11-13-40)37-18-25(24)39(5)27(41)28(2,3)20-14-21(29(31,32)33)16-22(15-20)30(34,35)36/h6-9,14-18H,10-13H2,1-5H3",WAXQNWCZJDTGBU-UHFFFAOYSA-N,exact DDInter name query,exact_unique,valid,"https://pubchem.ncbi.nlm.nih.gov/rest/pug/compound/name/Netupitant/property/Title,ConnectivitySMILES,SMILES,InChI,InChIKey/JSON",2026-09-22
DDInter1285,Nevirapine,4463,Nevirapine,CC1=C2C(=NC=C1)N(C3=C(C=CC=N3)C(=O)N2)C4CC4,CC1=C2C(=NC=C1)N(C3=C(C=CC=N3)C(=O)N2)C4CC4,"InChI=1S/C15H14N4O/c1-9-6-8-17-14-12(9)18-15(20)11-3-2-7-16-13(11)19(14)10-4-5-10/h2-3,6-8,10H,4-5H2,1H3,(H,18,20)",NQDJXKOVJZTUJA-UHFFFAOYSA-N,exact DDInter name query,exact_unique,valid,"https://pubchem.ncbi.nlm.nih.gov/rest/pug/compound/name/Nevirapine/property/Title,ConnectivitySMILES,SMILES,InChI,InChIKey/JSON",2026-09-22
DDInter1286,Niacin,938,Nicotinic Acid,C1=CC(=CN=C1)C(=O)O,C1=CC(=CN=C1)C(=O)O,"InChI=1S/C6H5NO2/c8-6(9)5-2-1-3-7-4-5/h1-4H,(H,8,9)",PVNIIMVLHYAWGP-UHFFFAOYSA-N,exact DDInter name query,ambiguous,excluded_title_mismatch,"https://pubchem.ncbi.nlm.nih.gov/rest/pug/compound/name/Niacin/property/Title,ConnectivitySMILES,SMILES,InChI,InChIKey/JSON",2026-09-22
DDInter1287,Nicardipine,4474,Nicardipine,CC1=C(C(C(=C(N1)C)C(=O)OCCN(C)CC2=CC=CC=C2)C3=CC(=CC=C3)[N+](=O)[O-])C(=O)OC,CC1=C(C(C(=C(N1)C)C(=O)OCCN(C)CC2=CC=CC=C2)C3=CC(=CC=C3)[N+](=O)[O-])C(=O)OC,"InChI=1S/C26H29N3O6/c1-17-22(25(30)34-4)24(20-11-8-12-21(15-20)29(32)33)23(18(2)27-17)26(31)35-14-13-28(3)16-19-9-6-5-7-10-19/h5-12,15,24,27H,13-14,16H2,1-4H3",ZBBHBTPTTSWHBA-UHFFFAOYSA-N,exact DDInter name query,exact_unique,valid,"https://pubchem.ncbi.nlm.nih.gov/rest/pug/compound/name/Nicardipine/property/Title,ConnectivitySMILES,SMILES,InChI,InChIKey/JSON",2026-09-22
DDInter1288,Niclosamide,4477,Niclosamide,C1=CC(=C(C=C1[N+](=O)[O-])Cl)NC(=O)C2=C(C=CC(=C2)Cl)O,C1=CC(=C(C=C1[N+](=O)[O-])Cl)NC(=O)C2=C(C=CC(=C2)Cl)O,"InChI=1S/C13H8Cl2N2O4/c14-7-1-4-12(18)9(5-7)13(19)16-11-3-2-8(17(20)21)6-10(11)15/h1-6,18H,(H,16,19)",RJMUSRYZPJIFPJ-UHFFFAOYSA-N,exact DDInter name query,exact_unique,valid,"https://pubchem.ncbi.nlm.nih.gov/rest/pug/compound/name/Niclosamide/property/Title,ConnectivitySMILES,SMILES,InChI,InChIKey/JSON",2026-09-22
DDInter1289,Nicotinamide,936,Nicotinamide,C1=CC(=CN=C1)C(=O)N,C1=CC(=CN=C1)C(=O)N,"InChI=1S/C6H6N2O/c7-6(9)5-2-1-3-8-4-5/h1-4H,(H2,7,9)",DFPAKSUCGFBDDF-UHFFFAOYSA-N,exact DDInter name query,exact_unique,valid,"https://pubchem.ncbi.nlm.nih.gov/rest/pug/compound/name/Nicotinamide/property/Title,ConnectivitySMILES,SMILES,InChI,InChIKey/JSON",2026-09-22
DDInter129,Atazanavir,148192,Atazanavir,CC(C)(C)C(C(=O)NC(CC1=CC=CC=C1)C(CN(CC2=CC=C(C=C2)C3=CC=CC=N3)NC(=O)C(C(C)(C)C)NC(=O)OC)O)NC(=O)OC,CC(C)(C)[C@@H](C(=O)N[C@@H](CC1=CC=CC=C1)[C@H](CN(CC2=CC=C(C=C2)C3=CC=CC=N3)NC(=O)[C@H](C(C)(C)C)NC(=O)OC)O)NC(=O)OC,"InChI=1S/C38H52N6O7/c1-37(2,3)31(41-35(48)50-7)33(46)40-29(22-25-14-10-9-11-15-25)30(45)24-44(43-34(47)32(38(4,5)6)42-36(49)51-8)23-26-17-19-27(20-18-26)28-16-12-13-21-39-28/h9-21,29-32,45H,22-24H2,1-8H3,(H,40,46)(H,41,48)(H,42,49)(H,43,47)/t29-,30-,31+,32+/m0/s1",AXRYRYVKAWYZBR-GASGPIRDSA-N,exact DDInter name query,exact_unique,valid,"https://pubchem.ncbi.nlm.nih.gov/rest/pug/compound/name/Atazanavir/property/Title,ConnectivitySMILES,SMILES,InChI,InChIKey/JSON",2026-09-22
DDInter1290,Nicotine,89594,Nicotine,CN1CCCC1C2=CN=CC=C2,CN1CCC[C@H]1C2=CN=CC=C2,"InChI=1S/C10H14N2/c1-12-7-3-5-10(12)9-4-2-6-11-8-9/h2,4,6,8,10H,3,5,7H2,1H3/t10-/m0/s1",SNICXCGAKADSCV-JTQLQIEISA-N,exact DDInter name query,exact_unique,valid,"https://pubchem.ncbi.nlm.nih.gov/rest/pug/compound/name/Nicotine/property/Title,ConnectivitySMILES,SMILES,InChI,InChIKey/JSON",2026-09-22
DDInter1291,Nifedipine,4485,Nifedipine,CC1=C(C(C(=C(N1)C)C(=O)OC)C2=CC=CC=C2[N+](=O)[O-])C(=O)OC,CC1=C(C(C(=C(N1)C)C(=O)OC)C2=CC=CC=C2[N+](=O)[O-])C(=O)OC,"InChI=1S/C17H18N2O6/c1-9-13(16(20)24-3)15(14(10(2)18-9)17(21)25-4)11-7-5-6-8-12(11)19(22)23/h5-8,15,18H,1-4H3",HYIMSNHJOBLJNT-UHFFFAOYSA-N,exact DDInter name query,exact_unique,valid,"https://pubchem.ncbi.nlm.nih.gov/rest/pug/compound/name/Nifedipine/property/Title,ConnectivitySMILES,SMILES,InChI,InChIKey/JSON",2026-09-22
DDInter1292,Nifurtimox,6842999,Nifurtimox,CC1CS(=O)(=O)CCN1N=CC2=CC=C(O2)[N+](=O)[O-],CC1CS(=O)(=O)CCN1/N=C/C2=CC=C(O2)[N+](=O)[O-],"InChI=1S/C10H13N3O5S/c1-8-7-19(16,17)5-4-12(8)11-6-9-2-3-10(18-9)13(14)15/h2-3,6,8H,4-5,7H2,1H3/b11-6+",ARFHIAQFJWUCFH-IZZDOVSWSA-N,exact DDInter name query,exact_unique,valid,"https://pubchem.ncbi.nlm.nih.gov/rest/pug/compound/name/Nifurtimox/property/Title,ConnectivitySMILES,SMILES,InChI,InChIKey/JSON",2026-09-22
DDInter1293,Nilotinib,644241,Nilotinib,CC1=C(C=C(C=C1)C(=O)NC2=CC(=CC(=C2)C(F)(F)F)N3C=C(N=C3)C)NC4=NC=CC(=N4)C5=CN=CC=C5,CC1=C(C=C(C=C1)C(=O)NC2=CC(=CC(=C2)C(F)(F)F)N3C=C(N=C3)C)NC4=NC=CC(=N4)C5=CN=CC=C5,"InChI=1S/C28H22F3N7O/c1-17-5-6-19(10-25(17)37-27-33-9-7-24(36-27)20-4-3-8-32-14-20)26(39)35-22-11-21(28(29,30)31)12-23(13-22)38-15-18(2)34-16-38/h3-16H,1-2H3,(H,35,39)(H,33,36,37)",HHZIURLSWUIHRB-UHFFFAOYSA-N,exact DDInter name query,exact_unique,valid,"https://pubchem.ncbi.nlm.nih.gov/rest/pug/compound/name/Nilotinib/property/Title,ConnectivitySMILES,SMILES,InChI,InChIKey/JSON",2026-09-22
DDInter1294,Nilutamide,4493,Nilutamide,CC1(C(=O)N(C(=O)N1)C2=CC(=C(C=C2)[N+](=O)[O-])C(F)(F)F)C,CC1(C(=O)N(C(=O)N1)C2=CC(=C(C=C2)[N+](=O)[O-])C(F)(F)F)C,"InChI=1S/C12H10F3N3O4/c1-11(2)9(19)17(10(20)16-11)6-3-4-8(18(21)22)7(5-6)12(13,14)15/h3-5H,1-2H3,(H,16,20)",XWXYUMMDTVBTOU-UHFFFAOYSA-N,exact DDInter name query,exact_unique,valid,"https://pubchem.ncbi.nlm.nih.gov/rest/pug/compound/name/Nilutamide/property/Title,ConnectivitySMILES,SMILES,InChI,InChIKey/JSON",2026-09-22
DDInter1295,Nimodipine,4497,Nimodipine,CC1=C(C(C(=C(N1)C)C(=O)OC(C)C)C2=CC(=CC=C2)[N+](=O)[O-])C(=O)OCCOC,CC1=C(C(C(=C(N1)C)C(=O)OC(C)C)C2=CC(=CC=C2)[N+](=O)[O-])C(=O)OCCOC,"InChI=1S/C21H26N2O7/c1-12(2)30-21(25)18-14(4)22-13(3)17(20(24)29-10-9-28-5)19(18)15-7-6-8-16(11-15)23(26)27/h6-8,11-12,19,22H,9-10H2,1-5H3",UIAGMCDKSXEBJQ-UHFFFAOYSA-N,exact DDInter name query,exact_unique,valid,"https://pubchem.ncbi.nlm.nih.gov/rest/pug/compound/name/Nimodipine/property/Title,ConnectivitySMILES,SMILES,InChI,InChIKey/JSON",2026-09-22
DDInter1296,Nintedanib,135423438,Nintedanib,CN1CCN(CC1)CC(=O)N(C)C2=CC=C(C=C2)N=C(C3=CC=CC=C3)C4=C(NC5=C4C=CC(=C5)C(=O)OC)O,CN1CCN(CC1)CC(=O)N(C)C2=CC=C(C=C2)N=C(C3=CC=CC=C3)C4=C(NC5=C4C=CC(=C5)C(=O)OC)O,"InChI=1S/C31H33N5O4/c1-34-15-17-36(18-16-34)20-27(37)35(2)24-12-10-23(11-13-24)32-29(21-7-5-4-6-8-21)28-25-14-9-22(31(39)40-3)19-26(25)33-30(28)38/h4-14,19,33,38H,15-18,20H2,1-3H3",CPMDPSXJELVGJG-UHFFFAOYSA-N,exact DDInter name query,exact_unique,valid,"https://pubchem.ncbi.nlm.nih.gov/rest/pug/compound/name/Nintedanib/property/Title,ConnectivitySMILES,SMILES,InChI,InChIKey/JSON",2026-09-22
DDInter1297,Niraparib,24958200,Niraparib,C1CC(CNC1)C2=CC=C(C=C2)N3C=C4C=CC=C(C4=N3)C(=O)N,C1C[C@H](CNC1)C2=CC=C(C=C2)N3C=C4C=CC=C(C4=N3)C(=O)N,"InChI=1S/C19H20N4O/c20-19(24)17-5-1-3-15-12-23(22-18(15)17)16-8-6-13(7-9-16)14-4-2-10-21-11-14/h1,3,5-9,12,14,21H,2,4,10-11H2,(H2,20,24)/t14-/m1/s1",PCHKPVIQAHNQLW-CQSZACIVSA-N,exact DDInter name query,exact_unique,valid,"https://pubchem.ncbi.nlm.nih.gov/rest/pug/compound/name/Niraparib/property/Title,ConnectivitySMILES,SMILES,InChI,InChIKey/JSON",2026-09-22
DDInter1298,Nisoldipine,4499,Nisoldipine,CC1=C(C(C(=C(N1)C)C(=O)OCC(C)C)C2=CC=CC=C2[N+](=O)[O-])C(=O)OC,CC1=C(C(C(=C(N1)C)C(=O)OCC(C)C)C2=CC=CC=C2[N+](=O)[O-])C(=O)OC,"InChI=1S/C20H24N2O6/c1-11(2)10-28-20(24)17-13(4)21-12(3)16(19(23)27-5)18(17)14-8-6-7-9-15(14)22(25)26/h6-9,11,18,21H,10H2,1-5H3",VKQFCGNPDRICFG-UHFFFAOYSA-N,exact DDInter name query,exact_unique,valid,"https://pubchem.ncbi.nlm.nih.gov/rest/pug/compound/name/Nisoldipine/property/Title,ConnectivitySMILES,SMILES,InChI,InChIKey/JSON",2026-09-22
DDInter1299,Nitazoxanide,41684,Nitazoxanide,CC(=O)OC1=CC=CC=C1C(=O)NC2=NC=C(S2)[N+](=O)[O-],CC(=O)OC1=CC=CC=C1C(=O)NC2=NC=C(S2)[N+](=O)[O-],"InChI=1S/C12H9N3O5S/c1-7(16)20-9-5-3-2-4-8(9)11(17)14-12-13-6-10(21-12)15(18)19/h2-6H,1H3,(H,13,14,17)",YQNQNVDNTFHQSW-UHFFFAOYSA-N,exact DDInter name query,exact_unique,valid,"https://pubchem.ncbi.nlm.nih.gov/rest/pug/compound/name/Nitazoxanide/property/Title,ConnectivitySMILES,SMILES,InChI,InChIKey/JSON",2026-09-22
DDInter13,Acenocoumarol,54676537,Acenocoumarol,CC(=O)CC(C1=CC=C(C=C1)[N+](=O)[O-])C2=C(C3=CC=CC=C3OC2=O)O,CC(=O)CC(C1=CC=C(C=C1)[N+](=O)[O-])C2=C(C3=CC=CC=C3OC2=O)O,"InChI=1S/C19H15NO6/c1-11(21)10-15(12-6-8-13(9-7-12)20(24)25)17-18(22)14-4-2-3-5-16(14)26-19(17)23/h2-9,15,22H,10H2,1H3",VABCILAOYCMVPS-UHFFFAOYSA-N,exact DDInter name query,exact_unique,valid,"https://pubchem.ncbi.nlm.nih.gov/rest/pug/compound/name/Acenocoumarol/property/Title,ConnectivitySMILES,SMILES,InChI,InChIKey/JSON",2026-09-22
DDInter130,Atenolol,2249,Atenolol,CC(C)NCC(COC1=CC=C(C=C1)CC(=O)N)O,CC(C)NCC(COC1=CC=C(C=C1)CC(=O)N)O,"InChI=1S/C14H22N2O3/c1-10(2)16-8-12(17)9-19-13-5-3-11(4-6-13)7-14(15)18/h3-6,10,12,16-17H,7-9H2,1-2H3,(H2,15,18)",METKIMKYRPQLGS-UHFFFAOYSA-N,exact DDInter name query,exact_unique,valid,"https://pubchem.ncbi.nlm.nih.gov/rest/pug/compound/name/Atenolol/property/Title,ConnectivitySMILES,SMILES,InChI,InChIKey/JSON",2026-09-22
DDInter1300,Nitisinone,115355,Nitisinone,C1CC(=O)C(C(=O)C1)C(=O)C2=C(C=C(C=C2)C(F)(F)F)[N+](=O)[O-],C1CC(=O)C(C(=O)C1)C(=O)C2=C(C=C(C=C2)C(F)(F)F)[N+](=O)[O-],"InChI=1S/C14H10F3NO5/c15-14(16,17)7-4-5-8(9(6-7)18(22)23)13(21)12-10(19)2-1-3-11(12)20/h4-6,12H,1-3H2",OUBCNLGXQFSTLU-UHFFFAOYSA-N,exact DDInter name query,exact_unique,valid,"https://pubchem.ncbi.nlm.nih.gov/rest/pug/compound/name/Nitisinone/property/Title,ConnectivitySMILES,SMILES,InChI,InChIKey/JSON",2026-09-22
DDInter1301,Nitrazepam,4506,Nitrazepam,C1C(=O)NC2=C(C=C(C=C2)[N+](=O)[O-])C(=N1)C3=CC=CC=C3,C1C(=O)NC2=C(C=C(C=C2)[N+](=O)[O-])C(=N1)C3=CC=CC=C3,"InChI=1S/C15H11N3O3/c19-14-9-16-15(10-4-2-1-3-5-10)12-8-11(18(20)21)6-7-13(12)17-14/h1-8H,9H2,(H,17,19)",KJONHKAYOJNZEC-UHFFFAOYSA-N,exact DDInter name query,exact_unique,valid,"https://pubchem.ncbi.nlm.nih.gov/rest/pug/compound/name/Nitrazepam/property/Title,ConnectivitySMILES,SMILES,InChI,InChIKey/JSON",2026-09-22
DDInter1302,Nitric Oxide,145068,Nitric Oxide,[N]=O,[N]=O,InChI=1S/NO/c1-2,MWUXSHHQAYIFBG-UHFFFAOYSA-N,exact DDInter name query,exact_unique,valid,"https://pubchem.ncbi.nlm.nih.gov/rest/pug/compound/name/Nitric%20Oxide/property/Title,ConnectivitySMILES,SMILES,InChI,InChIKey/JSON",2026-09-22
DDInter1303,Nitrofurantoin,6604200,Nitrofurantoin,C1C(=O)NC(=O)N1N=CC2=CC=C(O2)[N+](=O)[O-],C1C(=O)NC(=O)N1/N=C/C2=CC=C(O2)[N+](=O)[O-],"InChI=1S/C8H6N4O5/c13-6-4-11(8(14)10-6)9-3-5-1-2-7(17-5)12(15)16/h1-3H,4H2,(H,10,13,14)/b9-3+",NXFQHRVNIOXGAQ-YCRREMRBSA-N,exact DDInter name query,exact_unique,valid,"https://pubchem.ncbi.nlm.nih.gov/rest/pug/compound/name/Nitrofurantoin/property/Title,ConnectivitySMILES,SMILES,InChI,InChIKey/JSON",2026-09-22
DDInter1304,Nitroglycerin,4510,Nitroglycerin,C(C(CO[N+](=O)[O-])O[N+](=O)[O-])O[N+](=O)[O-],C(C(CO[N+](=O)[O-])O[N+](=O)[O-])O[N+](=O)[O-],"InChI=1S/C3H5N3O9/c7-4(8)13-1-3(15-6(11)12)2-14-5(9)10/h3H,1-2H2",SNIOPGDIGTZGOP-UHFFFAOYSA-N,exact DDInter name query,exact_unique,valid,"https://pubchem.ncbi.nlm.nih.gov/rest/pug/compound/name/Nitroglycerin/property/Title,ConnectivitySMILES,SMILES,InChI,InChIKey/JSON",2026-09-22
DDInter1305,Nitroprusside,,,,,,,exact DDInter name query,unmapped,unavailable,"https://pubchem.ncbi.nlm.nih.gov/rest/pug/compound/name/Nitroprusside/property/Title,ConnectivitySMILES,SMILES,InChI,InChIKey/JSON",2026-09-22
DDInter1306,Nitrous acid,24529,Nitrous Acid,N(=O)O,N(=O)O,"InChI=1S/HNO2/c2-1-3/h(H,2,3)",IOVCWXUNBOPUCH-UHFFFAOYSA-N,exact DDInter name query,exact_unique,valid,"https://pubchem.ncbi.nlm.nih.gov/rest/pug/compound/name/Nitrous%20acid/property/Title,ConnectivitySMILES,SMILES,InChI,InChIKey/JSON",2026-09-22
DDInter1307,Nitrous oxide,948,Nitrous Oxide,[N-]=[N+]=O,[N-]=[N+]=O,InChI=1S/N2O/c1-2-3,GQPLMRYTRLFLPF-UHFFFAOYSA-N,exact DDInter name query,exact_unique,valid,"https://pubchem.ncbi.nlm.nih.gov/rest/pug/compound/name/Nitrous%20oxide/property/Title,ConnectivitySMILES,SMILES,InChI,InChIKey/JSON",2026-09-22
DDInter1308,Nivolumab,,,,,,,exact DDInter name query,unmapped,unavailable,"https://pubchem.ncbi.nlm.nih.gov/rest/pug/compound/name/Nivolumab/property/Title,ConnectivitySMILES,SMILES,InChI,InChIKey/JSON",2026-09-22
DDInter1309,Nizatidine,4513,Nizatidine,CNC(=C[N+](=O)[O-])NCCSCC1=CSC(=N1)CN(C)C,CNC(=C[N+](=O)[O-])NCCSCC1=CSC(=N1)CN(C)C,"InChI=1S/C12H21N5O2S2/c1-13-11(6-17(18)19)14-4-5-20-8-10-9-21-12(15-10)7-16(2)3/h6,9,13-14H,4-5,7-8H2,1-3H3",SGXXNSQHWDMGGP-UHFFFAOYSA-N,exact DDInter name query,exact_unique,valid,"https://pubchem.ncbi.nlm.nih.gov/rest/pug/compound/name/Nizatidine/property/Title,ConnectivitySMILES,SMILES,InChI,InChIKey/JSON",2026-09-22
DDInter131,Atezolizumab,,,,,,,exact DDInter name query,unmapped,unavailable,"https://pubchem.ncbi.nlm.nih.gov/rest/pug/compound/name/Atezolizumab/property/Title,ConnectivitySMILES,SMILES,InChI,InChIKey/JSON",2026-09-22
DDInter1310,Norelgestromin,62930,Norelgestromin,CCC12CCC3C(C1CCC2(C#C)O)CCC4=CC(=NO)CCC34,CC[C@]12CC[C@H]3[C@H]([C@@H]1CC[C@]2(C#C)O)CCC4=CC(=NO)CC[C@H]34,"InChI=1S/C21H29NO2/c1-3-20-11-9-17-16-8-6-15(22-24)13-14(16)5-7-18(17)19(20)10-12-21(20,23)4-2/h2,13,16-19,23-24H,3,5-12H2,1H3/t16-,17+,18+,19-,20-,21-/m0/s1",ISHXLNHNDMZNMC-XUDSTZEESA-N,exact DDInter name query,exact_unique,valid,"https://pubchem.ncbi.nlm.nih.gov/rest/pug/compound/name/Norelgestromin/property/Title,ConnectivitySMILES,SMILES,InChI,InChIKey/JSON",2026-09-22
DDInter1311,Norepinephrine,439260,Norepinephrine,C1=CC(=C(C=C1C(CN)O)O)O,C1=CC(=C(C=C1[C@H](CN)O)O)O,"InChI=1S/C8H11NO3/c9-4-8(12)5-1-2-6(10)7(11)3-5/h1-3,8,10-12H,4,9H2/t8-/m0/s1",SFLSHLFXELFNJZ-QMMMGPOBSA-N,exact DDInter name query,exact_unique,valid,"https://pubchem.ncbi.nlm.nih.gov/rest/pug/compound/name/Norepinephrine/property/Title,ConnectivitySMILES,SMILES,InChI,InChIKey/JSON",2026-09-22
DDInter1312,Norethisterone,6230,Norethindrone,CC12CCC3C(C1CCC2(C#C)O)CCC4=CC(=O)CCC34,C[C@]12CC[C@H]3[C@H]([C@@H]1CC[C@]2(C#C)O)CCC4=CC(=O)CC[C@H]34,"InChI=1S/C20H26O2/c1-3-20(22)11-9-18-17-6-4-13-12-14(21)5-7-15(13)16(17)8-10-19(18,20)2/h1,12,15-18,22H,4-11H2,2H3/t15-,16+,17+,18-,19-,20-/m0/s1",VIKNJXKGJWUCNN-XGXHKTLJSA-N,exact DDInter name query,ambiguous,excluded_title_mismatch,"https://pubchem.ncbi.nlm.nih.gov/rest/pug/compound/name/Norethisterone/property/Title,ConnectivitySMILES,SMILES,InChI,InChIKey/JSON",2026-09-22
DDInter1313,Norfloxacin,4539,Norfloxacin,CCN1C=C(C(=O)C2=CC(=C(C=C21)N3CCNCC3)F)C(=O)O,CCN1C=C(C(=O)C2=CC(=C(C=C21)N3CCNCC3)F)C(=O)O,"InChI=1S/C16H18FN3O3/c1-2-19-9-11(16(22)23)15(21)10-7-12(17)14(8-13(10)19)20-5-3-18-4-6-20/h7-9,18H,2-6H2,1H3,(H,22,23)",OGJPXUAPXNRGGI-UHFFFAOYSA-N,exact DDInter name query,exact_unique,valid,"https://pubchem.ncbi.nlm.nih.gov/rest/pug/compound/name/Norfloxacin/property/Title,ConnectivitySMILES,SMILES,InChI,InChIKey/JSON",2026-09-22
DDInter1314,Norgestimate,6540478,Norgestimate,CCC12CCC3C(C1CCC2(C#C)OC(=O)C)CCC4=CC(=NO)CCC34,CC[C@]12CC[C@H]3[C@H]([C@@H]1CC[C@]2(C#C)OC(=O)C)CCC4=C/C(=N/O)/CC[C@H]34,"InChI=1S/C23H31NO3/c1-4-22-12-10-19-18-9-7-17(24-26)14-16(18)6-8-20(19)21(22)11-13-23(22,5-2)27-15(3)25/h2,14,18-21,26H,4,6-13H2,1,3H3/b24-17+/t18-,19+,20+,21-,22-,23-/m0/s1",KIQQMECNKUGGKA-NMYWJIRASA-N,exact DDInter name query,exact_unique,valid,"https://pubchem.ncbi.nlm.nih.gov/rest/pug/compound/name/Norgestimate/property/Title,ConnectivitySMILES,SMILES,InChI,InChIKey/JSON",2026-09-22
DDInter1315,Norgestrel,,,,,,,exact DDInter name query,ambiguous,excluded_multiple_candidates,"https://pubchem.ncbi.nlm.nih.gov/rest/pug/compound/name/Norgestrel/property/Title,ConnectivitySMILES,SMILES,InChI,InChIKey/JSON",2026-09-22
DDInter1316,Nortriptyline,4543,Nortriptyline,CNCCC=C1C2=CC=CC=C2CCC3=CC=CC=C31,CNCCC=C1C2=CC=CC=C2CCC3=CC=CC=C31,"InChI=1S/C19H21N/c1-20-14-6-11-19-17-9-4-2-7-15(17)12-13-16-8-3-5-10-18(16)19/h2-5,7-11,20H,6,12-14H2,1H3",PHVGLTMQBUFIQQ-UHFFFAOYSA-N,exact DDInter name query,exact_unique,valid,"https://pubchem.ncbi.nlm.nih.gov/rest/pug/compound/name/Nortriptyline/property/Title,ConnectivitySMILES,SMILES,InChI,InChIKey/JSON",2026-09-22
DDInter1317,Novobiocin,54675769,Novobiocin,CC1=C(C=CC2=C1OC(=O)C(=C2O)NC(=O)C3=CC(=C(C=C3)O)CC=C(C)C)OC4C(C(C(C(O4)(C)C)OC)OC(=O)N)O,CC1=C(C=CC2=C1OC(=O)C(=C2O)NC(=O)C3=CC(=C(C=C3)O)CC=C(C)C)O[C@H]4[C@@H]([C@@H]([C@H](C(O4)(C)C)OC)OC(=O)N)O,"InChI=1S/C31H36N2O11/c1-14(2)7-8-16-13-17(9-11-19(16)34)27(37)33-21-22(35)18-10-12-20(15(3)24(18)42-28(21)38)41-29-23(36)25(43-30(32)39)26(40-6)31(4,5)44-29/h7,9-13,23,25-26,29,34-36H,8H2,1-6H3,(H2,32,39)(H,33,37)/t23-,25+,26-,29-/m1/s1",YJQPYGGHQPGBLI-KGSXXDOSSA-N,exact DDInter name query,exact_unique,valid,"https://pubchem.ncbi.nlm.nih.gov/rest/pug/compound/name/Novobiocin/property/Title,ConnectivitySMILES,SMILES,InChI,InChIKey/JSON",2026-09-22
DDInter1318,Nystatin,,,,,,,exact DDInter name query,ambiguous,excluded_multiple_candidates,"https://pubchem.ncbi.nlm.nih.gov/rest/pug/compound/name/Nystatin/property/Title,ConnectivitySMILES,SMILES,InChI,InChIKey/JSON",2026-09-22
DDInter1319,Obeticholic acid,447715,Obeticholic Acid,CCC1C2CC(CCC2(C3CCC4(C(C3C1O)CCC4C(C)CCC(=O)O)C)C)O,CC[C@@H]1[C@@H]2C[C@@H](CC[C@@]2([C@H]3CC[C@]4([C@H]([C@@H]3[C@@H]1O)CC[C@@H]4[C@H](C)CCC(=O)O)C)C)O,"InChI=1S/C26H44O4/c1-5-17-21-14-16(27)10-12-26(21,4)20-11-13-25(3)18(15(2)6-9-22(28)29)7-8-19(25)23(20)24(17)30/h15-21,23-24,27,30H,5-14H2,1-4H3,(H,28,29)/t15-,16-,17-,18-,19+,20+,21+,23+,24-,25-,26-/m1/s1",ZXERDUOLZKYMJM-ZWECCWDJSA-N,exact DDInter name query,exact_unique,valid,"https://pubchem.ncbi.nlm.nih.gov/rest/pug/compound/name/Obeticholic%20acid/property/Title,ConnectivitySMILES,SMILES,InChI,InChIKey/JSON",2026-09-22
DDInter132,Atomoxetine,54841,Atomoxetine,CC1=CC=CC=C1OC(CCNC)C2=CC=CC=C2,CC1=CC=CC=C1O[C@H](CCNC)C2=CC=CC=C2,"InChI=1S/C17H21NO/c1-14-8-6-7-11-16(14)19-17(12-13-18-2)15-9-4-3-5-10-15/h3-11,17-18H,12-13H2,1-2H3/t17-/m1/s1",VHGCDTVCOLNTBX-QGZVFWFLSA-N,exact DDInter name query,exact_unique,valid,"https://pubchem.ncbi.nlm.nih.gov/rest/pug/compound/name/Atomoxetine/property/Title,ConnectivitySMILES,SMILES,InChI,InChIKey/JSON",2026-09-22
DDInter1320,Obinutuzumab,,,,,,,exact DDInter name query,unmapped,unavailable,"https://pubchem.ncbi.nlm.nih.gov/rest/pug/compound/name/Obinutuzumab/property/Title,ConnectivitySMILES,SMILES,InChI,InChIKey/JSON",2026-09-22
DDInter1321,Ocrelizumab,,,,,,,exact DDInter name query,unmapped,unavailable,"https://pubchem.ncbi.nlm.nih.gov/rest/pug/compound/name/Ocrelizumab/property/Title,ConnectivitySMILES,SMILES,InChI,InChIKey/JSON",2026-09-22
DDInter1322,Octasulfur (topical),,,,,,,exact DDInter name query,unmapped,unavailable,"https://pubchem.ncbi.nlm.nih.gov/rest/pug/compound/name/Octasulfur%20%28topical%29/property/Title,ConnectivitySMILES,SMILES,InChI,InChIKey/JSON",2026-09-22
DDInter1323,Octreotide,448601,Octreotide,CC(C1C(=O)NC(CSSCC(C(=O)NC(C(=O)NC(C(=O)NC(C(=O)N1)CCCCN)CC2=CNC3=CC=CC=C32)CC4=CC=CC=C4)NC(=O)C(CC5=CC=CC=C5)N)C(=O)NC(CO)C(C)O)O,C[C@H]([C@H]1C(=O)N[C@@H](CSSC[C@@H](C(=O)N[C@H](C(=O)N[C@@H](C(=O)N[C@H](C(=O)N1)CCCCN)CC2=CNC3=CC=CC=C32)CC4=CC=CC=C4)NC(=O)[C@@H](CC5=CC=CC=C5)N)C(=O)N[C@H](CO)[C@@H](C)O)O,"InChI=1S/C49H66N10O10S2/c1-28(61)39(25-60)56-48(68)41-27-71-70-26-40(57-43(63)34(51)21-30-13-5-3-6-14-30)47(67)54-37(22-31-15-7-4-8-16-31)45(65)55-38(23-32-24-52-35-18-10-9-17-33(32)35)46(66)53-36(19-11-12-20-50)44(64)59-42(29(2)62)49(69)58-41/h3-10,13-18,24,28-29,34,36-42,52,60-62H,11-12,19-23,25-27,50-51H2,1-2H3,(H,53,66)(H,54,67)(H,55,65)(H,56,68)(H,57,63)(H,58,69)(H,59,64)/t28-,29-,34-,36+,37+,38-,39-,40+,41+,42+/m1/s1",DEQANNDTNATYII-OULOTJBUSA-N,exact DDInter name query,exact_unique,valid,"https://pubchem.ncbi.nlm.nih.gov/rest/pug/compound/name/Octreotide/property/Title,ConnectivitySMILES,SMILES,InChI,InChIKey/JSON",2026-09-22
DDInter1324,Ofatumumab,,,,,,,exact DDInter name query,unmapped,unavailable,"https://pubchem.ncbi.nlm.nih.gov/rest/pug/compound/name/Ofatumumab/property/Title,ConnectivitySMILES,SMILES,InChI,InChIKey/JSON",2026-09-22
DDInter1325,Ofloxacin,4583,Ofloxacin,CC1COC2=C3N1C=C(C(=O)C3=CC(=C2N4CCN(CC4)C)F)C(=O)O,CC1COC2=C3N1C=C(C(=O)C3=CC(=C2N4CCN(CC4)C)F)C(=O)O,"InChI=1S/C18H20FN3O4/c1-10-9-26-17-14-11(16(23)12(18(24)25)8-22(10)14)7-13(19)15(17)21-5-3-20(2)4-6-21/h7-8,10H,3-6,9H2,1-2H3,(H,24,25)",GSDSWSVVBLHKDQ-UHFFFAOYSA-N,exact DDInter name query,exact_unique,valid,"https://pubchem.ncbi.nlm.nih.gov/rest/pug/compound/name/Ofloxacin/property/Title,ConnectivitySMILES,SMILES,InChI,InChIKey/JSON",2026-09-22
DDInter1326,Olanzapine,135398745,Olanzapine,CC1=CC2=C(S1)NC3=CC=CC=C3N=C2N4CCN(CC4)C,CC1=CC2=C(S1)NC3=CC=CC=C3N=C2N4CCN(CC4)C,"InChI=1S/C17H20N4S/c1-12-11-13-16(21-9-7-20(2)8-10-21)18-14-5-3-4-6-15(14)19-17(13)22-12/h3-6,11,19H,7-10H2,1-2H3",KVWDHTXUZHCGIO-UHFFFAOYSA-N,exact DDInter name query,exact_unique,valid,"https://pubchem.ncbi.nlm.nih.gov/rest/pug/compound/name/Olanzapine/property/Title,ConnectivitySMILES,SMILES,InChI,InChIKey/JSON",2026-09-22
DDInter1327,Olaparib,23725625,Olaparib,C1CC1C(=O)N2CCN(CC2)C(=O)C3=C(C=CC(=C3)CC4=NNC(=O)C5=CC=CC=C54)F,C1CC1C(=O)N2CCN(CC2)C(=O)C3=C(C=CC(=C3)CC4=NNC(=O)C5=CC=CC=C54)F,"InChI=1S/C24H23FN4O3/c25-20-8-5-15(14-21-17-3-1-2-4-18(17)22(30)27-26-21)13-19(20)24(32)29-11-9-28(10-12-29)23(31)16-6-7-16/h1-5,8,13,16H,6-7,9-12,14H2,(H,27,30)",FDLYAMZZIXQODN-UHFFFAOYSA-N,exact DDInter name query,exact_unique,valid,"https://pubchem.ncbi.nlm.nih.gov/rest/pug/compound/name/Olaparib/property/Title,ConnectivitySMILES,SMILES,InChI,InChIKey/JSON",2026-09-22
DDInter1328,Olaratumab,,,,,,,exact DDInter name query,unmapped,unavailable,"https://pubchem.ncbi.nlm.nih.gov/rest/pug/compound/name/Olaratumab/property/Title,ConnectivitySMILES,SMILES,InChI,InChIKey/JSON",2026-09-22
DDInter1329,Oliceridine,66553195,Oliceridine,COC1=C(SC=C1)CNCCC2(CCOC3(C2)CCCC3)C4=CC=CC=N4,COC1=C(SC=C1)CNCC[C@]2(CCOC3(C2)CCCC3)C4=CC=CC=N4,"InChI=1S/C22H30N2O2S/c1-25-18-7-15-27-19(18)16-23-13-10-21(20-6-2-5-12-24-20)11-14-26-22(17-21)8-3-4-9-22/h2,5-7,12,15,23H,3-4,8-11,13-14,16-17H2,1H3/t21-/m1/s1",DMNOVGJWPASQDL-OAQYLSRUSA-N,exact DDInter name query,exact_unique,valid,"https://pubchem.ncbi.nlm.nih.gov/rest/pug/compound/name/Oliceridine/property/Title,ConnectivitySMILES,SMILES,InChI,InChIKey/JSON",2026-09-22
DDInter133,Atorvastatin,60823,Atorvastatin,CC(C)C1=C(C(=C(N1CCC(CC(CC(=O)O)O)O)C2=CC=C(C=C2)F)C3=CC=CC=C3)C(=O)NC4=CC=CC=C4,CC(C)C1=C(C(=C(N1CC[C@H](C[C@H](CC(=O)O)O)O)C2=CC=C(C=C2)F)C3=CC=CC=C3)C(=O)NC4=CC=CC=C4,"InChI=1S/C33H35FN2O5/c1-21(2)31-30(33(41)35-25-11-7-4-8-12-25)29(22-9-5-3-6-10-22)32(23-13-15-24(34)16-14-23)36(31)18-17-26(37)19-27(38)20-28(39)40/h3-16,21,26-27,37-38H,17-20H2,1-2H3,(H,35,41)(H,39,40)/t26-,27-/m1/s1",XUKUURHRXDUEBC-KAYWLYCHSA-N,exact DDInter name query,exact_unique,valid,"https://pubchem.ncbi.nlm.nih.gov/rest/pug/compound/name/Atorvastatin/property/Title,ConnectivitySMILES,SMILES,InChI,InChIKey/JSON",2026-09-22
DDInter1330,Olmesartan,158781,Olmesartan,CCCC1=NC(=C(N1CC2=CC=C(C=C2)C3=CC=CC=C3C4=NNN=N4)C(=O)O)C(C)(C)O,CCCC1=NC(=C(N1CC2=CC=C(C=C2)C3=CC=CC=C3C4=NNN=N4)C(=O)O)C(C)(C)O,"InChI=1S/C24H26N6O3/c1-4-7-19-25-21(24(2,3)33)20(23(31)32)30(19)14-15-10-12-16(13-11-15)17-8-5-6-9-18(17)22-26-28-29-27-22/h5-6,8-13,33H,4,7,14H2,1-3H3,(H,31,32)(H,26,27,28,29)",VTRAEEWXHOVJFV-UHFFFAOYSA-N,exact DDInter name query,exact_unique,valid,"https://pubchem.ncbi.nlm.nih.gov/rest/pug/compound/name/Olmesartan/property/Title,ConnectivitySMILES,SMILES,InChI,InChIKey/JSON",2026-09-22
DDInter1331,Olodaterol,11504295,Olodaterol,CC(C)(CC1=CC=C(C=C1)OC)NCC(C2=C3C(=CC(=C2)O)NC(=O)CO3)O,CC(C)(CC1=CC=C(C=C1)OC)NC[C@@H](C2=C3C(=CC(=C2)O)NC(=O)CO3)O,"InChI=1S/C21H26N2O5/c1-21(2,10-13-4-6-15(27-3)7-5-13)22-11-18(25)16-8-14(24)9-17-20(16)28-12-19(26)23-17/h4-9,18,22,24-25H,10-12H2,1-3H3,(H,23,26)/t18-/m0/s1",COUYJEVMBVSIHV-SFHVURJKSA-N,exact DDInter name query,exact_unique,valid,"https://pubchem.ncbi.nlm.nih.gov/rest/pug/compound/name/Olodaterol/property/Title,ConnectivitySMILES,SMILES,InChI,InChIKey/JSON",2026-09-22
DDInter1332,Olopatadine,5281071,Olopatadine,CN(C)CCC=C1C2=CC=CC=C2COC3=C1C=C(C=C3)CC(=O)O,CN(C)CC/C=C\1/C2=CC=CC=C2COC3=C1C=C(C=C3)CC(=O)O,"InChI=1S/C21H23NO3/c1-22(2)11-5-8-18-17-7-4-3-6-16(17)14-25-20-10-9-15(12-19(18)20)13-21(23)24/h3-4,6-10,12H,5,11,13-14H2,1-2H3,(H,23,24)/b18-8-",JBIMVDZLSHOPLA-LSCVHKIXSA-N,exact DDInter name query,exact_unique,valid,"https://pubchem.ncbi.nlm.nih.gov/rest/pug/compound/name/Olopatadine/property/Title,ConnectivitySMILES,SMILES,InChI,InChIKey/JSON",2026-09-22
DDInter1333,Olopatadine (nasal),,,,,,,exact DDInter name query,unmapped,unavailable,"https://pubchem.ncbi.nlm.nih.gov/rest/pug/compound/name/Olopatadine%20%28nasal%29/property/Title,ConnectivitySMILES,SMILES,InChI,InChIKey/JSON",2026-09-22
DDInter1334,Olsalazine,22419,Olsalazine,C1=CC(=C(C=C1N=NC2=CC(=C(C=C2)O)C(=O)O)C(=O)O)O,C1=CC(=C(C=C1N=NC2=CC(=C(C=C2)O)C(=O)O)C(=O)O)O,"InChI=1S/C14H10N2O6/c17-11-3-1-7(5-9(11)13(19)20)15-16-8-2-4-12(18)10(6-8)14(21)22/h1-6,17-18H,(H,19,20)(H,21,22)",QQBDLJCYGRGAKP-UHFFFAOYSA-N,exact DDInter name query,exact_unique,valid,"https://pubchem.ncbi.nlm.nih.gov/rest/pug/compound/name/Olsalazine/property/Title,ConnectivitySMILES,SMILES,InChI,InChIKey/JSON",2026-09-22
DDInter1335,Omacetaxine mepesuccinate,285033,Omacetaxine Mepesuccinate,CC(C)(CCCC(CC(=O)OC)(C(=O)OC1C2C3=CC4=C(C=C3CCN5C2(CCC5)C=C1OC)OCO4)O)O,CC(C)(CCC[C@@](CC(=O)OC)(C(=O)O[C@H]1[C@H]2C3=CC4=C(C=C3CCN5[C@@]2(CCC5)C=C1OC)OCO4)O)O,"InChI=1S/C29H39NO9/c1-27(2,33)8-5-10-29(34,16-23(31)36-4)26(32)39-25-22(35-3)15-28-9-6-11-30(28)12-7-18-13-20-21(38-17-37-20)14-19(18)24(25)28/h13-15,24-25,33-34H,5-12,16-17H2,1-4H3/t24-,25-,28+,29-/m1/s1",HYFHYPWGAURHIV-JFIAXGOJSA-N,exact DDInter name query,exact_unique,valid,"https://pubchem.ncbi.nlm.nih.gov/rest/pug/compound/name/Omacetaxine%20mepesuccinate/property/Title,ConnectivitySMILES,SMILES,InChI,InChIKey/JSON",2026-09-22
DDInter1336,Omadacycline,54697325,Omadacycline,CC(C)(C)CNCC1=CC(=C2CC3CC4C(C(=O)C(=C(C4(C(=O)C3=C(C2=C1O)O)O)O)C(=O)N)N(C)C)N(C)C,CC(C)(C)CNCC1=CC(=C2C[C@H]3C[C@H]4[C@@H](C(=O)C(=C([C@]4(C(=O)C3=C(C2=C1O)O)O)O)C(=O)N)N(C)C)N(C)C,"InChI=1S/C29H40N4O7/c1-28(2,3)12-31-11-14-10-17(32(4)5)15-8-13-9-16-21(33(6)7)24(36)20(27(30)39)26(38)29(16,40)25(37)18(13)23(35)19(15)22(14)34/h10,13,16,21,31,34-35,38,40H,8-9,11-12H2,1-7H3,(H2,30,39)/t13-,16-,21-,29-/m0/s1",VJYKVCURWJGLPG-IQZGDKDPSA-N,exact DDInter name query,exact_unique,valid,"https://pubchem.ncbi.nlm.nih.gov/rest/pug/compound/name/Omadacycline/property/Title,ConnectivitySMILES,SMILES,InChI,InChIKey/JSON",2026-09-22
DDInter1337,Omalizumab,,,,,,,exact DDInter name query,unmapped,unavailable,"https://pubchem.ncbi.nlm.nih.gov/rest/pug/compound/name/Omalizumab/property/Title,ConnectivitySMILES,SMILES,InChI,InChIKey/JSON",2026-09-22
DDInter1339,Omega-3 fatty acids,,,,,,,exact DDInter name query,unmapped,unavailable,"https://pubchem.ncbi.nlm.nih.gov/rest/pug/compound/name/Omega-3%20fatty%20acids/property/Title,ConnectivitySMILES,SMILES,InChI,InChIKey/JSON",2026-09-22
DDInter134,Atovaquone,74989,"3-(4-(4-Chlorophenyl)cyclohexyl)-4-hydroxynaphthalene-1,2-dione",C1CC(CCC1C2=CC=C(C=C2)Cl)C3=C(C4=CC=CC=C4C(=O)C3=O)O,C1CC(CCC1C2=CC=C(C=C2)Cl)C3=C(C4=CC=CC=C4C(=O)C3=O)O,"InChI=1S/C22H19ClO3/c23-16-11-9-14(10-12-16)13-5-7-15(8-6-13)19-20(24)17-3-1-2-4-18(17)21(25)22(19)26/h1-4,9-13,15,24H,5-8H2",BSJMWHQBCZFXBR-UHFFFAOYSA-N,exact DDInter name query,ambiguous,excluded_title_mismatch,"https://pubchem.ncbi.nlm.nih.gov/rest/pug/compound/name/Atovaquone/property/Title,ConnectivitySMILES,SMILES,InChI,InChIKey/JSON",2026-09-22
DDInter1340,Omeprazole,4594,Omeprazole,CC1=CN=C(C(=C1OC)C)CS(=O)C2=NC3=C(N2)C=C(C=C3)OC,CC1=CN=C(C(=C1OC)C)CS(=O)C2=NC3=C(N2)C=C(C=C3)OC,"InChI=1S/C17H19N3O3S/c1-10-8-18-15(11(2)16(10)23-4)9-24(21)17-19-13-6-5-12(22-3)7-14(13)20-17/h5-8H,9H2,1-4H3,(H,19,20)",SUBDBMMJDZJVOS-UHFFFAOYSA-N,exact DDInter name query,exact_unique,valid,"https://pubchem.ncbi.nlm.nih.gov/rest/pug/compound/name/Omeprazole/property/Title,ConnectivitySMILES,SMILES,InChI,InChIKey/JSON",2026-09-22
DDInter1341,Onasemnogene abeparvovec,,,,,,,exact DDInter name query,unmapped,unavailable,"https://pubchem.ncbi.nlm.nih.gov/rest/pug/compound/name/Onasemnogene%20abeparvovec/property/Title,ConnectivitySMILES,SMILES,InChI,InChIKey/JSON",2026-09-22
DDInter1342,Ondansetron,4595,Ondansetron,CC1=NC=CN1CC2CCC3=C(C2=O)C4=CC=CC=C4N3C,CC1=NC=CN1CC2CCC3=C(C2=O)C4=CC=CC=C4N3C,"InChI=1S/C18H19N3O/c1-12-19-9-10-21(12)11-13-7-8-16-17(18(13)22)14-5-3-4-6-15(14)20(16)2/h3-6,9-10,13H,7-8,11H2,1-2H3",FELGMEQIXOGIFQ-UHFFFAOYSA-N,exact DDInter name query,exact_unique,valid,"https://pubchem.ncbi.nlm.nih.gov/rest/pug/compound/name/Ondansetron/property/Title,ConnectivitySMILES,SMILES,InChI,InChIKey/JSON",2026-09-22
DDInter1343,Opicapone,135565903,Opicapone,CC1=C(C(=[N+](C(=C1Cl)C)[O-])Cl)C2=NOC(=N2)C3=CC(=C(C(=C3)O)O)[N+](=O)[O-],CC1=C(C(=[N+](C(=C1Cl)C)[O-])Cl)C2=NOC(=N2)C3=CC(=C(C(=C3)O)O)[N+](=O)[O-],"InChI=1S/C15H10Cl2N4O6/c1-5-10(13(17)20(24)6(2)11(5)16)14-18-15(27-19-14)7-3-8(21(25)26)12(23)9(22)4-7/h3-4,22-23H,1-2H3",ASOADIZOVZTJSR-UHFFFAOYSA-N,exact DDInter name query,exact_unique,valid,"https://pubchem.ncbi.nlm.nih.gov/rest/pug/compound/name/Opicapone/property/Title,ConnectivitySMILES,SMILES,InChI,InChIKey/JSON",2026-09-22
DDInter1344,Opium,,,,,,,exact DDInter name query,unmapped,unavailable,"https://pubchem.ncbi.nlm.nih.gov/rest/pug/compound/name/Opium/property/Title,ConnectivitySMILES,SMILES,InChI,InChIKey/JSON",2026-09-22
DDInter1345,Oprelvekin,,,,,,,exact DDInter name query,unmapped,unavailable,"https://pubchem.ncbi.nlm.nih.gov/rest/pug/compound/name/Oprelvekin/property/Title,ConnectivitySMILES,SMILES,InChI,InChIKey/JSON",2026-09-22
DDInter1346,Orciprenaline,4086,Metaproterenol,CC(C)NCC(C1=CC(=CC(=C1)O)O)O,CC(C)NCC(C1=CC(=CC(=C1)O)O)O,"InChI=1S/C11H17NO3/c1-7(2)12-6-11(15)8-3-9(13)5-10(14)4-8/h3-5,7,11-15H,6H2,1-2H3",LMOINURANNBYCM-UHFFFAOYSA-N,exact DDInter name query,ambiguous,excluded_title_mismatch,"https://pubchem.ncbi.nlm.nih.gov/rest/pug/compound/name/Orciprenaline/property/Title,ConnectivitySMILES,SMILES,InChI,InChIKey/JSON",2026-09-22
DDInter1347,Oritavancin,16136912,Oritavancin,CC1C(C(CC(O1)OC2C3C(=O)NC(C4=C(C(=CC(=C4)O)O)C5=C(C=CC(=C5)C(C(=O)N3)NC(=O)C6C7=CC(=C(C(=C7)OC8=C(C=C2C=C8)Cl)OC9C(C(C(C(O9)CO)O)O)OC1CC(C(C(O1)C)O)(C)NCC1=CC=C(C=C1)C1=CC=C(C=C1)Cl)OC1=C(C=C(C=C1)C(C(C(=O)NC(C(=O)N6)CC(=O)N)NC(=O)C(CC(C)C)NC)O)Cl)O)C(=O)O)(C)N)O,C[C@H]1[C@@H]([C@@](C[C@@H](O1)O[C@H]2[C@H]3C(=O)N[C@@H](C4=C(C(=CC(=C4)O)O)C5=C(C=CC(=C5)[C@H](C(=O)N3)NC(=O)[C@H]6C7=CC(=C(C(=C7)OC8=C(C=C2C=C8)Cl)O[C@H]9[C@@H]([C@H]([C@@H]([C@H](O9)CO)O)O)O[C@H]1C[C@]([C@H]([C@@H](O1)C)O)(C)NCC1=CC=C(C=C1)C1=CC=C(C=C1)Cl)OC1=C(C=C(C=C1)[C@H]([C@H](C(=O)N[C@H](C(=O)N6)CC(=O)N)NC(=O)[C@@H](CC(C)C)NC)O)Cl)O)C(=O)O)(C)N)O,"InChI=1S/C86H97Cl3N10O26/c1-35(2)22-51(92-7)77(110)98-67-69(105)42-15-20-55(49(88)24-42)120-57-26-44-27-58(73(57)125-84-74(71(107)70(106)59(34-100)122-84)124-62-32-86(6,76(109)37(4)119-62)93-33-38-8-10-39(11-9-38)40-12-17-45(87)18-13-40)121-56-21-16-43(25-50(56)89)72(123-61-31-85(5,91)75(108)36(3)118-61)68-82(115)97-66(83(116)117)48-28-46(101)29-54(103)63(48)47-23-41(14-19-53(47)102)64(79(112)99-68)96-80(113)65(44)95-78(111)52(30-60(90)104)94-81(67)114/h8-21,23-29,35-37,51-52,59,61-62,64-72,74-76,84,92-93,100-103,105-109H,22,30-34,91H2,1-7H3,(H2,90,104)(H,94,114)(H,95,111)(H,96,113)(H,97,115)(H,98,110)(H,99,112)(H,116,117)/t36-,37-,51+,52-,59+,61-,62-,64+,65+,66-,67+,68-,69+,70+,71-,72+,74+,75-,76-,84-,85-,86-/m0/s1",VHFGEBVPHAGQPI-LXKZPTCJSA-N,exact DDInter name query,exact_unique,valid,"https://pubchem.ncbi.nlm.nih.gov/rest/pug/compound/name/Oritavancin/property/Title,ConnectivitySMILES,SMILES,InChI,InChIKey/JSON",2026-09-22
DDInter1348,Orlistat,3034010,Orlistat,CCCCCCCCCCCC(CC1C(C(=O)O1)CCCCCC)OC(=O)C(CC(C)C)NC=O,CCCCCCCCCCC[C@@H](C[C@H]1[C@@H](C(=O)O1)CCCCCC)OC(=O)[C@H](CC(C)C)NC=O,"InChI=1S/C29H53NO5/c1-5-7-9-11-12-13-14-15-16-18-24(34-29(33)26(30-22-31)20-23(3)4)21-27-25(28(32)35-27)19-17-10-8-6-2/h22-27H,5-21H2,1-4H3,(H,30,31)/t24-,25-,26-,27-/m0/s1",AHLBNYSZXLDEJQ-FWEHEUNISA-N,exact DDInter name query,exact_unique,valid,"https://pubchem.ncbi.nlm.nih.gov/rest/pug/compound/name/Orlistat/property/Title,ConnectivitySMILES,SMILES,InChI,InChIKey/JSON",2026-09-22
DDInter1349,Orphenadrine,4601,Orphenadrine,CC1=CC=CC=C1C(C2=CC=CC=C2)OCCN(C)C,CC1=CC=CC=C1C(C2=CC=CC=C2)OCCN(C)C,"InChI=1S/C18H23NO/c1-15-9-7-8-12-17(15)18(20-14-13-19(2)3)16-10-5-4-6-11-16/h4-12,18H,13-14H2,1-3H3",QVYRGXJJSLMXQH-UHFFFAOYSA-N,exact DDInter name query,exact_unique,valid,"https://pubchem.ncbi.nlm.nih.gov/rest/pug/compound/name/Orphenadrine/property/Title,ConnectivitySMILES,SMILES,InChI,InChIKey/JSON",2026-09-22
DDInter135,Atracurium,47319,Atracurium,C[N+]1(CCC2=CC(=C(C=C2C1CC3=CC(=C(C=C3)OC)OC)OC)OC)CCC(=O)OCCCCCOC(=O)CC[N+]4(CCC5=CC(=C(C=C5C4CC6=CC(=C(C=C6)OC)OC)OC)OC)C,C[N+]1(CCC2=CC(=C(C=C2C1CC3=CC(=C(C=C3)OC)OC)OC)OC)CCC(=O)OCCCCCOC(=O)CC[N+]4(CCC5=CC(=C(C=C5C4CC6=CC(=C(C=C6)OC)OC)OC)OC)C,"InChI=1S/C53H72N2O12/c1-54(22-18-38-32-48(62-7)50(64-9)34-40(38)42(54)28-36-14-16-44(58-3)46(30-36)60-5)24-20-52(56)66-26-12-11-13-27-67-53(57)21-25-55(2)23-19-39-33-49(63-8)51(65-10)35-41(39)43(55)29-37-15-17-45(59-4)47(31-37)61-6/h14-17,30-35,42-43H,11-13,18-29H2,1-10H3/q+2",YXSLJKQTIDHPOT-UHFFFAOYSA-N,exact DDInter name query,exact_unique,valid,"https://pubchem.ncbi.nlm.nih.gov/rest/pug/compound/name/Atracurium/property/Title,ConnectivitySMILES,SMILES,InChI,InChIKey/JSON",2026-09-22
DDInter1350,Oseltamivir,65028,Oseltamivir,CCC(CC)OC1C=C(CC(C1NC(=O)C)N)C(=O)OCC,CCC(CC)O[C@@H]1C=C(C[C@@H]([C@H]1NC(=O)C)N)C(=O)OCC,"InChI=1S/C16H28N2O4/c1-5-12(6-2)22-14-9-11(16(20)21-7-3)8-13(17)15(14)18-10(4)19/h9,12-15H,5-8,17H2,1-4H3,(H,18,19)/t13-,14+,15+/m0/s1",VSZGPKBBMSAYNT-RRFJBIMHSA-N,exact DDInter name query,exact_unique,valid,"https://pubchem.ncbi.nlm.nih.gov/rest/pug/compound/name/Oseltamivir/property/Title,ConnectivitySMILES,SMILES,InChI,InChIKey/JSON",2026-09-22
DDInter1351,Osilodrostat,44139752,Osilodrostat,C1CC2=CN=CN2C1C3=C(C=C(C=C3)C#N)F,C1CC2=CN=CN2[C@H]1C3=C(C=C(C=C3)C#N)F,"InChI=1S/C13H10FN3/c14-12-5-9(6-15)1-3-11(12)13-4-2-10-7-16-8-17(10)13/h1,3,5,7-8,13H,2,4H2/t13-/m1/s1",USUZGMWDZDXMDG-CYBMUJFWSA-N,exact DDInter name query,exact_unique,valid,"https://pubchem.ncbi.nlm.nih.gov/rest/pug/compound/name/Osilodrostat/property/Title,ConnectivitySMILES,SMILES,InChI,InChIKey/JSON",2026-09-22
DDInter1352,Osimertinib,71496458,Osimertinib,CN1C=C(C2=CC=CC=C21)C3=NC(=NC=C3)NC4=C(C=C(C(=C4)NC(=O)C=C)N(C)CCN(C)C)OC,CN1C=C(C2=CC=CC=C21)C3=NC(=NC=C3)NC4=C(C=C(C(=C4)NC(=O)C=C)N(C)CCN(C)C)OC,"InChI=1S/C28H33N7O2/c1-7-27(36)30-22-16-23(26(37-6)17-25(22)34(4)15-14-33(2)3)32-28-29-13-12-21(31-28)20-18-35(5)24-11-9-8-10-19(20)24/h7-13,16-18H,1,14-15H2,2-6H3,(H,30,36)(H,29,31,32)",DUYJMQONPNNFPI-UHFFFAOYSA-N,exact DDInter name query,exact_unique,valid,"https://pubchem.ncbi.nlm.nih.gov/rest/pug/compound/name/Osimertinib/property/Title,ConnectivitySMILES,SMILES,InChI,InChIKey/JSON",2026-09-22
DDInter1353,Ospemifene,3036505,Ospemifene,C1=CC=C(C=C1)C(=C(C2=CC=CC=C2)C3=CC=C(C=C3)OCCO)CCCl,C1=CC=C(C=C1)/C(=C(/C2=CC=CC=C2)\C3=CC=C(C=C3)OCCO)/CCCl,"InChI=1S/C24H23ClO2/c25-16-15-23(19-7-3-1-4-8-19)24(20-9-5-2-6-10-20)21-11-13-22(14-12-21)27-18-17-26/h1-14,26H,15-18H2/b24-23-",LUMKNAVTFCDUIE-VHXPQNKSSA-N,exact DDInter name query,exact_unique,valid,"https://pubchem.ncbi.nlm.nih.gov/rest/pug/compound/name/Ospemifene/property/Title,ConnectivitySMILES,SMILES,InChI,InChIKey/JSON",2026-09-22
DDInter1354,Oxacillin,6196,Oxacillin,CC1=C(C(=NO1)C2=CC=CC=C2)C(=O)NC3C4N(C3=O)C(C(S4)(C)C)C(=O)O,CC1=C(C(=NO1)C2=CC=CC=C2)C(=O)N[C@H]3[C@@H]4N(C3=O)[C@H](C(S4)(C)C)C(=O)O,"InChI=1S/C19H19N3O5S/c1-9-11(12(21-27-9)10-7-5-4-6-8-10)15(23)20-13-16(24)22-14(18(25)26)19(2,3)28-17(13)22/h4-8,13-14,17H,1-3H3,(H,20,23)(H,25,26)/t13-,14+,17-/m1/s1",UWYHMGVUTGAWSP-JKIFEVAISA-N,exact DDInter name query,exact_unique,valid,"https://pubchem.ncbi.nlm.nih.gov/rest/pug/compound/name/Oxacillin/property/Title,ConnectivitySMILES,SMILES,InChI,InChIKey/JSON",2026-09-22
DDInter1355,Oxaliplatin,9887053,"cis-oxalato-trans-l-1,2-diaminocyclohexaneplatinum(II)",C1CCC(C(C1)[NH-])[NH-].C(=O)(C(=O)O)O.[Pt+2],C1CC[C@H]([C@@H](C1)[NH-])[NH-].C(=O)(C(=O)O)O.[Pt+2],"InChI=1S/C6H12N2.C2H2O4.Pt/c7-5-3-1-2-4-6(5)8;3-1(4)2(5)6;/h5-8H,1-4H2;(H,3,4)(H,5,6);/q-2;;+2/t5-,6-;;/m1../s1",DRMCATBEKSVAPL-BNTLRKBRSA-N,exact DDInter name query,ambiguous,excluded_title_mismatch,"https://pubchem.ncbi.nlm.nih.gov/rest/pug/compound/name/Oxaliplatin/property/Title,ConnectivitySMILES,SMILES,InChI,InChIKey/JSON",2026-09-22
DDInter1356,Oxamniquine,4612,Oxamniquine,CC(C)NCC1CCC2=CC(=C(C=C2N1)[N+](=O)[O-])CO,CC(C)NCC1CCC2=CC(=C(C=C2N1)[N+](=O)[O-])CO,"InChI=1S/C14H21N3O3/c1-9(2)15-7-12-4-3-10-5-11(8-18)14(17(19)20)6-13(10)16-12/h5-6,9,12,15-16,18H,3-4,7-8H2,1-2H3",XCGYUJZMCCFSRP-UHFFFAOYSA-N,exact DDInter name query,exact_unique,valid,"https://pubchem.ncbi.nlm.nih.gov/rest/pug/compound/name/Oxamniquine/property/Title,ConnectivitySMILES,SMILES,InChI,InChIKey/JSON",2026-09-22
DDInter1357,Oxandrolone,5878,Oxandrolone,CC12CCC3C(C1CCC2(C)O)CCC4C3(COC(=O)C4)C,C[C@]12CC[C@H]3[C@H]([C@@H]1CC[C@]2(C)O)CC[C@@H]4[C@@]3(COC(=O)C4)C,"InChI=1S/C19H30O3/c1-17-11-22-16(20)10-12(17)4-5-13-14(17)6-8-18(2)15(13)7-9-19(18,3)21/h12-15,21H,4-11H2,1-3H3/t12-,13+,14-,15-,17-,18-,19-/m0/s1",QSLJIVKCVHQPLV-PEMPUTJUSA-N,exact DDInter name query,exact_unique,valid,"https://pubchem.ncbi.nlm.nih.gov/rest/pug/compound/name/Oxandrolone/property/Title,ConnectivitySMILES,SMILES,InChI,InChIKey/JSON",2026-09-22
DDInter1358,Oxaprozin,4614,Oxaprozin,C1=CC=C(C=C1)C2=C(OC(=N2)CCC(=O)O)C3=CC=CC=C3,C1=CC=C(C=C1)C2=C(OC(=N2)CCC(=O)O)C3=CC=CC=C3,"InChI=1S/C18H15NO3/c20-16(21)12-11-15-19-17(13-7-3-1-4-8-13)18(22-15)14-9-5-2-6-10-14/h1-10H,11-12H2,(H,20,21)",OFPXSFXSNFPTHF-UHFFFAOYSA-N,exact DDInter name query,exact_unique,valid,"https://pubchem.ncbi.nlm.nih.gov/rest/pug/compound/name/Oxaprozin/property/Title,ConnectivitySMILES,SMILES,InChI,InChIKey/JSON",2026-09-22
DDInter1359,Oxazepam,4616,Oxazepam,C1=CC=C(C=C1)C2=NC(C(=O)NC3=C2C=C(C=C3)Cl)O,C1=CC=C(C=C1)C2=NC(C(=O)NC3=C2C=C(C=C3)Cl)O,"InChI=1S/C15H11ClN2O2/c16-10-6-7-12-11(8-10)13(9-4-2-1-3-5-9)18-15(20)14(19)17-12/h1-8,15,20H,(H,17,19)",ADIMAYPTOBDMTL-UHFFFAOYSA-N,exact DDInter name query,exact_unique,valid,"https://pubchem.ncbi.nlm.nih.gov/rest/pug/compound/name/Oxazepam/property/Title,ConnectivitySMILES,SMILES,InChI,InChIKey/JSON",2026-09-22
DDInter136,Atropine,174174,Npc209773,CN1C2CCC1CC(C2)OC(=O)C(CO)C3=CC=CC=C3,CN1[C@@H]2CC[C@H]1CC(C2)OC(=O)C(CO)C3=CC=CC=C3,"InChI=1S/C17H23NO3/c1-18-13-7-8-14(18)10-15(9-13)21-17(20)16(11-19)12-5-3-2-4-6-12/h2-6,13-16,19H,7-11H2,1H3/t13-,14+,15?,16?",RKUNBYITZUJHSG-PJPHBNEVSA-N,exact DDInter name query,ambiguous,excluded_title_mismatch,"https://pubchem.ncbi.nlm.nih.gov/rest/pug/compound/name/Atropine/property/Title,ConnectivitySMILES,SMILES,InChI,InChIKey/JSON",2026-09-22
DDInter1360,Oxcarbazepine,34312,Oxcarbazepine,C1C2=CC=CC=C2N(C3=CC=CC=C3C1=O)C(=O)N,C1C2=CC=CC=C2N(C3=CC=CC=C3C1=O)C(=O)N,"InChI=1S/C15H12N2O2/c16-15(19)17-12-7-3-1-5-10(12)9-14(18)11-6-2-4-8-13(11)17/h1-8H,9H2,(H2,16,19)",CTRLABGOLIVAIY-UHFFFAOYSA-N,exact DDInter name query,exact_unique,valid,"https://pubchem.ncbi.nlm.nih.gov/rest/pug/compound/name/Oxcarbazepine/property/Title,ConnectivitySMILES,SMILES,InChI,InChIKey/JSON",2026-09-22
DDInter1362,Oxitriptan,439280,Oxitriptan,C1=CC2=C(C=C1O)C(=CN2)CC(C(=O)O)N,C1=CC2=C(C=C1O)C(=CN2)C[C@@H](C(=O)O)N,"InChI=1S/C11H12N2O3/c12-9(11(15)16)3-6-5-13-10-2-1-7(14)4-8(6)10/h1-2,4-5,9,13-14H,3,12H2,(H,15,16)/t9-/m0/s1",LDCYZAJDBXYCGN-VIFPVBQESA-N,exact DDInter name query,exact_unique,valid,"https://pubchem.ncbi.nlm.nih.gov/rest/pug/compound/name/Oxitriptan/property/Title,ConnectivitySMILES,SMILES,InChI,InChIKey/JSON",2026-09-22
DDInter1363,Oxtriphylline,656652,Oxtriphylline,CN1C(=C2C(=NC=N2)N(C1=O)C)[O-].C[N+](C)(C)CCO,CN1C(=C2C(=NC=N2)N(C1=O)C)[O-].C[N+](C)(C)CCO,"InChI=1S/C7H8N4O2.C5H14NO/c1-10-5-4(8-3-9-5)6(12)11(2)7(10)13;1-6(2,3)4-5-7/h3,12H,1-2H3;7H,4-5H2,1-3H3/q;+1/p-1",SOELXOBIIIBLRJ-UHFFFAOYSA-M,exact DDInter name query,exact_unique,valid,"https://pubchem.ncbi.nlm.nih.gov/rest/pug/compound/name/Oxtriphylline/property/Title,ConnectivitySMILES,SMILES,InChI,InChIKey/JSON",2026-09-22
DDInter1364,Oxybuprocaine (ophthalmic),,,,,,,exact DDInter name query,unmapped,unavailable,"https://pubchem.ncbi.nlm.nih.gov/rest/pug/compound/name/Oxybuprocaine%20%28ophthalmic%29/property/Title,ConnectivitySMILES,SMILES,InChI,InChIKey/JSON",2026-09-22
DDInter1365,Oxybutynin,4634,Oxybutynin,CCN(CC)CC#CCOC(=O)C(C1CCCCC1)(C2=CC=CC=C2)O,CCN(CC)CC#CCOC(=O)C(C1CCCCC1)(C2=CC=CC=C2)O,"InChI=1S/C22H31NO3/c1-3-23(4-2)17-11-12-18-26-21(24)22(25,19-13-7-5-8-14-19)20-15-9-6-10-16-20/h5,7-8,13-14,20,25H,3-4,6,9-10,15-18H2,1-2H3",XIQVNETUBQGFHX-UHFFFAOYSA-N,exact DDInter name query,exact_unique,valid,"https://pubchem.ncbi.nlm.nih.gov/rest/pug/compound/name/Oxybutynin/property/Title,ConnectivitySMILES,SMILES,InChI,InChIKey/JSON",2026-09-22
DDInter1366,Oxycodone,5284603,Oxycodone,CN1CCC23C4C(=O)CCC2(C1CC5=C3C(=C(C=C5)OC)O4)O,CN1CC[C@]23[C@@H]4C(=O)CC[C@]2([C@H]1CC5=C3C(=C(C=C5)OC)O4)O,"InChI=1S/C18H21NO4/c1-19-8-7-17-14-10-3-4-12(22-2)15(14)23-16(17)11(20)5-6-18(17,21)13(19)9-10/h3-4,13,16,21H,5-9H2,1-2H3/t13-,16+,17+,18-/m1/s1",BRUQQQPBMZOVGD-XFKAJCMBSA-N,exact DDInter name query,exact_unique,valid,"https://pubchem.ncbi.nlm.nih.gov/rest/pug/compound/name/Oxycodone/property/Title,ConnectivitySMILES,SMILES,InChI,InChIKey/JSON",2026-09-22
DDInter1367,Oxygen,977,Oxygen,O=O,O=O,InChI=1S/O2/c1-2,MYMOFIZGZYHOMD-UHFFFAOYSA-N,exact DDInter name query,exact_unique,valid,"https://pubchem.ncbi.nlm.nih.gov/rest/pug/compound/name/Oxygen/property/Title,ConnectivitySMILES,SMILES,InChI,InChIKey/JSON",2026-09-22
DDInter1368,Oxymetazoline (nasal),,,,,,,exact DDInter name query,unmapped,unavailable,"https://pubchem.ncbi.nlm.nih.gov/rest/pug/compound/name/Oxymetazoline%20%28nasal%29/property/Title,ConnectivitySMILES,SMILES,InChI,InChIKey/JSON",2026-09-22
DDInter1369,Oxymetazoline (ophthalmic),,,,,,,exact DDInter name query,unmapped,unavailable,"https://pubchem.ncbi.nlm.nih.gov/rest/pug/compound/name/Oxymetazoline%20%28ophthalmic%29/property/Title,ConnectivitySMILES,SMILES,InChI,InChIKey/JSON",2026-09-22
DDInter137,Atropine (ophthalmic),,,,,,,exact DDInter name query,unmapped,unavailable,"https://pubchem.ncbi.nlm.nih.gov/rest/pug/compound/name/Atropine%20%28ophthalmic%29/property/Title,ConnectivitySMILES,SMILES,InChI,InChIKey/JSON",2026-09-22
DDInter1370,Oxymetazoline (topical),,,,,,,exact DDInter name query,unmapped,unavailable,"https://pubchem.ncbi.nlm.nih.gov/rest/pug/compound/name/Oxymetazoline%20%28topical%29/property/Title,ConnectivitySMILES,SMILES,InChI,InChIKey/JSON",2026-09-22
DDInter1371,Oxymetholone,5281034,Oxymetholone,CC12CCC3C(C1CCC2(C)O)CCC4C3(CC(=CO)C(=O)C4)C,C[C@]12CC[C@H]3[C@H]([C@@H]1CC[C@]2(C)O)CC[C@@H]4[C@@]3(C/C(=C/O)/C(=O)C4)C,"InChI=1S/C21H32O3/c1-19-11-13(12-22)18(23)10-14(19)4-5-15-16(19)6-8-20(2)17(15)7-9-21(20,3)24/h12,14-17,22,24H,4-11H2,1-3H3/b13-12-/t14-,15+,16-,17-,19-,20-,21-/m0/s1",ICMWWNHDUZJFDW-DHODBPELSA-N,exact DDInter name query,exact_unique,valid,"https://pubchem.ncbi.nlm.nih.gov/rest/pug/compound/name/Oxymetholone/property/Title,ConnectivitySMILES,SMILES,InChI,InChIKey/JSON",2026-09-22
DDInter1372,Oxymorphone,5284604,Oxymorphone,CN1CCC23C4C(=O)CCC2(C1CC5=C3C(=C(C=C5)O)O4)O,CN1CC[C@]23[C@@H]4C(=O)CC[C@]2([C@H]1CC5=C3C(=C(C=C5)O)O4)O,"InChI=1S/C17H19NO4/c1-18-7-6-16-13-9-2-3-10(19)14(13)22-15(16)11(20)4-5-17(16,21)12(18)8-9/h2-3,12,15,19,21H,4-8H2,1H3/t12-,15+,16+,17-/m1/s1",UQCNKQCJZOAFTQ-ISWURRPUSA-N,exact DDInter name query,exact_unique,valid,"https://pubchem.ncbi.nlm.nih.gov/rest/pug/compound/name/Oxymorphone/property/Title,ConnectivitySMILES,SMILES,InChI,InChIKey/JSON",2026-09-22
DDInter1373,Oxyquinoline (topical),,,,,,,exact DDInter name query,unmapped,unavailable,"https://pubchem.ncbi.nlm.nih.gov/rest/pug/compound/name/Oxyquinoline%20%28topical%29/property/Title,ConnectivitySMILES,SMILES,InChI,InChIKey/JSON",2026-09-22
DDInter1374,Oxytetracycline,54675779,Terramycin,CC1(C2C(C3C(C(=O)C(=C(C3(C(=O)C2=C(C4=C1C=CC=C4O)O)O)O)C(=O)N)N(C)C)O)O,C[C@@]1([C@H]2[C@@H]([C@H]3[C@@H](C(=O)C(=C([C@]3(C(=O)C2=C(C4=C1C=CC=C4O)O)O)O)C(=O)N)N(C)C)O)O,"InChI=1S/C22H24N2O9/c1-21(32)7-5-4-6-8(25)9(7)15(26)10-12(21)17(28)13-14(24(2)3)16(27)11(20(23)31)19(30)22(13,33)18(10)29/h4-6,12-14,17,25-26,28,30,32-33H,1-3H3,(H2,23,31)/t12-,13-,14+,17+,21-,22+/m1/s1",OWFJMIVZYSDULZ-PXOLEDIWSA-N,exact DDInter name query,ambiguous,excluded_title_mismatch,"https://pubchem.ncbi.nlm.nih.gov/rest/pug/compound/name/Oxytetracycline/property/Title,ConnectivitySMILES,SMILES,InChI,InChIKey/JSON",2026-09-22
DDInter1375,Oxytocin,439302,Oxytocin,CCC(C)C1C(=O)NC(C(=O)NC(C(=O)NC(CSSCC(C(=O)NC(C(=O)N1)CC2=CC=C(C=C2)O)N)C(=O)N3CCCC3C(=O)NC(CC(C)C)C(=O)NCC(=O)N)CC(=O)N)CCC(=O)N,CC[C@H](C)[C@H]1C(=O)N[C@H](C(=O)N[C@H](C(=O)N[C@@H](CSSC[C@@H](C(=O)N[C@H](C(=O)N1)CC2=CC=C(C=C2)O)N)C(=O)N3CCC[C@H]3C(=O)N[C@@H](CC(C)C)C(=O)NCC(=O)N)CC(=O)N)CCC(=O)N,"InChI=1S/C43H66N12O12S2/c1-5-22(4)35-42(66)49-26(12-13-32(45)57)38(62)51-29(17-33(46)58)39(63)53-30(20-69-68-19-25(44)36(60)50-28(40(64)54-35)16-23-8-10-24(56)11-9-23)43(67)55-14-6-7-31(55)41(65)52-27(15-21(2)3)37(61)48-18-34(47)59/h8-11,21-22,25-31,35,56H,5-7,12-20,44H2,1-4H3,(H2,45,57)(H2,46,58)(H2,47,59)(H,48,61)(H,49,66)(H,50,60)(H,51,62)(H,52,65)(H,53,63)(H,54,64)/t22-,25-,26-,27-,28-,29-,30-,31-,35-/m0/s1",XNOPRXBHLZRZKH-DSZYJQQASA-N,exact DDInter name query,exact_unique,valid,"https://pubchem.ncbi.nlm.nih.gov/rest/pug/compound/name/Oxytocin/property/Title,ConnectivitySMILES,SMILES,InChI,InChIKey/JSON",2026-09-22
DDInter1376,Ozanimod,52938427,Ozanimod,CC(C)OC1=C(C=C(C=C1)C2=NC(=NO2)C3=C4CCC(C4=CC=C3)NCCO)C#N,CC(C)OC1=C(C=C(C=C1)C2=NC(=NO2)C3=C4CC[C@@H](C4=CC=C3)NCCO)C#N,"InChI=1S/C23H24N4O3/c1-14(2)29-21-9-6-15(12-16(21)13-24)23-26-22(27-30-23)19-5-3-4-18-17(19)7-8-20(18)25-10-11-28/h3-6,9,12,14,20,25,28H,7-8,10-11H2,1-2H3/t20-/m0/s1",XRVDGNKRPOAQTN-FQEVSTJZSA-N,exact DDInter name query,exact_unique,valid,"https://pubchem.ncbi.nlm.nih.gov/rest/pug/compound/name/Ozanimod/property/Title,ConnectivitySMILES,SMILES,InChI,InChIKey/JSON",2026-09-22
DDInter1377,Paclitaxel,36314,Paclitaxel,CC1=C2C(C(=O)C3(C(CC4C(C3C(C(C2(C)C)(CC1OC(=O)C(C(C5=CC=CC=C5)NC(=O)C6=CC=CC=C6)O)O)OC(=O)C7=CC=CC=C7)(CO4)OC(=O)C)O)C)OC(=O)C,CC1=C2[C@H](C(=O)[C@@]3([C@H](C[C@@H]4[C@]([C@H]3[C@@H]([C@@](C2(C)C)(C[C@@H]1OC(=O)[C@@H]([C@H](C5=CC=CC=C5)NC(=O)C6=CC=CC=C6)O)O)OC(=O)C7=CC=CC=C7)(CO4)OC(=O)C)O)C)OC(=O)C,"InChI=1S/C47H51NO14/c1-25-31(60-43(56)36(52)35(28-16-10-7-11-17-28)48-41(54)29-18-12-8-13-19-29)23-47(57)40(61-42(55)30-20-14-9-15-21-30)38-45(6,32(51)22-33-46(38,24-58-33)62-27(3)50)39(53)37(59-26(2)49)34(25)44(47,4)5/h7-21,31-33,35-38,40,51-52,57H,22-24H2,1-6H3,(H,48,54)/t31-,32-,33+,35-,36+,37+,38-,40-,45+,46-,47+/m0/s1",RCINICONZNJXQF-MZXODVADSA-N,exact DDInter name query,exact_unique,valid,"https://pubchem.ncbi.nlm.nih.gov/rest/pug/compound/name/Paclitaxel/property/Title,ConnectivitySMILES,SMILES,InChI,InChIKey/JSON",2026-09-22
DDInter1378,Paclitaxel (protein-bound),,,,,,,exact DDInter name query,unmapped,unavailable,"https://pubchem.ncbi.nlm.nih.gov/rest/pug/compound/name/Paclitaxel%20%28protein-bound%29/property/Title,ConnectivitySMILES,SMILES,InChI,InChIKey/JSON",2026-09-22
DDInter1379,Palbociclib,5330286,Palbociclib,CC1=C(C(=O)N(C2=NC(=NC=C12)NC3=NC=C(C=C3)N4CCNCC4)C5CCCC5)C(=O)C,CC1=C(C(=O)N(C2=NC(=NC=C12)NC3=NC=C(C=C3)N4CCNCC4)C5CCCC5)C(=O)C,"InChI=1S/C24H29N7O2/c1-15-19-14-27-24(28-20-8-7-18(13-26-20)30-11-9-25-10-12-30)29-22(19)31(17-5-3-4-6-17)23(33)21(15)16(2)32/h7-8,13-14,17,25H,3-6,9-12H2,1-2H3,(H,26,27,28,29)",AHJRHEGDXFFMBM-UHFFFAOYSA-N,exact DDInter name query,exact_unique,valid,"https://pubchem.ncbi.nlm.nih.gov/rest/pug/compound/name/Palbociclib/property/Title,ConnectivitySMILES,SMILES,InChI,InChIKey/JSON",2026-09-22
DDInter138,Attapulgite,,,,,,,exact DDInter name query,unmapped,unavailable,"https://pubchem.ncbi.nlm.nih.gov/rest/pug/compound/name/Attapulgite/property/Title,ConnectivitySMILES,SMILES,InChI,InChIKey/JSON",2026-09-22
DDInter1380,Palifermin,,,,,,,exact DDInter name query,unmapped,unavailable,"https://pubchem.ncbi.nlm.nih.gov/rest/pug/compound/name/Palifermin/property/Title,ConnectivitySMILES,SMILES,InChI,InChIKey/JSON",2026-09-22
DDInter1381,Paliperidone,115237,Paliperidone,CC1=C(C(=O)N2CCCC(C2=N1)O)CCN3CCC(CC3)C4=NOC5=C4C=CC(=C5)F,CC1=C(C(=O)N2CCCC(C2=N1)O)CCN3CCC(CC3)C4=NOC5=C4C=CC(=C5)F,"InChI=1S/C23H27FN4O3/c1-14-17(23(30)28-9-2-3-19(29)22(28)25-14)8-12-27-10-6-15(7-11-27)21-18-5-4-16(24)13-20(18)31-26-21/h4-5,13,15,19,29H,2-3,6-12H2,1H3",PMXMIIMHBWHSKN-UHFFFAOYSA-N,exact DDInter name query,exact_unique,valid,"https://pubchem.ncbi.nlm.nih.gov/rest/pug/compound/name/Paliperidone/property/Title,ConnectivitySMILES,SMILES,InChI,InChIKey/JSON",2026-09-22
DDInter1382,Palonosetron,6337614,Palonosetron,C1CC2CN(C(=O)C3=CC=CC(=C23)C1)C4CN5CCC4CC5,C1C[C@@H]2CN(C(=O)C3=CC=CC(=C23)C1)[C@@H]4CN5CCC4CC5,"InChI=1S/C19H24N2O/c22-19-16-6-2-4-14-3-1-5-15(18(14)16)11-21(19)17-12-20-9-7-13(17)8-10-20/h2,4,6,13,15,17H,1,3,5,7-12H2/t15-,17-/m1/s1",CPZBLNMUGSZIPR-NVXWUHKLSA-N,exact DDInter name query,exact_unique,valid,"https://pubchem.ncbi.nlm.nih.gov/rest/pug/compound/name/Palonosetron/property/Title,ConnectivitySMILES,SMILES,InChI,InChIKey/JSON",2026-09-22
DDInter1383,Pamidronic acid,4674,Pamidronic Acid,C(CN)C(O)(P(=O)(O)O)P(=O)(O)O,C(CN)C(O)(P(=O)(O)O)P(=O)(O)O,"InChI=1S/C3H11NO7P2/c4-2-1-3(5,12(6,7)8)13(9,10)11/h5H,1-2,4H2,(H2,6,7,8)(H2,9,10,11)",WRUUGTRCQOWXEG-UHFFFAOYSA-N,exact DDInter name query,exact_unique,valid,"https://pubchem.ncbi.nlm.nih.gov/rest/pug/compound/name/Pamidronic%20acid/property/Title,ConnectivitySMILES,SMILES,InChI,InChIKey/JSON",2026-09-22
DDInter1384,Pancrelipase,,,,,,,exact DDInter name query,unmapped,unavailable,"https://pubchem.ncbi.nlm.nih.gov/rest/pug/compound/name/Pancrelipase/property/Title,ConnectivitySMILES,SMILES,InChI,InChIKey/JSON",2026-09-22
DDInter1385,Pancuronium,441289,Pancuronium,CC(=O)OC1CC2CCC3C(C2(CC1[N+]4(CCCCC4)C)C)CCC5(C3CC(C5OC(=O)C)[N+]6(CCCCC6)C)C,CC(=O)O[C@H]1C[C@@H]2CC[C@@H]3[C@@H]([C@]2(C[C@@H]1[N+]4(CCCCC4)C)C)CC[C@]5([C@H]3C[C@@H]([C@@H]5OC(=O)C)[N+]6(CCCCC6)C)C,"InChI=1S/C35H60N2O4/c1-24(38)40-32-21-26-13-14-27-28(35(26,4)23-31(32)37(6)19-11-8-12-20-37)15-16-34(3)29(27)22-30(33(34)41-25(2)39)36(5)17-9-7-10-18-36/h26-33H,7-23H2,1-6H3/q+2/t26-,27+,28-,29-,30-,31-,32-,33-,34-,35-/m0/s1",GVEAYVLWDAFXET-XGHATYIMSA-N,exact DDInter name query,exact_unique,valid,"https://pubchem.ncbi.nlm.nih.gov/rest/pug/compound/name/Pancuronium/property/Title,ConnectivitySMILES,SMILES,InChI,InChIKey/JSON",2026-09-22
DDInter1386,Panitumumab,,,,,,,exact DDInter name query,unmapped,unavailable,"https://pubchem.ncbi.nlm.nih.gov/rest/pug/compound/name/Panitumumab/property/Title,ConnectivitySMILES,SMILES,InChI,InChIKey/JSON",2026-09-22
DDInter1387,Panobinostat,6918837,Panobinostat,CC1=C(C2=CC=CC=C2N1)CCNCC3=CC=C(C=C3)C=CC(=O)NO,CC1=C(C2=CC=CC=C2N1)CCNCC3=CC=C(C=C3)/C=C/C(=O)NO,"InChI=1S/C21H23N3O2/c1-15-18(19-4-2-3-5-20(19)23-15)12-13-22-14-17-8-6-16(7-9-17)10-11-21(25)24-26/h2-11,22-23,26H,12-14H2,1H3,(H,24,25)/b11-10+",FPOHNWQLNRZRFC-ZHACJKMWSA-N,exact DDInter name query,exact_unique,valid,"https://pubchem.ncbi.nlm.nih.gov/rest/pug/compound/name/Panobinostat/property/Title,ConnectivitySMILES,SMILES,InChI,InChIKey/JSON",2026-09-22
DDInter1388,Pantoprazole,4679,Pantoprazole,COC1=C(C(=NC=C1)CS(=O)C2=NC3=C(N2)C=C(C=C3)OC(F)F)OC,COC1=C(C(=NC=C1)CS(=O)C2=NC3=C(N2)C=C(C=C3)OC(F)F)OC,"InChI=1S/C16H15F2N3O4S/c1-23-13-5-6-19-12(14(13)24-2)8-26(22)16-20-10-4-3-9(25-15(17)18)7-11(10)21-16/h3-7,15H,8H2,1-2H3,(H,20,21)",IQPSEEYGBUAQFF-UHFFFAOYSA-N,exact DDInter name query,exact_unique,valid,"https://pubchem.ncbi.nlm.nih.gov/rest/pug/compound/name/Pantoprazole/property/Title,ConnectivitySMILES,SMILES,InChI,InChIKey/JSON",2026-09-22
DDInter1389,Papaverine,4680,Papaverine,COC1=C(C=C(C=C1)CC2=NC=CC3=CC(=C(C=C32)OC)OC)OC,COC1=C(C=C(C=C1)CC2=NC=CC3=CC(=C(C=C32)OC)OC)OC,"InChI=1S/C20H21NO4/c1-22-17-6-5-13(10-18(17)23-2)9-16-15-12-20(25-4)19(24-3)11-14(15)7-8-21-16/h5-8,10-12H,9H2,1-4H3",XQYZDYMELSJDRZ-UHFFFAOYSA-N,exact DDInter name query,exact_unique,valid,"https://pubchem.ncbi.nlm.nih.gov/rest/pug/compound/name/Papaverine/property/Title,ConnectivitySMILES,SMILES,InChI,InChIKey/JSON",2026-09-22
DDInter139,Auranofin,16667669,Auranofin,CCP(CC)CC.CC(=O)OCC1C(C(C(C(O1)[S-])OC(=O)C)OC(=O)C)OC(=O)C.[Au+],CCP(CC)CC.CC(=O)OC[C@@H]1[C@H]([C@@H]([C@H]([C@@H](O1)[S-])OC(=O)C)OC(=O)C)OC(=O)C.[Au+],"InChI=1S/C14H20O9S.C6H15P.Au/c1-6(15)19-5-10-11(20-7(2)16)12(21-8(3)17)13(14(24)23-10)22-9(4)18;1-4-7(5-2)6-3;/h10-14,24H,5H2,1-4H3;4-6H2,1-3H3;/q;;+1/p-1/t10-,11-,12+,13-,14+;;/m1../s1",AUJRCFUBUPVWSZ-XTZHGVARSA-M,exact DDInter name query,exact_unique,valid,"https://pubchem.ncbi.nlm.nih.gov/rest/pug/compound/name/Auranofin/property/Title,ConnectivitySMILES,SMILES,InChI,InChIKey/JSON",2026-09-22
DDInter1390,Papaya,,,,,,,exact DDInter name query,unmapped,unavailable,"https://pubchem.ncbi.nlm.nih.gov/rest/pug/compound/name/Papaya/property/Title,ConnectivitySMILES,SMILES,InChI,InChIKey/JSON",2026-09-22
DDInter1391,Paraldehyde,31264,Paraldehyde,CC1OC(OC(O1)C)C,CC1OC(OC(O1)C)C,"InChI=1S/C6H12O3/c1-4-7-5(2)9-6(3)8-4/h4-6H,1-3H3",SQYNKIJPMDEDEG-UHFFFAOYSA-N,exact DDInter name query,exact_unique,valid,"https://pubchem.ncbi.nlm.nih.gov/rest/pug/compound/name/Paraldehyde/property/Title,ConnectivitySMILES,SMILES,InChI,InChIKey/JSON",2026-09-22
DDInter1392,Paramethadione,8280,Paramethadione,CCC1(C(=O)N(C(=O)O1)C)C,CCC1(C(=O)N(C(=O)O1)C)C,"InChI=1S/C7H11NO3/c1-4-7(2)5(9)8(3)6(10)11-7/h4H2,1-3H3",VQASKUSHBVDKGU-UHFFFAOYSA-N,exact DDInter name query,exact_unique,valid,"https://pubchem.ncbi.nlm.nih.gov/rest/pug/compound/name/Paramethadione/property/Title,ConnectivitySMILES,SMILES,InChI,InChIKey/JSON",2026-09-22
DDInter1393,Parathyroid hormone,,,,,,,exact DDInter name query,unmapped,unavailable,"https://pubchem.ncbi.nlm.nih.gov/rest/pug/compound/name/Parathyroid%20hormone/property/Title,ConnectivitySMILES,SMILES,InChI,InChIKey/JSON",2026-09-22
DDInter1394,Paricalcitol,5281104,Paricalcitol,CC(C=CC(C)C(C)(C)O)C1CCC2C1(CCCC2=CC=C3CC(CC(C3)O)O)C,C[C@H](/C=C/[C@H](C)C(C)(C)O)[C@H]1CC[C@@H]\2[C@@]1(CCC/C2=C\C=C3C[C@H](C[C@@H](C3)O)O)C,"InChI=1S/C27H44O3/c1-18(8-9-19(2)26(3,4)30)24-12-13-25-21(7-6-14-27(24,25)5)11-10-20-15-22(28)17-23(29)16-20/h8-11,18-19,22-25,28-30H,6-7,12-17H2,1-5H3/b9-8+,21-11+/t18-,19+,22-,23-,24-,25+,27-/m1/s1",BPKAHTKRCLCHEA-UBFJEZKGSA-N,exact DDInter name query,exact_unique,valid,"https://pubchem.ncbi.nlm.nih.gov/rest/pug/compound/name/Paricalcitol/property/Title,ConnectivitySMILES,SMILES,InChI,InChIKey/JSON",2026-09-22
DDInter1395,Paritaprevir,45110509,Paritaprevir,CC1=CN=C(C=N1)C(=O)NC2CCCCCC=CC3CC3(NC(=O)C4CC(CN4C2=O)OC5=NC6=CC=CC=C6C7=CC=CC=C75)C(=O)NS(=O)(=O)C8CC8,CC1=CN=C(C=N1)C(=O)N[C@H]2CCCCC/C=C\[C@@H]3C[C@]3(NC(=O)[C@@H]4C[C@H](CN4C2=O)OC5=NC6=CC=CC=C6C7=CC=CC=C75)C(=O)NS(=O)(=O)C8CC8,"InChI=1S/C40H43N7O7S/c1-24-21-42-33(22-41-24)35(48)43-32-16-6-4-2-3-5-11-25-20-40(25,39(51)46-55(52,53)27-17-18-27)45-36(49)34-19-26(23-47(34)38(32)50)54-37-30-14-8-7-12-28(30)29-13-9-10-15-31(29)44-37/h5,7-15,21-22,25-27,32,34H,2-4,6,16-20,23H2,1H3,(H,43,48)(H,45,49)(H,46,51)/b11-5-/t25-,26-,32+,34+,40-/m1/s1",UAUIUKWPKRJZJV-QPLHLKROSA-N,exact DDInter name query,exact_unique,valid,"https://pubchem.ncbi.nlm.nih.gov/rest/pug/compound/name/Paritaprevir/property/Title,ConnectivitySMILES,SMILES,InChI,InChIKey/JSON",2026-09-22
DDInter1396,Paromomycin,165580,Paromomycin,C1C(C(C(C(C1N)OC2C(C(C(C(O2)CO)O)O)N)OC3C(C(C(O3)CO)OC4C(C(C(C(O4)CN)O)O)N)O)O)N,C1[C@H]([C@@H]([C@H]([C@@H]([C@H]1N)O[C@@H]2[C@@H]([C@H]([C@@H]([C@H](O2)CO)O)O)N)O[C@H]3[C@@H]([C@@H]([C@H](O3)CO)O[C@@H]4[C@@H]([C@H]([C@@H]([C@@H](O4)CN)O)O)N)O)O)N,"InChI=1S/C23H45N5O14/c24-2-7-13(32)15(34)10(27)21(37-7)41-19-9(4-30)39-23(17(19)36)42-20-12(31)5(25)1-6(26)18(20)40-22-11(28)16(35)14(33)8(3-29)38-22/h5-23,29-36H,1-4,24-28H2/t5-,6+,7+,8-,9-,10-,11-,12+,13-,14-,15-,16-,17-,18-,19-,20-,21-,22-,23+/m1/s1",UOZODPSAJZTQNH-LSWIJEOBSA-N,exact DDInter name query,exact_unique,valid,"https://pubchem.ncbi.nlm.nih.gov/rest/pug/compound/name/Paromomycin/property/Title,ConnectivitySMILES,SMILES,InChI,InChIKey/JSON",2026-09-22
DDInter1397,Paroxetine,43815,Paroxetine,C1CNCC(C1C2=CC=C(C=C2)F)COC3=CC4=C(C=C3)OCO4,C1CNC[C@H]([C@@H]1C2=CC=C(C=C2)F)COC3=CC4=C(C=C3)OCO4,"InChI=1S/C19H20FNO3/c20-15-3-1-13(2-4-15)17-7-8-21-10-14(17)11-22-16-5-6-18-19(9-16)24-12-23-18/h1-6,9,14,17,21H,7-8,10-12H2/t14-,17-/m0/s1",AHOUBRCZNHFOSL-YOEHRIQHSA-N,exact DDInter name query,exact_unique,valid,"https://pubchem.ncbi.nlm.nih.gov/rest/pug/compound/name/Paroxetine/property/Title,ConnectivitySMILES,SMILES,InChI,InChIKey/JSON",2026-09-22
DDInter1398,Pasireotide,9941444,Pasireotide,C1C(CN2C1C(=O)NC(C(=O)NC(C(=O)NC(C(=O)NC(C(=O)NC(C2=O)CC3=CC=CC=C3)CC4=CC=C(C=C4)OCC5=CC=CC=C5)CCCCN)CC6=CNC7=CC=CC=C76)C8=CC=CC=C8)OC(=O)NCCN,C1[C@H](CN2[C@@H]1C(=O)N[C@H](C(=O)N[C@@H](C(=O)N[C@H](C(=O)N[C@H](C(=O)N[C@H](C2=O)CC3=CC=CC=C3)CC4=CC=C(C=C4)OCC5=CC=CC=C5)CCCCN)CC6=CNC7=CC=CC=C76)C8=CC=CC=C8)OC(=O)NCCN,"InChI=1S/C58H66N10O9/c59-27-13-12-22-46-52(69)64-47(30-38-23-25-42(26-24-38)76-36-39-16-6-2-7-17-39)53(70)66-49(31-37-14-4-1-5-15-37)57(74)68-35-43(77-58(75)61-29-28-60)33-50(68)55(72)67-51(40-18-8-3-9-19-40)56(73)65-48(54(71)63-46)32-41-34-62-45-21-11-10-20-44(41)45/h1-11,14-21,23-26,34,43,46-51,62H,12-13,22,27-33,35-36,59-60H2,(H,61,75)(H,63,71)(H,64,69)(H,65,73)(H,66,70)(H,67,72)/t43-,46+,47+,48-,49+,50+,51+/m1/s1",VMZMNAABQBOLAK-DBILLSOUSA-N,exact DDInter name query,exact_unique,valid,"https://pubchem.ncbi.nlm.nih.gov/rest/pug/compound/name/Pasireotide/property/Title,ConnectivitySMILES,SMILES,InChI,InChIKey/JSON",2026-09-22
DDInter1399,Patiromer,,,,,,,exact DDInter name query,unmapped,unavailable,"https://pubchem.ncbi.nlm.nih.gov/rest/pug/compound/name/Patiromer/property/Title,ConnectivitySMILES,SMILES,InChI,InChIKey/JSON",2026-09-22
DDInter14,Acetaminophen,1983,Acetaminophen,CC(=O)NC1=CC=C(C=C1)O,CC(=O)NC1=CC=C(C=C1)O,"InChI=1S/C8H9NO2/c1-6(10)9-7-2-4-8(11)5-3-7/h2-5,11H,1H3,(H,9,10)",RZVAJINKPMORJF-UHFFFAOYSA-N,exact DDInter name query,exact_unique,valid,"https://pubchem.ncbi.nlm.nih.gov/rest/pug/compound/name/Acetaminophen/property/Title,ConnectivitySMILES,SMILES,InChI,InChIKey/JSON",2026-09-22
DDInter140,Aurothioglucose,6104,Aurothioglucose,C(C1C(C(C(C(O1)[S-])O)O)O)O.[Au+],C([C@@H]1[C@H]([C@@H]([C@H]([C@H](O1)[S-])O)O)O)O.[Au+],"InChI=1S/C6H12O5S.Au/c7-1-2-3(8)4(9)5(10)6(12)11-2;/h2-10,12H,1H2;/q;+1/p-1/t2-,3-,4+,5-,6-;/m1./s1",XHVAWZZCDCWGBK-WYRLRVFGSA-M,exact DDInter name query,exact_unique,valid,"https://pubchem.ncbi.nlm.nih.gov/rest/pug/compound/name/Aurothioglucose/property/Title,ConnectivitySMILES,SMILES,InChI,InChIKey/JSON",2026-09-22
DDInter1400,Pazopanib,10113978,Pazopanib,CC1=C(C=C(C=C1)NC2=NC=CC(=N2)N(C)C3=CC4=NN(C(=C4C=C3)C)C)S(=O)(=O)N,CC1=C(C=C(C=C1)NC2=NC=CC(=N2)N(C)C3=CC4=NN(C(=C4C=C3)C)C)S(=O)(=O)N,"InChI=1S/C21H23N7O2S/c1-13-5-6-15(11-19(13)31(22,29)30)24-21-23-10-9-20(25-21)27(3)16-7-8-17-14(2)28(4)26-18(17)12-16/h5-12H,1-4H3,(H2,22,29,30)(H,23,24,25)",CUIHSIWYWATEQL-UHFFFAOYSA-N,exact DDInter name query,exact_unique,valid,"https://pubchem.ncbi.nlm.nih.gov/rest/pug/compound/name/Pazopanib/property/Title,ConnectivitySMILES,SMILES,InChI,InChIKey/JSON",2026-09-22
DDInter1401,Pectin,441476,Pectin,C1(C(C(OC(C1O)O)C(=O)O)O)O,[C@@H]1([C@H]([C@H](O[C@H]([C@@H]1O)O)C(=O)O)O)O,"InChI=1S/C6H10O7/c7-1-2(8)4(5(10)11)13-6(12)3(1)9/h1-4,6-9,12H,(H,10,11)/t1-,2+,3+,4-,6+/m0/s1",AEMOLEFTQBMNLQ-DTEWXJGMSA-N,exact DDInter name query,exact_unique,valid,"https://pubchem.ncbi.nlm.nih.gov/rest/pug/compound/name/Pectin/property/Title,ConnectivitySMILES,SMILES,InChI,InChIKey/JSON",2026-09-22
DDInter1402,Pegademase,,,,,,,exact DDInter name query,unmapped,unavailable,"https://pubchem.ncbi.nlm.nih.gov/rest/pug/compound/name/Pegademase/property/Title,ConnectivitySMILES,SMILES,InChI,InChIKey/JSON",2026-09-22
DDInter1403,Pegaptanib (ophthalmic),,,,,,,exact DDInter name query,unmapped,unavailable,"https://pubchem.ncbi.nlm.nih.gov/rest/pug/compound/name/Pegaptanib%20%28ophthalmic%29/property/Title,ConnectivitySMILES,SMILES,InChI,InChIKey/JSON",2026-09-22
DDInter1404,Pegaspargase,,,,,,,exact DDInter name query,unmapped,unavailable,"https://pubchem.ncbi.nlm.nih.gov/rest/pug/compound/name/Pegaspargase/property/Title,ConnectivitySMILES,SMILES,InChI,InChIKey/JSON",2026-09-22
DDInter1405,Pegfilgrastim,,,,,,,exact DDInter name query,unmapped,unavailable,"https://pubchem.ncbi.nlm.nih.gov/rest/pug/compound/name/Pegfilgrastim/property/Title,ConnectivitySMILES,SMILES,InChI,InChIKey/JSON",2026-09-22
DDInter1406,Peginesatide,,,,,,,exact DDInter name query,unmapped,unavailable,"https://pubchem.ncbi.nlm.nih.gov/rest/pug/compound/name/Peginesatide/property/Title,ConnectivitySMILES,SMILES,InChI,InChIKey/JSON",2026-09-22
DDInter1407,Peginterferon alfa-2a,,,,,,,exact DDInter name query,unmapped,unavailable,"https://pubchem.ncbi.nlm.nih.gov/rest/pug/compound/name/Peginterferon%20alfa-2a/property/Title,ConnectivitySMILES,SMILES,InChI,InChIKey/JSON",2026-09-22
DDInter1408,Peginterferon alfa-2b,,,,,,,exact DDInter name query,unmapped,unavailable,"https://pubchem.ncbi.nlm.nih.gov/rest/pug/compound/name/Peginterferon%20alfa-2b/property/Title,ConnectivitySMILES,SMILES,InChI,InChIKey/JSON",2026-09-22
DDInter1409,Peginterferon beta-1a,,,,,,,exact DDInter name query,unmapped,unavailable,"https://pubchem.ncbi.nlm.nih.gov/rest/pug/compound/name/Peginterferon%20beta-1a/property/Title,ConnectivitySMILES,SMILES,InChI,InChIKey/JSON",2026-09-22
DDInter141,Avanafil,9869929,Avanafil,COC1=C(C=C(C=C1)CNC2=NC(=NC=C2C(=O)NCC3=NC=CC=N3)N4CCCC4CO)Cl,COC1=C(C=C(C=C1)CNC2=NC(=NC=C2C(=O)NCC3=NC=CC=N3)N4CCC[C@H]4CO)Cl,"InChI=1S/C23H26ClN7O3/c1-34-19-6-5-15(10-18(19)24)11-27-21-17(22(33)28-13-20-25-7-3-8-26-20)12-29-23(30-21)31-9-2-4-16(31)14-32/h3,5-8,10,12,16,32H,2,4,9,11,13-14H2,1H3,(H,28,33)(H,27,29,30)/t16-/m0/s1",WEAJZXNPAWBCOA-INIZCTEOSA-N,exact DDInter name query,exact_unique,valid,"https://pubchem.ncbi.nlm.nih.gov/rest/pug/compound/name/Avanafil/property/Title,ConnectivitySMILES,SMILES,InChI,InChIKey/JSON",2026-09-22
DDInter1410,Pegloticase,,,,,,,exact DDInter name query,unmapped,unavailable,"https://pubchem.ncbi.nlm.nih.gov/rest/pug/compound/name/Pegloticase/property/Title,ConnectivitySMILES,SMILES,InChI,InChIKey/JSON",2026-09-22
DDInter1411,Pegvaliase,86278362,Pegvaliase,COCCOCCCCCC(=O)NCCCCC(C(=O)O)N,COCCOCCCCCC(=O)NCCCC[C@@H](C(=O)O)N,"InChI=1S/C15H30N2O5/c1-21-11-12-22-10-6-2-3-8-14(18)17-9-5-4-7-13(16)15(19)20/h13H,2-12,16H2,1H3,(H,17,18)(H,19,20)/t13-/m0/s1",NPOCDVAOUKODSQ-ZDUSSCGKSA-N,exact DDInter name query,exact_unique,valid,"https://pubchem.ncbi.nlm.nih.gov/rest/pug/compound/name/Pegvaliase/property/Title,ConnectivitySMILES,SMILES,InChI,InChIKey/JSON",2026-09-22
DDInter1412,Pegvisomant,,,,,,,exact DDInter name query,unmapped,unavailable,"https://pubchem.ncbi.nlm.nih.gov/rest/pug/compound/name/Pegvisomant/property/Title,ConnectivitySMILES,SMILES,InChI,InChIKey/JSON",2026-09-22
DDInter1413,Pembrolizumab,,,,,,,exact DDInter name query,unmapped,unavailable,"https://pubchem.ncbi.nlm.nih.gov/rest/pug/compound/name/Pembrolizumab/property/Title,ConnectivitySMILES,SMILES,InChI,InChIKey/JSON",2026-09-22
DDInter1414,Pemetrexed,135410875,Pemetrexed,C1=CC(=CC=C1CCC2=CNC3=C2C(=O)NC(=N3)N)C(=O)NC(CCC(=O)O)C(=O)O,C1=CC(=CC=C1CCC2=CNC3=C2C(=O)NC(=N3)N)C(=O)N[C@@H](CCC(=O)O)C(=O)O,"InChI=1S/C20H21N5O6/c21-20-24-16-15(18(29)25-20)12(9-22-16)6-3-10-1-4-11(5-2-10)17(28)23-13(19(30)31)7-8-14(26)27/h1-2,4-5,9,13H,3,6-8H2,(H,23,28)(H,26,27)(H,30,31)(H4,21,22,24,25,29)/t13-/m0/s1",WBXPDJSOTKVWSJ-ZDUSSCGKSA-N,exact DDInter name query,exact_unique,valid,"https://pubchem.ncbi.nlm.nih.gov/rest/pug/compound/name/Pemetrexed/property/Title,ConnectivitySMILES,SMILES,InChI,InChIKey/JSON",2026-09-22
DDInter1415,Pemigatinib,86705695,Pemigatinib,CCN1C2=C3C=C(NC3=NC=C2CN(C1=O)C4=C(C(=CC(=C4F)OC)OC)F)CN5CCOCC5,CCN1C2=C3C=C(NC3=NC=C2CN(C1=O)C4=C(C(=CC(=C4F)OC)OC)F)CN5CCOCC5,"InChI=1S/C24H27F2N5O4/c1-4-30-21-14(11-27-23-16(21)9-15(28-23)13-29-5-7-35-8-6-29)12-31(24(30)32)22-19(25)17(33-2)10-18(34-3)20(22)26/h9-11H,4-8,12-13H2,1-3H3,(H,27,28)",HCDMJFOHIXMBOV-UHFFFAOYSA-N,exact DDInter name query,exact_unique,valid,"https://pubchem.ncbi.nlm.nih.gov/rest/pug/compound/name/Pemigatinib/property/Title,ConnectivitySMILES,SMILES,InChI,InChIKey/JSON",2026-09-22
DDInter1416,Pemoline,4723,Pemoline,C1=CC=C(C=C1)C2C(=O)N=C(O2)N,C1=CC=C(C=C1)C2C(=O)N=C(O2)N,"InChI=1S/C9H8N2O2/c10-9-11-8(12)7(13-9)6-4-2-1-3-5-6/h1-5,7H,(H2,10,11,12)",NRNCYVBFPDDJNE-UHFFFAOYSA-N,exact DDInter name query,exact_unique,valid,"https://pubchem.ncbi.nlm.nih.gov/rest/pug/compound/name/Pemoline/property/Title,ConnectivitySMILES,SMILES,InChI,InChIKey/JSON",2026-09-22
DDInter1417,Penbutolol,37464,Penbutolol,CC(C)(C)NCC(COC1=CC=CC=C1C2CCCC2)O,CC(C)(C)NC[C@@H](COC1=CC=CC=C1C2CCCC2)O,"InChI=1S/C18H29NO2/c1-18(2,3)19-12-15(20)13-21-17-11-7-6-10-16(17)14-8-4-5-9-14/h6-7,10-11,14-15,19-20H,4-5,8-9,12-13H2,1-3H3/t15-/m0/s1",KQXKVJAGOJTNJS-HNNXBMFYSA-N,exact DDInter name query,exact_unique,valid,"https://pubchem.ncbi.nlm.nih.gov/rest/pug/compound/name/Penbutolol/property/Title,ConnectivitySMILES,SMILES,InChI,InChIKey/JSON",2026-09-22
DDInter1418,Penciclovir (topical),,,,,,,exact DDInter name query,unmapped,unavailable,"https://pubchem.ncbi.nlm.nih.gov/rest/pug/compound/name/Penciclovir%20%28topical%29/property/Title,ConnectivitySMILES,SMILES,InChI,InChIKey/JSON",2026-09-22
DDInter1419,Penicillamine,5852,Penicillamine,CC(C)(C(C(=O)O)N)S,CC(C)([C@H](C(=O)O)N)S,"InChI=1S/C5H11NO2S/c1-5(2,9)3(6)4(7)8/h3,9H,6H2,1-2H3,(H,7,8)/t3-/m0/s1",VVNCNSJFMMFHPL-VKHMYHEASA-N,exact DDInter name query,exact_unique,valid,"https://pubchem.ncbi.nlm.nih.gov/rest/pug/compound/name/Penicillamine/property/Title,ConnectivitySMILES,SMILES,InChI,InChIKey/JSON",2026-09-22
DDInter142,Avapritinib,118023034,Avapritinib,CC(C1=CC=C(C=C1)F)(C2=CN=C(N=C2)N3CCN(CC3)C4=NC=NN5C4=CC(=C5)C6=CN(N=C6)C)N,C[C@](C1=CC=C(C=C1)F)(C2=CN=C(N=C2)N3CCN(CC3)C4=NC=NN5C4=CC(=C5)C6=CN(N=C6)C)N,"InChI=1S/C26H27FN10/c1-26(28,20-3-5-22(27)6-4-20)21-13-29-25(30-14-21)36-9-7-35(8-10-36)24-23-11-18(16-37(23)33-17-31-24)19-12-32-34(2)15-19/h3-6,11-17H,7-10,28H2,1-2H3/t26-/m0/s1",DWYRIWUZIJHQKQ-SANMLTNESA-N,exact DDInter name query,exact_unique,valid,"https://pubchem.ncbi.nlm.nih.gov/rest/pug/compound/name/Avapritinib/property/Title,ConnectivitySMILES,SMILES,InChI,InChIKey/JSON",2026-09-22
DDInter1420,Pentamidine,4735,Pentamidine,C1=CC(=CC=C1C(=N)N)OCCCCCOC2=CC=C(C=C2)C(=N)N,C1=CC(=CC=C1C(=N)N)OCCCCCOC2=CC=C(C=C2)C(=N)N,"InChI=1S/C19H24N4O2/c20-18(21)14-4-8-16(9-5-14)24-12-2-1-3-13-25-17-10-6-15(7-11-17)19(22)23/h4-11H,1-3,12-13H2,(H3,20,21)(H3,22,23)",XDRYMKDFEDOLFX-UHFFFAOYSA-N,exact DDInter name query,exact_unique,valid,"https://pubchem.ncbi.nlm.nih.gov/rest/pug/compound/name/Pentamidine/property/Title,ConnectivitySMILES,SMILES,InChI,InChIKey/JSON",2026-09-22
DDInter1421,Pentazocine,441278,Pentazocine,CC1C2CC3=C(C1(CCN2CC=C(C)C)C)C=C(C=C3)O,C[C@H]1[C@H]2CC3=C([C@@]1(CCN2CC=C(C)C)C)C=C(C=C3)O,"InChI=1S/C19H27NO/c1-13(2)7-9-20-10-8-19(4)14(3)18(20)11-15-5-6-16(21)12-17(15)19/h5-7,12,14,18,21H,8-11H2,1-4H3/t14-,18+,19+/m0/s1",VOKSWYLNZZRQPF-GDIGMMSISA-N,exact DDInter name query,exact_unique,valid,"https://pubchem.ncbi.nlm.nih.gov/rest/pug/compound/name/Pentazocine/property/Title,ConnectivitySMILES,SMILES,InChI,InChIKey/JSON",2026-09-22
DDInter1423,Pentobarbital,4737,Pentobarbital,CCCC(C)C1(C(=O)NC(=O)NC1=O)CC,CCCC(C)C1(C(=O)NC(=O)NC1=O)CC,"InChI=1S/C11H18N2O3/c1-4-6-7(3)11(5-2)8(14)12-10(16)13-9(11)15/h7H,4-6H2,1-3H3,(H2,12,13,14,15,16)",WEXRUCMBJFQVBZ-UHFFFAOYSA-N,exact DDInter name query,exact_unique,valid,"https://pubchem.ncbi.nlm.nih.gov/rest/pug/compound/name/Pentobarbital/property/Title,ConnectivitySMILES,SMILES,InChI,InChIKey/JSON",2026-09-22
DDInter1424,Pentosan polysulfate,,,,,,,exact DDInter name query,unmapped,unavailable,"https://pubchem.ncbi.nlm.nih.gov/rest/pug/compound/name/Pentosan%20polysulfate/property/Title,ConnectivitySMILES,SMILES,InChI,InChIKey/JSON",2026-09-22
DDInter1425,Pentostatin,439693,Pentostatin,C1C(C(OC1N2C=NC3=C2NC=NCC3O)CO)O,C1[C@@H]([C@H](O[C@H]1N2C=NC3=C2NC=NC[C@H]3O)CO)O,"InChI=1S/C11H16N4O4/c16-3-8-6(17)1-9(19-8)15-5-14-10-7(18)2-12-4-13-11(10)15/h4-9,16-18H,1-3H2,(H,12,13)/t6-,7+,8+,9+/m0/s1",FPVKHBSQESCIEP-JQCXWYLXSA-N,exact DDInter name query,exact_unique,valid,"https://pubchem.ncbi.nlm.nih.gov/rest/pug/compound/name/Pentostatin/property/Title,ConnectivitySMILES,SMILES,InChI,InChIKey/JSON",2026-09-22
DDInter1426,Pentoxifylline,4740,Pentoxifylline,CC(=O)CCCCN1C(=O)C2=C(N=CN2C)N(C1=O)C,CC(=O)CCCCN1C(=O)C2=C(N=CN2C)N(C1=O)C,"InChI=1S/C13H18N4O3/c1-9(18)6-4-5-7-17-12(19)10-11(14-8-15(10)2)16(3)13(17)20/h8H,4-7H2,1-3H3",BYPFEZZEUUWMEJ-UHFFFAOYSA-N,exact DDInter name query,exact_unique,valid,"https://pubchem.ncbi.nlm.nih.gov/rest/pug/compound/name/Pentoxifylline/property/Title,ConnectivitySMILES,SMILES,InChI,InChIKey/JSON",2026-09-22
DDInter1427,Pentoxyverine,2562,Carbetapentane,CCN(CC)CCOCCOC(=O)C1(CCCC1)C2=CC=CC=C2,CCN(CC)CCOCCOC(=O)C1(CCCC1)C2=CC=CC=C2,"InChI=1S/C20H31NO3/c1-3-21(4-2)14-15-23-16-17-24-19(22)20(12-8-9-13-20)18-10-6-5-7-11-18/h5-7,10-11H,3-4,8-9,12-17H2,1-2H3",CFJMRBQWBDQYMK-UHFFFAOYSA-N,exact DDInter name query,ambiguous,excluded_title_mismatch,"https://pubchem.ncbi.nlm.nih.gov/rest/pug/compound/name/Pentoxyverine/property/Title,ConnectivitySMILES,SMILES,InChI,InChIKey/JSON",2026-09-22
DDInter1428,Perampanel,9924495,Perampanel,C1=CC=C(C=C1)N2C=C(C=C(C2=O)C3=CC=CC=C3C#N)C4=CC=CC=N4,C1=CC=C(C=C1)N2C=C(C=C(C2=O)C3=CC=CC=C3C#N)C4=CC=CC=N4,"InChI=1S/C23H15N3O/c24-15-17-8-4-5-11-20(17)21-14-18(22-12-6-7-13-25-22)16-26(23(21)27)19-9-2-1-3-10-19/h1-14,16H",PRMWGUBFXWROHD-UHFFFAOYSA-N,exact DDInter name query,exact_unique,valid,"https://pubchem.ncbi.nlm.nih.gov/rest/pug/compound/name/Perampanel/property/Title,ConnectivitySMILES,SMILES,InChI,InChIKey/JSON",2026-09-22
DDInter1429,Perflutren,6432,Perfluoropropane,C(C(F)(F)F)(C(F)(F)F)(F)F,C(C(F)(F)F)(C(F)(F)F)(F)F,"InChI=1S/C3F8/c4-1(5,2(6,7)8)3(9,10)11",QYSGYZVSCZSLHT-UHFFFAOYSA-N,exact DDInter name query,ambiguous,excluded_title_mismatch,"https://pubchem.ncbi.nlm.nih.gov/rest/pug/compound/name/Perflutren/property/Title,ConnectivitySMILES,SMILES,InChI,InChIKey/JSON",2026-09-22
DDInter143,Avatrombopag,9852519,Avatrombopag,C1CCC(CC1)N2CCN(CC2)C3=C(N=C(S3)NC(=O)C4=CC(=C(N=C4)N5CCC(CC5)C(=O)O)Cl)C6=CC(=CS6)Cl,C1CCC(CC1)N2CCN(CC2)C3=C(N=C(S3)NC(=O)C4=CC(=C(N=C4)N5CCC(CC5)C(=O)O)Cl)C6=CC(=CS6)Cl,"InChI=1S/C29H34Cl2N6O3S2/c30-20-15-23(41-17-20)24-27(37-12-10-35(11-13-37)21-4-2-1-3-5-21)42-29(33-24)34-26(38)19-14-22(31)25(32-16-19)36-8-6-18(7-9-36)28(39)40/h14-18,21H,1-13H2,(H,39,40)(H,33,34,38)",OFZJKCQENFPZBH-UHFFFAOYSA-N,exact DDInter name query,exact_unique,valid,"https://pubchem.ncbi.nlm.nih.gov/rest/pug/compound/name/Avatrombopag/property/Title,ConnectivitySMILES,SMILES,InChI,InChIKey/JSON",2026-09-22
DDInter1430,Pergolide,47811,Pergolide,CCCN1CC(CC2C1CC3=CNC4=CC=CC2=C34)CSC,CCCN1C[C@@H](C[C@H]2[C@H]1CC3=CNC4=CC=CC2=C34)CSC,"InChI=1S/C19H26N2S/c1-3-7-21-11-13(12-22-2)8-16-15-5-4-6-17-19(15)14(10-20-17)9-18(16)21/h4-6,10,13,16,18,20H,3,7-9,11-12H2,1-2H3/t13-,16-,18-/m1/s1",YEHCICAEULNIGD-MZMPZRCHSA-N,exact DDInter name query,exact_unique,valid,"https://pubchem.ncbi.nlm.nih.gov/rest/pug/compound/name/Pergolide/property/Title,ConnectivitySMILES,SMILES,InChI,InChIKey/JSON",2026-09-22
DDInter1431,Perindopril,107807,Perindopril,CCCC(C(=O)OCC)NC(C)C(=O)N1C2CCCCC2CC1C(=O)O,CCC[C@@H](C(=O)OCC)N[C@@H](C)C(=O)N1[C@H]2CCCC[C@H]2C[C@H]1C(=O)O,"InChI=1S/C19H32N2O5/c1-4-8-14(19(25)26-5-2)20-12(3)17(22)21-15-10-7-6-9-13(15)11-16(21)18(23)24/h12-16,20H,4-11H2,1-3H3,(H,23,24)/t12-,13-,14-,15-,16-/m0/s1",IPVQLZZIHOAWMC-QXKUPLGCSA-N,exact DDInter name query,exact_unique,valid,"https://pubchem.ncbi.nlm.nih.gov/rest/pug/compound/name/Perindopril/property/Title,ConnectivitySMILES,SMILES,InChI,InChIKey/JSON",2026-09-22
DDInter1432,Perphenazine,4748,Perphenazine,C1CN(CCN1CCCN2C3=CC=CC=C3SC4=C2C=C(C=C4)Cl)CCO,C1CN(CCN1CCCN2C3=CC=CC=C3SC4=C2C=C(C=C4)Cl)CCO,"InChI=1S/C21H26ClN3OS/c22-17-6-7-21-19(16-17)25(18-4-1-2-5-20(18)27-21)9-3-8-23-10-12-24(13-11-23)14-15-26/h1-2,4-7,16,26H,3,8-15H2",RGCVKNLCSQQDEP-UHFFFAOYSA-N,exact DDInter name query,exact_unique,valid,"https://pubchem.ncbi.nlm.nih.gov/rest/pug/compound/name/Perphenazine/property/Title,ConnectivitySMILES,SMILES,InChI,InChIKey/JSON",2026-09-22
DDInter1434,Pertuzumab,,,,,,,exact DDInter name query,unmapped,unavailable,"https://pubchem.ncbi.nlm.nih.gov/rest/pug/compound/name/Pertuzumab/property/Title,ConnectivitySMILES,SMILES,InChI,InChIKey/JSON",2026-09-22
DDInter1435,Pexidartinib,25151352,Pexidartinib,C1=CC(=NC=C1CC2=CNC3=C2C=C(C=N3)Cl)NCC4=CN=C(C=C4)C(F)(F)F,C1=CC(=NC=C1CC2=CNC3=C2C=C(C=N3)Cl)NCC4=CN=C(C=C4)C(F)(F)F,"InChI=1S/C20H15ClF3N5/c21-15-6-16-14(10-28-19(16)29-11-15)5-12-2-4-18(26-7-12)27-9-13-1-3-17(25-8-13)20(22,23)24/h1-4,6-8,10-11H,5,9H2,(H,26,27)(H,28,29)",JGWRKYUXBBNENE-UHFFFAOYSA-N,exact DDInter name query,exact_unique,valid,"https://pubchem.ncbi.nlm.nih.gov/rest/pug/compound/name/Pexidartinib/property/Title,ConnectivitySMILES,SMILES,InChI,InChIKey/JSON",2026-09-22
DDInter1436,Pfizer-BioNTech Covid-19 Vaccine,,,,,,,exact DDInter name query,unmapped,unavailable,"https://pubchem.ncbi.nlm.nih.gov/rest/pug/compound/name/Pfizer-BioNTech%20Covid-19%20Vaccine/property/Title,ConnectivitySMILES,SMILES,InChI,InChIKey/JSON",2026-09-22
DDInter1437,Phenacemide,4753,Phenacemide,C1=CC=C(C=C1)CC(=O)NC(=O)N,C1=CC=C(C=C1)CC(=O)NC(=O)N,"InChI=1S/C9H10N2O2/c10-9(13)11-8(12)6-7-4-2-1-3-5-7/h1-5H,6H2,(H3,10,11,12,13)",XPFRXWCVYUEORT-UHFFFAOYSA-N,exact DDInter name query,exact_unique,valid,"https://pubchem.ncbi.nlm.nih.gov/rest/pug/compound/name/Phenacemide/property/Title,ConnectivitySMILES,SMILES,InChI,InChIKey/JSON",2026-09-22
DDInter1438,Phenazopyridine,4756,Phenazopyridine,C1=CC=C(C=C1)N=NC2=C(N=C(C=C2)N)N,C1=CC=C(C=C1)N=NC2=C(N=C(C=C2)N)N,"InChI=1S/C11H11N5/c12-10-7-6-9(11(13)14-10)16-15-8-4-2-1-3-5-8/h1-7H,(H4,12,13,14)",QPFYXYFORQJZEC-UHFFFAOYSA-N,exact DDInter name query,exact_unique,valid,"https://pubchem.ncbi.nlm.nih.gov/rest/pug/compound/name/Phenazopyridine/property/Title,ConnectivitySMILES,SMILES,InChI,InChIKey/JSON",2026-09-22
DDInter1439,Phendimetrazine,30487,Phendimetrazine,CC1C(OCCN1C)C2=CC=CC=C2,C[C@H]1[C@@H](OCCN1C)C2=CC=CC=C2,"InChI=1S/C12H17NO/c1-10-12(14-9-8-13(10)2)11-6-4-3-5-7-11/h3-7,10,12H,8-9H2,1-2H3/t10-,12+/m0/s1",MFOCDFTXLCYLKU-CMPLNLGQSA-N,exact DDInter name query,exact_unique,valid,"https://pubchem.ncbi.nlm.nih.gov/rest/pug/compound/name/Phendimetrazine/property/Title,ConnectivitySMILES,SMILES,InChI,InChIKey/JSON",2026-09-22
DDInter144,Avelumab,,,,,,,exact DDInter name query,unmapped,unavailable,"https://pubchem.ncbi.nlm.nih.gov/rest/pug/compound/name/Avelumab/property/Title,ConnectivitySMILES,SMILES,InChI,InChIKey/JSON",2026-09-22
DDInter1440,Phenelzine,3675,Phenelzine,C1=CC=C(C=C1)CCNN,C1=CC=C(C=C1)CCNN,"InChI=1S/C8H12N2/c9-10-7-6-8-4-2-1-3-5-8/h1-5,10H,6-7,9H2",RMUCZJUITONUFY-UHFFFAOYSA-N,exact DDInter name query,exact_unique,valid,"https://pubchem.ncbi.nlm.nih.gov/rest/pug/compound/name/Phenelzine/property/Title,ConnectivitySMILES,SMILES,InChI,InChIKey/JSON",2026-09-22
DDInter1441,Phenindamine,11291,Phenindamine,CN1CCC2=C(C1)C(C3=CC=CC=C23)C4=CC=CC=C4,CN1CCC2=C(C1)C(C3=CC=CC=C23)C4=CC=CC=C4,"InChI=1S/C19H19N/c1-20-12-11-16-15-9-5-6-10-17(15)19(18(16)13-20)14-7-3-2-4-8-14/h2-10,19H,11-13H2,1H3",ISFHAYSTHMVOJR-UHFFFAOYSA-N,exact DDInter name query,exact_unique,valid,"https://pubchem.ncbi.nlm.nih.gov/rest/pug/compound/name/Phenindamine/property/Title,ConnectivitySMILES,SMILES,InChI,InChIKey/JSON",2026-09-22
DDInter1442,Phenobarbital,4763,Phenobarbital,CCC1(C(=O)NC(=O)NC1=O)C2=CC=CC=C2,CCC1(C(=O)NC(=O)NC1=O)C2=CC=CC=C2,"InChI=1S/C12H12N2O3/c1-2-12(8-6-4-3-5-7-8)9(15)13-11(17)14-10(12)16/h3-7H,2H2,1H3,(H2,13,14,15,16,17)",DDBREPKUVSBGFI-UHFFFAOYSA-N,exact DDInter name query,exact_unique,valid,"https://pubchem.ncbi.nlm.nih.gov/rest/pug/compound/name/Phenobarbital/property/Title,ConnectivitySMILES,SMILES,InChI,InChIKey/JSON",2026-09-22
DDInter1443,Phenolphthalein,4764,Phenolphthalein,C1=CC=C2C(=C1)C(=O)OC2(C3=CC=C(C=C3)O)C4=CC=C(C=C4)O,C1=CC=C2C(=C1)C(=O)OC2(C3=CC=C(C=C3)O)C4=CC=C(C=C4)O,"InChI=1S/C20H14O4/c21-15-9-5-13(6-10-15)20(14-7-11-16(22)12-8-14)18-4-2-1-3-17(18)19(23)24-20/h1-12,21-22H",KJFMBFZCATUALV-UHFFFAOYSA-N,exact DDInter name query,exact_unique,valid,"https://pubchem.ncbi.nlm.nih.gov/rest/pug/compound/name/Phenolphthalein/property/Title,ConnectivitySMILES,SMILES,InChI,InChIKey/JSON",2026-09-22
DDInter1444,Phenoxybenzamine,4768,Phenoxybenzamine,CC(COC1=CC=CC=C1)N(CCCl)CC2=CC=CC=C2,CC(COC1=CC=CC=C1)N(CCCl)CC2=CC=CC=C2,"InChI=1S/C18H22ClNO/c1-16(15-21-18-10-6-3-7-11-18)20(13-12-19)14-17-8-4-2-5-9-17/h2-11,16H,12-15H2,1H3",QZVCTJOXCFMACW-UHFFFAOYSA-N,exact DDInter name query,exact_unique,valid,"https://pubchem.ncbi.nlm.nih.gov/rest/pug/compound/name/Phenoxybenzamine/property/Title,ConnectivitySMILES,SMILES,InChI,InChIKey/JSON",2026-09-22
DDInter1445,Phenoxymethylpenicillin,6869,Penicillin V,CC1(C(N2C(S1)C(C2=O)NC(=O)COC3=CC=CC=C3)C(=O)O)C,CC1([C@@H](N2[C@H](S1)[C@@H](C2=O)NC(=O)COC3=CC=CC=C3)C(=O)O)C,"InChI=1S/C16H18N2O5S/c1-16(2)12(15(21)22)18-13(20)11(14(18)24-16)17-10(19)8-23-9-6-4-3-5-7-9/h3-7,11-12,14H,8H2,1-2H3,(H,17,19)(H,21,22)/t11-,12+,14-/m1/s1",BPLBGHOLXOTWMN-MBNYWOFBSA-N,exact DDInter name query,ambiguous,excluded_title_mismatch,"https://pubchem.ncbi.nlm.nih.gov/rest/pug/compound/name/Phenoxymethylpenicillin/property/Title,ConnectivitySMILES,SMILES,InChI,InChIKey/JSON",2026-09-22
DDInter1446,Phensuximide,6839,Phensuximide,CN1C(=O)CC(C1=O)C2=CC=CC=C2,CN1C(=O)CC(C1=O)C2=CC=CC=C2,"InChI=1S/C11H11NO2/c1-12-10(13)7-9(11(12)14)8-5-3-2-4-6-8/h2-6,9H,7H2,1H3",WLWFNJKHKGIJNW-UHFFFAOYSA-N,exact DDInter name query,exact_unique,valid,"https://pubchem.ncbi.nlm.nih.gov/rest/pug/compound/name/Phensuximide/property/Title,ConnectivitySMILES,SMILES,InChI,InChIKey/JSON",2026-09-22
DDInter1447,Phentermine,4771,Phentermine,CC(C)(CC1=CC=CC=C1)N,CC(C)(CC1=CC=CC=C1)N,"InChI=1S/C10H15N/c1-10(2,11)8-9-6-4-3-5-7-9/h3-7H,8,11H2,1-2H3",DHHVAGZRUROJKS-UHFFFAOYSA-N,exact DDInter name query,exact_unique,valid,"https://pubchem.ncbi.nlm.nih.gov/rest/pug/compound/name/Phentermine/property/Title,ConnectivitySMILES,SMILES,InChI,InChIKey/JSON",2026-09-22
DDInter1448,Phentolamine,5775,Phentolamine,CC1=CC=C(C=C1)N(CC2=NCCN2)C3=CC(=CC=C3)O,CC1=CC=C(C=C1)N(CC2=NCCN2)C3=CC(=CC=C3)O,"InChI=1S/C17H19N3O/c1-13-5-7-14(8-6-13)20(12-17-18-9-10-19-17)15-3-2-4-16(21)11-15/h2-8,11,21H,9-10,12H2,1H3,(H,18,19)",MRBDMNSDAVCSSF-UHFFFAOYSA-N,exact DDInter name query,exact_unique,valid,"https://pubchem.ncbi.nlm.nih.gov/rest/pug/compound/name/Phentolamine/property/Title,ConnectivitySMILES,SMILES,InChI,InChIKey/JSON",2026-09-22
DDInter1449,Phenyl salicylate,8361,Phenyl Salicylate,C1=CC=C(C=C1)OC(=O)C2=CC=CC=C2O,C1=CC=C(C=C1)OC(=O)C2=CC=CC=C2O,"InChI=1S/C13H10O3/c14-12-9-5-4-8-11(12)13(15)16-10-6-2-1-3-7-10/h1-9,14H",ZQBAKBUEJOMQEX-UHFFFAOYSA-N,exact DDInter name query,exact_unique,valid,"https://pubchem.ncbi.nlm.nih.gov/rest/pug/compound/name/Phenyl%20salicylate/property/Title,ConnectivitySMILES,SMILES,InChI,InChIKey/JSON",2026-09-22
DDInter1451,Phenylbutazone,4781,Phenylbutazone,CCCCC1C(=O)N(N(C1=O)C2=CC=CC=C2)C3=CC=CC=C3,CCCCC1C(=O)N(N(C1=O)C2=CC=CC=C2)C3=CC=CC=C3,"InChI=1S/C19H20N2O2/c1-2-3-14-17-18(22)20(15-10-6-4-7-11-15)21(19(17)23)16-12-8-5-9-13-16/h4-13,17H,2-3,14H2,1H3",VYMDGNCVAMGZFE-UHFFFAOYSA-N,exact DDInter name query,exact_unique,valid,"https://pubchem.ncbi.nlm.nih.gov/rest/pug/compound/name/Phenylbutazone/property/Title,ConnectivitySMILES,SMILES,InChI,InChIKey/JSON",2026-09-22
DDInter1452,Phenylbutyric acid,4775,4-Phenylbutyric Acid,C1=CC=C(C=C1)CCCC(=O)O,C1=CC=C(C=C1)CCCC(=O)O,"InChI=1S/C10H12O2/c11-10(12)8-4-7-9-5-2-1-3-6-9/h1-3,5-6H,4,7-8H2,(H,11,12)",OBKXEAXTFZPCHS-UHFFFAOYSA-N,exact DDInter name query,ambiguous,excluded_title_mismatch,"https://pubchem.ncbi.nlm.nih.gov/rest/pug/compound/name/Phenylbutyric%20acid/property/Title,ConnectivitySMILES,SMILES,InChI,InChIKey/JSON",2026-09-22
DDInter1453,Phenylephrine,6041,Phenylephrine,CNCC(C1=CC(=CC=C1)O)O,CNC[C@@H](C1=CC(=CC=C1)O)O,"InChI=1S/C9H13NO2/c1-10-6-9(12)7-3-2-4-8(11)5-7/h2-5,9-12H,6H2,1H3/t9-/m0/s1",SONNWYBIRXJNDC-VIFPVBQESA-N,exact DDInter name query,exact_unique,valid,"https://pubchem.ncbi.nlm.nih.gov/rest/pug/compound/name/Phenylephrine/property/Title,ConnectivitySMILES,SMILES,InChI,InChIKey/JSON",2026-09-22
DDInter1454,Phenylephrine (nasal),,,,,,,exact DDInter name query,unmapped,unavailable,"https://pubchem.ncbi.nlm.nih.gov/rest/pug/compound/name/Phenylephrine%20%28nasal%29/property/Title,ConnectivitySMILES,SMILES,InChI,InChIKey/JSON",2026-09-22
DDInter1455,Phenylephrine (ophthalmic),,,,,,,exact DDInter name query,unmapped,unavailable,"https://pubchem.ncbi.nlm.nih.gov/rest/pug/compound/name/Phenylephrine%20%28ophthalmic%29/property/Title,ConnectivitySMILES,SMILES,InChI,InChIKey/JSON",2026-09-22
DDInter1456,Phenylephrine (otic),,,,,,,exact DDInter name query,unmapped,unavailable,"https://pubchem.ncbi.nlm.nih.gov/rest/pug/compound/name/Phenylephrine%20%28otic%29/property/Title,ConnectivitySMILES,SMILES,InChI,InChIKey/JSON",2026-09-22
DDInter1457,Phenylephrine (topical),,,,,,,exact DDInter name query,unmapped,unavailable,"https://pubchem.ncbi.nlm.nih.gov/rest/pug/compound/name/Phenylephrine%20%28topical%29/property/Title,ConnectivitySMILES,SMILES,InChI,InChIKey/JSON",2026-09-22
DDInter1458,Phenylpropanolamine,10297,Phenylpropanolamine,CC(C(C1=CC=CC=C1)O)N,C[C@@H]([C@@H](C1=CC=CC=C1)O)N,"InChI=1S/C9H13NO/c1-7(10)9(11)8-5-3-2-4-6-8/h2-7,9,11H,10H2,1H3/t7-,9-/m0/s1",DLNKOYKMWOXYQA-CBAPKCEASA-N,exact DDInter name query,exact_unique,valid,"https://pubchem.ncbi.nlm.nih.gov/rest/pug/compound/name/Phenylpropanolamine/property/Title,ConnectivitySMILES,SMILES,InChI,InChIKey/JSON",2026-09-22
DDInter1459,Phenyltoloxamine,7077,Phenyltoloxamine,CN(C)CCOC1=CC=CC=C1CC2=CC=CC=C2,CN(C)CCOC1=CC=CC=C1CC2=CC=CC=C2,"InChI=1S/C17H21NO/c1-18(2)12-13-19-17-11-7-6-10-16(17)14-15-8-4-3-5-9-15/h3-11H,12-14H2,1-2H3",IZRPKIZLIFYYKR-UHFFFAOYSA-N,exact DDInter name query,exact_unique,valid,"https://pubchem.ncbi.nlm.nih.gov/rest/pug/compound/name/Phenyltoloxamine/property/Title,ConnectivitySMILES,SMILES,InChI,InChIKey/JSON",2026-09-22
DDInter146,Axicabtagene ciloleucel,,,,,,,exact DDInter name query,unmapped,unavailable,"https://pubchem.ncbi.nlm.nih.gov/rest/pug/compound/name/Axicabtagene%20ciloleucel/property/Title,ConnectivitySMILES,SMILES,InChI,InChIKey/JSON",2026-09-22
DDInter1460,Phenytoin,1775,Phenytoin,C1=CC=C(C=C1)C2(C(=O)NC(=O)N2)C3=CC=CC=C3,C1=CC=C(C=C1)C2(C(=O)NC(=O)N2)C3=CC=CC=C3,"InChI=1S/C15H12N2O2/c18-13-15(17-14(19)16-13,11-7-3-1-4-8-11)12-9-5-2-6-10-12/h1-10H,(H2,16,17,18,19)",CXOFVDLJLONNDW-UHFFFAOYSA-N,exact DDInter name query,exact_unique,valid,"https://pubchem.ncbi.nlm.nih.gov/rest/pug/compound/name/Phenytoin/property/Title,ConnectivitySMILES,SMILES,InChI,InChIKey/JSON",2026-09-22
DDInter1461,Phylloquinone,5284607,Phylloquinone,CC1=C(C(=O)C2=CC=CC=C2C1=O)CC=C(C)CCCC(C)CCCC(C)CCCC(C)C,CC1=C(C(=O)C2=CC=CC=C2C1=O)C/C=C(\C)/CCC[C@H](C)CCC[C@H](C)CCCC(C)C,"InChI=1S/C31H46O2/c1-22(2)12-9-13-23(3)14-10-15-24(4)16-11-17-25(5)20-21-27-26(6)30(32)28-18-7-8-19-29(28)31(27)33/h7-8,18-20,22-24H,9-17,21H2,1-6H3/b25-20+/t23-,24-/m1/s1",MBWXNTAXLNYFJB-NKFFZRIASA-N,exact DDInter name query,exact_unique,valid,"https://pubchem.ncbi.nlm.nih.gov/rest/pug/compound/name/Phylloquinone/property/Title,ConnectivitySMILES,SMILES,InChI,InChIKey/JSON",2026-09-22
DDInter1462,Physostigmine,5983,Physostigmine,CC12CCN(C1N(C3=C2C=C(C=C3)OC(=O)NC)C)C,C[C@@]12CCN([C@@H]1N(C3=C2C=C(C=C3)OC(=O)NC)C)C,"InChI=1S/C15H21N3O2/c1-15-7-8-17(3)13(15)18(4)12-6-5-10(9-11(12)15)20-14(19)16-2/h5-6,9,13H,7-8H2,1-4H3,(H,16,19)/t13-,15+/m1/s1",PIJVFDBKTWXHHD-HIFRSBDPSA-N,exact DDInter name query,exact_unique,valid,"https://pubchem.ncbi.nlm.nih.gov/rest/pug/compound/name/Physostigmine/property/Title,ConnectivitySMILES,SMILES,InChI,InChIKey/JSON",2026-09-22
DDInter1463,Physostigmine (ophthalmic),,,,,,,exact DDInter name query,unmapped,unavailable,"https://pubchem.ncbi.nlm.nih.gov/rest/pug/compound/name/Physostigmine%20%28ophthalmic%29/property/Title,ConnectivitySMILES,SMILES,InChI,InChIKey/JSON",2026-09-22
DDInter1464,Picosulfuric acid,5243,Picosulfuric acid,C1=CC=NC(=C1)C(C2=CC=C(C=C2)OS(=O)(=O)O)C3=CC=C(C=C3)OS(=O)(=O)O,C1=CC=NC(=C1)C(C2=CC=C(C=C2)OS(=O)(=O)O)C3=CC=C(C=C3)OS(=O)(=O)O,"InChI=1S/C18H15NO8S2/c20-28(21,22)26-15-8-4-13(5-9-15)18(17-3-1-2-12-19-17)14-6-10-16(11-7-14)27-29(23,24)25/h1-12,18H,(H,20,21,22)(H,23,24,25)",UJIDKYTZIQTXPM-UHFFFAOYSA-N,exact DDInter name query,exact_unique,valid,"https://pubchem.ncbi.nlm.nih.gov/rest/pug/compound/name/Picosulfuric%20acid/property/Title,ConnectivitySMILES,SMILES,InChI,InChIKey/JSON",2026-09-22
DDInter1465,Pilocarpine,5910,Pilocarpine,CCC1C(COC1=O)CC2=CN=CN2C,CC[C@H]1[C@H](COC1=O)CC2=CN=CN2C,"InChI=1S/C11H16N2O2/c1-3-10-8(6-15-11(10)14)4-9-5-12-7-13(9)2/h5,7-8,10H,3-4,6H2,1-2H3/t8-,10-/m0/s1",QCHFTSOMWOSFHM-WPRPVWTQSA-N,exact DDInter name query,exact_unique,valid,"https://pubchem.ncbi.nlm.nih.gov/rest/pug/compound/name/Pilocarpine/property/Title,ConnectivitySMILES,SMILES,InChI,InChIKey/JSON",2026-09-22
DDInter1466,Pilocarpine (ophthalmic),,,,,,,exact DDInter name query,unmapped,unavailable,"https://pubchem.ncbi.nlm.nih.gov/rest/pug/compound/name/Pilocarpine%20%28ophthalmic%29/property/Title,ConnectivitySMILES,SMILES,InChI,InChIKey/JSON",2026-09-22
DDInter1467,Pimavanserin,10071196,Pimavanserin,CC(C)COC1=CC=C(C=C1)CNC(=O)N(CC2=CC=C(C=C2)F)C3CCN(CC3)C,CC(C)COC1=CC=C(C=C1)CNC(=O)N(CC2=CC=C(C=C2)F)C3CCN(CC3)C,"InChI=1S/C25H34FN3O2/c1-19(2)18-31-24-10-6-20(7-11-24)16-27-25(30)29(23-12-14-28(3)15-13-23)17-21-4-8-22(26)9-5-21/h4-11,19,23H,12-18H2,1-3H3,(H,27,30)",RKEWSXXUOLRFBX-UHFFFAOYSA-N,exact DDInter name query,exact_unique,valid,"https://pubchem.ncbi.nlm.nih.gov/rest/pug/compound/name/Pimavanserin/property/Title,ConnectivitySMILES,SMILES,InChI,InChIKey/JSON",2026-09-22
DDInter1468,Pimecrolimus,6509979,Pimecrolimus,CCC1C=C(CC(CC(C2C(CC(C(O2)(C(=O)C(=O)N3CCCCC3C(=O)OC(C(C(CC1=O)O)C)C(=CC4CCC(C(C4)OC)Cl)C)O)C)OC)OC)C)C,CC[C@@H]1/C=C(/C[C@@H](C[C@@H]([C@@H]2[C@H](C[C@H]([C@@](O2)(C(=O)C(=O)N3CCCC[C@H]3C(=O)O[C@@H]([C@@H]([C@H](CC1=O)O)C)/C(=C/[C@@H]4CC[C@@H]([C@@H](C4)OC)Cl)/C)O)C)OC)OC)C)\C,"InChI=1S/C43H68ClNO11/c1-10-30-18-24(2)17-25(3)19-36(53-8)39-37(54-9)21-27(5)43(51,56-39)40(48)41(49)45-16-12-11-13-32(45)42(50)55-38(28(6)33(46)23-34(30)47)26(4)20-29-14-15-31(44)35(22-29)52-7/h18,20,25,27-33,35-39,46,51H,10-17,19,21-23H2,1-9H3/b24-18+,26-20+/t25-,27+,28+,29-,30+,31-,32-,33-,35+,36-,37-,38+,39+,43+/m0/s1",KASDHRXLYQOAKZ-XDSKOBMDSA-N,exact DDInter name query,exact_unique,valid,"https://pubchem.ncbi.nlm.nih.gov/rest/pug/compound/name/Pimecrolimus/property/Title,ConnectivitySMILES,SMILES,InChI,InChIKey/JSON",2026-09-22
DDInter1469,Pimecrolimus (topical),,,,,,,exact DDInter name query,unmapped,unavailable,"https://pubchem.ncbi.nlm.nih.gov/rest/pug/compound/name/Pimecrolimus%20%28topical%29/property/Title,ConnectivitySMILES,SMILES,InChI,InChIKey/JSON",2026-09-22
DDInter147,Axitinib,6450551,Axitinib,CNC(=O)C1=CC=CC=C1SC2=CC3=C(C=C2)C(=NN3)C=CC4=CC=CC=N4,CNC(=O)C1=CC=CC=C1SC2=CC3=C(C=C2)C(=NN3)/C=C/C4=CC=CC=N4,"InChI=1S/C22H18N4OS/c1-23-22(27)18-7-2-3-8-21(18)28-16-10-11-17-19(25-26-20(17)14-16)12-9-15-6-4-5-13-24-15/h2-14H,1H3,(H,23,27)(H,25,26)/b12-9+",RITAVMQDGBJQJZ-FMIVXFBMSA-N,exact DDInter name query,exact_unique,valid,"https://pubchem.ncbi.nlm.nih.gov/rest/pug/compound/name/Axitinib/property/Title,ConnectivitySMILES,SMILES,InChI,InChIKey/JSON",2026-09-22
DDInter1470,Pimozide,16362,Pimozide,C1CN(CCC1N2C3=CC=CC=C3NC2=O)CCCC(C4=CC=C(C=C4)F)C5=CC=C(C=C5)F,C1CN(CCC1N2C3=CC=CC=C3NC2=O)CCCC(C4=CC=C(C=C4)F)C5=CC=C(C=C5)F,"InChI=1S/C28H29F2N3O/c29-22-11-7-20(8-12-22)25(21-9-13-23(30)14-10-21)4-3-17-32-18-15-24(16-19-32)33-27-6-2-1-5-26(27)31-28(33)34/h1-2,5-14,24-25H,3-4,15-19H2,(H,31,34)",YVUQSNJEYSNKRX-UHFFFAOYSA-N,exact DDInter name query,exact_unique,valid,"https://pubchem.ncbi.nlm.nih.gov/rest/pug/compound/name/Pimozide/property/Title,ConnectivitySMILES,SMILES,InChI,InChIKey/JSON",2026-09-22
DDInter1471,Pindolol,4828,Pindolol,CC(C)NCC(COC1=CC=CC2=C1C=CN2)O,CC(C)NCC(COC1=CC=CC2=C1C=CN2)O,"InChI=1S/C14H20N2O2/c1-10(2)16-8-11(17)9-18-14-5-3-4-13-12(14)6-7-15-13/h3-7,10-11,15-17H,8-9H2,1-2H3",JZQKKSLKJUAGIC-UHFFFAOYSA-N,exact DDInter name query,exact_unique,valid,"https://pubchem.ncbi.nlm.nih.gov/rest/pug/compound/name/Pindolol/property/Title,ConnectivitySMILES,SMILES,InChI,InChIKey/JSON",2026-09-22
DDInter1472,Pioglitazone,4829,Pioglitazone,CCC1=CN=C(C=C1)CCOC2=CC=C(C=C2)CC3C(=O)NC(=O)S3,CCC1=CN=C(C=C1)CCOC2=CC=C(C=C2)CC3C(=O)NC(=O)S3,"InChI=1S/C19H20N2O3S/c1-2-13-3-6-15(20-12-13)9-10-24-16-7-4-14(5-8-16)11-17-18(22)21-19(23)25-17/h3-8,12,17H,2,9-11H2,1H3,(H,21,22,23)",HYAFETHFCAUJAY-UHFFFAOYSA-N,exact DDInter name query,exact_unique,valid,"https://pubchem.ncbi.nlm.nih.gov/rest/pug/compound/name/Pioglitazone/property/Title,ConnectivitySMILES,SMILES,InChI,InChIKey/JSON",2026-09-22
DDInter1473,Pipecuronium,50192,Pipecuronium,CC(=O)OC1CC2CCC3C(C2(CC1N4CC[N+](CC4)(C)C)C)CCC5(C3CC(C5OC(=O)C)N6CC[N+](CC6)(C)C)C,CC(=O)O[C@H]1C[C@@H]2CC[C@@H]3[C@@H]([C@]2(C[C@@H]1N4CC[N+](CC4)(C)C)C)CC[C@]5([C@H]3C[C@@H]([C@@H]5OC(=O)C)N6CC[N+](CC6)(C)C)C,"InChI=1S/C35H62N4O4/c1-24(40)42-32-21-26-9-10-27-28(35(26,4)23-31(32)37-15-19-39(7,8)20-16-37)11-12-34(3)29(27)22-30(33(34)43-25(2)41)36-13-17-38(5,6)18-14-36/h26-33H,9-23H2,1-8H3/q+2/t26-,27+,28-,29-,30-,31-,32-,33-,34-,35-/m0/s1",OWWLUIWOFHMHOQ-XGHATYIMSA-N,exact DDInter name query,exact_unique,valid,"https://pubchem.ncbi.nlm.nih.gov/rest/pug/compound/name/Pipecuronium/property/Title,ConnectivitySMILES,SMILES,InChI,InChIKey/JSON",2026-09-22
DDInter1474,Piperacillin,43672,Piperacillin,CCN1CCN(C(=O)C1=O)C(=O)NC(C2=CC=CC=C2)C(=O)NC3C4N(C3=O)C(C(S4)(C)C)C(=O)O,CCN1CCN(C(=O)C1=O)C(=O)N[C@H](C2=CC=CC=C2)C(=O)N[C@H]3[C@@H]4N(C3=O)[C@H](C(S4)(C)C)C(=O)O,"InChI=1S/C23H27N5O7S/c1-4-26-10-11-27(19(32)18(26)31)22(35)25-13(12-8-6-5-7-9-12)16(29)24-14-17(30)28-15(21(33)34)23(2,3)36-20(14)28/h5-9,13-15,20H,4,10-11H2,1-3H3,(H,24,29)(H,25,35)(H,33,34)/t13-,14-,15+,20-/m1/s1",IVBHGBMCVLDMKU-GXNBUGAJSA-N,exact DDInter name query,exact_unique,valid,"https://pubchem.ncbi.nlm.nih.gov/rest/pug/compound/name/Piperacillin/property/Title,ConnectivitySMILES,SMILES,InChI,InChIKey/JSON",2026-09-22
DDInter1475,Piperazine,4837,Piperazine,C1CNCCN1,C1CNCCN1,"InChI=1S/C4H10N2/c1-2-6-4-3-5-1/h5-6H,1-4H2",GLUUGHFHXGJENI-UHFFFAOYSA-N,exact DDInter name query,exact_unique,valid,"https://pubchem.ncbi.nlm.nih.gov/rest/pug/compound/name/Piperazine/property/Title,ConnectivitySMILES,SMILES,InChI,InChIKey/JSON",2026-09-22
DDInter1476,Pirbuterol,4845,Pirbuterol,CC(C)(C)NCC(C1=NC(=C(C=C1)O)CO)O,CC(C)(C)NCC(C1=NC(=C(C=C1)O)CO)O,"InChI=1S/C12H20N2O3/c1-12(2,3)13-6-11(17)8-4-5-10(16)9(7-15)14-8/h4-5,11,13,15-17H,6-7H2,1-3H3",VQDBNKDJNJQRDG-UHFFFAOYSA-N,exact DDInter name query,exact_unique,valid,"https://pubchem.ncbi.nlm.nih.gov/rest/pug/compound/name/Pirbuterol/property/Title,ConnectivitySMILES,SMILES,InChI,InChIKey/JSON",2026-09-22
DDInter1477,Pirfenidone,40632,Pirfenidone,CC1=CN(C(=O)C=C1)C2=CC=CC=C2,CC1=CN(C(=O)C=C1)C2=CC=CC=C2,"InChI=1S/C12H11NO/c1-10-7-8-12(14)13(9-10)11-5-3-2-4-6-11/h2-9H,1H3",ISWRGOKTTBVCFA-UHFFFAOYSA-N,exact DDInter name query,exact_unique,valid,"https://pubchem.ncbi.nlm.nih.gov/rest/pug/compound/name/Pirfenidone/property/Title,ConnectivitySMILES,SMILES,InChI,InChIKey/JSON",2026-09-22
DDInter1478,Piroxicam,54676228,Piroxicam,CN1C(=C(C2=CC=CC=C2S1(=O)=O)O)C(=O)NC3=CC=CC=N3,CN1C(=C(C2=CC=CC=C2S1(=O)=O)O)C(=O)NC3=CC=CC=N3,"InChI=1S/C15H13N3O4S/c1-18-13(15(20)17-12-8-4-5-9-16-12)14(19)10-6-2-3-7-11(10)23(18,21)22/h2-9,19H,1H3,(H,16,17,20)",QYSPLQLAKJAUJT-UHFFFAOYSA-N,exact DDInter name query,exact_unique,valid,"https://pubchem.ncbi.nlm.nih.gov/rest/pug/compound/name/Piroxicam/property/Title,ConnectivitySMILES,SMILES,InChI,InChIKey/JSON",2026-09-22
DDInter1479,Pitavastatin,5282452,Pitavastatin,C1CC1C2=NC3=CC=CC=C3C(=C2C=CC(CC(CC(=O)O)O)O)C4=CC=C(C=C4)F,C1CC1C2=NC3=CC=CC=C3C(=C2/C=C/[C@H](C[C@H](CC(=O)O)O)O)C4=CC=C(C=C4)F,"InChI=1S/C25H24FNO4/c26-17-9-7-15(8-10-17)24-20-3-1-2-4-22(20)27-25(16-5-6-16)21(24)12-11-18(28)13-19(29)14-23(30)31/h1-4,7-12,16,18-19,28-29H,5-6,13-14H2,(H,30,31)/b12-11+/t18-,19-/m1/s1",VGYFMXBACGZSIL-MCBHFWOFSA-N,exact DDInter name query,exact_unique,valid,"https://pubchem.ncbi.nlm.nih.gov/rest/pug/compound/name/Pitavastatin/property/Title,ConnectivitySMILES,SMILES,InChI,InChIKey/JSON",2026-09-22
DDInter148,Azacitidine,9444,Azacytidine,C1=NC(=NC(=O)N1C2C(C(C(O2)CO)O)O)N,C1=NC(=NC(=O)N1[C@H]2[C@@H]([C@@H]([C@H](O2)CO)O)O)N,"InChI=1S/C8H12N4O5/c9-7-10-2-12(8(16)11-7)6-5(15)4(14)3(1-13)17-6/h2-6,13-15H,1H2,(H2,9,11,16)/t3-,4-,5-,6-/m1/s1",NMUSYJAQQFHJEW-KVTDHHQDSA-N,exact DDInter name query,ambiguous,excluded_title_mismatch,"https://pubchem.ncbi.nlm.nih.gov/rest/pug/compound/name/Azacitidine/property/Title,ConnectivitySMILES,SMILES,InChI,InChIKey/JSON",2026-09-22
DDInter1480,Pitolisant,9948102,Pitolisant,C1CCN(CC1)CCCOCCCC2=CC=C(C=C2)Cl,C1CCN(CC1)CCCOCCCC2=CC=C(C=C2)Cl,"InChI=1S/C17H26ClNO/c18-17-9-7-16(8-10-17)6-4-14-20-15-5-13-19-11-2-1-3-12-19/h7-10H,1-6,11-15H2",NNACHAUCXXVJSP-UHFFFAOYSA-N,exact DDInter name query,exact_unique,valid,"https://pubchem.ncbi.nlm.nih.gov/rest/pug/compound/name/Pitolisant/property/Title,ConnectivitySMILES,SMILES,InChI,InChIKey/JSON",2026-09-22
DDInter1481,Plantago seed,,,,,,,exact DDInter name query,unmapped,unavailable,"https://pubchem.ncbi.nlm.nih.gov/rest/pug/compound/name/Plantago%20seed/property/Title,ConnectivitySMILES,SMILES,InChI,InChIKey/JSON",2026-09-22
DDInter1482,Plazomicin,42613186,Plazomicin,CC1(COC(C(C1NC)O)OC2C(CC(C(C2O)OC3C(CC=C(O3)CNCCO)N)N)NC(=O)C(CCN)O)O,C[C@@]1(CO[C@@H]([C@@H]([C@H]1NC)O)O[C@H]2[C@@H](C[C@@H]([C@H]([C@@H]2O)O[C@@H]3[C@@H](CC=C(O3)CNCCO)N)N)NC(=O)[C@H](CCN)O)O,"InChI=1S/C25H48N6O10/c1-25(37)11-38-24(18(35)21(25)29-2)41-20-15(31-22(36)16(33)5-6-26)9-14(28)19(17(20)34)40-23-13(27)4-3-12(39-23)10-30-7-8-32/h3,13-21,23-24,29-30,32-35,37H,4-11,26-28H2,1-2H3,(H,31,36)/t13-,14+,15-,16+,17+,18-,19-,20+,21-,23-,24-,25+/m1/s1",IYDYFVUFSPQPPV-PEXOCOHZSA-N,exact DDInter name query,exact_unique,valid,"https://pubchem.ncbi.nlm.nih.gov/rest/pug/compound/name/Plazomicin/property/Title,ConnectivitySMILES,SMILES,InChI,InChIKey/JSON",2026-09-22
DDInter1483,Plecanatide,70693500,Plecanatide,CC1C(=O)NC2CSSCC(C(=O)NC(C(=O)NC(C(=O)NC(CSSCC(NC(=O)CNC(=O)C(NC2=O)C(C)O)C(=O)NC(CC(C)C)C(=O)O)C(=O)NC(C(=O)NC(C(=O)NC(C(=O)N1)C(C)C)CC(=O)N)C(C)C)CC(C)C)CCC(=O)O)NC(=O)C(CCC(=O)O)NC(=O)C(CC(=O)O)NC(=O)C(CC(=O)N)N,C[C@H]1C(=O)N[C@H]2CSSC[C@@H](C(=O)N[C@H](C(=O)N[C@H](C(=O)N[C@@H](CSSC[C@H](NC(=O)CNC(=O)[C@@H](NC2=O)[C@@H](C)O)C(=O)N[C@@H](CC(C)C)C(=O)O)C(=O)N[C@H](C(=O)N[C@H](C(=O)N[C@H](C(=O)N1)C(C)C)CC(=O)N)C(C)C)CC(C)C)CCC(=O)O)NC(=O)[C@H](CCC(=O)O)NC(=O)[C@H](CC(=O)O)NC(=O)[C@H](CC(=O)N)N,"InChI=1S/C65H104N18O26S4/c1-25(2)15-34-55(98)80-41-24-113-110-21-38(58(101)77-37(65(108)109)16-26(3)4)71-44(87)20-69-62(105)50(30(10)84)83-61(104)40(78-51(94)29(9)70-63(106)48(27(5)6)81-57(100)35(18-43(68)86)76-64(107)49(28(7)8)82-60(41)103)23-112-111-22-39(59(102)73-32(53(96)75-34)11-13-45(88)89)79-54(97)33(12-14-46(90)91)72-56(99)36(19-47(92)93)74-52(95)31(66)17-42(67)85/h25-41,48-50,84H,11-24,66H2,1-10H3,(H2,67,85)(H2,68,86)(H,69,105)(H,70,106)(H,71,87)(H,72,99)(H,73,102)(H,74,95)(H,75,96)(H,76,107)(H,77,101)(H,78,94)(H,79,97)(H,80,98)(H,81,100)(H,82,103)(H,83,104)(H,88,89)(H,90,91)(H,92,93)(H,108,109)/t29-,30+,31-,32-,33-,34-,35-,36-,37-,38-,39-,40-,41-,48-,49-,50-/m0/s1",NSPHQWLKCGGCQR-DLJDZFDSSA-N,exact DDInter name query,exact_unique,valid,"https://pubchem.ncbi.nlm.nih.gov/rest/pug/compound/name/Plecanatide/property/Title,ConnectivitySMILES,SMILES,InChI,InChIKey/JSON",2026-09-22
DDInter1484,Plicamycin,163659,Mithramycin,CC1C(C(CC(O1)OC2CC(OC(C2O)C)OC3=CC4=CC5=C(C(=O)C(C(C5)C(C(=O)C(C(C)O)O)OC)OC6CC(C(C(O6)C)O)OC7CC(C(C(O7)C)O)OC8CC(C(C(O8)C)O)(C)O)C(=C4C(=C3C)O)O)O)O,C[C@@H]1[C@H]([C@@H](C[C@@H](O1)O[C@@H]2C[C@@H](O[C@@H]([C@H]2O)C)OC3=CC4=CC5=C(C(=O)[C@H]([C@@H](C5)[C@@H](C(=O)[C@H]([C@@H](C)O)O)OC)O[C@H]6C[C@H]([C@@H]([C@H](O6)C)O)O[C@H]7C[C@H]([C@H]([C@H](O7)C)O)O[C@H]8C[C@]([C@@H]([C@H](O8)C)O)(C)O)C(=C4C(=C3C)O)O)O)O,"InChI=1S/C52H76O24/c1-18-29(72-34-14-30(43(58)21(4)68-34)73-33-13-28(54)42(57)20(3)67-33)12-26-10-25-11-27(49(66-9)48(63)41(56)19(2)53)50(47(62)39(25)46(61)38(26)40(18)55)76-36-16-31(44(59)23(6)70-36)74-35-15-32(45(60)22(5)69-35)75-37-17-52(8,65)51(64)24(7)71-37/h10,12,19-24,27-28,30-37,41-45,49-51,53-61,64-65H,11,13-17H2,1-9H3/t19-,20-,21-,22-,23-,24-,27+,28-,30-,31-,32-,33+,34+,35+,36+,37+,41+,42-,43-,44-,45+,49+,50+,51-,52+/m1/s1",CFCUWKMKBJTWLW-BKHRDMLASA-N,exact DDInter name query,ambiguous,excluded_title_mismatch,"https://pubchem.ncbi.nlm.nih.gov/rest/pug/compound/name/Plicamycin/property/Title,ConnectivitySMILES,SMILES,InChI,InChIKey/JSON",2026-09-22
DDInter1485,Polatuzumab vedotin,,,,,,,exact DDInter name query,unmapped,unavailable,"https://pubchem.ncbi.nlm.nih.gov/rest/pug/compound/name/Polatuzumab%20vedotin/property/Title,ConnectivitySMILES,SMILES,InChI,InChIKey/JSON",2026-09-22
DDInter1486,Poliovirus type 1 antigen (formaldehyde inactivated),,,,,,,exact DDInter name query,unmapped,unavailable,"https://pubchem.ncbi.nlm.nih.gov/rest/pug/compound/name/Poliovirus%20type%201%20antigen%20%28formaldehyde%20inactivated%29/property/Title,ConnectivitySMILES,SMILES,InChI,InChIKey/JSON",2026-09-22
DDInter1487,Polyethylene glycol (3350 with electrolytes),,,,,,,exact DDInter name query,unmapped,unavailable,"https://pubchem.ncbi.nlm.nih.gov/rest/pug/compound/name/Polyethylene%20glycol%20%283350%20with%20electrolytes%29/property/Title,ConnectivitySMILES,SMILES,InChI,InChIKey/JSON",2026-09-22
DDInter1488,Polyethylene glycol (3350),,,,,,,exact DDInter name query,unmapped,unavailable,"https://pubchem.ncbi.nlm.nih.gov/rest/pug/compound/name/Polyethylene%20glycol%20%283350%29/property/Title,ConnectivitySMILES,SMILES,InChI,InChIKey/JSON",2026-09-22
DDInter1489,Polymyxin B,,,,,,,exact DDInter name query,unmapped,unavailable,"https://pubchem.ncbi.nlm.nih.gov/rest/pug/compound/name/Polymyxin%20B/property/Title,ConnectivitySMILES,SMILES,InChI,InChIKey/JSON",2026-09-22
DDInter149,Azatadine,19861,Azatadine,CN1CCC(=C2C3=CC=CC=C3CCC4=C2N=CC=C4)CC1,CN1CCC(=C2C3=CC=CC=C3CCC4=C2N=CC=C4)CC1,"InChI=1S/C20H22N2/c1-22-13-10-16(11-14-22)19-18-7-3-2-5-15(18)8-9-17-6-4-12-21-20(17)19/h2-7,12H,8-11,13-14H2,1H3",SEBMTIQKRHYNIT-UHFFFAOYSA-N,exact DDInter name query,exact_unique,valid,"https://pubchem.ncbi.nlm.nih.gov/rest/pug/compound/name/Azatadine/property/Title,ConnectivitySMILES,SMILES,InChI,InChIKey/JSON",2026-09-22
DDInter1490,Polythiazide,,,,,,,exact DDInter name query,unmapped,unavailable,"https://pubchem.ncbi.nlm.nih.gov/rest/pug/compound/name/Polythiazide/property/Title,ConnectivitySMILES,SMILES,InChI,InChIKey/JSON",2026-09-22
DDInter1491,Pomalidomide,134780,Pomalidomide,C1CC(=O)NC(=O)C1N2C(=O)C3=C(C2=O)C(=CC=C3)N,C1CC(=O)NC(=O)C1N2C(=O)C3=C(C2=O)C(=CC=C3)N,"InChI=1S/C13H11N3O4/c14-7-3-1-2-6-10(7)13(20)16(12(6)19)8-4-5-9(17)15-11(8)18/h1-3,8H,4-5,14H2,(H,15,17,18)",UVSMNLNDYGZFPF-UHFFFAOYSA-N,exact DDInter name query,exact_unique,valid,"https://pubchem.ncbi.nlm.nih.gov/rest/pug/compound/name/Pomalidomide/property/Title,ConnectivitySMILES,SMILES,InChI,InChIKey/JSON",2026-09-22
DDInter1492,Ponatinib,24826799,Ponatinib,CC1=C(C=C(C=C1)C(=O)NC2=CC(=C(C=C2)CN3CCN(CC3)C)C(F)(F)F)C#CC4=CN=C5N4N=CC=C5,CC1=C(C=C(C=C1)C(=O)NC2=CC(=C(C=C2)CN3CCN(CC3)C)C(F)(F)F)C#CC4=CN=C5N4N=CC=C5,"InChI=1S/C29H27F3N6O/c1-20-5-6-22(16-21(20)8-10-25-18-33-27-4-3-11-34-38(25)27)28(39)35-24-9-7-23(26(17-24)29(30,31)32)19-37-14-12-36(2)13-15-37/h3-7,9,11,16-18H,12-15,19H2,1-2H3,(H,35,39)",PHXJVRSECIGDHY-UHFFFAOYSA-N,exact DDInter name query,exact_unique,valid,"https://pubchem.ncbi.nlm.nih.gov/rest/pug/compound/name/Ponatinib/property/Title,ConnectivitySMILES,SMILES,InChI,InChIKey/JSON",2026-09-22
DDInter1493,Porfimer sodium,,,,,,,exact DDInter name query,unmapped,unavailable,"https://pubchem.ncbi.nlm.nih.gov/rest/pug/compound/name/Porfimer%20sodium/property/Title,ConnectivitySMILES,SMILES,InChI,InChIKey/JSON",2026-09-22
DDInter1494,Posaconazole,468595,Posaconazole,CCC(C(C)O)N1C(=O)N(C=N1)C2=CC=C(C=C2)N3CCN(CC3)C4=CC=C(C=C4)OCC5CC(OC5)(CN6C=NC=N6)C7=C(C=C(C=C7)F)F,CC[C@@H]([C@H](C)O)N1C(=O)N(C=N1)C2=CC=C(C=C2)N3CCN(CC3)C4=CC=C(C=C4)OC[C@H]5C[C@](OC5)(CN6C=NC=N6)C7=C(C=C(C=C7)F)F,"InChI=1S/C37H42F2N8O4/c1-3-35(26(2)48)47-36(49)46(25-42-47)31-7-5-29(6-8-31)43-14-16-44(17-15-43)30-9-11-32(12-10-30)50-20-27-19-37(51-21-27,22-45-24-40-23-41-45)33-13-4-28(38)18-34(33)39/h4-13,18,23-27,35,48H,3,14-17,19-22H2,1-2H3/t26-,27+,35-,37-/m0/s1",RAGOYPUPXAKGKH-XAKZXMRKSA-N,exact DDInter name query,exact_unique,valid,"https://pubchem.ncbi.nlm.nih.gov/rest/pug/compound/name/Posaconazole/property/Title,ConnectivitySMILES,SMILES,InChI,InChIKey/JSON",2026-09-22
DDInter1495,Potassium acetate,517044,Potassium Acetate,CC(=O)[O-].[K+],CC(=O)[O-].[K+],"InChI=1S/C2H4O2.K/c1-2(3)4;/h1H3,(H,3,4);/q;+1/p-1",SCVFZCLFOSHCOH-UHFFFAOYSA-M,exact DDInter name query,exact_unique,valid,"https://pubchem.ncbi.nlm.nih.gov/rest/pug/compound/name/Potassium%20acetate/property/Title,ConnectivitySMILES,SMILES,InChI,InChIKey/JSON",2026-09-22
DDInter1496,Potassium bicarbonate,516893,Potassium Bicarbonate,C(=O)(O)[O-].[K+],C(=O)(O)[O-].[K+],"InChI=1S/CH2O3.K/c2-1(3)4;/h(H2,2,3,4);/q;+1/p-1",TYJJADVDDVDEDZ-UHFFFAOYSA-M,exact DDInter name query,exact_unique,valid,"https://pubchem.ncbi.nlm.nih.gov/rest/pug/compound/name/Potassium%20bicarbonate/property/Title,ConnectivitySMILES,SMILES,InChI,InChIKey/JSON",2026-09-22
DDInter1497,Potassium chloride,4873,Potassium Chloride,[Cl-].[K+],[Cl-].[K+],InChI=1S/ClH.K/h1H;/q;+1/p-1,WCUXLLCKKVVCTQ-UHFFFAOYSA-M,exact DDInter name query,exact_unique,valid,"https://pubchem.ncbi.nlm.nih.gov/rest/pug/compound/name/Potassium%20chloride/property/Title,ConnectivitySMILES,SMILES,InChI,InChIKey/JSON",2026-09-22
DDInter1498,Potassium citrate,2735208,Potassium Citrate,C(C(=O)[O-])C(CC(=O)[O-])(C(=O)[O-])O.O.[K+].[K+].[K+],C(C(=O)[O-])C(CC(=O)[O-])(C(=O)[O-])O.O.[K+].[K+].[K+],"InChI=1S/C6H8O7.3K.H2O/c7-3(8)1-6(13,5(11)12)2-4(9)10;;;;/h13H,1-2H2,(H,7,8)(H,9,10)(H,11,12);;;;1H2/q;3*+1;/p-3",PJAHUDTUZRZBKM-UHFFFAOYSA-K,exact DDInter name query,exact_unique,valid,"https://pubchem.ncbi.nlm.nih.gov/rest/pug/compound/name/Potassium%20citrate/property/Title,ConnectivitySMILES,SMILES,InChI,InChIKey/JSON",2026-09-22
DDInter1499,Potassium gluconate,16760467,"Gluconic acid, monopotassium salt",C(C(C(C(C(C(=O)[O-])O)O)O)O)O.[K+],C([C@H]([C@H]([C@@H]([C@H](C(=O)[O-])O)O)O)O)O.[K+],"InChI=1S/C6H12O7.K/c7-1-2(8)3(9)4(10)5(11)6(12)13;/h2-5,7-11H,1H2,(H,12,13);/q;+1/p-1/t2-,3-,4+,5-;/m1./s1",HLCFGWHYROZGBI-JJKGCWMISA-M,exact DDInter name query,ambiguous,excluded_title_mismatch,"https://pubchem.ncbi.nlm.nih.gov/rest/pug/compound/name/Potassium%20gluconate/property/Title,ConnectivitySMILES,SMILES,InChI,InChIKey/JSON",2026-09-22
DDInter15,Acetazolamide,1986,Acetazolamide,CC(=O)NC1=NN=C(S1)S(=O)(=O)N,CC(=O)NC1=NN=C(S1)S(=O)(=O)N,"InChI=1S/C4H6N4O3S2/c1-2(9)6-3-7-8-4(12-3)13(5,10)11/h1H3,(H2,5,10,11)(H,6,7,9)",BZKPWHYZMXOIDC-UHFFFAOYSA-N,exact DDInter name query,exact_unique,valid,"https://pubchem.ncbi.nlm.nih.gov/rest/pug/compound/name/Acetazolamide/property/Title,ConnectivitySMILES,SMILES,InChI,InChIKey/JSON",2026-09-22
DDInter150,Azathioprine,2265,Azathioprine,CN1C=NC(=C1SC2=NC=NC3=C2NC=N3)[N+](=O)[O-],CN1C=NC(=C1SC2=NC=NC3=C2NC=N3)[N+](=O)[O-],"InChI=1S/C9H7N7O2S/c1-15-4-14-7(16(17)18)9(15)19-8-5-6(11-2-10-5)12-3-13-8/h2-4H,1H3,(H,10,11,12,13)",LMEKQMALGUDUQG-UHFFFAOYSA-N,exact DDInter name query,exact_unique,valid,"https://pubchem.ncbi.nlm.nih.gov/rest/pug/compound/name/Azathioprine/property/Title,ConnectivitySMILES,SMILES,InChI,InChIKey/JSON",2026-09-22
DDInter1500,Potassium Iodide,4875,Potassium Iodide,[K+].[I-],[K+].[I-],InChI=1S/HI.K/h1H;/q;+1/p-1,NLKNQRATVPKPDG-UHFFFAOYSA-M,exact DDInter name query,exact_unique,valid,"https://pubchem.ncbi.nlm.nih.gov/rest/pug/compound/name/Potassium%20Iodide/property/Title,ConnectivitySMILES,SMILES,InChI,InChIKey/JSON",2026-09-22
DDInter1501,Potassium perchlorate,516900,Potassium Perchlorate,[O-]Cl(=O)(=O)=O.[K+],[O-]Cl(=O)(=O)=O.[K+],"InChI=1S/ClHO4.K/c2-1(3,4)5;/h(H,2,3,4,5);/q;+1/p-1",YLMGFJXSLBMXHK-UHFFFAOYSA-M,exact DDInter name query,exact_unique,valid,"https://pubchem.ncbi.nlm.nih.gov/rest/pug/compound/name/Potassium%20perchlorate/property/Title,ConnectivitySMILES,SMILES,InChI,InChIKey/JSON",2026-09-22
DDInter1502,Pralatrexate,148121,Pralatrexate,C#CCC(CC1=CN=C2C(=N1)C(=NC(=N2)N)N)C3=CC=C(C=C3)C(=O)NC(CCC(=O)O)C(=O)O,C#CCC(CC1=CN=C2C(=N1)C(=NC(=N2)N)N)C3=CC=C(C=C3)C(=O)N[C@@H](CCC(=O)O)C(=O)O,"InChI=1S/C23H23N7O5/c1-2-3-14(10-15-11-26-20-18(27-15)19(24)29-23(25)30-20)12-4-6-13(7-5-12)21(33)28-16(22(34)35)8-9-17(31)32/h1,4-7,11,14,16H,3,8-10H2,(H,28,33)(H,31,32)(H,34,35)(H4,24,25,26,29,30)/t14?,16-/m0/s1",OGSBUKJUDHAQEA-WMCAAGNKSA-N,exact DDInter name query,exact_unique,valid,"https://pubchem.ncbi.nlm.nih.gov/rest/pug/compound/name/Pralatrexate/property/Title,ConnectivitySMILES,SMILES,InChI,InChIKey/JSON",2026-09-22
DDInter1503,Pralidoxime,135398747,Pralidoxime,C[N+]1=CC=CC=C1C=NO,C[N+]1=CC=CC=C1/C=N/O,"InChI=1S/C7H8N2O/c1-9-5-3-2-4-7(9)6-8-10/h2-6H,1H3/p+1",JBKPUQTUERUYQE-UHFFFAOYSA-O,exact DDInter name query,exact_unique,valid,"https://pubchem.ncbi.nlm.nih.gov/rest/pug/compound/name/Pralidoxime/property/Title,ConnectivitySMILES,SMILES,InChI,InChIKey/JSON",2026-09-22
DDInter1504,Pralsetinib,129073603,Pralsetinib,CC1=CC(=NN1)NC2=NC(=NC(=C2)C)C3CCC(CC3)(C(=O)NC(C)C4=CN=C(C=C4)N5C=C(C=N5)F)OC,CC1=CC(=NN1)NC2=NC(=NC(=C2)C)C3CCC(CC3)(C(=O)N[C@@H](C)C4=CN=C(C=C4)N5C=C(C=N5)F)OC,"InChI=1S/C27H32FN9O2/c1-16-11-22(33-23-12-17(2)35-36-23)34-25(31-16)19-7-9-27(39-4,10-8-19)26(38)32-18(3)20-5-6-24(29-13-20)37-15-21(28)14-30-37/h5-6,11-15,18-19H,7-10H2,1-4H3,(H,32,38)(H2,31,33,34,35,36)/t18-,19?,27?/m0/s1",GBLBJPZSROAGMF-SIYOEGHHSA-N,exact DDInter name query,exact_unique,valid,"https://pubchem.ncbi.nlm.nih.gov/rest/pug/compound/name/Pralsetinib/property/Title,ConnectivitySMILES,SMILES,InChI,InChIKey/JSON",2026-09-22
DDInter1505,Pramipexole,119570,Pramipexole,CCCNC1CCC2=C(C1)SC(=N2)N,CCCN[C@H]1CCC2=C(C1)SC(=N2)N,"InChI=1S/C10H17N3S/c1-2-5-12-7-3-4-8-9(6-7)14-10(11)13-8/h7,12H,2-6H2,1H3,(H2,11,13)/t7-/m0/s1",FASDKYOPVNHBLU-ZETCQYMHSA-N,exact DDInter name query,exact_unique,valid,"https://pubchem.ncbi.nlm.nih.gov/rest/pug/compound/name/Pramipexole/property/Title,ConnectivitySMILES,SMILES,InChI,InChIKey/JSON",2026-09-22
DDInter1506,Pramlintide,70691388,Pramlintide,CCC(C)C(C(=O)NC(CC(C)C)C(=O)N1CCCC1C(=O)N2CCCC2C(=O)NC(C(C)O)C(=O)NC(CC(=O)N)C(=O)NC(C(C)C)C(=O)NCC(=O)NC(CO)C(=O)NC(CC(=O)N)C(=O)NC(C(C)O)C(=O)NC(CC3=CC=C(C=C3)O)C(=O)N)NC(=O)C4CCCN4C(=O)CNC(=O)C(CC5=CC=CC=C5)NC(=O)C(CC(=O)N)NC(=O)C(CC(=O)N)NC(=O)C(CO)NC(=O)C(CO)NC(=O)C(CC6=CNC=N6)NC(=O)C(C(C)C)NC(=O)C(CC(C)C)NC(=O)C(CC7=CC=CC=C7)NC(=O)C(CC(=O)N)NC(=O)C(C)NC(=O)C(CC(C)C)NC(=O)C(CCCNC(=N)N)NC(=O)C(CCC(=O)N)NC(=O)C(C(C)O)NC(=O)C(C)NC(=O)C8CSSCC(C(=O)NC(C(=O)NC(C(=O)NC(C(=O)NC(C(=O)N8)C(C)O)C)C(C)O)CC(=O)N)NC(=O)C(CCCCN)N,CC[C@H](C)[C@@H](C(=O)N[C@@H](CC(C)C)C(=O)N1CCC[C@H]1C(=O)N2CCC[C@H]2C(=O)N[C@@H]([C@@H](C)O)C(=O)N[C@@H](CC(=O)N)C(=O)N[C@@H](C(C)C)C(=O)NCC(=O)N[C@@H](CO)C(=O)N[C@@H](CC(=O)N)C(=O)N[C@@H]([C@@H](C)O)C(=O)N[C@@H](CC3=CC=C(C=C3)O)C(=O)N)NC(=O)[C@@H]4CCCN4C(=O)CNC(=O)[C@H](CC5=CC=CC=C5)NC(=O)[C@H](CC(=O)N)NC(=O)[C@H](CC(=O)N)NC(=O)[C@H](CO)NC(=O)[C@H](CO)NC(=O)[C@H](CC6=CNC=N6)NC(=O)[C@H](C(C)C)NC(=O)[C@H](CC(C)C)NC(=O)[C@H](CC7=CC=CC=C7)NC(=O)[C@H](CC(=O)N)NC(=O)[C@H](C)NC(=O)[C@H](CC(C)C)NC(=O)[C@H](CCCNC(=N)N)NC(=O)[C@H](CCC(=O)N)NC(=O)[C@H]([C@@H](C)O)NC(=O)[C@H](C)NC(=O)[C@@H]8CSSC[C@@H](C(=O)N[C@H](C(=O)N[C@H](C(=O)N[C@H](C(=O)N[C@H](C(=O)N8)[C@@H](C)O)C)[C@@H](C)O)CC(=O)N)NC(=O)[C@H](CCCCN)N,"InChI=1S/C171H267N51O53S2/c1-21-81(12)130(163(268)207-110(56-78(6)7)169(274)222-53-33-42-118(222)170(275)221-52-32-41-117(221)160(265)219-135(89(20)230)167(272)206-109(66-125(180)238)151(256)212-128(79(8)9)161(266)186-68-126(239)192-111(70-223)154(259)203-107(64-123(178)236)152(257)218-134(88(19)229)166(271)195-98(136(181)241)57-92-43-45-94(231)46-44-92)214-159(264)116-40-31-51-220(116)127(240)69-187-141(246)101(58-90-34-24-22-25-35-90)199-148(253)105(62-121(176)234)201-149(254)106(63-122(177)235)202-155(260)112(71-224)209-156(261)113(72-225)208-146(251)103(60-93-67-184-75-188-93)205-162(267)129(80(10)11)213-150(255)100(55-77(4)5)198-145(250)102(59-91-36-26-23-27-37-91)200-147(252)104(61-120(175)233)196-137(242)82(13)189-144(249)99(54-76(2)3)197-142(247)96(39-30-50-185-171(182)183)193-143(248)97(47-48-119(174)232)194-165(270)132(86(17)227)215-138(243)83(14)190-157(262)114-73-276-277-74-115(210-140(245)95(173)38-28-29-49-172)158(263)204-108(65-124(179)237)153(258)217-131(85(16)226)164(269)191-84(15)139(244)216-133(87(18)228)168(273)211-114/h22-27,34-37,43-46,67,75-89,95-118,128-135,223-231H,21,28-33,38-42,47-66,68-74,172-173H2,1-20H3,(H2,174,232)(H2,175,233)(H2,176,234)(H2,177,235)(H2,178,236)(H2,179,237)(H2,180,238)(H2,181,241)(H,184,188)(H,186,266)(H,187,246)(H,189,249)(H,190,262)(H,191,269)(H,192,239)(H,193,248)(H,194,270)(H,195,271)(H,196,242)(H,197,247)(H,198,250)(H,199,253)(H,200,252)(H,201,254)(H,202,260)(H,203,259)(H,204,263)(H,205,267)(H,206,272)(H,207,268)(H,208,251)(H,209,261)(H,210,245)(H,211,273)(H,212,256)(H,213,255)(H,214,264)(H,215,243)(H,216,244)(H,217,258)(H,218,257)(H,219,265)(H4,182,183,185)/t81-,82-,83-,84-,85+,86+,87+,88+,89+,95-,96-,97-,98-,99-,100-,101-,102-,103-,104-,105-,106-,107-,108-,109-,110-,111-,112-,113-,114-,115-,116-,117-,118-,128-,129-,130-,131-,132-,133-,134-,135-/m0/s1",TZIRZGBAFTZREM-MKAGXXMWSA-N,exact DDInter name query,exact_unique,valid,"https://pubchem.ncbi.nlm.nih.gov/rest/pug/compound/name/Pramlintide/property/Title,ConnectivitySMILES,SMILES,InChI,InChIKey/JSON",2026-09-22
DDInter1507,Prasterone enantate,163331,Dehydroepiandrosterone enanthate,CCCCCCC(=O)OC1CCC2(C3CCC4(C(C3CC=C2C1)CCC4=O)C)C,CCCCCCC(=O)O[C@H]1CC[C@@]2([C@H]3CC[C@]4([C@H]([C@@H]3CC=C2C1)CCC4=O)C)C,"InChI=1S/C26H40O3/c1-4-5-6-7-8-24(28)29-19-13-15-25(2)18(17-19)9-10-20-21-11-12-23(27)26(21,3)16-14-22(20)25/h9,19-22H,4-8,10-17H2,1-3H3/t19-,20-,21-,22-,25-,26-/m0/s1",HHENOUDBWKNPAB-BNCSLUSBSA-N,exact DDInter name query,ambiguous,excluded_title_mismatch,"https://pubchem.ncbi.nlm.nih.gov/rest/pug/compound/name/Prasterone%20enantate/property/Title,ConnectivitySMILES,SMILES,InChI,InChIKey/JSON",2026-09-22
DDInter1508,Prasugrel,6918456,Prasugrel,CC(=O)OC1=CC2=C(S1)CCN(C2)C(C3=CC=CC=C3F)C(=O)C4CC4,CC(=O)OC1=CC2=C(S1)CCN(C2)C(C3=CC=CC=C3F)C(=O)C4CC4,"InChI=1S/C20H20FNO3S/c1-12(23)25-18-10-14-11-22(9-8-17(14)26-18)19(20(24)13-6-7-13)15-4-2-3-5-16(15)21/h2-5,10,13,19H,6-9,11H2,1H3",DTGLZDAWLRGWQN-UHFFFAOYSA-N,exact DDInter name query,exact_unique,valid,"https://pubchem.ncbi.nlm.nih.gov/rest/pug/compound/name/Prasugrel/property/Title,ConnectivitySMILES,SMILES,InChI,InChIKey/JSON",2026-09-22
DDInter1509,Pravastatin,54687,Pravastatin,CCC(C)C(=O)OC1CC(C=C2C1C(C(C=C2)C)CCC(CC(CC(=O)O)O)O)O,CC[C@H](C)C(=O)O[C@H]1C[C@@H](C=C2[C@H]1[C@H]([C@H](C=C2)C)CC[C@H](C[C@H](CC(=O)O)O)O)O,"InChI=1S/C23H36O7/c1-4-13(2)23(29)30-20-11-17(25)9-15-6-5-14(3)19(22(15)20)8-7-16(24)10-18(26)12-21(27)28/h5-6,9,13-14,16-20,22,24-26H,4,7-8,10-12H2,1-3H3,(H,27,28)/t13-,14-,16+,17+,18+,19-,20-,22-/m0/s1",TUZYXOIXSAXUGO-PZAWKZKUSA-N,exact DDInter name query,exact_unique,valid,"https://pubchem.ncbi.nlm.nih.gov/rest/pug/compound/name/Pravastatin/property/Title,ConnectivitySMILES,SMILES,InChI,InChIKey/JSON",2026-09-22
DDInter151,Azelaic acid,2266,Azelaic Acid,C(CCCC(=O)O)CCCC(=O)O,C(CCCC(=O)O)CCCC(=O)O,"InChI=1S/C9H16O4/c10-8(11)6-4-2-1-3-5-7-9(12)13/h1-7H2,(H,10,11)(H,12,13)",BDJRBEYXGGNYIS-UHFFFAOYSA-N,exact DDInter name query,exact_unique,valid,"https://pubchem.ncbi.nlm.nih.gov/rest/pug/compound/name/Azelaic%20acid/property/Title,ConnectivitySMILES,SMILES,InChI,InChIKey/JSON",2026-09-22
DDInter1510,Praziquantel,4891,Praziquantel,C1CCC(CC1)C(=O)N2CC3C4=CC=CC=C4CCN3C(=O)C2,C1CCC(CC1)C(=O)N2CC3C4=CC=CC=C4CCN3C(=O)C2,"InChI=1S/C19H24N2O2/c22-18-13-20(19(23)15-7-2-1-3-8-15)12-17-16-9-5-4-6-14(16)10-11-21(17)18/h4-6,9,15,17H,1-3,7-8,10-13H2",FSVJFNAIGNNGKK-UHFFFAOYSA-N,exact DDInter name query,exact_unique,valid,"https://pubchem.ncbi.nlm.nih.gov/rest/pug/compound/name/Praziquantel/property/Title,ConnectivitySMILES,SMILES,InChI,InChIKey/JSON",2026-09-22
DDInter1511,Prazosin,4893,Prazosin,COC1=C(C=C2C(=C1)C(=NC(=N2)N3CCN(CC3)C(=O)C4=CC=CO4)N)OC,COC1=C(C=C2C(=C1)C(=NC(=N2)N3CCN(CC3)C(=O)C4=CC=CO4)N)OC,"InChI=1S/C19H21N5O4/c1-26-15-10-12-13(11-16(15)27-2)21-19(22-17(12)20)24-7-5-23(6-8-24)18(25)14-4-3-9-28-14/h3-4,9-11H,5-8H2,1-2H3,(H2,20,21,22)",IENZQIKPVFGBNW-UHFFFAOYSA-N,exact DDInter name query,exact_unique,valid,"https://pubchem.ncbi.nlm.nih.gov/rest/pug/compound/name/Prazosin/property/Title,ConnectivitySMILES,SMILES,InChI,InChIKey/JSON",2026-09-22
DDInter1512,Prednicarbate (topical),,,,,,,exact DDInter name query,unmapped,unavailable,"https://pubchem.ncbi.nlm.nih.gov/rest/pug/compound/name/Prednicarbate%20%28topical%29/property/Title,ConnectivitySMILES,SMILES,InChI,InChIKey/JSON",2026-09-22
DDInter1513,Prednisolone,5755,Prednisolone,CC12CC(C3C(C1CCC2(C(=O)CO)O)CCC4=CC(=O)C=CC34C)O,C[C@]12C[C@@H]([C@H]3[C@H]([C@@H]1CC[C@@]2(C(=O)CO)O)CCC4=CC(=O)C=C[C@]34C)O,"InChI=1S/C21H28O5/c1-19-7-5-13(23)9-12(19)3-4-14-15-6-8-21(26,17(25)11-22)20(15,2)10-16(24)18(14)19/h5,7,9,14-16,18,22,24,26H,3-4,6,8,10-11H2,1-2H3/t14-,15-,16-,18+,19-,20-,21-/m0/s1",OIGNJSKKLXVSLS-VWUMJDOOSA-N,exact DDInter name query,exact_unique,valid,"https://pubchem.ncbi.nlm.nih.gov/rest/pug/compound/name/Prednisolone/property/Title,ConnectivitySMILES,SMILES,InChI,InChIKey/JSON",2026-09-22
DDInter1514,Prednisolone (ophthalmic),,,,,,,exact DDInter name query,unmapped,unavailable,"https://pubchem.ncbi.nlm.nih.gov/rest/pug/compound/name/Prednisolone%20%28ophthalmic%29/property/Title,ConnectivitySMILES,SMILES,InChI,InChIKey/JSON",2026-09-22
DDInter1515,Prednisone,5865,Prednisone,CC12CC(=O)C3C(C1CCC2(C(=O)CO)O)CCC4=CC(=O)C=CC34C,C[C@]12CC(=O)[C@H]3[C@H]([C@@H]1CC[C@@]2(C(=O)CO)O)CCC4=CC(=O)C=C[C@]34C,"InChI=1S/C21H26O5/c1-19-7-5-13(23)9-12(19)3-4-14-15-6-8-21(26,17(25)11-22)20(15,2)10-16(24)18(14)19/h5,7,9,14-15,18,22,26H,3-4,6,8,10-11H2,1-2H3/t14-,15-,18+,19-,20-,21-/m0/s1",XOFYZVNMUHMLCC-ZPOLXVRWSA-N,exact DDInter name query,exact_unique,valid,"https://pubchem.ncbi.nlm.nih.gov/rest/pug/compound/name/Prednisone/property/Title,ConnectivitySMILES,SMILES,InChI,InChIKey/JSON",2026-09-22
DDInter1516,Pregabalin,5486971,Pregabalin,CC(C)CC(CC(=O)O)CN,CC(C)C[C@@H](CC(=O)O)CN,"InChI=1S/C8H17NO2/c1-6(2)3-7(5-9)4-8(10)11/h6-7H,3-5,9H2,1-2H3,(H,10,11)/t7-/m0/s1",AYXYPKUFHZROOJ-ZETCQYMHSA-N,exact DDInter name query,exact_unique,valid,"https://pubchem.ncbi.nlm.nih.gov/rest/pug/compound/name/Pregabalin/property/Title,ConnectivitySMILES,SMILES,InChI,InChIKey/JSON",2026-09-22
DDInter1517,Pretomanid,456199,Pretomanid,C1C(COC2=NC(=CN21)[N+](=O)[O-])OCC3=CC=C(C=C3)OC(F)(F)F,C1[C@@H](COC2=NC(=CN21)[N+](=O)[O-])OCC3=CC=C(C=C3)OC(F)(F)F,"InChI=1S/C14H12F3N3O5/c15-14(16,17)25-10-3-1-9(2-4-10)7-23-11-5-19-6-12(20(21)22)18-13(19)24-8-11/h1-4,6,11H,5,7-8H2/t11-/m0/s1",ZLHZLMOSPGACSZ-NSHDSACASA-N,exact DDInter name query,exact_unique,valid,"https://pubchem.ncbi.nlm.nih.gov/rest/pug/compound/name/Pretomanid/property/Title,ConnectivitySMILES,SMILES,InChI,InChIKey/JSON",2026-09-22
DDInter1518,Prilocaine,4906,Prilocaine,CCCNC(C)C(=O)NC1=CC=CC=C1C,CCCNC(C)C(=O)NC1=CC=CC=C1C,"InChI=1S/C13H20N2O/c1-4-9-14-11(3)13(16)15-12-8-6-5-7-10(12)2/h5-8,11,14H,4,9H2,1-3H3,(H,15,16)",MVFGUOIZUNYYSO-UHFFFAOYSA-N,exact DDInter name query,exact_unique,valid,"https://pubchem.ncbi.nlm.nih.gov/rest/pug/compound/name/Prilocaine/property/Title,ConnectivitySMILES,SMILES,InChI,InChIKey/JSON",2026-09-22
DDInter1519,Prilocaine (topiclal),,,,,,,exact DDInter name query,unmapped,unavailable,"https://pubchem.ncbi.nlm.nih.gov/rest/pug/compound/name/Prilocaine%20%28topiclal%29/property/Title,ConnectivitySMILES,SMILES,InChI,InChIKey/JSON",2026-09-22
DDInter152,Azelaic acid (topical),,,,,,,exact DDInter name query,unmapped,unavailable,"https://pubchem.ncbi.nlm.nih.gov/rest/pug/compound/name/Azelaic%20acid%20%28topical%29/property/Title,ConnectivitySMILES,SMILES,InChI,InChIKey/JSON",2026-09-22
DDInter1520,Primaquine,4908,Primaquine,CC(CCCN)NC1=C2C(=CC(=C1)OC)C=CC=N2,CC(CCCN)NC1=C2C(=CC(=C1)OC)C=CC=N2,"InChI=1S/C15H21N3O/c1-11(5-3-7-16)18-14-10-13(19-2)9-12-6-4-8-17-15(12)14/h4,6,8-11,18H,3,5,7,16H2,1-2H3",INDBQLZJXZLFIT-UHFFFAOYSA-N,exact DDInter name query,exact_unique,valid,"https://pubchem.ncbi.nlm.nih.gov/rest/pug/compound/name/Primaquine/property/Title,ConnectivitySMILES,SMILES,InChI,InChIKey/JSON",2026-09-22
DDInter1521,Primidone,4909,Primidone,CCC1(C(=O)NCNC1=O)C2=CC=CC=C2,CCC1(C(=O)NCNC1=O)C2=CC=CC=C2,"InChI=1S/C12H14N2O2/c1-2-12(9-6-4-3-5-7-9)10(15)13-8-14-11(12)16/h3-7H,2,8H2,1H3,(H,13,15)(H,14,16)",DQMZLTXERSFNPB-UHFFFAOYSA-N,exact DDInter name query,exact_unique,valid,"https://pubchem.ncbi.nlm.nih.gov/rest/pug/compound/name/Primidone/property/Title,ConnectivitySMILES,SMILES,InChI,InChIKey/JSON",2026-09-22
DDInter1522,Probenecid,4911,Probenecid,CCCN(CCC)S(=O)(=O)C1=CC=C(C=C1)C(=O)O,CCCN(CCC)S(=O)(=O)C1=CC=C(C=C1)C(=O)O,"InChI=1S/C13H19NO4S/c1-3-9-14(10-4-2)19(17,18)12-7-5-11(6-8-12)13(15)16/h5-8H,3-4,9-10H2,1-2H3,(H,15,16)",DBABZHXKTCFAPX-UHFFFAOYSA-N,exact DDInter name query,exact_unique,valid,"https://pubchem.ncbi.nlm.nih.gov/rest/pug/compound/name/Probenecid/property/Title,ConnectivitySMILES,SMILES,InChI,InChIKey/JSON",2026-09-22
DDInter1523,Probucol,4912,Probucol,CC(C)(C)C1=CC(=CC(=C1O)C(C)(C)C)SC(C)(C)SC2=CC(=C(C(=C2)C(C)(C)C)O)C(C)(C)C,CC(C)(C)C1=CC(=CC(=C1O)C(C)(C)C)SC(C)(C)SC2=CC(=C(C(=C2)C(C)(C)C)O)C(C)(C)C,"InChI=1S/C31H48O2S2/c1-27(2,3)21-15-19(16-22(25(21)32)28(4,5)6)34-31(13,14)35-20-17-23(29(7,8)9)26(33)24(18-20)30(10,11)12/h15-18,32-33H,1-14H3",FYPMFJGVHOHGLL-UHFFFAOYSA-N,exact DDInter name query,exact_unique,valid,"https://pubchem.ncbi.nlm.nih.gov/rest/pug/compound/name/Probucol/property/Title,ConnectivitySMILES,SMILES,InChI,InChIKey/JSON",2026-09-22
DDInter1524,Procainamide,4913,Procainamide,CCN(CC)CCNC(=O)C1=CC=C(C=C1)N,CCN(CC)CCNC(=O)C1=CC=C(C=C1)N,"InChI=1S/C13H21N3O/c1-3-16(4-2)10-9-15-13(17)11-5-7-12(14)8-6-11/h5-8H,3-4,9-10,14H2,1-2H3,(H,15,17)",REQCZEXYDRLIBE-UHFFFAOYSA-N,exact DDInter name query,exact_unique,valid,"https://pubchem.ncbi.nlm.nih.gov/rest/pug/compound/name/Procainamide/property/Title,ConnectivitySMILES,SMILES,InChI,InChIKey/JSON",2026-09-22
DDInter1525,Procaine,4914,Procaine,CCN(CC)CCOC(=O)C1=CC=C(C=C1)N,CCN(CC)CCOC(=O)C1=CC=C(C=C1)N,"InChI=1S/C13H20N2O2/c1-3-15(4-2)9-10-17-13(16)11-5-7-12(14)8-6-11/h5-8H,3-4,9-10,14H2,1-2H3",MFDFERRIHVXMIY-UHFFFAOYSA-N,exact DDInter name query,exact_unique,valid,"https://pubchem.ncbi.nlm.nih.gov/rest/pug/compound/name/Procaine/property/Title,ConnectivitySMILES,SMILES,InChI,InChIKey/JSON",2026-09-22
DDInter1526,Procarbazine,4915,Procarbazine,CC(C)NC(=O)C1=CC=C(C=C1)CNNC,CC(C)NC(=O)C1=CC=C(C=C1)CNNC,"InChI=1S/C12H19N3O/c1-9(2)15-12(16)11-6-4-10(5-7-11)8-14-13-3/h4-7,9,13-14H,8H2,1-3H3,(H,15,16)",CPTBDICYNRMXFX-UHFFFAOYSA-N,exact DDInter name query,exact_unique,valid,"https://pubchem.ncbi.nlm.nih.gov/rest/pug/compound/name/Procarbazine/property/Title,ConnectivitySMILES,SMILES,InChI,InChIKey/JSON",2026-09-22
DDInter1527,Prochlorperazine,4917,Prochlorperazine,CN1CCN(CC1)CCCN2C3=CC=CC=C3SC4=C2C=C(C=C4)Cl,CN1CCN(CC1)CCCN2C3=CC=CC=C3SC4=C2C=C(C=C4)Cl,"InChI=1S/C20H24ClN3S/c1-22-11-13-23(14-12-22)9-4-10-24-17-5-2-3-6-19(17)25-20-8-7-16(21)15-18(20)24/h2-3,5-8,15H,4,9-14H2,1H3",WIKYUJGCLQQFNW-UHFFFAOYSA-N,exact DDInter name query,exact_unique,valid,"https://pubchem.ncbi.nlm.nih.gov/rest/pug/compound/name/Prochlorperazine/property/Title,ConnectivitySMILES,SMILES,InChI,InChIKey/JSON",2026-09-22
DDInter1528,Procyclidine,4919,Procyclidine,C1CCC(CC1)C(CCN2CCCC2)(C3=CC=CC=C3)O,C1CCC(CC1)C(CCN2CCCC2)(C3=CC=CC=C3)O,"InChI=1S/C19H29NO/c21-19(17-9-3-1-4-10-17,18-11-5-2-6-12-18)13-16-20-14-7-8-15-20/h1,3-4,9-10,18,21H,2,5-8,11-16H2",WYDUSKDSKCASEF-UHFFFAOYSA-N,exact DDInter name query,exact_unique,valid,"https://pubchem.ncbi.nlm.nih.gov/rest/pug/compound/name/Procyclidine/property/Title,ConnectivitySMILES,SMILES,InChI,InChIKey/JSON",2026-09-22
DDInter1529,Progesterone,5994,Progesterone,CC(=O)C1CCC2C1(CCC3C2CCC4=CC(=O)CCC34C)C,CC(=O)[C@H]1CC[C@@H]2[C@@]1(CC[C@H]3[C@H]2CCC4=CC(=O)CC[C@]34C)C,"InChI=1S/C21H30O2/c1-13(22)17-6-7-18-16-5-4-14-12-15(23)8-10-20(14,2)19(16)9-11-21(17,18)3/h12,16-19H,4-11H2,1-3H3/t16-,17+,18-,19-,20-,21+/m0/s1",RJKFOVLPORLFTN-LEKSSAKUSA-N,exact DDInter name query,exact_unique,valid,"https://pubchem.ncbi.nlm.nih.gov/rest/pug/compound/name/Progesterone/property/Title,ConnectivitySMILES,SMILES,InChI,InChIKey/JSON",2026-09-22
DDInter153,Azelastine,2267,Azelastine,CN1CCCC(CC1)N2C(=O)C3=CC=CC=C3C(=N2)CC4=CC=C(C=C4)Cl,CN1CCCC(CC1)N2C(=O)C3=CC=CC=C3C(=N2)CC4=CC=C(C=C4)Cl,"InChI=1S/C22H24ClN3O/c1-25-13-4-5-18(12-14-25)26-22(27)20-7-3-2-6-19(20)21(24-26)15-16-8-10-17(23)11-9-16/h2-3,6-11,18H,4-5,12-15H2,1H3",MBUVEWMHONZEQD-UHFFFAOYSA-N,exact DDInter name query,exact_unique,valid,"https://pubchem.ncbi.nlm.nih.gov/rest/pug/compound/name/Azelastine/property/Title,ConnectivitySMILES,SMILES,InChI,InChIKey/JSON",2026-09-22
DDInter1530,Progesterone (topical),,,,,,,exact DDInter name query,unmapped,unavailable,"https://pubchem.ncbi.nlm.nih.gov/rest/pug/compound/name/Progesterone%20%28topical%29/property/Title,ConnectivitySMILES,SMILES,InChI,InChIKey/JSON",2026-09-22
DDInter1531,Proguanil,6178111,Proguanil,CC(C)N=C(N)N=C(N)NC1=CC=C(C=C1)Cl,CC(C)N=C(N)/N=C(\N)/NC1=CC=C(C=C1)Cl,"InChI=1S/C11H16ClN5/c1-7(2)15-10(13)17-11(14)16-9-5-3-8(12)4-6-9/h3-7H,1-2H3,(H5,13,14,15,16,17)",SSOLNOMRVKKSON-UHFFFAOYSA-N,exact DDInter name query,exact_unique,valid,"https://pubchem.ncbi.nlm.nih.gov/rest/pug/compound/name/Proguanil/property/Title,ConnectivitySMILES,SMILES,InChI,InChIKey/JSON",2026-09-22
DDInter1532,Promazine,4926,Promazine,CN(C)CCCN1C2=CC=CC=C2SC3=CC=CC=C31,CN(C)CCCN1C2=CC=CC=C2SC3=CC=CC=C31,"InChI=1S/C17H20N2S/c1-18(2)12-7-13-19-14-8-3-5-10-16(14)20-17-11-6-4-9-15(17)19/h3-6,8-11H,7,12-13H2,1-2H3",ZGUGWUXLJSTTMA-UHFFFAOYSA-N,exact DDInter name query,exact_unique,valid,"https://pubchem.ncbi.nlm.nih.gov/rest/pug/compound/name/Promazine/property/Title,ConnectivitySMILES,SMILES,InChI,InChIKey/JSON",2026-09-22
DDInter1533,Promethazine,4927,Promethazine,CC(CN1C2=CC=CC=C2SC3=CC=CC=C31)N(C)C,CC(CN1C2=CC=CC=C2SC3=CC=CC=C31)N(C)C,"InChI=1S/C17H20N2S/c1-13(18(2)3)12-19-14-8-4-6-10-16(14)20-17-11-7-5-9-15(17)19/h4-11,13H,12H2,1-3H3",PWWVAXIEGOYWEE-UHFFFAOYSA-N,exact DDInter name query,exact_unique,valid,"https://pubchem.ncbi.nlm.nih.gov/rest/pug/compound/name/Promethazine/property/Title,ConnectivitySMILES,SMILES,InChI,InChIKey/JSON",2026-09-22
DDInter1534,Propafenone,4932,Propafenone,CCCNCC(COC1=CC=CC=C1C(=O)CCC2=CC=CC=C2)O,CCCNCC(COC1=CC=CC=C1C(=O)CCC2=CC=CC=C2)O,"InChI=1S/C21H27NO3/c1-2-14-22-15-18(23)16-25-21-11-7-6-10-19(21)20(24)13-12-17-8-4-3-5-9-17/h3-11,18,22-23H,2,12-16H2,1H3",JWHAUXFOSRPERK-UHFFFAOYSA-N,exact DDInter name query,exact_unique,valid,"https://pubchem.ncbi.nlm.nih.gov/rest/pug/compound/name/Propafenone/property/Title,ConnectivitySMILES,SMILES,InChI,InChIKey/JSON",2026-09-22
DDInter1535,Propantheline,4934,Propantheline,CC(C)[N+](C)(CCOC(=O)C1C2=CC=CC=C2OC3=CC=CC=C13)C(C)C,CC(C)[N+](C)(CCOC(=O)C1C2=CC=CC=C2OC3=CC=CC=C13)C(C)C,"InChI=1S/C23H30NO3/c1-16(2)24(5,17(3)4)14-15-26-23(25)22-18-10-6-8-12-20(18)27-21-13-9-7-11-19(21)22/h6-13,16-17,22H,14-15H2,1-5H3/q+1",VVWYOYDLCMFIEM-UHFFFAOYSA-N,exact DDInter name query,exact_unique,valid,"https://pubchem.ncbi.nlm.nih.gov/rest/pug/compound/name/Propantheline/property/Title,ConnectivitySMILES,SMILES,InChI,InChIKey/JSON",2026-09-22
DDInter1536,Proparacaine (ophthalmic),,,,,,,exact DDInter name query,unmapped,unavailable,"https://pubchem.ncbi.nlm.nih.gov/rest/pug/compound/name/Proparacaine%20%28ophthalmic%29/property/Title,ConnectivitySMILES,SMILES,InChI,InChIKey/JSON",2026-09-22
DDInter1537,Propiomazine,4940,Propiomazine,CCC(=O)C1=CC2=C(C=C1)SC3=CC=CC=C3N2CC(C)N(C)C,CCC(=O)C1=CC2=C(C=C1)SC3=CC=CC=C3N2CC(C)N(C)C,"InChI=1S/C20H24N2OS/c1-5-18(23)15-10-11-20-17(12-15)22(13-14(2)21(3)4)16-8-6-7-9-19(16)24-20/h6-12,14H,5,13H2,1-4H3",UVOIBTBFPOZKGP-UHFFFAOYSA-N,exact DDInter name query,exact_unique,valid,"https://pubchem.ncbi.nlm.nih.gov/rest/pug/compound/name/Propiomazine/property/Title,ConnectivitySMILES,SMILES,InChI,InChIKey/JSON",2026-09-22
DDInter1538,Propofol,4943,Propofol,CC(C)C1=C(C(=CC=C1)C(C)C)O,CC(C)C1=C(C(=CC=C1)C(C)C)O,"InChI=1S/C12H18O/c1-8(2)10-6-5-7-11(9(3)4)12(10)13/h5-9,13H,1-4H3",OLBCVFGFOZPWHH-UHFFFAOYSA-N,exact DDInter name query,exact_unique,valid,"https://pubchem.ncbi.nlm.nih.gov/rest/pug/compound/name/Propofol/property/Title,ConnectivitySMILES,SMILES,InChI,InChIKey/JSON",2026-09-22
DDInter1539,Propranolol,4946,Propranolol,CC(C)NCC(COC1=CC=CC2=CC=CC=C21)O,CC(C)NCC(COC1=CC=CC2=CC=CC=C21)O,"InChI=1S/C16H21NO2/c1-12(2)17-10-14(18)11-19-16-9-5-7-13-6-3-4-8-15(13)16/h3-9,12,14,17-18H,10-11H2,1-2H3",AQHHHDLHHXJYJD-UHFFFAOYSA-N,exact DDInter name query,exact_unique,valid,"https://pubchem.ncbi.nlm.nih.gov/rest/pug/compound/name/Propranolol/property/Title,ConnectivitySMILES,SMILES,InChI,InChIKey/JSON",2026-09-22
DDInter154,Azelastine (nasal),,,,,,,exact DDInter name query,unmapped,unavailable,"https://pubchem.ncbi.nlm.nih.gov/rest/pug/compound/name/Azelastine%20%28nasal%29/property/Title,ConnectivitySMILES,SMILES,InChI,InChIKey/JSON",2026-09-22
DDInter1540,Propylhexedrine (nasal),,,,,,,exact DDInter name query,unmapped,unavailable,"https://pubchem.ncbi.nlm.nih.gov/rest/pug/compound/name/Propylhexedrine%20%28nasal%29/property/Title,ConnectivitySMILES,SMILES,InChI,InChIKey/JSON",2026-09-22
DDInter1541,Propylthiouracil,657298,Propylthiouracil,CCCC1=CC(=O)NC(=S)N1,CCCC1=CC(=O)NC(=S)N1,"InChI=1S/C7H10N2OS/c1-2-3-5-4-6(10)9-7(11)8-5/h4H,2-3H2,1H3,(H2,8,9,10,11)",KNAHARQHSZJURB-UHFFFAOYSA-N,exact DDInter name query,exact_unique,valid,"https://pubchem.ncbi.nlm.nih.gov/rest/pug/compound/name/Propylthiouracil/property/Title,ConnectivitySMILES,SMILES,InChI,InChIKey/JSON",2026-09-22
DDInter1542,Protein C,,,,,,,exact DDInter name query,unmapped,unavailable,"https://pubchem.ncbi.nlm.nih.gov/rest/pug/compound/name/Protein%20C/property/Title,ConnectivitySMILES,SMILES,InChI,InChIKey/JSON",2026-09-22
DDInter1543,Protriptyline,4976,Protriptyline,CNCCCC1C2=CC=CC=C2C=CC3=CC=CC=C13,CNCCCC1C2=CC=CC=C2C=CC3=CC=CC=C13,"InChI=1S/C19H21N/c1-20-14-6-11-19-17-9-4-2-7-15(17)12-13-16-8-3-5-10-18(16)19/h2-5,7-10,12-13,19-20H,6,11,14H2,1H3",BWPIARFWQZKAIA-UHFFFAOYSA-N,exact DDInter name query,exact_unique,valid,"https://pubchem.ncbi.nlm.nih.gov/rest/pug/compound/name/Protriptyline/property/Title,ConnectivitySMILES,SMILES,InChI,InChIKey/JSON",2026-09-22
DDInter1544,Prucalopride,3052762,Prucalopride,COCCCN1CCC(CC1)NC(=O)C2=CC(=C(C3=C2OCC3)N)Cl,COCCCN1CCC(CC1)NC(=O)C2=CC(=C(C3=C2OCC3)N)Cl,"InChI=1S/C18H26ClN3O3/c1-24-9-2-6-22-7-3-12(4-8-22)21-18(23)14-11-15(19)16(20)13-5-10-25-17(13)14/h11-12H,2-10,20H2,1H3,(H,21,23)",ZPMNHBXQOOVQJL-UHFFFAOYSA-N,exact DDInter name query,exact_unique,valid,"https://pubchem.ncbi.nlm.nih.gov/rest/pug/compound/name/Prucalopride/property/Title,ConnectivitySMILES,SMILES,InChI,InChIKey/JSON",2026-09-22
DDInter1545,Pseudoephedrine,7028,Pseudoephedrine,CC(C(C1=CC=CC=C1)O)NC,C[C@@H]([C@H](C1=CC=CC=C1)O)NC,"InChI=1S/C10H15NO/c1-8(11-2)10(12)9-6-4-3-5-7-9/h3-8,10-12H,1-2H3/t8-,10+/m0/s1",KWGRBVOPPLSCSI-WCBMZHEXSA-N,exact DDInter name query,exact_unique,valid,"https://pubchem.ncbi.nlm.nih.gov/rest/pug/compound/name/Pseudoephedrine/property/Title,ConnectivitySMILES,SMILES,InChI,InChIKey/JSON",2026-09-22
DDInter1546,Pyrantel,708857,Pyrantel,CN1CCCN=C1C=CC2=CC=CS2,CN1CCCN=C1/C=C/C2=CC=CS2,"InChI=1S/C11H14N2S/c1-13-8-3-7-12-11(13)6-5-10-4-2-9-14-10/h2,4-6,9H,3,7-8H2,1H3/b6-5+",YSAUAVHXTIETRK-AATRIKPKSA-N,exact DDInter name query,exact_unique,valid,"https://pubchem.ncbi.nlm.nih.gov/rest/pug/compound/name/Pyrantel/property/Title,ConnectivitySMILES,SMILES,InChI,InChIKey/JSON",2026-09-22
DDInter1547,Pyrazinamide,1046,Pyrazinamide,C1=CN=C(C=N1)C(=O)N,C1=CN=C(C=N1)C(=O)N,"InChI=1S/C5H5N3O/c6-5(9)4-3-7-1-2-8-4/h1-3H,(H2,6,9)",IPEHBUMCGVEMRF-UHFFFAOYSA-N,exact DDInter name query,exact_unique,valid,"https://pubchem.ncbi.nlm.nih.gov/rest/pug/compound/name/Pyrazinamide/property/Title,ConnectivitySMILES,SMILES,InChI,InChIKey/JSON",2026-09-22
DDInter1548,Pyridostigmine,4991,Pyridostigmine,C[N+]1=CC=CC(=C1)OC(=O)N(C)C,C[N+]1=CC=CC(=C1)OC(=O)N(C)C,"InChI=1S/C9H13N2O2/c1-10(2)9(12)13-8-5-4-6-11(3)7-8/h4-7H,1-3H3/q+1",RVOLLAQWKVFTGE-UHFFFAOYSA-N,exact DDInter name query,exact_unique,valid,"https://pubchem.ncbi.nlm.nih.gov/rest/pug/compound/name/Pyridostigmine/property/Title,ConnectivitySMILES,SMILES,InChI,InChIKey/JSON",2026-09-22
DDInter1549,Pyridoxine,1054,Pyridoxine,CC1=NC=C(C(=C1O)CO)CO,CC1=NC=C(C(=C1O)CO)CO,"InChI=1S/C8H11NO3/c1-5-8(12)7(4-11)6(3-10)2-9-5/h2,10-12H,3-4H2,1H3",LXNHXLLTXMVWPM-UHFFFAOYSA-N,exact DDInter name query,exact_unique,valid,"https://pubchem.ncbi.nlm.nih.gov/rest/pug/compound/name/Pyridoxine/property/Title,ConnectivitySMILES,SMILES,InChI,InChIKey/JSON",2026-09-22
DDInter155,Azelastine (ophthalmic),,,,,,,exact DDInter name query,unmapped,unavailable,"https://pubchem.ncbi.nlm.nih.gov/rest/pug/compound/name/Azelastine%20%28ophthalmic%29/property/Title,ConnectivitySMILES,SMILES,InChI,InChIKey/JSON",2026-09-22
DDInter1550,Pyrimethamine,4993,Pyrimethamine,CCC1=C(C(=NC(=N1)N)N)C2=CC=C(C=C2)Cl,CCC1=C(C(=NC(=N1)N)N)C2=CC=C(C=C2)Cl,"InChI=1S/C12H13ClN4/c1-2-9-10(11(14)17-12(15)16-9)7-3-5-8(13)6-4-7/h3-6H,2H2,1H3,(H4,14,15,16,17)",WKSAUQYGYAYLPV-UHFFFAOYSA-N,exact DDInter name query,exact_unique,valid,"https://pubchem.ncbi.nlm.nih.gov/rest/pug/compound/name/Pyrimethamine/property/Title,ConnectivitySMILES,SMILES,InChI,InChIKey/JSON",2026-09-22
DDInter1551,Pyrophosphoric acid,1023,Pyrophosphoric acid,OP(=O)(O)OP(=O)(O)O,OP(=O)(O)OP(=O)(O)O,"InChI=1S/H4O7P2/c1-8(2,3)7-9(4,5)6/h(H2,1,2,3)(H2,4,5,6)",XPPKVPWEQAFLFU-UHFFFAOYSA-N,exact DDInter name query,exact_unique,valid,"https://pubchem.ncbi.nlm.nih.gov/rest/pug/compound/name/Pyrophosphoric%20acid/property/Title,ConnectivitySMILES,SMILES,InChI,InChIKey/JSON",2026-09-22
DDInter1552,Quazepam,4999,Quazepam,C1C(=S)N(C2=C(C=C(C=C2)Cl)C(=N1)C3=CC=CC=C3F)CC(F)(F)F,C1C(=S)N(C2=C(C=C(C=C2)Cl)C(=N1)C3=CC=CC=C3F)CC(F)(F)F,"InChI=1S/C17H11ClF4N2S/c18-10-5-6-14-12(7-10)16(11-3-1-2-4-13(11)19)23-8-15(25)24(14)9-17(20,21)22/h1-7H,8-9H2",IKMPWMZBZSAONZ-UHFFFAOYSA-N,exact DDInter name query,exact_unique,valid,"https://pubchem.ncbi.nlm.nih.gov/rest/pug/compound/name/Quazepam/property/Title,ConnectivitySMILES,SMILES,InChI,InChIKey/JSON",2026-09-22
DDInter1553,Quetiapine,5002,Quetiapine,C1CN(CCN1CCOCCO)C2=NC3=CC=CC=C3SC4=CC=CC=C42,C1CN(CCN1CCOCCO)C2=NC3=CC=CC=C3SC4=CC=CC=C42,"InChI=1S/C21H25N3O2S/c25-14-16-26-15-13-23-9-11-24(12-10-23)21-17-5-1-3-7-19(17)27-20-8-4-2-6-18(20)22-21/h1-8,25H,9-16H2",URKOMYMAXPYINW-UHFFFAOYSA-N,exact DDInter name query,exact_unique,valid,"https://pubchem.ncbi.nlm.nih.gov/rest/pug/compound/name/Quetiapine/property/Title,ConnectivitySMILES,SMILES,InChI,InChIKey/JSON",2026-09-22
DDInter1554,Quinapril,54892,Quinapril,CCOC(=O)C(CCC1=CC=CC=C1)NC(C)C(=O)N2CC3=CC=CC=C3CC2C(=O)O,CCOC(=O)[C@H](CCC1=CC=CC=C1)N[C@@H](C)C(=O)N2CC3=CC=CC=C3C[C@H]2C(=O)O,"InChI=1S/C25H30N2O5/c1-3-32-25(31)21(14-13-18-9-5-4-6-10-18)26-17(2)23(28)27-16-20-12-8-7-11-19(20)15-22(27)24(29)30/h4-12,17,21-22,26H,3,13-16H2,1-2H3,(H,29,30)/t17-,21-,22-/m0/s1",JSDRRTOADPPCHY-HSQYWUDLSA-N,exact DDInter name query,exact_unique,valid,"https://pubchem.ncbi.nlm.nih.gov/rest/pug/compound/name/Quinapril/property/Title,ConnectivitySMILES,SMILES,InChI,InChIKey/JSON",2026-09-22
DDInter1555,Quinestrol,9046,Quinestrol,CC12CCC3C(C1CCC2(C#C)O)CCC4=C3C=CC(=C4)OC5CCCC5,C[C@]12CC[C@H]3[C@H]([C@@H]1CC[C@]2(C#C)O)CCC4=C3C=CC(=C4)OC5CCCC5,"InChI=1S/C25H32O2/c1-3-25(26)15-13-23-22-10-8-17-16-19(27-18-6-4-5-7-18)9-11-20(17)21(22)12-14-24(23,25)2/h1,9,11,16,18,21-23,26H,4-8,10,12-15H2,2H3/t21-,22-,23+,24+,25+/m1/s1",PWZUUYSISTUNDW-VAFBSOEGSA-N,exact DDInter name query,exact_unique,valid,"https://pubchem.ncbi.nlm.nih.gov/rest/pug/compound/name/Quinestrol/property/Title,ConnectivitySMILES,SMILES,InChI,InChIKey/JSON",2026-09-22
DDInter1556,Quinidine,441074,Quinidine,COC1=CC2=C(C=CN=C2C=C1)C(C3CC4CCN3CC4C=C)O,COC1=CC2=C(C=CN=C2C=C1)[C@@H]([C@H]3C[C@@H]4CCN3C[C@@H]4C=C)O,"InChI=1S/C20H24N2O2/c1-3-13-12-22-9-7-14(13)10-19(22)20(23)16-6-8-21-18-5-4-15(24-2)11-17(16)18/h3-6,8,11,13-14,19-20,23H,1,7,9-10,12H2,2H3/t13-,14-,19+,20-/m0/s1",LOUPRKONTZGTKE-LHHVKLHASA-N,exact DDInter name query,exact_unique,valid,"https://pubchem.ncbi.nlm.nih.gov/rest/pug/compound/name/Quinidine/property/Title,ConnectivitySMILES,SMILES,InChI,InChIKey/JSON",2026-09-22
DDInter1557,Quinine,3034034,Quinine,COC1=CC2=C(C=CN=C2C=C1)C(C3CC4CCN3CC4C=C)O,COC1=CC2=C(C=CN=C2C=C1)[C@H]([C@@H]3C[C@@H]4CCN3C[C@@H]4C=C)O,"InChI=1S/C20H24N2O2/c1-3-13-12-22-9-7-14(13)10-19(22)20(23)16-6-8-21-18-5-4-15(24-2)11-17(16)18/h3-6,8,11,13-14,19-20,23H,1,7,9-10,12H2,2H3/t13-,14-,19-,20+/m0/s1",LOUPRKONTZGTKE-WZBLMQSHSA-N,exact DDInter name query,exact_unique,valid,"https://pubchem.ncbi.nlm.nih.gov/rest/pug/compound/name/Quinine/property/Title,ConnectivitySMILES,SMILES,InChI,InChIKey/JSON",2026-09-22
DDInter1558,Quinupristin,5388937,Quinupristin,CCC1C(=O)N2CCCC2C(=O)N(C(C(=O)N3CC(C(=O)CC3C(=O)NC(C(=O)OC(C(C(=O)N1)NC(=O)C4=C(C=CC=N4)O)C)C5=CC=CC=C5)CSC6CN7CCC6CC7)CC8=CC=C(C=C8)N(C)C)C,CC[C@@H]1C(=O)N2CCC[C@H]2C(=O)N([C@H](C(=O)N3C[C@H](C(=O)C[C@H]3C(=O)N[C@H](C(=O)O[C@@H]([C@@H](C(=O)N1)NC(=O)C4=C(C=CC=N4)O)C)C5=CC=CC=C5)CS[C@@H]6CN7CCC6CC7)CC8=CC=C(C=C8)N(C)C)C,"InChI=1S/C53H67N9O10S/c1-6-37-50(68)61-23-11-14-38(61)51(69)59(5)40(26-32-16-18-36(19-17-32)58(3)4)52(70)62-28-35(30-73-43-29-60-24-20-33(43)21-25-60)42(64)27-39(62)47(65)57-45(34-12-8-7-9-13-34)53(71)72-31(2)44(48(66)55-37)56-49(67)46-41(63)15-10-22-54-46/h7-10,12-13,15-19,22,31,33,35,37-40,43-45,63H,6,11,14,20-21,23-30H2,1-5H3,(H,55,66)(H,56,67)(H,57,65)/t31-,35+,37-,38+,39+,40+,43-,44+,45+/m1/s1",WTHRRGMBUAHGNI-LCYNINFDSA-N,exact DDInter name query,exact_unique,valid,"https://pubchem.ncbi.nlm.nih.gov/rest/pug/compound/name/Quinupristin/property/Title,ConnectivitySMILES,SMILES,InChI,InChIKey/JSON",2026-09-22
DDInter1559,Rabeprazole,5029,Rabeprazole,CC1=C(C=CN=C1CS(=O)C2=NC3=CC=CC=C3N2)OCCCOC,CC1=C(C=CN=C1CS(=O)C2=NC3=CC=CC=C3N2)OCCCOC,"InChI=1S/C18H21N3O3S/c1-13-16(19-9-8-17(13)24-11-5-10-23-2)12-25(22)18-20-14-6-3-4-7-15(14)21-18/h3-4,6-9H,5,10-12H2,1-2H3,(H,20,21)",YREYEVIYCVEVJK-UHFFFAOYSA-N,exact DDInter name query,exact_unique,valid,"https://pubchem.ncbi.nlm.nih.gov/rest/pug/compound/name/Rabeprazole/property/Title,ConnectivitySMILES,SMILES,InChI,InChIKey/JSON",2026-09-22
DDInter156,Azilsartan medoxomil,135409642,Azilsartan Medoxomil,CCOC1=NC2=CC=CC(=C2N1CC3=CC=C(C=C3)C4=CC=CC=C4C5=NOC(=O)N5)C(=O)OCC6=C(OC(=O)O6)C,CCOC1=NC2=CC=CC(=C2N1CC3=CC=C(C=C3)C4=CC=CC=C4C5=NOC(=O)N5)C(=O)OCC6=C(OC(=O)O6)C,"InChI=1S/C30H24N4O8/c1-3-38-28-31-23-10-6-9-22(27(35)39-16-24-17(2)40-30(37)41-24)25(23)34(28)15-18-11-13-19(14-12-18)20-7-4-5-8-21(20)26-32-29(36)42-33-26/h4-14H,3,15-16H2,1-2H3,(H,32,33,36)",QJFSABGVXDWMIW-UHFFFAOYSA-N,exact DDInter name query,exact_unique,valid,"https://pubchem.ncbi.nlm.nih.gov/rest/pug/compound/name/Azilsartan%20medoxomil/property/Title,ConnectivitySMILES,SMILES,InChI,InChIKey/JSON",2026-09-22
DDInter1560,Racepinephrine,838,(+-)-Adrenaline,CNCC(C1=CC(=C(C=C1)O)O)O,CNCC(C1=CC(=C(C=C1)O)O)O,"InChI=1S/C9H13NO3/c1-10-5-9(13)6-2-3-7(11)8(12)4-6/h2-4,9-13H,5H2,1H3",UCTWMZQNUQWSLP-UHFFFAOYSA-N,exact DDInter name query,ambiguous,excluded_title_mismatch,"https://pubchem.ncbi.nlm.nih.gov/rest/pug/compound/name/Racepinephrine/property/Title,ConnectivitySMILES,SMILES,InChI,InChIKey/JSON",2026-09-22
DDInter1561,Radium Ra 223 dichloride,,,,,,,exact DDInter name query,unmapped,unavailable,"https://pubchem.ncbi.nlm.nih.gov/rest/pug/compound/name/Radium%20Ra%20223%20dichloride/property/Title,ConnectivitySMILES,SMILES,InChI,InChIKey/JSON",2026-09-22
DDInter1562,Raloxifene,5035,Raloxifene,C1CCN(CC1)CCOC2=CC=C(C=C2)C(=O)C3=C(SC4=C3C=CC(=C4)O)C5=CC=C(C=C5)O,C1CCN(CC1)CCOC2=CC=C(C=C2)C(=O)C3=C(SC4=C3C=CC(=C4)O)C5=CC=C(C=C5)O,"InChI=1S/C28H27NO4S/c30-21-8-4-20(5-9-21)28-26(24-13-10-22(31)18-25(24)34-28)27(32)19-6-11-23(12-7-19)33-17-16-29-14-2-1-3-15-29/h4-13,18,30-31H,1-3,14-17H2",GZUITABIAKMVPG-UHFFFAOYSA-N,exact DDInter name query,exact_unique,valid,"https://pubchem.ncbi.nlm.nih.gov/rest/pug/compound/name/Raloxifene/property/Title,ConnectivitySMILES,SMILES,InChI,InChIKey/JSON",2026-09-22
DDInter1563,Raltegravir,54671008,Raltegravir,CC1=NN=C(O1)C(=O)NC(C)(C)C2=NC(=C(C(=O)N2C)O)C(=O)NCC3=CC=C(C=C3)F,CC1=NN=C(O1)C(=O)NC(C)(C)C2=NC(=C(C(=O)N2C)O)C(=O)NCC3=CC=C(C=C3)F,"InChI=1S/C20H21FN6O5/c1-10-25-26-17(32-10)16(30)24-20(2,3)19-23-13(14(28)18(31)27(19)4)15(29)22-9-11-5-7-12(21)8-6-11/h5-8,28H,9H2,1-4H3,(H,22,29)(H,24,30)",CZFFBEXEKNGXKS-UHFFFAOYSA-N,exact DDInter name query,exact_unique,valid,"https://pubchem.ncbi.nlm.nih.gov/rest/pug/compound/name/Raltegravir/property/Title,ConnectivitySMILES,SMILES,InChI,InChIKey/JSON",2026-09-22
DDInter1564,Ramelteon,208902,Ramelteon,CCC(=O)NCCC1CCC2=C1C3=C(C=C2)OCC3,CCC(=O)NCC[C@@H]1CCC2=C1C3=C(C=C2)OCC3,"InChI=1S/C16H21NO2/c1-2-15(18)17-9-7-12-4-3-11-5-6-14-13(16(11)12)8-10-19-14/h5-6,12H,2-4,7-10H2,1H3,(H,17,18)/t12-/m0/s1",YLXDSYKOBKBWJQ-LBPRGKRZSA-N,exact DDInter name query,exact_unique,valid,"https://pubchem.ncbi.nlm.nih.gov/rest/pug/compound/name/Ramelteon/property/Title,ConnectivitySMILES,SMILES,InChI,InChIKey/JSON",2026-09-22
DDInter1565,Ramipril,5362129,Ramipril,CCOC(=O)C(CCC1=CC=CC=C1)NC(C)C(=O)N2C3CCCC3CC2C(=O)O,CCOC(=O)[C@H](CCC1=CC=CC=C1)N[C@@H](C)C(=O)N2[C@H]3CCC[C@H]3C[C@H]2C(=O)O,"InChI=1S/C23H32N2O5/c1-3-30-23(29)18(13-12-16-8-5-4-6-9-16)24-15(2)21(26)25-19-11-7-10-17(19)14-20(25)22(27)28/h4-6,8-9,15,17-20,24H,3,7,10-14H2,1-2H3,(H,27,28)/t15-,17-,18-,19-,20-/m0/s1",HDACQVRGBOVJII-JBDAPHQKSA-N,exact DDInter name query,exact_unique,valid,"https://pubchem.ncbi.nlm.nih.gov/rest/pug/compound/name/Ramipril/property/Title,ConnectivitySMILES,SMILES,InChI,InChIKey/JSON",2026-09-22
DDInter1566,Ramucirumab,,,,,,,exact DDInter name query,unmapped,unavailable,"https://pubchem.ncbi.nlm.nih.gov/rest/pug/compound/name/Ramucirumab/property/Title,ConnectivitySMILES,SMILES,InChI,InChIKey/JSON",2026-09-22
DDInter1568,Ranitidine,3001055,Ranitidine,CNC(=C[N+](=O)[O-])NCCSCC1=CC=C(O1)CN(C)C,CN/C(=C\[N+](=O)[O-])/NCCSCC1=CC=C(O1)CN(C)C,"InChI=1S/C13H22N4O3S/c1-14-13(9-17(18)19)15-6-7-21-10-12-5-4-11(20-12)8-16(2)3/h4-5,9,14-15H,6-8,10H2,1-3H3/b13-9+",VMXUWOKSQNHOCA-UKTHLTGXSA-N,exact DDInter name query,exact_unique,valid,"https://pubchem.ncbi.nlm.nih.gov/rest/pug/compound/name/Ranitidine/property/Title,ConnectivitySMILES,SMILES,InChI,InChIKey/JSON",2026-09-22
DDInter1569,Ranitidine (bismuth citrate),3033887,Pylorid,CNC(=C[N+](=O)[O-])NCCSCC1=CC=C(O1)CN(C)C.C(C(=O)[O-])C(CC(=O)[O-])(C(=O)[O-])O.[Bi+3],CN/C(=C\[N+](=O)[O-])/NCCSCC1=CC=C(O1)CN(C)C.C(C(=O)[O-])C(CC(=O)[O-])(C(=O)[O-])O.[Bi+3],"InChI=1S/C13H22N4O3S.C6H8O7.Bi/c1-14-13(9-17(18)19)15-6-7-21-10-12-5-4-11(20-12)8-16(2)3;7-3(8)1-6(13,5(11)12)2-4(9)10;/h4-5,9,14-15H,6-8,10H2,1-3H3;13H,1-2H2,(H,7,8)(H,9,10)(H,11,12);/q;;+3/p-3/b13-9+;;",XAUTYMZTJWXZHZ-IGUOPLJTSA-K,exact DDInter name query,ambiguous,excluded_title_mismatch,"https://pubchem.ncbi.nlm.nih.gov/rest/pug/compound/name/Ranitidine%20%28bismuth%20citrate%29/property/Title,ConnectivitySMILES,SMILES,InChI,InChIKey/JSON",2026-09-22
DDInter157,Azithromycin,447043,Azithromycin,CCC1C(C(C(N(CC(CC(C(C(C(C(C(=O)O1)C)OC2CC(C(C(O2)C)O)(C)OC)C)OC3C(C(CC(O3)C)N(C)C)O)(C)O)C)C)C)O)(C)O,CC[C@@H]1[C@@]([C@@H]([C@H](N(C[C@@H](C[C@@]([C@@H]([C@H]([C@@H]([C@H](C(=O)O1)C)O[C@H]2C[C@@]([C@H]([C@@H](O2)C)O)(C)OC)C)O[C@H]3[C@@H]([C@H](C[C@H](O3)C)N(C)C)O)(C)O)C)C)C)O)(C)O,"InChI=1S/C38H72N2O12/c1-15-27-38(10,46)31(42)24(6)40(13)19-20(2)17-36(8,45)33(52-35-29(41)26(39(11)12)16-21(3)48-35)22(4)30(23(5)34(44)50-27)51-28-18-37(9,47-14)32(43)25(7)49-28/h20-33,35,41-43,45-46H,15-19H2,1-14H3/t20-,21-,22+,23-,24-,25+,26+,27-,28+,29-,30+,31-,32+,33-,35+,36-,37-,38-/m1/s1",MQTOSJVFKKJCRP-BICOPXKESA-N,exact DDInter name query,exact_unique,valid,"https://pubchem.ncbi.nlm.nih.gov/rest/pug/compound/name/Azithromycin/property/Title,ConnectivitySMILES,SMILES,InChI,InChIKey/JSON",2026-09-22
DDInter1570,Ranolazine,56959,Ranolazine,CC1=C(C(=CC=C1)C)NC(=O)CN2CCN(CC2)CC(COC3=CC=CC=C3OC)O,CC1=C(C(=CC=C1)C)NC(=O)CN2CCN(CC2)CC(COC3=CC=CC=C3OC)O,"InChI=1S/C24H33N3O4/c1-18-7-6-8-19(2)24(18)25-23(29)16-27-13-11-26(12-14-27)15-20(28)17-31-22-10-5-4-9-21(22)30-3/h4-10,20,28H,11-17H2,1-3H3,(H,25,29)",XKLMZUWKNUAPSZ-UHFFFAOYSA-N,exact DDInter name query,exact_unique,valid,"https://pubchem.ncbi.nlm.nih.gov/rest/pug/compound/name/Ranolazine/property/Title,ConnectivitySMILES,SMILES,InChI,InChIKey/JSON",2026-09-22
DDInter1571,Rapacuronium,5311399,Rapacuronium,CCC(=O)OC1C(CC2C1(CCC3C2CCC4C3(CC(C(C4)OC(=O)C)N5CCCCC5)C)C)[N+]6(CCCCC6)CC=C,CCC(=O)O[C@H]1[C@H](C[C@@H]2[C@@]1(CC[C@H]3[C@H]2CC[C@@H]4[C@@]3(C[C@@H]([C@H](C4)OC(=O)C)N5CCCCC5)C)C)[N+]6(CCCCC6)CC=C,"InChI=1S/C37H61N2O4/c1-6-20-39(21-12-9-13-22-39)32-24-30-28-15-14-27-23-33(42-26(3)40)31(38-18-10-8-11-19-38)25-37(27,5)29(28)16-17-36(30,4)35(32)43-34(41)7-2/h6,27-33,35H,1,7-25H2,2-5H3/q+1/t27-,28+,29-,30-,31-,32-,33-,35-,36-,37-/m0/s1",HTIKWNNIPGXLGM-YLINKJIISA-N,exact DDInter name query,exact_unique,valid,"https://pubchem.ncbi.nlm.nih.gov/rest/pug/compound/name/Rapacuronium/property/Title,ConnectivitySMILES,SMILES,InChI,InChIKey/JSON",2026-09-22
DDInter1572,Rasagiline,3052776,Rasagiline,C#CCNC1CCC2=CC=CC=C12,C#CCN[C@@H]1CCC2=CC=CC=C12,"InChI=1S/C12H13N/c1-2-9-13-12-8-7-10-5-3-4-6-11(10)12/h1,3-6,12-13H,7-9H2/t12-/m1/s1",RUOKEQAAGRXIBM-GFCCVEGCSA-N,exact DDInter name query,exact_unique,valid,"https://pubchem.ncbi.nlm.nih.gov/rest/pug/compound/name/Rasagiline/property/Title,ConnectivitySMILES,SMILES,InChI,InChIKey/JSON",2026-09-22
DDInter1573,Rasburicase,,,,,,,exact DDInter name query,unmapped,unavailable,"https://pubchem.ncbi.nlm.nih.gov/rest/pug/compound/name/Rasburicase/property/Title,ConnectivitySMILES,SMILES,InChI,InChIKey/JSON",2026-09-22
DDInter1574,Ravulizumab,,,,,,,exact DDInter name query,unmapped,unavailable,"https://pubchem.ncbi.nlm.nih.gov/rest/pug/compound/name/Ravulizumab/property/Title,ConnectivitySMILES,SMILES,InChI,InChIKey/JSON",2026-09-22
DDInter1575,Regadenoson,219024,Regadenoson,CNC(=O)C1=CN(N=C1)C2=NC(=C3C(=N2)N(C=N3)C4C(C(C(O4)CO)O)O)N,CNC(=O)C1=CN(N=C1)C2=NC(=C3C(=N2)N(C=N3)[C@H]4[C@@H]([C@@H]([C@H](O4)CO)O)O)N,"InChI=1S/C15H18N8O5/c1-17-13(27)6-2-19-23(3-6)15-20-11(16)8-12(21-15)22(5-18-8)14-10(26)9(25)7(4-24)28-14/h2-3,5,7,9-10,14,24-26H,4H2,1H3,(H,17,27)(H2,16,20,21)/t7-,9-,10-,14-/m1/s1",LZPZPHGJDAGEJZ-AKAIJSEGSA-N,exact DDInter name query,exact_unique,valid,"https://pubchem.ncbi.nlm.nih.gov/rest/pug/compound/name/Regadenoson/property/Title,ConnectivitySMILES,SMILES,InChI,InChIKey/JSON",2026-09-22
DDInter1576,Regorafenib,11167602,Regorafenib,CNC(=O)C1=NC=CC(=C1)OC2=CC(=C(C=C2)NC(=O)NC3=CC(=C(C=C3)Cl)C(F)(F)F)F,CNC(=O)C1=NC=CC(=C1)OC2=CC(=C(C=C2)NC(=O)NC3=CC(=C(C=C3)Cl)C(F)(F)F)F,"InChI=1S/C21H15ClF4N4O3/c1-27-19(31)18-10-13(6-7-28-18)33-12-3-5-17(16(23)9-12)30-20(32)29-11-2-4-15(22)14(8-11)21(24,25)26/h2-10H,1H3,(H,27,31)(H2,29,30,32)",FNHKPVJBJVTLMP-UHFFFAOYSA-N,exact DDInter name query,exact_unique,valid,"https://pubchem.ncbi.nlm.nih.gov/rest/pug/compound/name/Regorafenib/property/Title,ConnectivitySMILES,SMILES,InChI,InChIKey/JSON",2026-09-22
DDInter1577,Relugolix,10348973,Relugolix,CN(C)CC1=C(SC2=C1C(=O)N(C(=O)N2CC3=C(C=CC=C3F)F)C4=NN=C(C=C4)OC)C5=CC=C(C=C5)NC(=O)NOC,CN(C)CC1=C(SC2=C1C(=O)N(C(=O)N2CC3=C(C=CC=C3F)F)C4=NN=C(C=C4)OC)C5=CC=C(C=C5)NC(=O)NOC,"InChI=1S/C29H27F2N7O5S/c1-36(2)14-19-24-26(39)38(22-12-13-23(42-3)34-33-22)29(41)37(15-18-20(30)6-5-7-21(18)31)27(24)44-25(19)16-8-10-17(11-9-16)32-28(40)35-43-4/h5-13H,14-15H2,1-4H3,(H2,32,35,40)",AOMXMOCNKJTRQP-UHFFFAOYSA-N,exact DDInter name query,exact_unique,valid,"https://pubchem.ncbi.nlm.nih.gov/rest/pug/compound/name/Relugolix/property/Title,ConnectivitySMILES,SMILES,InChI,InChIKey/JSON",2026-09-22
DDInter1578,Remdesivir,121304016,Remdesivir,CCC(CC)COC(=O)C(C)NP(=O)(OCC1C(C(C(O1)(C#N)C2=CC=C3N2N=CN=C3N)O)O)OC4=CC=CC=C4,CCC(CC)COC(=O)[C@H](C)N[P@](=O)(OC[C@@H]1[C@H]([C@H]([C@](O1)(C#N)C2=CC=C3N2N=CN=C3N)O)O)OC4=CC=CC=C4,"InChI=1S/C27H35N6O8P/c1-4-18(5-2)13-38-26(36)17(3)32-42(37,41-19-9-7-6-8-10-19)39-14-21-23(34)24(35)27(15-28,40-21)22-12-11-20-25(29)30-16-31-33(20)22/h6-12,16-18,21,23-24,34-35H,4-5,13-14H2,1-3H3,(H,32,37)(H2,29,30,31)/t17-,21+,23+,24+,27-,42-/m0/s1",RWWYLEGWBNMMLJ-YSOARWBDSA-N,exact DDInter name query,exact_unique,valid,"https://pubchem.ncbi.nlm.nih.gov/rest/pug/compound/name/Remdesivir/property/Title,ConnectivitySMILES,SMILES,InChI,InChIKey/JSON",2026-09-22
DDInter1579,Remifentanil,60815,Remifentanil,CCC(=O)N(C1=CC=CC=C1)C2(CCN(CC2)CCC(=O)OC)C(=O)OC,CCC(=O)N(C1=CC=CC=C1)C2(CCN(CC2)CCC(=O)OC)C(=O)OC,"InChI=1S/C20H28N2O5/c1-4-17(23)22(16-8-6-5-7-9-16)20(19(25)27-3)11-14-21(15-12-20)13-10-18(24)26-2/h5-9H,4,10-15H2,1-3H3",ZTVQQQVZCWLTDF-UHFFFAOYSA-N,exact DDInter name query,exact_unique,valid,"https://pubchem.ncbi.nlm.nih.gov/rest/pug/compound/name/Remifentanil/property/Title,ConnectivitySMILES,SMILES,InChI,InChIKey/JSON",2026-09-22
DDInter158,Aztreonam,5742832,Aztreonam,CC1C(C(=O)N1S(=O)(=O)O)NC(=O)C(=NOC(C)(C)C(=O)O)C2=CSC(=N2)N,C[C@H]1[C@@H](C(=O)N1S(=O)(=O)O)NC(=O)/C(=N\OC(C)(C)C(=O)O)/C2=CSC(=N2)N,"InChI=1S/C13H17N5O8S2/c1-5-7(10(20)18(5)28(23,24)25)16-9(19)8(6-4-27-12(14)15-6)17-26-13(2,3)11(21)22/h4-5,7H,1-3H3,(H2,14,15)(H,16,19)(H,21,22)(H,23,24,25)/b17-8-/t5-,7-/m0/s1",WZPBZJONDBGPKJ-VEHQQRBSSA-N,exact DDInter name query,exact_unique,valid,"https://pubchem.ncbi.nlm.nih.gov/rest/pug/compound/name/Aztreonam/property/Title,ConnectivitySMILES,SMILES,InChI,InChIKey/JSON",2026-09-22
DDInter1580,Remimazolam,9867812,Remimazolam,CC1=CN=C2N1C3=C(C=C(C=C3)Br)C(=NC2CCC(=O)OC)C4=CC=CC=N4,CC1=CN=C2N1C3=C(C=C(C=C3)Br)C(=N[C@H]2CCC(=O)OC)C4=CC=CC=N4,"InChI=1S/C21H19BrN4O2/c1-13-12-24-21-17(7-9-19(27)28-2)25-20(16-5-3-4-10-23-16)15-11-14(22)6-8-18(15)26(13)21/h3-6,8,10-12,17H,7,9H2,1-2H3/t17-/m0/s1",CYHWMBVXXDIZNZ-KRWDZBQOSA-N,exact DDInter name query,exact_unique,valid,"https://pubchem.ncbi.nlm.nih.gov/rest/pug/compound/name/Remimazolam/property/Title,ConnectivitySMILES,SMILES,InChI,InChIKey/JSON",2026-09-22
DDInter1581,Repaglinide,65981,Repaglinide,CCOC1=C(C=CC(=C1)CC(=O)NC(CC(C)C)C2=CC=CC=C2N3CCCCC3)C(=O)O,CCOC1=C(C=CC(=C1)CC(=O)N[C@@H](CC(C)C)C2=CC=CC=C2N3CCCCC3)C(=O)O,"InChI=1S/C27H36N2O4/c1-4-33-25-17-20(12-13-22(25)27(31)32)18-26(30)28-23(16-19(2)3)21-10-6-7-11-24(21)29-14-8-5-9-15-29/h6-7,10-13,17,19,23H,4-5,8-9,14-16,18H2,1-3H3,(H,28,30)(H,31,32)/t23-/m0/s1",FAEKWTJYAYMJKF-QHCPKHFHSA-N,exact DDInter name query,exact_unique,valid,"https://pubchem.ncbi.nlm.nih.gov/rest/pug/compound/name/Repaglinide/property/Title,ConnectivitySMILES,SMILES,InChI,InChIKey/JSON",2026-09-22
DDInter1582,Reserpine,5770,Reserpine,COC1C(CC2CN3CCC4=C(C3CC2C1C(=O)OC)NC5=C4C=CC(=C5)OC)OC(=O)C6=CC(=C(C(=C6)OC)OC)OC,CO[C@H]1[C@@H](C[C@@H]2CN3CCC4=C([C@H]3C[C@@H]2[C@@H]1C(=O)OC)NC5=C4C=CC(=C5)OC)OC(=O)C6=CC(=C(C(=C6)OC)OC)OC,"InChI=1S/C33H40N2O9/c1-38-19-7-8-20-21-9-10-35-16-18-13-27(44-32(36)17-11-25(39-2)30(41-4)26(12-17)40-3)31(42-5)28(33(37)43-6)22(18)15-24(35)29(21)34-23(20)14-19/h7-8,11-12,14,18,22,24,27-28,31,34H,9-10,13,15-16H2,1-6H3/t18-,22+,24-,27-,28+,31+/m1/s1",QEVHRUUCFGRFIF-MDEJGZGSSA-N,exact DDInter name query,exact_unique,valid,"https://pubchem.ncbi.nlm.nih.gov/rest/pug/compound/name/Reserpine/property/Title,ConnectivitySMILES,SMILES,InChI,InChIKey/JSON",2026-09-22
DDInter1583,Resorcinol (topical),,,,,,,exact DDInter name query,unmapped,unavailable,"https://pubchem.ncbi.nlm.nih.gov/rest/pug/compound/name/Resorcinol%20%28topical%29/property/Title,ConnectivitySMILES,SMILES,InChI,InChIKey/JSON",2026-09-22
DDInter1584,Retapamulin (topical),,,,,,,exact DDInter name query,unmapped,unavailable,"https://pubchem.ncbi.nlm.nih.gov/rest/pug/compound/name/Retapamulin%20%28topical%29/property/Title,ConnectivitySMILES,SMILES,InChI,InChIKey/JSON",2026-09-22
DDInter1585,Reteplase,,,,,,,exact DDInter name query,unmapped,unavailable,"https://pubchem.ncbi.nlm.nih.gov/rest/pug/compound/name/Reteplase/property/Title,ConnectivitySMILES,SMILES,InChI,InChIKey/JSON",2026-09-22
DDInter1586,Revefenacin,11753673,Revefenacin,CN(CCN1CCC(CC1)OC(=O)NC2=CC=CC=C2C3=CC=CC=C3)C(=O)C4=CC=C(C=C4)CN5CCC(CC5)C(=O)N,CN(CCN1CCC(CC1)OC(=O)NC2=CC=CC=C2C3=CC=CC=C3)C(=O)C4=CC=C(C=C4)CN5CCC(CC5)C(=O)N,"InChI=1S/C35H43N5O4/c1-38(34(42)29-13-11-26(12-14-29)25-40-19-15-28(16-20-40)33(36)41)23-24-39-21-17-30(18-22-39)44-35(43)37-32-10-6-5-9-31(32)27-7-3-2-4-8-27/h2-14,28,30H,15-25H2,1H3,(H2,36,41)(H,37,43)",FYDWDCIFZSGNBU-UHFFFAOYSA-N,exact DDInter name query,exact_unique,valid,"https://pubchem.ncbi.nlm.nih.gov/rest/pug/compound/name/Revefenacin/property/Title,ConnectivitySMILES,SMILES,InChI,InChIKey/JSON",2026-09-22
DDInter1587,Ribavirin,37542,Ribavirin,C1=NC(=NN1C2C(C(C(O2)CO)O)O)C(=O)N,C1=NC(=NN1[C@H]2[C@@H]([C@@H]([C@H](O2)CO)O)O)C(=O)N,"InChI=1S/C8H12N4O5/c9-6(16)7-10-2-12(11-7)8-5(15)4(14)3(1-13)17-8/h2-5,8,13-15H,1H2,(H2,9,16)/t3-,4-,5-,8-/m1/s1",IWUCXVSUMQZMFG-AFCXAGJDSA-N,exact DDInter name query,exact_unique,valid,"https://pubchem.ncbi.nlm.nih.gov/rest/pug/compound/name/Ribavirin/property/Title,ConnectivitySMILES,SMILES,InChI,InChIKey/JSON",2026-09-22
DDInter1588,Ribociclib,44631912,Ribociclib,CN(C)C(=O)C1=CC2=CN=C(N=C2N1C3CCCC3)NC4=NC=C(C=C4)N5CCNCC5,CN(C)C(=O)C1=CC2=CN=C(N=C2N1C3CCCC3)NC4=NC=C(C=C4)N5CCNCC5,"InChI=1S/C23H30N8O/c1-29(2)22(32)19-13-16-14-26-23(28-21(16)31(19)17-5-3-4-6-17)27-20-8-7-18(15-25-20)30-11-9-24-10-12-30/h7-8,13-15,17,24H,3-6,9-12H2,1-2H3,(H,25,26,27,28)",RHXHGRAEPCAFML-UHFFFAOYSA-N,exact DDInter name query,exact_unique,valid,"https://pubchem.ncbi.nlm.nih.gov/rest/pug/compound/name/Ribociclib/property/Title,ConnectivitySMILES,SMILES,InChI,InChIKey/JSON",2026-09-22
DDInter1589,Rifabutin,135398743,Rifabutin,CC1C=CC=C(C(=O)N=C2C(=C3C(=C4C2=NC5(N4)CCN(CC5)CC(C)C)C6=C(C(=C3O)C)OC(C6=O)(OC=CC(C(C(C(C(C(C1O)C)O)C)OC(=O)C)C)OC)C)O)C,C[C@H]1/C=C/C=C(\C(=O)N=C2C(=C3C(=C4C2=NC5(N4)CCN(CC5)CC(C)C)C6=C(C(=C3O)C)O[C@@](C6=O)(O/C=C/[C@@H]([C@H]([C@H]([C@@H]([C@@H]([C@@H]([C@H]1O)C)O)C)OC(=O)C)C)OC)C)O)/C,"InChI=1S/C46H62N4O11/c1-22(2)21-50-18-16-46(17-19-50)48-34-31-32-39(54)28(8)42-33(31)43(56)45(10,61-42)59-20-15-30(58-11)25(5)41(60-29(9)51)27(7)38(53)26(6)37(52)23(3)13-12-14-24(4)44(57)47-36(40(32)55)35(34)49-46/h12-15,20,22-23,25-27,30,37-38,41,48,52-55H,16-19,21H2,1-11H3/b13-12+,20-15+,24-14-,47-36?/t23-,25+,26+,27+,30-,37-,38+,41+,45-/m0/s1",ZWBTYMGEBZUQTK-PVLSIAFMSA-N,exact DDInter name query,exact_unique,valid,"https://pubchem.ncbi.nlm.nih.gov/rest/pug/compound/name/Rifabutin/property/Title,ConnectivitySMILES,SMILES,InChI,InChIKey/JSON",2026-09-22
DDInter159,Bacampicillin,441397,Bacampicillin,CCOC(=O)OC(C)OC(=O)C1C(SC2N1C(=O)C2NC(=O)C(C3=CC=CC=C3)N)(C)C,CCOC(=O)OC(C)OC(=O)[C@H]1C(S[C@H]2N1C(=O)[C@H]2NC(=O)[C@@H](C3=CC=CC=C3)N)(C)C,"InChI=1S/C21H27N3O7S/c1-5-29-20(28)31-11(2)30-19(27)15-21(3,4)32-18-14(17(26)24(15)18)23-16(25)13(22)12-9-7-6-8-10-12/h6-11,13-15,18H,5,22H2,1-4H3,(H,23,25)/t11?,13-,14-,15+,18-/m1/s1",PFOLLRNADZZWEX-FFGRCDKISA-N,exact DDInter name query,exact_unique,valid,"https://pubchem.ncbi.nlm.nih.gov/rest/pug/compound/name/Bacampicillin/property/Title,ConnectivitySMILES,SMILES,InChI,InChIKey/JSON",2026-09-22
DDInter1590,Rifampicin,135398735,Rifampicin,CC1C=CC=C(C(=O)NC2=C(C(=C3C(=C2O)C(=C(C4=C3C(=O)C(O4)(OC=CC(C(C(C(C(C(C1O)C)O)C)OC(=O)C)C)OC)C)C)O)O)C=NN5CCN(CC5)C)C,C[C@H]1/C=C/C=C(\C(=O)NC2=C(C(=C3C(=C2O)C(=C(C4=C3C(=O)[C@](O4)(O/C=C/[C@@H]([C@H]([C@H]([C@@H]([C@@H]([C@@H]([C@H]1O)C)O)C)OC(=O)C)C)OC)C)C)O)O)/C=N/N5CCN(CC5)C)/C,"InChI=1S/C43H58N4O12/c1-21-12-11-13-22(2)42(55)45-33-28(20-44-47-17-15-46(9)16-18-47)37(52)30-31(38(33)53)36(51)26(6)40-32(30)41(54)43(8,59-40)57-19-14-29(56-10)23(3)39(58-27(7)48)25(5)35(50)24(4)34(21)49/h11-14,19-21,23-25,29,34-35,39,49-53H,15-18H2,1-10H3,(H,45,55)/b12-11+,19-14+,22-13-,44-20+/t21-,23+,24+,25+,29-,34-,35+,39+,43-/m0/s1",JQXXHWHPUNPDRT-WLSIYKJHSA-N,exact DDInter name query,exact_unique,valid,"https://pubchem.ncbi.nlm.nih.gov/rest/pug/compound/name/Rifampicin/property/Title,ConnectivitySMILES,SMILES,InChI,InChIKey/JSON",2026-09-22
DDInter1591,Rifamycin,6324616,Rifamycin,CC1C=CC=C(C(=O)NC2=CC(=C3C(=C2O)C(=C(C4=C3C(=O)C(O4)(OC=CC(C(C(C(C(C(C1O)C)O)C)OC(=O)C)C)OC)C)C)O)O)C,C[C@H]1/C=C/C=C(\C(=O)NC2=CC(=C3C(=C2O)C(=C(C4=C3C(=O)[C@](O4)(O/C=C/[C@@H]([C@H]([C@H]([C@@H]([C@@H]([C@@H]([C@H]1O)C)O)C)OC(=O)C)C)OC)C)C)O)O)/C,"InChI=1S/C37H47NO12/c1-16-11-10-12-17(2)36(46)38-23-15-24(40)26-27(32(23)44)31(43)21(6)34-28(26)35(45)37(8,50-34)48-14-13-25(47-9)18(3)33(49-22(7)39)20(5)30(42)19(4)29(16)41/h10-16,18-20,25,29-30,33,40-44H,1-9H3,(H,38,46)/b11-10+,14-13+,17-12-/t16-,18+,19+,20+,25-,29-,30+,33+,37-/m0/s1",HJYYPODYNSCCOU-ODRIEIDWSA-N,exact DDInter name query,exact_unique,valid,"https://pubchem.ncbi.nlm.nih.gov/rest/pug/compound/name/Rifamycin/property/Title,ConnectivitySMILES,SMILES,InChI,InChIKey/JSON",2026-09-22
DDInter1592,Rifapentine,135403821,Rifapentine,CC1C=CC=C(C(=O)NC2=C(C(=C3C(=C2O)C(=C(C4=C3C(=O)C(O4)(OC=CC(C(C(C(C(C(C1O)C)O)C)OC(=O)C)C)OC)C)C)O)O)C=NN5CCN(CC5)C6CCCC6)C,C[C@H]1/C=C/C=C(\C(=O)NC2=C(C(=C3C(=C2O)C(=C(C4=C3C(=O)[C@](O4)(O/C=C/[C@@H]([C@H]([C@H]([C@@H]([C@@H]([C@@H]([C@H]1O)C)O)C)OC(=O)C)C)OC)C)C)O)O)/C=N/N5CCN(CC5)C6CCCC6)/C,"InChI=1S/C47H64N4O12/c1-24-13-12-14-25(2)46(59)49-37-32(23-48-51-20-18-50(19-21-51)31-15-10-11-16-31)41(56)34-35(42(37)57)40(55)29(6)44-36(34)45(58)47(8,63-44)61-22-17-33(60-9)26(3)43(62-30(7)52)28(5)39(54)27(4)38(24)53/h12-14,17,22-24,26-28,31,33,38-39,43,53-57H,10-11,15-16,18-21H2,1-9H3,(H,49,59)/b13-12+,22-17+,25-14-,48-23+/t24-,26+,27+,28+,33-,38-,39+,43+,47-/m0/s1",WDZCUPBHRAEYDL-GZAUEHORSA-N,exact DDInter name query,exact_unique,valid,"https://pubchem.ncbi.nlm.nih.gov/rest/pug/compound/name/Rifapentine/property/Title,ConnectivitySMILES,SMILES,InChI,InChIKey/JSON",2026-09-22
DDInter1593,Rifaximin,6436173,Rifaximin,CC1C=CC=C(C(=O)NC2=C(C3=C(C4=C(C(=C3O)C)OC(C4=O)(OC=CC(C(C(C(C(C(C1O)C)O)C)OC(=O)C)C)OC)C)C5=C2N6C=CC(=CC6=N5)C)O)C,C[C@H]1/C=C/C=C(\C(=O)NC2=C(C3=C(C4=C(C(=C3O)C)O[C@@](C4=O)(O/C=C/[C@@H]([C@H]([C@H]([C@@H]([C@@H]([C@@H]([C@H]1O)C)O)C)OC(=O)C)C)OC)C)C5=C2N6C=CC(=CC6=N5)C)O)/C,"InChI=1S/C43H51N3O11/c1-19-14-16-46-28(18-19)44-32-29-30-37(50)25(7)40-31(29)41(52)43(9,57-40)55-17-15-27(54-10)22(4)39(56-26(8)47)24(6)36(49)23(5)35(48)20(2)12-11-13-21(3)42(53)45-33(34(32)46)38(30)51/h11-18,20,22-24,27,35-36,39,48-51H,1-10H3,(H,45,53)/b12-11+,17-15+,21-13-/t20-,22+,23+,24+,27-,35-,36+,39+,43-/m0/s1",NZCRJKRKKOLAOJ-XRCRFVBUSA-N,exact DDInter name query,exact_unique,valid,"https://pubchem.ncbi.nlm.nih.gov/rest/pug/compound/name/Rifaximin/property/Title,ConnectivitySMILES,SMILES,InChI,InChIKey/JSON",2026-09-22
DDInter1594,Rilonacept,,,,,,,exact DDInter name query,unmapped,unavailable,"https://pubchem.ncbi.nlm.nih.gov/rest/pug/compound/name/Rilonacept/property/Title,ConnectivitySMILES,SMILES,InChI,InChIKey/JSON",2026-09-22
DDInter1595,Rilpivirine,6451164,Rilpivirine,CC1=CC(=CC(=C1NC2=NC(=NC=C2)NC3=CC=C(C=C3)C#N)C)C=CC#N,CC1=CC(=CC(=C1NC2=NC(=NC=C2)NC3=CC=C(C=C3)C#N)C)/C=C/C#N,"InChI=1S/C22H18N6/c1-15-12-18(4-3-10-23)13-16(2)21(15)27-20-9-11-25-22(28-20)26-19-7-5-17(14-24)6-8-19/h3-9,11-13H,1-2H3,(H2,25,26,27,28)/b4-3+",YIBOMRUWOWDFLG-ONEGZZNKSA-N,exact DDInter name query,exact_unique,valid,"https://pubchem.ncbi.nlm.nih.gov/rest/pug/compound/name/Rilpivirine/property/Title,ConnectivitySMILES,SMILES,InChI,InChIKey/JSON",2026-09-22
DDInter1596,Riluzole,5070,Riluzole,C1=CC2=C(C=C1OC(F)(F)F)SC(=N2)N,C1=CC2=C(C=C1OC(F)(F)F)SC(=N2)N,"InChI=1S/C8H5F3N2OS/c9-8(10,11)14-4-1-2-5-6(3-4)15-7(12)13-5/h1-3H,(H2,12,13)",FTALBRSUTCGOEG-UHFFFAOYSA-N,exact DDInter name query,exact_unique,valid,"https://pubchem.ncbi.nlm.nih.gov/rest/pug/compound/name/Riluzole/property/Title,ConnectivitySMILES,SMILES,InChI,InChIKey/JSON",2026-09-22
DDInter1597,Rimantadine,5071,Rimantadine,CC(C12CC3CC(C1)CC(C3)C2)N,CC(C12CC3CC(C1)CC(C3)C2)N,"InChI=1S/C12H21N/c1-8(13)12-5-9-2-10(6-12)4-11(3-9)7-12/h8-11H,2-7,13H2,1H3",UBCHPRBFMUDMNC-UHFFFAOYSA-N,exact DDInter name query,exact_unique,valid,"https://pubchem.ncbi.nlm.nih.gov/rest/pug/compound/name/Rimantadine/property/Title,ConnectivitySMILES,SMILES,InChI,InChIKey/JSON",2026-09-22
DDInter1598,Rimegepant,51049968,Rimegepant,C1CC(C2=C(C=CC=N2)C(C1C3=C(C(=CC=C3)F)F)N)OC(=O)N4CCC(CC4)N5C6=C(NC5=O)N=CC=C6,C1C[C@H](C2=C(C=CC=N2)[C@H]([C@@H]1C3=C(C(=CC=C3)F)F)N)OC(=O)N4CCC(CC4)N5C6=C(NC5=O)N=CC=C6,"InChI=1S/C28H28F2N6O3/c29-20-6-1-4-17(23(20)30)18-8-9-22(25-19(24(18)31)5-2-12-32-25)39-28(38)35-14-10-16(11-15-35)36-21-7-3-13-33-26(21)34-27(36)37/h1-7,12-13,16,18,22,24H,8-11,14-15,31H2,(H,33,34,37)/t18-,22+,24-/m0/s1",KRNAOFGYEFKHPB-ANJVHQHFSA-N,exact DDInter name query,exact_unique,valid,"https://pubchem.ncbi.nlm.nih.gov/rest/pug/compound/name/Rimegepant/property/Title,ConnectivitySMILES,SMILES,InChI,InChIKey/JSON",2026-09-22
DDInter1599,Rimexolone (ophthalmic),,,,,,,exact DDInter name query,unmapped,unavailable,"https://pubchem.ncbi.nlm.nih.gov/rest/pug/compound/name/Rimexolone%20%28ophthalmic%29/property/Title,ConnectivitySMILES,SMILES,InChI,InChIKey/JSON",2026-09-22
DDInter16,Acetohexamide,1989,Acetohexamide,CC(=O)C1=CC=C(C=C1)S(=O)(=O)NC(=O)NC2CCCCC2,CC(=O)C1=CC=C(C=C1)S(=O)(=O)NC(=O)NC2CCCCC2,"InChI=1S/C15H20N2O4S/c1-11(18)12-7-9-14(10-8-12)22(20,21)17-15(19)16-13-5-3-2-4-6-13/h7-10,13H,2-6H2,1H3,(H2,16,17,19)",VGZSUPCWNCWDAN-UHFFFAOYSA-N,exact DDInter name query,exact_unique,valid,"https://pubchem.ncbi.nlm.nih.gov/rest/pug/compound/name/Acetohexamide/property/Title,ConnectivitySMILES,SMILES,InChI,InChIKey/JSON",2026-09-22
DDInter160,Bacillus calmette-guerin substrain tice live antigen,,,,,,,exact DDInter name query,unmapped,unavailable,"https://pubchem.ncbi.nlm.nih.gov/rest/pug/compound/name/Bacillus%20calmette-guerin%20substrain%20tice%20live%20antigen/property/Title,ConnectivitySMILES,SMILES,InChI,InChIKey/JSON",2026-09-22
DDInter1600,Riociguat,11304743,Riociguat,CN(C1=C(N=C(N=C1N)C2=NN(C3=C2C=CC=N3)CC4=CC=CC=C4F)N)C(=O)OC,CN(C1=C(N=C(N=C1N)C2=NN(C3=C2C=CC=N3)CC4=CC=CC=C4F)N)C(=O)OC,"InChI=1S/C20H19FN8O2/c1-28(20(30)31-2)15-16(22)25-18(26-17(15)23)14-12-7-5-9-24-19(12)29(27-14)10-11-6-3-4-8-13(11)21/h3-9H,10H2,1-2H3,(H4,22,23,25,26)",WXXSNCNJFUAIDG-UHFFFAOYSA-N,exact DDInter name query,exact_unique,valid,"https://pubchem.ncbi.nlm.nih.gov/rest/pug/compound/name/Riociguat/property/Title,ConnectivitySMILES,SMILES,InChI,InChIKey/JSON",2026-09-22
DDInter1601,Ripretinib,71584930,Ripretinib,CCN1C2=CC(=NC=C2C=C(C1=O)C3=CC(=C(C=C3Br)F)NC(=O)NC4=CC=CC=C4)NC,CCN1C2=CC(=NC=C2C=C(C1=O)C3=CC(=C(C=C3Br)F)NC(=O)NC4=CC=CC=C4)NC,"InChI=1S/C24H21BrFN5O2/c1-3-31-21-12-22(27-2)28-13-14(21)9-17(23(31)32)16-10-20(19(26)11-18(16)25)30-24(33)29-15-7-5-4-6-8-15/h4-13H,3H2,1-2H3,(H,27,28)(H2,29,30,33)",CEFJVGZHQAGLHS-UHFFFAOYSA-N,exact DDInter name query,exact_unique,valid,"https://pubchem.ncbi.nlm.nih.gov/rest/pug/compound/name/Ripretinib/property/Title,ConnectivitySMILES,SMILES,InChI,InChIKey/JSON",2026-09-22
DDInter1602,Risankizumab,,,,,,,exact DDInter name query,unmapped,unavailable,"https://pubchem.ncbi.nlm.nih.gov/rest/pug/compound/name/Risankizumab/property/Title,ConnectivitySMILES,SMILES,InChI,InChIKey/JSON",2026-09-22
DDInter1603,Risdiplam,118513932,Risdiplam,CC1=CC(=NN2C1=NC(=C2)C)C3=CC(=O)N4C=C(C=CC4=N3)N5CCNC6(C5)CC6,CC1=CC(=NN2C1=NC(=C2)C)C3=CC(=O)N4C=C(C=CC4=N3)N5CCNC6(C5)CC6,"InChI=1S/C22H23N7O/c1-14-9-18(26-29-11-15(2)24-21(14)29)17-10-20(30)28-12-16(3-4-19(28)25-17)27-8-7-23-22(13-27)5-6-22/h3-4,9-12,23H,5-8,13H2,1-2H3",ASKZRYGFUPSJPN-UHFFFAOYSA-N,exact DDInter name query,exact_unique,valid,"https://pubchem.ncbi.nlm.nih.gov/rest/pug/compound/name/Risdiplam/property/Title,ConnectivitySMILES,SMILES,InChI,InChIKey/JSON",2026-09-22
DDInter1604,Risedronic acid,5245,Risedronate,C1=CC(=CN=C1)CC(O)(P(=O)(O)O)P(=O)(O)O,C1=CC(=CN=C1)CC(O)(P(=O)(O)O)P(=O)(O)O,"InChI=1S/C7H11NO7P2/c9-7(16(10,11)12,17(13,14)15)4-6-2-1-3-8-5-6/h1-3,5,9H,4H2,(H2,10,11,12)(H2,13,14,15)",IIDJRNMFWXDHID-UHFFFAOYSA-N,exact DDInter name query,ambiguous,excluded_title_mismatch,"https://pubchem.ncbi.nlm.nih.gov/rest/pug/compound/name/Risedronic%20acid/property/Title,ConnectivitySMILES,SMILES,InChI,InChIKey/JSON",2026-09-22
DDInter1605,Risperidone,5073,Risperidone,CC1=C(C(=O)N2CCCCC2=N1)CCN3CCC(CC3)C4=NOC5=C4C=CC(=C5)F,CC1=C(C(=O)N2CCCCC2=N1)CCN3CCC(CC3)C4=NOC5=C4C=CC(=C5)F,"InChI=1S/C23H27FN4O2/c1-15-18(23(29)28-10-3-2-4-21(28)25-15)9-13-27-11-7-16(8-12-27)22-19-6-5-17(24)14-20(19)30-26-22/h5-6,14,16H,2-4,7-13H2,1H3",RAPZEAPATHNIPO-UHFFFAOYSA-N,exact DDInter name query,exact_unique,valid,"https://pubchem.ncbi.nlm.nih.gov/rest/pug/compound/name/Risperidone/property/Title,ConnectivitySMILES,SMILES,InChI,InChIKey/JSON",2026-09-22
DDInter1606,Ritodrine,33572,Ritodrine,CC(C(C1=CC=C(C=C1)O)O)NCCC2=CC=C(C=C2)O,C[C@@H]([C@@H](C1=CC=C(C=C1)O)O)NCCC2=CC=C(C=C2)O,"InChI=1S/C17H21NO3/c1-12(17(21)14-4-8-16(20)9-5-14)18-11-10-13-2-6-15(19)7-3-13/h2-9,12,17-21H,10-11H2,1H3/t12-,17-/m0/s1",IOVGROKTTNBUGK-SJCJKPOMSA-N,exact DDInter name query,exact_unique,valid,"https://pubchem.ncbi.nlm.nih.gov/rest/pug/compound/name/Ritodrine/property/Title,ConnectivitySMILES,SMILES,InChI,InChIKey/JSON",2026-09-22
DDInter1607,Ritonavir,392622,Ritonavir,CC(C)C1=NC(=CS1)CN(C)C(=O)NC(C(C)C)C(=O)NC(CC2=CC=CC=C2)CC(C(CC3=CC=CC=C3)NC(=O)OCC4=CN=CS4)O,CC(C)C1=NC(=CS1)CN(C)C(=O)N[C@@H](C(C)C)C(=O)N[C@@H](CC2=CC=CC=C2)C[C@@H]([C@H](CC3=CC=CC=C3)NC(=O)OCC4=CN=CS4)O,"InChI=1S/C37H48N6O5S2/c1-24(2)33(42-36(46)43(5)20-29-22-49-35(40-29)25(3)4)34(45)39-28(16-26-12-8-6-9-13-26)18-32(44)31(17-27-14-10-7-11-15-27)41-37(47)48-21-30-19-38-23-50-30/h6-15,19,22-25,28,31-33,44H,16-18,20-21H2,1-5H3,(H,39,45)(H,41,47)(H,42,46)/t28-,31-,32-,33-/m0/s1",NCDNCNXCDXHOMX-XGKFQTDJSA-N,exact DDInter name query,exact_unique,valid,"https://pubchem.ncbi.nlm.nih.gov/rest/pug/compound/name/Ritonavir/property/Title,ConnectivitySMILES,SMILES,InChI,InChIKey/JSON",2026-09-22
DDInter1608,Rituximab,,,,,,,exact DDInter name query,unmapped,unavailable,"https://pubchem.ncbi.nlm.nih.gov/rest/pug/compound/name/Rituximab/property/Title,ConnectivitySMILES,SMILES,InChI,InChIKey/JSON",2026-09-22
DDInter1609,Rivaroxaban,9875401,Rivaroxaban,C1COCC(=O)N1C2=CC=C(C=C2)N3CC(OC3=O)CNC(=O)C4=CC=C(S4)Cl,C1COCC(=O)N1C2=CC=C(C=C2)N3C[C@@H](OC3=O)CNC(=O)C4=CC=C(S4)Cl,"InChI=1S/C19H18ClN3O5S/c20-16-6-5-15(29-16)18(25)21-9-14-10-23(19(26)28-14)13-3-1-12(2-4-13)22-7-8-27-11-17(22)24/h1-6,14H,7-11H2,(H,21,25)/t14-/m0/s1",KGFYHTZWPPHNLQ-AWEZNQCLSA-N,exact DDInter name query,exact_unique,valid,"https://pubchem.ncbi.nlm.nih.gov/rest/pug/compound/name/Rivaroxaban/property/Title,ConnectivitySMILES,SMILES,InChI,InChIKey/JSON",2026-09-22
DDInter161,Bacitracin,10909430,Bacitracin,CCC(C)C1C(=O)NC(C(=O)NC(C(=O)NC(C(=O)NC(C(=O)NCCCCC(C(=O)NC(C(=O)N1)CCCN)NC(=O)C(C(C)CC)NC(=O)C(CCC(=O)O)NC(=O)C(CC(C)C)NC(=O)C2CSC(=N2)C(C(C)CC)N)CC(=O)N)CC(=O)O)CC3=CN=CN3)CC4=CC=CC=C4,CC[C@H](C)[C@H]1C(=O)N[C@@H](C(=O)N[C@H](C(=O)N[C@@H](C(=O)N[C@H](C(=O)NCCCC[C@@H](C(=O)N[C@@H](C(=O)N1)CCCN)NC(=O)[C@H]([C@@H](C)CC)NC(=O)[C@@H](CCC(=O)O)NC(=O)[C@H](CC(C)C)NC(=O)[C@@H]2CSC(=N2)[C@H]([C@@H](C)CC)N)CC(=O)N)CC(=O)O)CC3=CN=CN3)CC4=CC=CC=C4,"InChI=1S/C66H103N17O16S/c1-9-35(6)52(69)66-81-48(32-100-66)63(97)76-43(26-34(4)5)59(93)74-42(22-23-50(85)86)58(92)83-53(36(7)10-2)64(98)75-40-20-15-16-25-71-55(89)46(29-49(68)84)78-62(96)47(30-51(87)88)79-61(95)45(28-39-31-70-33-72-39)77-60(94)44(27-38-18-13-12-14-19-38)80-65(99)54(37(8)11-3)82-57(91)41(21-17-24-67)73-56(40)90/h12-14,18-19,31,33-37,40-48,52-54H,9-11,15-17,20-30,32,67,69H2,1-8H3,(H2,68,84)(H,70,72)(H,71,89)(H,73,90)(H,74,93)(H,75,98)(H,76,97)(H,77,94)(H,78,96)(H,79,95)(H,80,99)(H,82,91)(H,83,92)(H,85,86)(H,87,88)/t35-,36-,37-,40-,41+,42+,43-,44+,45-,46-,47+,48-,52-,53-,54-/m0/s1",CLKOFPXJLQSYAH-ABRJDSQDSA-N,exact DDInter name query,exact_unique,valid,"https://pubchem.ncbi.nlm.nih.gov/rest/pug/compound/name/Bacitracin/property/Title,ConnectivitySMILES,SMILES,InChI,InChIKey/JSON",2026-09-22
DDInter1610,Rivastigmine,77991,Rivastigmine,CCN(C)C(=O)OC1=CC=CC(=C1)C(C)N(C)C,CCN(C)C(=O)OC1=CC=CC(=C1)[C@H](C)N(C)C,"InChI=1S/C14H22N2O2/c1-6-16(5)14(17)18-13-9-7-8-12(10-13)11(2)15(3)4/h7-11H,6H2,1-5H3/t11-/m0/s1",XSVMFMHYUFZWBK-NSHDSACASA-N,exact DDInter name query,exact_unique,valid,"https://pubchem.ncbi.nlm.nih.gov/rest/pug/compound/name/Rivastigmine/property/Title,ConnectivitySMILES,SMILES,InChI,InChIKey/JSON",2026-09-22
DDInter1611,Rizatriptan,5078,Rizatriptan,CN(C)CCC1=CNC2=C1C=C(C=C2)CN3C=NC=N3,CN(C)CCC1=CNC2=C1C=C(C=C2)CN3C=NC=N3,"InChI=1S/C15H19N5/c1-19(2)6-5-13-8-17-15-4-3-12(7-14(13)15)9-20-11-16-10-18-20/h3-4,7-8,10-11,17H,5-6,9H2,1-2H3",ULFRLSNUDGIQQP-UHFFFAOYSA-N,exact DDInter name query,exact_unique,valid,"https://pubchem.ncbi.nlm.nih.gov/rest/pug/compound/name/Rizatriptan/property/Title,ConnectivitySMILES,SMILES,InChI,InChIKey/JSON",2026-09-22
DDInter1612,Rocuronium,441290,Rocuronium,CC(=O)OC1C(CC2C1(CCC3C2CCC4C3(CC(C(C4)O)N5CCOCC5)C)C)[N+]6(CCCC6)CC=C,CC(=O)O[C@H]1[C@H](C[C@@H]2[C@@]1(CC[C@H]3[C@H]2CC[C@@H]4[C@@]3(C[C@@H]([C@H](C4)O)N5CCOCC5)C)C)[N+]6(CCCC6)CC=C,"InChI=1S/C32H53N2O4/c1-5-14-34(15-6-7-16-34)28-20-26-24-9-8-23-19-29(36)27(33-12-17-37-18-13-33)21-32(23,4)25(24)10-11-31(26,3)30(28)38-22(2)35/h5,23-30,36H,1,6-21H2,2-4H3/q+1/t23-,24+,25-,26-,27-,28-,29-,30-,31-,32-/m0/s1",YXRDKMPIGHSVRX-OOJCLDBCSA-N,exact DDInter name query,exact_unique,valid,"https://pubchem.ncbi.nlm.nih.gov/rest/pug/compound/name/Rocuronium/property/Title,ConnectivitySMILES,SMILES,InChI,InChIKey/JSON",2026-09-22
DDInter1613,Rofecoxib,5090,Rofecoxib,CS(=O)(=O)C1=CC=C(C=C1)C2=C(C(=O)OC2)C3=CC=CC=C3,CS(=O)(=O)C1=CC=C(C=C1)C2=C(C(=O)OC2)C3=CC=CC=C3,"InChI=1S/C17H14O4S/c1-22(19,20)14-9-7-12(8-10-14)15-11-21-17(18)16(15)13-5-3-2-4-6-13/h2-10H,11H2,1H3",RZJQGNCSTQAWON-UHFFFAOYSA-N,exact DDInter name query,exact_unique,valid,"https://pubchem.ncbi.nlm.nih.gov/rest/pug/compound/name/Rofecoxib/property/Title,ConnectivitySMILES,SMILES,InChI,InChIKey/JSON",2026-09-22
DDInter1614,Roflumilast,449193,Roflumilast,C1CC1COC2=C(C=CC(=C2)C(=O)NC3=C(C=NC=C3Cl)Cl)OC(F)F,C1CC1COC2=C(C=CC(=C2)C(=O)NC3=C(C=NC=C3Cl)Cl)OC(F)F,"InChI=1S/C17H14Cl2F2N2O3/c18-11-6-22-7-12(19)15(11)23-16(24)10-3-4-13(26-17(20)21)14(5-10)25-8-9-1-2-9/h3-7,9,17H,1-2,8H2,(H,22,23,24)",MNDBXUUTURYVHR-UHFFFAOYSA-N,exact DDInter name query,exact_unique,valid,"https://pubchem.ncbi.nlm.nih.gov/rest/pug/compound/name/Roflumilast/property/Title,ConnectivitySMILES,SMILES,InChI,InChIKey/JSON",2026-09-22
DDInter1615,Rolapitant,10311306,Rolapitant,CC(C1=CC(=CC(=C1)C(F)(F)F)C(F)(F)F)OCC2(CCC3(CCC(=O)N3)CN2)C4=CC=CC=C4,C[C@H](C1=CC(=CC(=C1)C(F)(F)F)C(F)(F)F)OC[C@]2(CC[C@]3(CCC(=O)N3)CN2)C4=CC=CC=C4,"InChI=1S/C25H26F6N2O2/c1-16(17-11-19(24(26,27)28)13-20(12-17)25(29,30)31)35-15-23(18-5-3-2-4-6-18)10-9-22(14-32-23)8-7-21(34)33-22/h2-6,11-13,16,32H,7-10,14-15H2,1H3,(H,33,34)/t16-,22-,23-/m1/s1",FIVSJYGQAIEMOC-ZGNKEGEESA-N,exact DDInter name query,exact_unique,valid,"https://pubchem.ncbi.nlm.nih.gov/rest/pug/compound/name/Rolapitant/property/Title,ConnectivitySMILES,SMILES,InChI,InChIKey/JSON",2026-09-22
DDInter1616,Romidepsin,5352062,Romidepsin,CC=C1C(=O)NC(C(=O)OC2CC(=O)NC(C(=O)NC(CSSCCC=C2)C(=O)N1)C(C)C)C(C)C,C/C=C\1/C(=O)N[C@H](C(=O)O[C@H]\2CC(=O)N[C@@H](C(=O)N[C@H](CSSCC/C=C2)C(=O)N1)C(C)C)C(C)C,"InChI=1S/C24H36N4O6S2/c1-6-16-21(30)28-20(14(4)5)24(33)34-15-9-7-8-10-35-36-12-17(22(31)25-16)26-23(32)19(13(2)3)27-18(29)11-15/h6-7,9,13-15,17,19-20H,8,10-12H2,1-5H3,(H,25,31)(H,26,32)(H,27,29)(H,28,30)/b9-7+,16-6-/t15-,17-,19-,20+/m1/s1",OHRURASPPZQGQM-GCCNXGTGSA-N,exact DDInter name query,exact_unique,valid,"https://pubchem.ncbi.nlm.nih.gov/rest/pug/compound/name/Romidepsin/property/Title,ConnectivitySMILES,SMILES,InChI,InChIKey/JSON",2026-09-22
DDInter1617,Romiplostim,,,,,,,exact DDInter name query,unmapped,unavailable,"https://pubchem.ncbi.nlm.nih.gov/rest/pug/compound/name/Romiplostim/property/Title,ConnectivitySMILES,SMILES,InChI,InChIKey/JSON",2026-09-22
DDInter1618,Romosozumab,,,,,,,exact DDInter name query,unmapped,unavailable,"https://pubchem.ncbi.nlm.nih.gov/rest/pug/compound/name/Romosozumab/property/Title,ConnectivitySMILES,SMILES,InChI,InChIKey/JSON",2026-09-22
DDInter1619,Ropinirole,5095,Ropinirole,CCCN(CCC)CCC1=C2CC(=O)NC2=CC=C1,CCCN(CCC)CCC1=C2CC(=O)NC2=CC=C1,"InChI=1S/C16H24N2O/c1-3-9-18(10-4-2)11-8-13-6-5-7-15-14(13)12-16(19)17-15/h5-7H,3-4,8-12H2,1-2H3,(H,17,19)",UHSKFQJFRQCDBE-UHFFFAOYSA-N,exact DDInter name query,exact_unique,valid,"https://pubchem.ncbi.nlm.nih.gov/rest/pug/compound/name/Ropinirole/property/Title,ConnectivitySMILES,SMILES,InChI,InChIKey/JSON",2026-09-22
DDInter162,Baclofen,2284,Baclofen,C1=CC(=CC=C1C(CC(=O)O)CN)Cl,C1=CC(=CC=C1C(CC(=O)O)CN)Cl,"InChI=1S/C10H12ClNO2/c11-9-3-1-7(2-4-9)8(6-12)5-10(13)14/h1-4,8H,5-6,12H2,(H,13,14)",KPYSYYIEGFHWSV-UHFFFAOYSA-N,exact DDInter name query,exact_unique,valid,"https://pubchem.ncbi.nlm.nih.gov/rest/pug/compound/name/Baclofen/property/Title,ConnectivitySMILES,SMILES,InChI,InChIKey/JSON",2026-09-22
DDInter1620,Ropivacaine,175805,Ropivacaine,CCCN1CCCCC1C(=O)NC2=C(C=CC=C2C)C,CCCN1CCCC[C@H]1C(=O)NC2=C(C=CC=C2C)C,"InChI=1S/C17H26N2O/c1-4-11-19-12-6-5-10-15(19)17(20)18-16-13(2)8-7-9-14(16)3/h7-9,15H,4-6,10-12H2,1-3H3,(H,18,20)/t15-/m0/s1",ZKMNUMMKYBVTFN-HNNXBMFYSA-N,exact DDInter name query,exact_unique,valid,"https://pubchem.ncbi.nlm.nih.gov/rest/pug/compound/name/Ropivacaine/property/Title,ConnectivitySMILES,SMILES,InChI,InChIKey/JSON",2026-09-22
DDInter1621,Rosiglitazone,77999,Rosiglitazone,CN(CCOC1=CC=C(C=C1)CC2C(=O)NC(=O)S2)C3=CC=CC=N3,CN(CCOC1=CC=C(C=C1)CC2C(=O)NC(=O)S2)C3=CC=CC=N3,"InChI=1S/C18H19N3O3S/c1-21(16-4-2-3-9-19-16)10-11-24-14-7-5-13(6-8-14)12-15-17(22)20-18(23)25-15/h2-9,15H,10-12H2,1H3,(H,20,22,23)",YASAKCUCGLMORW-UHFFFAOYSA-N,exact DDInter name query,exact_unique,valid,"https://pubchem.ncbi.nlm.nih.gov/rest/pug/compound/name/Rosiglitazone/property/Title,ConnectivitySMILES,SMILES,InChI,InChIKey/JSON",2026-09-22
DDInter1622,Rosuvastatin,446157,Rosuvastatin,CC(C)C1=NC(=NC(=C1C=CC(CC(CC(=O)O)O)O)C2=CC=C(C=C2)F)N(C)S(=O)(=O)C,CC(C)C1=NC(=NC(=C1/C=C/[C@H](C[C@H](CC(=O)O)O)O)C2=CC=C(C=C2)F)N(C)S(=O)(=O)C,"InChI=1S/C22H28FN3O6S/c1-13(2)20-18(10-9-16(27)11-17(28)12-19(29)30)21(14-5-7-15(23)8-6-14)25-22(24-20)26(3)33(4,31)32/h5-10,13,16-17,27-28H,11-12H2,1-4H3,(H,29,30)/b10-9+/t16-,17-/m1/s1",BPRHUIZQVSMCRT-VEUZHWNKSA-N,exact DDInter name query,exact_unique,valid,"https://pubchem.ncbi.nlm.nih.gov/rest/pug/compound/name/Rosuvastatin/property/Title,ConnectivitySMILES,SMILES,InChI,InChIKey/JSON",2026-09-22
DDInter1623,Rotavirus vaccine,,,,,,,exact DDInter name query,unmapped,unavailable,"https://pubchem.ncbi.nlm.nih.gov/rest/pug/compound/name/Rotavirus%20vaccine/property/Title,ConnectivitySMILES,SMILES,InChI,InChIKey/JSON",2026-09-22
DDInter1624,Rotigotine,59227,Rotigotine,CCCN(CCC1=CC=CS1)C2CCC3=C(C2)C=CC=C3O,CCCN(CCC1=CC=CS1)[C@H]2CCC3=C(C2)C=CC=C3O,"InChI=1S/C19H25NOS/c1-2-11-20(12-10-17-6-4-13-22-17)16-8-9-18-15(14-16)5-3-7-19(18)21/h3-7,13,16,21H,2,8-12,14H2,1H3/t16-/m0/s1",KFQYTPMOWPVWEJ-INIZCTEOSA-N,exact DDInter name query,exact_unique,valid,"https://pubchem.ncbi.nlm.nih.gov/rest/pug/compound/name/Rotigotine/property/Title,ConnectivitySMILES,SMILES,InChI,InChIKey/JSON",2026-09-22
DDInter1625,Rubella virus vaccine,,,,,,,exact DDInter name query,unmapped,unavailable,"https://pubchem.ncbi.nlm.nih.gov/rest/pug/compound/name/Rubella%20virus%20vaccine/property/Title,ConnectivitySMILES,SMILES,InChI,InChIKey/JSON",2026-09-22
DDInter1626,Rucaparib,9931954,Rucaparib,CNCC1=CC=C(C=C1)C2=C3CCNC(=O)C4=C3C(=CC(=C4)F)N2,CNCC1=CC=C(C=C1)C2=C3CCNC(=O)C4=C3C(=CC(=C4)F)N2,"InChI=1S/C19H18FN3O/c1-21-10-11-2-4-12(5-3-11)18-14-6-7-22-19(24)15-8-13(20)9-16(23-18)17(14)15/h2-5,8-9,21,23H,6-7,10H2,1H3,(H,22,24)",HMABYWSNWIZPAG-UHFFFAOYSA-N,exact DDInter name query,exact_unique,valid,"https://pubchem.ncbi.nlm.nih.gov/rest/pug/compound/name/Rucaparib/property/Title,ConnectivitySMILES,SMILES,InChI,InChIKey/JSON",2026-09-22
DDInter1627,Rufinamide,129228,Rufinamide,C1=CC(=C(C(=C1)F)CN2C=C(N=N2)C(=O)N)F,C1=CC(=C(C(=C1)F)CN2C=C(N=N2)C(=O)N)F,"InChI=1S/C10H8F2N4O/c11-7-2-1-3-8(12)6(7)4-16-5-9(10(13)17)14-15-16/h1-3,5H,4H2,(H2,13,17)",POGQSBRIGCQNEG-UHFFFAOYSA-N,exact DDInter name query,exact_unique,valid,"https://pubchem.ncbi.nlm.nih.gov/rest/pug/compound/name/Rufinamide/property/Title,ConnectivitySMILES,SMILES,InChI,InChIKey/JSON",2026-09-22
DDInter1628,Ruxolitinib,25126798,Ruxolitinib,C1CCC(C1)C(CC#N)N2C=C(C=N2)C3=C4C=CNC4=NC=N3,C1CCC(C1)[C@@H](CC#N)N2C=C(C=N2)C3=C4C=CNC4=NC=N3,"InChI=1S/C17H18N6/c18-7-5-15(12-3-1-2-4-12)23-10-13(9-22-23)16-14-6-8-19-17(14)21-11-20-16/h6,8-12,15H,1-5H2,(H,19,20,21)/t15-/m1/s1",HFNKQEVNSGCOJV-OAHLLOKOSA-N,exact DDInter name query,exact_unique,valid,"https://pubchem.ncbi.nlm.nih.gov/rest/pug/compound/name/Ruxolitinib/property/Title,ConnectivitySMILES,SMILES,InChI,InChIKey/JSON",2026-09-22
DDInter1629,Sacituzumab govitecan,,,,,,,exact DDInter name query,unmapped,unavailable,"https://pubchem.ncbi.nlm.nih.gov/rest/pug/compound/name/Sacituzumab%20govitecan/property/Title,ConnectivitySMILES,SMILES,InChI,InChIKey/JSON",2026-09-22
DDInter163,Baloxavir marboxil,124081896,Baloxavir Marboxil,COC(=O)OCOC1=C2C(=O)N3CCOCC3N(N2C=CC1=O)C4C5=C(CSC6=CC=CC=C46)C(=C(C=C5)F)F,COC(=O)OCOC1=C2C(=O)N3CCOC[C@H]3N(N2C=CC1=O)[C@H]4C5=C(CSC6=CC=CC=C46)C(=C(C=C5)F)F,"InChI=1S/C27H23F2N3O7S/c1-36-27(35)39-14-38-25-19(33)8-9-31-24(25)26(34)30-10-11-37-12-21(30)32(31)23-15-6-7-18(28)22(29)17(15)13-40-20-5-3-2-4-16(20)23/h2-9,21,23H,10-14H2,1H3/t21-,23+/m1/s1",RZVPBGBYGMDSBG-GGAORHGYSA-N,exact DDInter name query,exact_unique,valid,"https://pubchem.ncbi.nlm.nih.gov/rest/pug/compound/name/Baloxavir%20marboxil/property/Title,ConnectivitySMILES,SMILES,InChI,InChIKey/JSON",2026-09-22
DDInter1630,Sacubitril,9811834,Sacubitril,CCOC(=O)C(C)CC(CC1=CC=C(C=C1)C2=CC=CC=C2)NC(=O)CCC(=O)O,CCOC(=O)[C@H](C)C[C@@H](CC1=CC=C(C=C1)C2=CC=CC=C2)NC(=O)CCC(=O)O,"InChI=1S/C24H29NO5/c1-3-30-24(29)17(2)15-21(25-22(26)13-14-23(27)28)16-18-9-11-20(12-10-18)19-7-5-4-6-8-19/h4-12,17,21H,3,13-16H2,1-2H3,(H,25,26)(H,27,28)/t17-,21+/m1/s1",PYNXFZCZUAOOQC-UTKZUKDTSA-N,exact DDInter name query,exact_unique,valid,"https://pubchem.ncbi.nlm.nih.gov/rest/pug/compound/name/Sacubitril/property/Title,ConnectivitySMILES,SMILES,InChI,InChIKey/JSON",2026-09-22
DDInter1631,Safinamide,131682,Safinamide,CC(C(=O)N)NCC1=CC=C(C=C1)OCC2=CC(=CC=C2)F,C[C@@H](C(=O)N)NCC1=CC=C(C=C1)OCC2=CC(=CC=C2)F,"InChI=1S/C17H19FN2O2/c1-12(17(19)21)20-10-13-5-7-16(8-6-13)22-11-14-3-2-4-15(18)9-14/h2-9,12,20H,10-11H2,1H3,(H2,19,21)/t12-/m0/s1",NEMGRZFTLSKBAP-LBPRGKRZSA-N,exact DDInter name query,exact_unique,valid,"https://pubchem.ncbi.nlm.nih.gov/rest/pug/compound/name/Safinamide/property/Title,ConnectivitySMILES,SMILES,InChI,InChIKey/JSON",2026-09-22
DDInter1632,Salbutamol,2083,Salbutamol,CC(C)(C)NCC(C1=CC(=C(C=C1)O)CO)O,CC(C)(C)NCC(C1=CC(=C(C=C1)O)CO)O,"InChI=1S/C13H21NO3/c1-13(2,3)14-7-12(17)9-4-5-11(16)10(6-9)8-15/h4-6,12,14-17H,7-8H2,1-3H3",NDAUXUAQIAJITI-UHFFFAOYSA-N,exact DDInter name query,exact_unique,valid,"https://pubchem.ncbi.nlm.nih.gov/rest/pug/compound/name/Salbutamol/property/Title,ConnectivitySMILES,SMILES,InChI,InChIKey/JSON",2026-09-22
DDInter1633,Salicylic acid (sodium),,,,,,,exact DDInter name query,unmapped,unavailable,"https://pubchem.ncbi.nlm.nih.gov/rest/pug/compound/name/Salicylic%20acid%20%28sodium%29/property/Title,ConnectivitySMILES,SMILES,InChI,InChIKey/JSON",2026-09-22
DDInter1634,Salicylic acid (topical),,,,,,,exact DDInter name query,unmapped,unavailable,"https://pubchem.ncbi.nlm.nih.gov/rest/pug/compound/name/Salicylic%20acid%20%28topical%29/property/Title,ConnectivitySMILES,SMILES,InChI,InChIKey/JSON",2026-09-22
DDInter1635,Salmeterol,5152,Salmeterol,C1=CC=C(C=C1)CCCCOCCCCCCNCC(C2=CC(=C(C=C2)O)CO)O,C1=CC=C(C=C1)CCCCOCCCCCCNCC(C2=CC(=C(C=C2)O)CO)O,"InChI=1S/C25H37NO4/c27-20-23-18-22(13-14-24(23)28)25(29)19-26-15-7-1-2-8-16-30-17-9-6-12-21-10-4-3-5-11-21/h3-5,10-11,13-14,18,25-29H,1-2,6-9,12,15-17,19-20H2",GIIZNNXWQWCKIB-UHFFFAOYSA-N,exact DDInter name query,exact_unique,valid,"https://pubchem.ncbi.nlm.nih.gov/rest/pug/compound/name/Salmeterol/property/Title,ConnectivitySMILES,SMILES,InChI,InChIKey/JSON",2026-09-22
DDInter1636,Salmon calcitonin,16220016,Calcitonin Salmon,CC(C)CC1C(=O)NC(C(=O)NC(C(=O)NC(CSSCC(C(=O)NC(C(=O)NC(C(=O)N1)CC(=O)N)CO)N)C(=O)NC(C(C)C)C(=O)NC(CC(C)C)C(=O)NCC(=O)NC(CCCCN)C(=O)NC(CC(C)C)C(=O)NC(CO)C(=O)NC(CCC(=O)N)C(=O)NC(CCC(=O)O)C(=O)NC(CC(C)C)C(=O)NC(CC2=CN=CN2)C(=O)NC(CCCCN)C(=O)NC(CC(C)C)C(=O)NC(CCC(=O)N)C(=O)NC(C(C)O)C(=O)NC(CC3=CC=C(C=C3)O)C(=O)N4CCCC4C(=O)NC(CCCNC(=N)N)C(=O)NC(C(C)O)C(=O)NC(CC(=O)N)C(=O)NC(C(C)O)C(=O)NCC(=O)NC(CO)C(=O)NCC(=O)NC(C(C)O)C(=O)N5CCCC5C(=O)N)C(C)O)CO,C[C@H]([C@H]1C(=O)N[C@@H](CSSC[C@@H](C(=O)N[C@H](C(=O)N[C@H](C(=O)N[C@H](C(=O)N[C@H](C(=O)N1)CO)CC(C)C)CC(=O)N)CO)N)C(=O)N[C@@H](C(C)C)C(=O)N[C@@H](CC(C)C)C(=O)NCC(=O)N[C@@H](CCCCN)C(=O)N[C@@H](CC(C)C)C(=O)N[C@@H](CO)C(=O)N[C@@H](CCC(=O)N)C(=O)N[C@@H](CCC(=O)O)C(=O)N[C@@H](CC(C)C)C(=O)N[C@@H](CC2=CN=CN2)C(=O)N[C@@H](CCCCN)C(=O)N[C@@H](CC(C)C)C(=O)N[C@@H](CCC(=O)N)C(=O)N[C@@H]([C@@H](C)O)C(=O)N[C@@H](CC3=CC=C(C=C3)O)C(=O)N4CCC[C@H]4C(=O)N[C@@H](CCCNC(=N)N)C(=O)N[C@@H]([C@@H](C)O)C(=O)N[C@@H](CC(=O)N)C(=O)N[C@@H]([C@@H](C)O)C(=O)NCC(=O)N[C@@H](CO)C(=O)NCC(=O)N[C@@H]([C@@H](C)O)C(=O)N5CCC[C@H]5C(=O)N)O,"InChI=1S/C145H240N44O48S2/c1-65(2)45-86(175-139(232)110(70(11)12)183-136(229)99-63-239-238-62-79(148)117(210)178-96(59-191)134(227)174-92(52-104(151)202)131(224)172-90(49-69(9)10)129(222)180-98(61-193)135(228)187-114(74(16)197)142(235)181-99)118(211)158-55-106(204)162-80(25-18-20-40-146)120(213)169-89(48-68(7)8)128(221)179-97(60-192)133(226)167-83(34-37-102(149)200)122(215)165-85(36-39-109(207)208)123(216)171-88(47-67(5)6)127(220)173-91(51-77-54-156-64-161-77)130(223)164-81(26-19-21-41-147)121(214)170-87(46-66(3)4)126(219)166-84(35-38-103(150)201)125(218)186-113(73(15)196)141(234)177-94(50-76-30-32-78(199)33-31-76)143(236)189-44-24-29-101(189)137(230)168-82(27-22-42-157-145(154)155)124(217)185-112(72(14)195)140(233)176-93(53-105(152)203)132(225)184-111(71(13)194)138(231)160-56-107(205)163-95(58-190)119(212)159-57-108(206)182-115(75(17)198)144(237)188-43-23-28-100(188)116(153)209/h30-33,54,64-75,79-101,110-115,190-199H,18-29,34-53,55-63,146-148H2,1-17H3,(H2,149,200)(H2,150,201)(H2,151,202)(H2,152,203)(H2,153,209)(H,156,161)(H,158,211)(H,159,212)(H,160,231)(H,162,204)(H,163,205)(H,164,223)(H,165,215)(H,166,219)(H,167,226)(H,168,230)(H,169,213)(H,170,214)(H,171,216)(H,172,224)(H,173,220)(H,174,227)(H,175,232)(H,176,233)(H,177,234)(H,178,210)(H,179,221)(H,180,222)(H,181,235)(H,182,206)(H,183,229)(H,184,225)(H,185,217)(H,186,218)(H,187,228)(H,207,208)(H4,154,155,157)/t71-,72-,73-,74-,75-,79+,80+,81+,82+,83+,84+,85+,86+,87+,88+,89+,90+,91+,92+,93+,94+,95+,96+,97+,98+,99+,100+,101+,110+,111+,112+,113+,114+,115+/m1/s1",BBBFJLBPOGFECG-VJVYQDLKSA-N,exact DDInter name query,ambiguous,excluded_title_mismatch,"https://pubchem.ncbi.nlm.nih.gov/rest/pug/compound/name/Salmon%20calcitonin/property/Title,ConnectivitySMILES,SMILES,InChI,InChIKey/JSON",2026-09-22
DDInter1637,Salsalate,5161,Salsalate,C1=CC=C(C(=C1)C(=O)OC2=CC=CC=C2C(=O)O)O,C1=CC=C(C(=C1)C(=O)OC2=CC=CC=C2C(=O)O)O,"InChI=1S/C14H10O5/c15-11-7-3-1-5-9(11)14(18)19-12-8-4-2-6-10(12)13(16)17/h1-8,15H,(H,16,17)",WVYADZUPLLSGPU-UHFFFAOYSA-N,exact DDInter name query,exact_unique,valid,"https://pubchem.ncbi.nlm.nih.gov/rest/pug/compound/name/Salsalate/property/Title,ConnectivitySMILES,SMILES,InChI,InChIKey/JSON",2026-09-22
DDInter1638,Samarium (153Sm) lexidronam,76962714,Samarium Sm-153 Lexidronam,C(CN(CP(=O)(O)[O-])CP(=O)(O)[O-])N(CP(=O)(O)O)CP(=O)(O)[O-].[Sm+3],C(CN(CP(=O)(O)[O-])CP(=O)(O)[O-])N(CP(=O)(O)O)CP(=O)(O)[O-].[153Sm+3],"InChI=1S/C6H20N2O12P4.Sm/c9-21(10,11)3-7(4-22(12,13)14)1-2-8(5-23(15,16)17)6-24(18,19)20;/h1-6H2,(H2,9,10,11)(H2,12,13,14)(H2,15,16,17)(H2,18,19,20);/q;+3/p-3/i;1+3",JSTADIGKFYFAIY-GJNDDOAHSA-K,exact DDInter name query,ambiguous,excluded_title_mismatch,"https://pubchem.ncbi.nlm.nih.gov/rest/pug/compound/name/Samarium%20%28153Sm%29%20lexidronam/property/Title,ConnectivitySMILES,SMILES,InChI,InChIKey/JSON",2026-09-22
DDInter1639,Sapropterin,135398654,Sapropterin,CC(C(C1CNC2=C(N1)C(=O)NC(=N2)N)O)O,C[C@@H]([C@@H]([C@H]1CNC2=C(N1)C(=O)NC(=N2)N)O)O,"InChI=1S/C9H15N5O3/c1-3(15)6(16)4-2-11-7-5(12-4)8(17)14-9(10)13-7/h3-4,6,12,15-16H,2H2,1H3,(H4,10,11,13,14,17)/t3-,4+,6-/m0/s1",FNKQXYHWGSIFBK-RPDRRWSUSA-N,exact DDInter name query,exact_unique,valid,"https://pubchem.ncbi.nlm.nih.gov/rest/pug/compound/name/Sapropterin/property/Title,ConnectivitySMILES,SMILES,InChI,InChIKey/JSON",2026-09-22
DDInter164,Balsalazide,54585,5-((4-((2-Carboxyethyl)carbamoyl)phenyl)diazenyl)-2-hydroxybenzoic acid,C1=CC(=CC=C1C(=O)NCCC(=O)O)N=NC2=CC(=C(C=C2)O)C(=O)O,C1=CC(=CC=C1C(=O)NCCC(=O)O)N=NC2=CC(=C(C=C2)O)C(=O)O,"InChI=1S/C17H15N3O6/c21-14-6-5-12(9-13(14)17(25)26)20-19-11-3-1-10(2-4-11)16(24)18-8-7-15(22)23/h1-6,9,21H,7-8H2,(H,18,24)(H,22,23)(H,25,26)",IPOKCKJONYRRHP-UHFFFAOYSA-N,exact DDInter name query,ambiguous,excluded_title_mismatch,"https://pubchem.ncbi.nlm.nih.gov/rest/pug/compound/name/Balsalazide/property/Title,ConnectivitySMILES,SMILES,InChI,InChIKey/JSON",2026-09-22
DDInter1640,Saquinavir,441243,Saquinavir,CC(C)(C)NC(=O)C1CC2CCCCC2CN1CC(C(CC3=CC=CC=C3)NC(=O)C(CC(=O)N)NC(=O)C4=NC5=CC=CC=C5C=C4)O,CC(C)(C)NC(=O)[C@@H]1C[C@@H]2CCCC[C@@H]2CN1C[C@H]([C@H](CC3=CC=CC=C3)NC(=O)[C@H](CC(=O)N)NC(=O)C4=NC5=CC=CC=C5C=C4)O,"InChI=1S/C38H50N6O5/c1-38(2,3)43-37(49)32-20-26-14-7-8-15-27(26)22-44(32)23-33(45)30(19-24-11-5-4-6-12-24)41-36(48)31(21-34(39)46)42-35(47)29-18-17-25-13-9-10-16-28(25)40-29/h4-6,9-13,16-18,26-27,30-33,45H,7-8,14-15,19-23H2,1-3H3,(H2,39,46)(H,41,48)(H,42,47)(H,43,49)/t26-,27+,30-,31-,32-,33+/m0/s1",QWAXKHKRTORLEM-UGJKXSETSA-N,exact DDInter name query,exact_unique,valid,"https://pubchem.ncbi.nlm.nih.gov/rest/pug/compound/name/Saquinavir/property/Title,ConnectivitySMILES,SMILES,InChI,InChIKey/JSON",2026-09-22
DDInter1641,Sarecycline,54681908,Sarecycline,CN(C)C1C2CC3CC4=C(C=CC(=C4C(=C3C(=O)C2(C(=C(C1=O)C(=O)N)O)O)O)O)CN(C)OC,CN(C)[C@H]1[C@@H]2C[C@@H]3CC4=C(C=CC(=C4C(=C3C(=O)[C@@]2(C(=C(C1=O)C(=O)N)O)O)O)O)CN(C)OC,"InChI=1S/C24H29N3O8/c1-26(2)18-13-8-11-7-12-10(9-27(3)35-4)5-6-14(28)16(12)19(29)15(11)21(31)24(13,34)22(32)17(20(18)30)23(25)33/h5-6,11,13,18,28-29,32,34H,7-9H2,1-4H3,(H2,25,33)/t11-,13-,18-,24-/m0/s1",AYUMVPHUMFKFPJ-SBAJWEJLSA-N,exact DDInter name query,exact_unique,valid,"https://pubchem.ncbi.nlm.nih.gov/rest/pug/compound/name/Sarecycline/property/Title,ConnectivitySMILES,SMILES,InChI,InChIKey/JSON",2026-09-22
DDInter1642,Sargramostim,,,,,,,exact DDInter name query,unmapped,unavailable,"https://pubchem.ncbi.nlm.nih.gov/rest/pug/compound/name/Sargramostim/property/Title,ConnectivitySMILES,SMILES,InChI,InChIKey/JSON",2026-09-22
DDInter1643,Sarilumab,,,,,,,exact DDInter name query,unmapped,unavailable,"https://pubchem.ncbi.nlm.nih.gov/rest/pug/compound/name/Sarilumab/property/Title,ConnectivitySMILES,SMILES,InChI,InChIKey/JSON",2026-09-22
DDInter1644,Satralizumab,,,,,,,exact DDInter name query,unmapped,unavailable,"https://pubchem.ncbi.nlm.nih.gov/rest/pug/compound/name/Satralizumab/property/Title,ConnectivitySMILES,SMILES,InChI,InChIKey/JSON",2026-09-22
DDInter1645,Saw palmetto,,,,,,,exact DDInter name query,unmapped,unavailable,"https://pubchem.ncbi.nlm.nih.gov/rest/pug/compound/name/Saw%20palmetto/property/Title,ConnectivitySMILES,SMILES,InChI,InChIKey/JSON",2026-09-22
DDInter1646,Saxagliptin,11243969,Saxagliptin,C1C2CC2N(C1C#N)C(=O)C(C34CC5CC(C3)CC(C5)(C4)O)N,C1[C@@H]2C[C@@H]2N([C@@H]1C#N)C(=O)[C@H](C34CC5CC(C3)CC(C5)(C4)O)N,"InChI=1S/C18H25N3O2/c19-8-13-2-12-3-14(12)21(13)16(22)15(20)17-4-10-1-11(5-17)7-18(23,6-10)9-17/h10-15,23H,1-7,9,20H2/t10?,11?,12-,13+,14+,15-,17?,18?/m1/s1",QGJUIPDUBHWZPV-SGTAVMJGSA-N,exact DDInter name query,exact_unique,valid,"https://pubchem.ncbi.nlm.nih.gov/rest/pug/compound/name/Saxagliptin/property/Title,ConnectivitySMILES,SMILES,InChI,InChIKey/JSON",2026-09-22
DDInter1647,Scopolamine,,,,,,,exact DDInter name query,ambiguous,excluded_multiple_candidates,"https://pubchem.ncbi.nlm.nih.gov/rest/pug/compound/name/Scopolamine/property/Title,ConnectivitySMILES,SMILES,InChI,InChIKey/JSON",2026-09-22
DDInter1648,Scopolamine (ophthalmic),,,,,,,exact DDInter name query,unmapped,unavailable,"https://pubchem.ncbi.nlm.nih.gov/rest/pug/compound/name/Scopolamine%20%28ophthalmic%29/property/Title,ConnectivitySMILES,SMILES,InChI,InChIKey/JSON",2026-09-22
DDInter1649,Secnidazole,71815,Secnidazole,CC1=NC=C(N1CC(C)O)[N+](=O)[O-],CC1=NC=C(N1CC(C)O)[N+](=O)[O-],"InChI=1S/C7H11N3O3/c1-5(11)4-9-6(2)8-3-7(9)10(12)13/h3,5,11H,4H2,1-2H3",KPQZUUQMTUIKBP-UHFFFAOYSA-N,exact DDInter name query,exact_unique,valid,"https://pubchem.ncbi.nlm.nih.gov/rest/pug/compound/name/Secnidazole/property/Title,ConnectivitySMILES,SMILES,InChI,InChIKey/JSON",2026-09-22
DDInter165,Baricitinib,44205240,Baricitinib,CCS(=O)(=O)N1CC(C1)(CC#N)N2C=C(C=N2)C3=C4C=CNC4=NC=N3,CCS(=O)(=O)N1CC(C1)(CC#N)N2C=C(C=N2)C3=C4C=CNC4=NC=N3,"InChI=1S/C16H17N7O2S/c1-2-26(24,25)22-9-16(10-22,4-5-17)23-8-12(7-21-23)14-13-3-6-18-15(13)20-11-19-14/h3,6-8,11H,2,4,9-10H2,1H3,(H,18,19,20)",XUZMWHLSFXCVMG-UHFFFAOYSA-N,exact DDInter name query,exact_unique,valid,"https://pubchem.ncbi.nlm.nih.gov/rest/pug/compound/name/Baricitinib/property/Title,ConnectivitySMILES,SMILES,InChI,InChIKey/JSON",2026-09-22
DDInter1650,Secobarbital,5193,Secobarbital,CCCC(C)C1(C(=O)NC(=O)NC1=O)CC=C,CCCC(C)C1(C(=O)NC(=O)NC1=O)CC=C,"InChI=1S/C12H18N2O3/c1-4-6-8(3)12(7-5-2)9(15)13-11(17)14-10(12)16/h5,8H,2,4,6-7H2,1,3H3,(H2,13,14,15,16,17)",KQPKPCNLIDLUMF-UHFFFAOYSA-N,exact DDInter name query,exact_unique,valid,"https://pubchem.ncbi.nlm.nih.gov/rest/pug/compound/name/Secobarbital/property/Title,ConnectivitySMILES,SMILES,InChI,InChIKey/JSON",2026-09-22
DDInter1651,Secretin human,,,,,,,exact DDInter name query,unmapped,unavailable,"https://pubchem.ncbi.nlm.nih.gov/rest/pug/compound/name/Secretin%20human/property/Title,ConnectivitySMILES,SMILES,InChI,InChIKey/JSON",2026-09-22
DDInter1652,Secukinumab,,,,,,,exact DDInter name query,unmapped,unavailable,"https://pubchem.ncbi.nlm.nih.gov/rest/pug/compound/name/Secukinumab/property/Title,ConnectivitySMILES,SMILES,InChI,InChIKey/JSON",2026-09-22
DDInter1653,Selegiline,26757,Selegiline,CC(CC1=CC=CC=C1)N(C)CC#C,C[C@H](CC1=CC=CC=C1)N(C)CC#C,"InChI=1S/C13H17N/c1-4-10-14(3)12(2)11-13-8-6-5-7-9-13/h1,5-9,12H,10-11H2,2-3H3/t12-/m1/s1",MEZLKOACVSPNER-GFCCVEGCSA-N,exact DDInter name query,exact_unique,valid,"https://pubchem.ncbi.nlm.nih.gov/rest/pug/compound/name/Selegiline/property/Title,ConnectivitySMILES,SMILES,InChI,InChIKey/JSON",2026-09-22
DDInter1654,Selenium,6326970,Selenium,[Se],[Se],InChI=1S/Se,BUGBHKTXTAQXES-UHFFFAOYSA-N,exact DDInter name query,exact_unique,valid,"https://pubchem.ncbi.nlm.nih.gov/rest/pug/compound/name/Selenium/property/Title,ConnectivitySMILES,SMILES,InChI,InChIKey/JSON",2026-09-22
DDInter1655,Selenium Sulfide,24011,Selenium sulfide (SeS),S=[Se],S=[Se],InChI=1S/SSe/c1-2,VIDTVPHHDGRGAF-UHFFFAOYSA-N,exact DDInter name query,ambiguous,excluded_title_mismatch,"https://pubchem.ncbi.nlm.nih.gov/rest/pug/compound/name/Selenium%20Sulfide/property/Title,ConnectivitySMILES,SMILES,InChI,InChIKey/JSON",2026-09-22
DDInter1656,Selexipag,9913767,Selexipag,CC(C)N(CCCCOCC(=O)NS(=O)(=O)C)C1=CN=C(C(=N1)C2=CC=CC=C2)C3=CC=CC=C3,CC(C)N(CCCCOCC(=O)NS(=O)(=O)C)C1=CN=C(C(=N1)C2=CC=CC=C2)C3=CC=CC=C3,"InChI=1S/C26H32N4O4S/c1-20(2)30(16-10-11-17-34-19-24(31)29-35(3,32)33)23-18-27-25(21-12-6-4-7-13-21)26(28-23)22-14-8-5-9-15-22/h4-9,12-15,18,20H,10-11,16-17,19H2,1-3H3,(H,29,31)",QXWZQTURMXZVHJ-UHFFFAOYSA-N,exact DDInter name query,exact_unique,valid,"https://pubchem.ncbi.nlm.nih.gov/rest/pug/compound/name/Selexipag/property/Title,ConnectivitySMILES,SMILES,InChI,InChIKey/JSON",2026-09-22
DDInter1657,Selinexor,71481097,Selinexor,C1=CN=C(C=N1)NNC(=O)C=CN2C=NC(=N2)C3=CC(=CC(=C3)C(F)(F)F)C(F)(F)F,C1=CN=C(C=N1)NNC(=O)/C=C\N2C=NC(=N2)C3=CC(=CC(=C3)C(F)(F)F)C(F)(F)F,"InChI=1S/C17H11F6N7O/c18-16(19,20)11-5-10(6-12(7-11)17(21,22)23)15-26-9-30(29-15)4-1-14(31)28-27-13-8-24-2-3-25-13/h1-9H,(H,25,27)(H,28,31)/b4-1-",DEVSOMFAQLZNKR-RJRFIUFISA-N,exact DDInter name query,exact_unique,valid,"https://pubchem.ncbi.nlm.nih.gov/rest/pug/compound/name/Selinexor/property/Title,ConnectivitySMILES,SMILES,InChI,InChIKey/JSON",2026-09-22
DDInter1658,Selpercatinib,134436906,Selpercatinib,CC(C)(COC1=CN2C(=C(C=N2)C#N)C(=C1)C3=CN=C(C=C3)N4CC5CC(C4)N5CC6=CN=C(C=C6)OC)O,CC(C)(COC1=CN2C(=C(C=N2)C#N)C(=C1)C3=CN=C(C=C3)N4CC5CC(C4)N5CC6=CN=C(C=C6)OC)O,"InChI=1S/C29H31N7O3/c1-29(2,37)18-39-24-9-25(28-21(10-30)13-33-36(28)17-24)20-5-6-26(31-12-20)34-15-22-8-23(16-34)35(22)14-19-4-7-27(38-3)32-11-19/h4-7,9,11-13,17,22-23,37H,8,14-16,18H2,1-3H3",XIIOFHFUYBLOLW-UHFFFAOYSA-N,exact DDInter name query,exact_unique,valid,"https://pubchem.ncbi.nlm.nih.gov/rest/pug/compound/name/Selpercatinib/property/Title,ConnectivitySMILES,SMILES,InChI,InChIKey/JSON",2026-09-22
DDInter1659,Selumetinib,10127622,Selumetinib,CN1C=NC2=C1C=C(C(=C2F)NC3=C(C=C(C=C3)Br)Cl)C(=O)NOCCO,CN1C=NC2=C1C=C(C(=C2F)NC3=C(C=C(C=C3)Br)Cl)C(=O)NOCCO,"InChI=1S/C17H15BrClFN4O3/c1-24-8-21-16-13(24)7-10(17(26)23-27-5-4-25)15(14(16)20)22-12-3-2-9(18)6-11(12)19/h2-3,6-8,22,25H,4-5H2,1H3,(H,23,26)",CYOHGALHFOKKQC-UHFFFAOYSA-N,exact DDInter name query,exact_unique,valid,"https://pubchem.ncbi.nlm.nih.gov/rest/pug/compound/name/Selumetinib/property/Title,ConnectivitySMILES,SMILES,InChI,InChIKey/JSON",2026-09-22
DDInter166,Basiliximab,,,,,,,exact DDInter name query,unmapped,unavailable,"https://pubchem.ncbi.nlm.nih.gov/rest/pug/compound/name/Basiliximab/property/Title,ConnectivitySMILES,SMILES,InChI,InChIKey/JSON",2026-09-22
DDInter1660,Semaglutide,56843331,Semaglutide,CCC(C)C(C(=O)NC(C)C(=O)NC(CC1=CNC2=CC=CC=C21)C(=O)NC(CC(C)C)C(=O)NC(C(C)C)C(=O)NC(CCCNC(=N)N)C(=O)NCC(=O)NC(CCCNC(=N)N)C(=O)NCC(=O)O)NC(=O)C(CC3=CC=CC=C3)NC(=O)C(CCC(=O)O)NC(=O)C(CCCCNC(=O)COCCOCCNC(=O)COCCOCCNC(=O)CCC(C(=O)O)NC(=O)CCCCCCCCCCCCCCCCC(=O)O)NC(=O)C(C)NC(=O)C(C)NC(=O)C(CCC(=O)N)NC(=O)CNC(=O)C(CCC(=O)O)NC(=O)C(CC(C)C)NC(=O)C(CC4=CC=C(C=C4)O)NC(=O)C(CO)NC(=O)C(CO)NC(=O)C(C(C)C)NC(=O)C(CC(=O)O)NC(=O)C(CO)NC(=O)C(C(C)O)NC(=O)C(CC5=CC=CC=C5)NC(=O)C(C(C)O)NC(=O)CNC(=O)C(CCC(=O)O)NC(=O)C(C)(C)NC(=O)C(CC6=CN=CN6)N,CC[C@H](C)[C@@H](C(=O)N[C@@H](C)C(=O)N[C@@H](CC1=CNC2=CC=CC=C21)C(=O)N[C@@H](CC(C)C)C(=O)N[C@@H](C(C)C)C(=O)N[C@@H](CCCNC(=N)N)C(=O)NCC(=O)N[C@@H](CCCNC(=N)N)C(=O)NCC(=O)O)NC(=O)[C@H](CC3=CC=CC=C3)NC(=O)[C@H](CCC(=O)O)NC(=O)[C@H](CCCCNC(=O)COCCOCCNC(=O)COCCOCCNC(=O)CC[C@H](C(=O)O)NC(=O)CCCCCCCCCCCCCCCCC(=O)O)NC(=O)[C@H](C)NC(=O)[C@H](C)NC(=O)[C@H](CCC(=O)N)NC(=O)CNC(=O)[C@H](CCC(=O)O)NC(=O)[C@H](CC(C)C)NC(=O)[C@H](CC4=CC=C(C=C4)O)NC(=O)[C@H](CO)NC(=O)[C@H](CO)NC(=O)[C@H](C(C)C)NC(=O)[C@H](CC(=O)O)NC(=O)[C@H](CO)NC(=O)[C@H]([C@@H](C)O)NC(=O)[C@H](CC5=CC=CC=C5)NC(=O)[C@H]([C@@H](C)O)NC(=O)CNC(=O)[C@H](CCC(=O)O)NC(=O)C(C)(C)NC(=O)[C@H](CC6=CN=CN6)N,"InChI=1S/C187H291N45O59/c1-18-105(10)154(180(282)208-108(13)159(261)216-133(86-114-89-200-119-50-40-39-49-117(114)119)170(272)218-129(82-102(4)5)171(273)228-152(103(6)7)178(280)215-121(53-44-72-199-186(192)193)162(264)201-91-141(242)209-120(52-43-71-198-185(190)191)161(263)204-94-151(257)258)230-172(274)131(83-111-45-33-31-34-46-111)219-167(269)126(64-69-149(253)254)214-166(268)122(51-41-42-70-195-144(245)98-290-79-78-289-76-74-197-145(246)99-291-80-77-288-75-73-196-139(240)66-61-127(183(285)286)211-140(241)54-37-29-27-25-23-21-19-20-22-24-26-28-30-38-55-146(247)248)212-158(260)107(12)206-157(259)106(11)207-165(267)125(60-65-138(189)239)210-142(243)92-202-163(265)123(62-67-147(249)250)213-168(270)128(81-101(2)3)217-169(271)130(85-113-56-58-116(238)59-57-113)220-175(277)135(95-233)223-177(279)137(97-235)224-179(281)153(104(8)9)229-174(276)134(88-150(255)256)221-176(278)136(96-234)225-182(284)156(110(15)237)231-173(275)132(84-112-47-35-32-36-48-112)222-181(283)155(109(14)236)227-143(244)93-203-164(266)124(63-68-148(251)252)226-184(287)187(16,17)232-160(262)118(188)87-115-90-194-100-205-115/h31-36,39-40,45-50,56-59,89-90,100-110,118,120-137,152-156,200,233-238H,18-30,37-38,41-44,51-55,60-88,91-99,188H2,1-17H3,(H2,189,239)(H,194,205)(H,195,245)(H,196,240)(H,197,246)(H,201,264)(H,202,265)(H,203,266)(H,204,263)(H,206,259)(H,207,267)(H,208,282)(H,209,242)(H,210,243)(H,211,241)(H,212,260)(H,213,270)(H,214,268)(H,215,280)(H,216,261)(H,217,271)(H,218,272)(H,219,269)(H,220,277)(H,221,278)(H,222,283)(H,223,279)(H,224,281)(H,225,284)(H,226,287)(H,227,244)(H,228,273)(H,229,276)(H,230,274)(H,231,275)(H,232,262)(H,247,248)(H,249,250)(H,251,252)(H,253,254)(H,255,256)(H,257,258)(H,285,286)(H4,190,191,198)(H4,192,193,199)/t105-,106-,107-,108-,109+,110+,118-,120-,121-,122-,123-,124-,125-,126-,127+,128-,129-,130-,131-,132-,133-,134-,135-,136-,137-,152-,153-,154-,155-,156-/m0/s1",DLSWIYLPEUIQAV-CCUURXOWSA-N,exact DDInter name query,exact_unique,valid,"https://pubchem.ncbi.nlm.nih.gov/rest/pug/compound/name/Semaglutide/property/Title,ConnectivitySMILES,SMILES,InChI,InChIKey/JSON",2026-09-22
DDInter1661,Sermorelin,16132413,Sermorelin,CCC(C)C(C(=O)NC(CC1=CC=CC=C1)C(=O)NC(C(C)O)C(=O)NC(CC(=O)N)C(=O)NC(CO)C(=O)NC(CC2=CC=C(C=C2)O)C(=O)NC(CCCNC(=N)N)C(=O)NC(CCCCN)C(=O)NC(C(C)C)C(=O)NC(CC(C)C)C(=O)NCC(=O)NC(CCC(=O)N)C(=O)NC(CC(C)C)C(=O)NC(CO)C(=O)NC(C)C(=O)NC(CCCNC(=N)N)C(=O)NC(CCCCN)C(=O)NC(CC(C)C)C(=O)NC(CC(C)C)C(=O)NC(CCC(=O)N)C(=O)NC(CC(=O)O)C(=O)NC(C(C)CC)C(=O)NC(CCSC)C(=O)NC(CO)C(=O)NC(CCCNC(=N)N)C(=O)N)NC(=O)C(C)NC(=O)C(CC(=O)O)NC(=O)C(C)NC(=O)C(CC3=CC=C(C=C3)O)N,CC[C@H](C)[C@@H](C(=O)N[C@@H](CC1=CC=CC=C1)C(=O)N[C@@H]([C@@H](C)O)C(=O)N[C@@H](CC(=O)N)C(=O)N[C@@H](CO)C(=O)N[C@@H](CC2=CC=C(C=C2)O)C(=O)N[C@@H](CCCNC(=N)N)C(=O)N[C@@H](CCCCN)C(=O)N[C@@H](C(C)C)C(=O)N[C@@H](CC(C)C)C(=O)NCC(=O)N[C@@H](CCC(=O)N)C(=O)N[C@@H](CC(C)C)C(=O)N[C@@H](CO)C(=O)N[C@@H](C)C(=O)N[C@@H](CCCNC(=N)N)C(=O)N[C@@H](CCCCN)C(=O)N[C@@H](CC(C)C)C(=O)N[C@@H](CC(C)C)C(=O)N[C@@H](CCC(=O)N)C(=O)N[C@@H](CC(=O)O)C(=O)N[C@@H]([C@@H](C)CC)C(=O)N[C@@H](CCSC)C(=O)N[C@@H](CO)C(=O)N[C@@H](CCCNC(=N)N)C(=O)N)NC(=O)[C@H](C)NC(=O)[C@H](CC(=O)O)NC(=O)[C@H](C)NC(=O)[C@H](CC3=CC=C(C=C3)O)N,"InChI=1S/C149H246N44O42S/c1-20-77(13)116(191-122(211)81(17)168-132(221)104(66-113(204)205)178-121(210)79(15)167-123(212)88(152)62-84-39-43-86(198)44-40-84)145(234)185-102(63-83-32-23-22-24-33-83)138(227)193-118(82(18)197)146(235)186-103(65-111(155)202)137(226)189-108(71-196)142(231)182-101(64-85-41-45-87(199)46-42-85)136(225)175-93(38-31-56-165-149(161)162)126(215)174-91(35-26-28-53-151)131(220)190-115(76(11)12)143(232)184-97(58-72(3)4)124(213)166-68-112(203)170-94(47-49-109(153)200)128(217)180-100(61-75(9)10)135(224)188-106(69-194)140(229)169-80(16)120(209)172-92(37-30-55-164-148(159)160)125(214)173-90(34-25-27-52-150)127(216)179-99(60-74(7)8)134(223)181-98(59-73(5)6)133(222)176-95(48-50-110(154)201)129(218)183-105(67-114(206)207)139(228)192-117(78(14)21-2)144(233)177-96(51-57-236-19)130(219)187-107(70-195)141(230)171-89(119(156)208)36-29-54-163-147(157)158/h22-24,32-33,39-46,72-82,88-108,115-118,194-199H,20-21,25-31,34-38,47-71,150-152H2,1-19H3,(H2,153,200)(H2,154,201)(H2,155,202)(H2,156,208)(H,166,213)(H,167,212)(H,168,221)(H,169,229)(H,170,203)(H,171,230)(H,172,209)(H,173,214)(H,174,215)(H,175,225)(H,176,222)(H,177,233)(H,178,210)(H,179,216)(H,180,217)(H,181,223)(H,182,231)(H,183,218)(H,184,232)(H,185,234)(H,186,235)(H,187,219)(H,188,224)(H,189,226)(H,190,220)(H,191,211)(H,192,228)(H,193,227)(H,204,205)(H,206,207)(H4,157,158,163)(H4,159,160,164)(H4,161,162,165)/t77-,78-,79-,80-,81-,82+,88-,89-,90-,91-,92-,93-,94-,95-,96-,97-,98-,99-,100-,101-,102-,103-,104-,105-,106-,107-,108-,115-,116-,117-,118-/m0/s1",WGWPRVFKDLAUQJ-MITYVQBRSA-N,exact DDInter name query,exact_unique,valid,"https://pubchem.ncbi.nlm.nih.gov/rest/pug/compound/name/Sermorelin/property/Title,ConnectivitySMILES,SMILES,InChI,InChIKey/JSON",2026-09-22
DDInter1662,Sertraline,68617,Sertraline,CNC1CCC(C2=CC=CC=C12)C3=CC(=C(C=C3)Cl)Cl,CN[C@H]1CC[C@H](C2=CC=CC=C12)C3=CC(=C(C=C3)Cl)Cl,"InChI=1S/C17H17Cl2N/c1-20-17-9-7-12(13-4-2-3-5-14(13)17)11-6-8-15(18)16(19)10-11/h2-6,8,10,12,17,20H,7,9H2,1H3/t12-,17-/m0/s1",VGKDLMBJGBXTGI-SJCJKPOMSA-N,exact DDInter name query,exact_unique,valid,"https://pubchem.ncbi.nlm.nih.gov/rest/pug/compound/name/Sertraline/property/Title,ConnectivitySMILES,SMILES,InChI,InChIKey/JSON",2026-09-22
DDInter1663,Sevelamer,,,,,,,exact DDInter name query,unmapped,unavailable,"https://pubchem.ncbi.nlm.nih.gov/rest/pug/compound/name/Sevelamer/property/Title,ConnectivitySMILES,SMILES,InChI,InChIKey/JSON",2026-09-22
DDInter1664,Sevoflurane,5206,Sevoflurane,C(OC(C(F)(F)F)C(F)(F)F)F,C(OC(C(F)(F)F)C(F)(F)F)F,"InChI=1S/C4H3F7O/c5-1-12-2(3(6,7)8)4(9,10)11/h2H,1H2",DFEYYRMXOJXZRJ-UHFFFAOYSA-N,exact DDInter name query,exact_unique,valid,"https://pubchem.ncbi.nlm.nih.gov/rest/pug/compound/name/Sevoflurane/property/Title,ConnectivitySMILES,SMILES,InChI,InChIKey/JSON",2026-09-22
DDInter1665,Sibutramine,5210,Sibutramine,CC(C)CC(C1(CCC1)C2=CC=C(C=C2)Cl)N(C)C,CC(C)CC(C1(CCC1)C2=CC=C(C=C2)Cl)N(C)C,"InChI=1S/C17H26ClN/c1-13(2)12-16(19(3)4)17(10-5-11-17)14-6-8-15(18)9-7-14/h6-9,13,16H,5,10-12H2,1-4H3",UNAANXDKBXWMLN-UHFFFAOYSA-N,exact DDInter name query,exact_unique,valid,"https://pubchem.ncbi.nlm.nih.gov/rest/pug/compound/name/Sibutramine/property/Title,ConnectivitySMILES,SMILES,InChI,InChIKey/JSON",2026-09-22
DDInter1666,Sildenafil,135398744,Sildenafil,CCCC1=NN(C2=C1N=C(NC2=O)C3=C(C=CC(=C3)S(=O)(=O)N4CCN(CC4)C)OCC)C,CCCC1=NN(C2=C1N=C(NC2=O)C3=C(C=CC(=C3)S(=O)(=O)N4CCN(CC4)C)OCC)C,"InChI=1S/C22H30N6O4S/c1-5-7-17-19-20(27(4)25-17)22(29)24-21(23-19)16-14-15(8-9-18(16)32-6-2)33(30,31)28-12-10-26(3)11-13-28/h8-9,14H,5-7,10-13H2,1-4H3,(H,23,24,29)",BNRNXUUZRGQAQC-UHFFFAOYSA-N,exact DDInter name query,exact_unique,valid,"https://pubchem.ncbi.nlm.nih.gov/rest/pug/compound/name/Sildenafil/property/Title,ConnectivitySMILES,SMILES,InChI,InChIKey/JSON",2026-09-22
DDInter1667,Silodosin,5312125,Silodosin,CC(CC1=CC2=C(C(=C1)C(=O)N)N(CC2)CCCO)NCCOC3=CC=CC=C3OCC(F)(F)F,C[C@H](CC1=CC2=C(C(=C1)C(=O)N)N(CC2)CCCO)NCCOC3=CC=CC=C3OCC(F)(F)F,"InChI=1S/C25H32F3N3O4/c1-17(30-8-12-34-21-5-2-3-6-22(21)35-16-25(26,27)28)13-18-14-19-7-10-31(9-4-11-32)23(19)20(15-18)24(29)33/h2-3,5-6,14-15,17,30,32H,4,7-13,16H2,1H3,(H2,29,33)/t17-/m1/s1",PNCPYILNMDWPEY-QGZVFWFLSA-N,exact DDInter name query,exact_unique,valid,"https://pubchem.ncbi.nlm.nih.gov/rest/pug/compound/name/Silodosin/property/Title,ConnectivitySMILES,SMILES,InChI,InChIKey/JSON",2026-09-22
DDInter1668,Siltuximab,,,,,,,exact DDInter name query,unmapped,unavailable,"https://pubchem.ncbi.nlm.nih.gov/rest/pug/compound/name/Siltuximab/property/Title,ConnectivitySMILES,SMILES,InChI,InChIKey/JSON",2026-09-22
DDInter1669,Silver (topical),,,,,,,exact DDInter name query,unmapped,unavailable,"https://pubchem.ncbi.nlm.nih.gov/rest/pug/compound/name/Silver%20%28topical%29/property/Title,ConnectivitySMILES,SMILES,InChI,InChIKey/JSON",2026-09-22
DDInter167,Bazedoxifene,154257,Bazedoxifene,CC1=C(N(C2=C1C=C(C=C2)O)CC3=CC=C(C=C3)OCCN4CCCCCC4)C5=CC=C(C=C5)O,CC1=C(N(C2=C1C=C(C=C2)O)CC3=CC=C(C=C3)OCCN4CCCCCC4)C5=CC=C(C=C5)O,"InChI=1S/C30H34N2O3/c1-22-28-20-26(34)12-15-29(28)32(30(22)24-8-10-25(33)11-9-24)21-23-6-13-27(14-7-23)35-19-18-31-16-4-2-3-5-17-31/h6-15,20,33-34H,2-5,16-19,21H2,1H3",UCJGJABZCDBEDK-UHFFFAOYSA-N,exact DDInter name query,exact_unique,valid,"https://pubchem.ncbi.nlm.nih.gov/rest/pug/compound/name/Bazedoxifene/property/Title,ConnectivitySMILES,SMILES,InChI,InChIKey/JSON",2026-09-22
DDInter1670,Silver nitrate (ophthalmic),,,,,,,exact DDInter name query,unmapped,unavailable,"https://pubchem.ncbi.nlm.nih.gov/rest/pug/compound/name/Silver%20nitrate%20%28ophthalmic%29/property/Title,ConnectivitySMILES,SMILES,InChI,InChIKey/JSON",2026-09-22
DDInter1671,Silver nitrate (topical),,,,,,,exact DDInter name query,unmapped,unavailable,"https://pubchem.ncbi.nlm.nih.gov/rest/pug/compound/name/Silver%20nitrate%20%28topical%29/property/Title,ConnectivitySMILES,SMILES,InChI,InChIKey/JSON",2026-09-22
DDInter1672,Silver sulfadiazine (topical),,,,,,,exact DDInter name query,unmapped,unavailable,"https://pubchem.ncbi.nlm.nih.gov/rest/pug/compound/name/Silver%20sulfadiazine%20%28topical%29/property/Title,ConnectivitySMILES,SMILES,InChI,InChIKey/JSON",2026-09-22
DDInter1673,Simeprevir,24873435,Simeprevir,CC1=C(C=CC2=C1N=C(C=C2OC3CC4C(C3)C(=O)N(CCCCC=CC5CC5(NC4=O)C(=O)NS(=O)(=O)C6CC6)C)C7=NC(=CS7)C(C)C)OC,CC1=C(C=CC2=C1N=C(C=C2O[C@@H]3C[C@@H]4[C@@H](C3)C(=O)N(CCCC/C=C\[C@@H]5C[C@]5(NC4=O)C(=O)NS(=O)(=O)C6CC6)C)C7=NC(=CS7)C(C)C)OC,"InChI=1S/C38H47N5O7S2/c1-21(2)30-20-51-35(40-30)29-18-32(26-13-14-31(49-5)22(3)33(26)39-29)50-24-16-27-28(17-24)36(45)43(4)15-9-7-6-8-10-23-19-38(23,41-34(27)44)37(46)42-52(47,48)25-11-12-25/h8,10,13-14,18,20-21,23-25,27-28H,6-7,9,11-12,15-17,19H2,1-5H3,(H,41,44)(H,42,46)/b10-8-/t23-,24-,27-,28-,38-/m1/s1",JTZZSQYMACOLNN-VDWJNHBNSA-N,exact DDInter name query,exact_unique,valid,"https://pubchem.ncbi.nlm.nih.gov/rest/pug/compound/name/Simeprevir/property/Title,ConnectivitySMILES,SMILES,InChI,InChIKey/JSON",2026-09-22
DDInter1674,Simethicone,6433516,Simethicone,CO[Si](C)(C)O[Si](C)(C)C.O=[Si]=O,CO[Si](C)(C)O[Si](C)(C)C.O=[Si]=O,"InChI=1S/C6H18O2Si2.O2Si/c1-7-10(5,6)8-9(2,3)4;1-3-2/h1-6H3;",AMTWCFIAVKBGOD-UHFFFAOYSA-N,exact DDInter name query,exact_unique,valid,"https://pubchem.ncbi.nlm.nih.gov/rest/pug/compound/name/Simethicone/property/Title,ConnectivitySMILES,SMILES,InChI,InChIKey/JSON",2026-09-22
DDInter1675,Simvastatin,54454,Simvastatin,CCC(C)(C)C(=O)OC1CC(C=C2C1C(C(C=C2)C)CCC3CC(CC(=O)O3)O)C,CCC(C)(C)C(=O)O[C@H]1C[C@H](C=C2[C@H]1[C@H]([C@H](C=C2)C)CC[C@@H]3C[C@H](CC(=O)O3)O)C,"InChI=1S/C25H38O5/c1-6-25(4,5)24(28)30-21-12-15(2)11-17-8-7-16(3)20(23(17)21)10-9-19-13-18(26)14-22(27)29-19/h7-8,11,15-16,18-21,23,26H,6,9-10,12-14H2,1-5H3/t15-,16-,18+,19+,20-,21-,23-/m0/s1",RYMZZMVNJRMUDD-HGQWONQESA-N,exact DDInter name query,exact_unique,valid,"https://pubchem.ncbi.nlm.nih.gov/rest/pug/compound/name/Simvastatin/property/Title,ConnectivitySMILES,SMILES,InChI,InChIKey/JSON",2026-09-22
DDInter1676,Siponimod,44599207,Siponimod,CCC1=C(C=CC(=C1)C(=NOCC2=CC(=C(C=C2)C3CCCCC3)C(F)(F)F)C)CN4CC(C4)C(=O)O,CCC1=C(C=CC(=C1)/C(=N/OCC2=CC(=C(C=C2)C3CCCCC3)C(F)(F)F)/C)CN4CC(C4)C(=O)O,"InChI=1S/C29H35F3N2O3/c1-3-21-14-23(10-11-24(21)15-34-16-25(17-34)28(35)36)19(2)33-37-18-20-9-12-26(22-7-5-4-6-8-22)27(13-20)29(30,31)32/h9-14,22,25H,3-8,15-18H2,1-2H3,(H,35,36)/b33-19+",KIHYPELVXPAIDH-HNSNBQBZSA-N,exact DDInter name query,exact_unique,valid,"https://pubchem.ncbi.nlm.nih.gov/rest/pug/compound/name/Siponimod/property/Title,ConnectivitySMILES,SMILES,InChI,InChIKey/JSON",2026-09-22
DDInter1677,Sipuleucel-T,,,,,,,exact DDInter name query,unmapped,unavailable,"https://pubchem.ncbi.nlm.nih.gov/rest/pug/compound/name/Sipuleucel-T/property/Title,ConnectivitySMILES,SMILES,InChI,InChIKey/JSON",2026-09-22
DDInter1678,Sirolimus,5284616,Sirolimus,CC1CCC2CC(C(=CC=CC=CC(CC(C(=O)C(C(C(=CC(C(=O)CC(OC(=O)C3CCCCN3C(=O)C(=O)C1(O2)O)C(C)CC4CCC(C(C4)OC)O)C)C)O)OC)C)C)C)OC,C[C@@H]1CC[C@H]2C[C@@H](/C(=C/C=C/C=C/[C@H](C[C@H](C(=O)[C@@H]([C@@H](/C(=C/[C@H](C(=O)C[C@H](OC(=O)[C@@H]3CCCCN3C(=O)C(=O)[C@@]1(O2)O)[C@H](C)C[C@@H]4CC[C@H]([C@@H](C4)OC)O)C)/C)O)OC)C)C)/C)OC,"InChI=1S/C51H79NO13/c1-30-16-12-11-13-17-31(2)42(61-8)28-38-21-19-36(7)51(60,65-38)48(57)49(58)52-23-15-14-18-39(52)50(59)64-43(33(4)26-37-20-22-40(53)44(27-37)62-9)29-41(54)32(3)25-35(6)46(56)47(63-10)45(55)34(5)24-30/h11-13,16-17,25,30,32-34,36-40,42-44,46-47,53,56,60H,14-15,18-24,26-29H2,1-10H3/b13-11+,16-12+,31-17+,35-25+/t30-,32-,33-,34-,36-,37+,38+,39+,40-,42+,43+,44-,46-,47+,51-/m1/s1",QFJCIRLUMZQUOT-HPLJOQBZSA-N,exact DDInter name query,exact_unique,valid,"https://pubchem.ncbi.nlm.nih.gov/rest/pug/compound/name/Sirolimus/property/Title,ConnectivitySMILES,SMILES,InChI,InChIKey/JSON",2026-09-22
DDInter1679,Sitagliptin,4369359,Sitagliptin,C1CN2C(=NN=C2C(F)(F)F)CN1C(=O)CC(CC3=CC(=C(C=C3F)F)F)N,C1CN2C(=NN=C2C(F)(F)F)CN1C(=O)C[C@@H](CC3=CC(=C(C=C3F)F)F)N,"InChI=1S/C16H15F6N5O/c17-10-6-12(19)11(18)4-8(10)3-9(23)5-14(28)26-1-2-27-13(7-26)24-25-15(27)16(20,21)22/h4,6,9H,1-3,5,7,23H2/t9-/m1/s1",MFFMDFFZMYYVKS-SECBINFHSA-N,exact DDInter name query,exact_unique,valid,"https://pubchem.ncbi.nlm.nih.gov/rest/pug/compound/name/Sitagliptin/property/Title,ConnectivitySMILES,SMILES,InChI,InChIKey/JSON",2026-09-22
DDInter168,Beclomethasone dipropionate,21700,Beclomethasone Dipropionate,CCC(=O)OCC(=O)C1(C(CC2C1(CC(C3(C2CCC4=CC(=O)C=CC43C)Cl)O)C)C)OC(=O)CC,CCC(=O)OCC(=O)[C@]1([C@H](C[C@@H]2[C@@]1(C[C@@H]([C@]3([C@H]2CCC4=CC(=O)C=C[C@@]43C)Cl)O)C)C)OC(=O)CC,"InChI=1S/C28H37ClO7/c1-6-23(33)35-15-22(32)28(36-24(34)7-2)16(3)12-20-19-9-8-17-13-18(30)10-11-25(17,4)27(19,29)21(31)14-26(20,28)5/h10-11,13,16,19-21,31H,6-9,12,14-15H2,1-5H3/t16-,19-,20-,21-,25-,26-,27-,28-/m0/s1",KUVIULQEHSCUHY-XYWKZLDCSA-N,exact DDInter name query,exact_unique,valid,"https://pubchem.ncbi.nlm.nih.gov/rest/pug/compound/name/Beclomethasone%20dipropionate/property/Title,ConnectivitySMILES,SMILES,InChI,InChIKey/JSON",2026-09-22
DDInter1680,"Smallpox (Vaccinia) Vaccine, Live",,,,,,,exact DDInter name query,unmapped,unavailable,"https://pubchem.ncbi.nlm.nih.gov/rest/pug/compound/name/Smallpox%20%28Vaccinia%29%20Vaccine%2C%20Live/property/Title,ConnectivitySMILES,SMILES,InChI,InChIKey/JSON",2026-09-22
DDInter1681,Sodium acetate,31372,Sodium acetate,CC(=O)[O-].[Na+],CC(=O)[O-].[Na+],"InChI=1S/C2H4O2.Na/c1-2(3)4;/h1H3,(H,3,4);/q;+1/p-1",VMHLLURERBWHNL-UHFFFAOYSA-M,exact DDInter name query,exact_unique,valid,"https://pubchem.ncbi.nlm.nih.gov/rest/pug/compound/name/Sodium%20acetate/property/Title,ConnectivitySMILES,SMILES,InChI,InChIKey/JSON",2026-09-22
DDInter1682,Sodium aurothiomalate,22318,Gold Sodium Thiomalate,C(C(C(=O)[O-])[S-])C(=O)[O-].[Na+].[Na+].[Au+],C(C(C(=O)[O-])[S-])C(=O)[O-].[Na+].[Na+].[Au+],"InChI=1S/C4H6O4S.Au.2Na/c5-3(6)1-2(9)4(7)8;;;/h2,9H,1H2,(H,5,6)(H,7,8);;;/q;3*+1/p-3",VXIHRIQNJCRFQX-UHFFFAOYSA-K,exact DDInter name query,ambiguous,excluded_title_mismatch,"https://pubchem.ncbi.nlm.nih.gov/rest/pug/compound/name/Sodium%20aurothiomalate/property/Title,ConnectivitySMILES,SMILES,InChI,InChIKey/JSON",2026-09-22
DDInter1683,Sodium bicarbonate,516892,Sodium Bicarbonate,C(=O)(O)[O-].[Na+],C(=O)(O)[O-].[Na+],"InChI=1S/CH2O3.Na/c2-1(3)4;/h(H2,2,3,4);/q;+1/p-1",UIIMBOGNXHQVGW-UHFFFAOYSA-M,exact DDInter name query,exact_unique,valid,"https://pubchem.ncbi.nlm.nih.gov/rest/pug/compound/name/Sodium%20bicarbonate/property/Title,ConnectivitySMILES,SMILES,InChI,InChIKey/JSON",2026-09-22
DDInter1684,Sodium cellulose phosphate,,,,,,,exact DDInter name query,unmapped,unavailable,"https://pubchem.ncbi.nlm.nih.gov/rest/pug/compound/name/Sodium%20cellulose%20phosphate/property/Title,ConnectivitySMILES,SMILES,InChI,InChIKey/JSON",2026-09-22
DDInter1685,Sodium chloride,5234,Sodium Chloride,[Na+].[Cl-],[Na+].[Cl-],InChI=1S/ClH.Na/h1H;/q;+1/p-1,FAPWRFPIFSIZLT-UHFFFAOYSA-M,exact DDInter name query,exact_unique,valid,"https://pubchem.ncbi.nlm.nih.gov/rest/pug/compound/name/Sodium%20chloride/property/Title,ConnectivitySMILES,SMILES,InChI,InChIKey/JSON",2026-09-22
DDInter1686,Sodium citrate,6224,Trisodium citrate,C(C(=O)[O-])C(CC(=O)[O-])(C(=O)[O-])O.[Na+].[Na+].[Na+],C(C(=O)[O-])C(CC(=O)[O-])(C(=O)[O-])O.[Na+].[Na+].[Na+],"InChI=1S/C6H8O7.3Na/c7-3(8)1-6(13,5(11)12)2-4(9)10;;;/h13H,1-2H2,(H,7,8)(H,9,10)(H,11,12);;;/q;3*+1/p-3",HRXKRNGNAMMEHJ-UHFFFAOYSA-K,exact DDInter name query,ambiguous,excluded_title_mismatch,"https://pubchem.ncbi.nlm.nih.gov/rest/pug/compound/name/Sodium%20citrate/property/Title,ConnectivitySMILES,SMILES,InChI,InChIKey/JSON",2026-09-22
DDInter1687,Sodium ferric gluconate complex,,,,,,,exact DDInter name query,unmapped,unavailable,"https://pubchem.ncbi.nlm.nih.gov/rest/pug/compound/name/Sodium%20ferric%20gluconate%20complex/property/Title,ConnectivitySMILES,SMILES,InChI,InChIKey/JSON",2026-09-22
DDInter1688,Sodium glycerophosphate,14754,Sodium Glycerophosphate,C(C(COP(=O)([O-])[O-])O)O.[Na+].[Na+],C(C(COP(=O)([O-])[O-])O)O.[Na+].[Na+],"InChI=1S/C3H9O6P.2Na/c4-1-3(5)2-9-10(6,7)8;;/h3-5H,1-2H2,(H2,6,7,8);;/q;2*+1/p-2",GEKBIENFFVFKRG-UHFFFAOYSA-L,exact DDInter name query,exact_unique,valid,"https://pubchem.ncbi.nlm.nih.gov/rest/pug/compound/name/Sodium%20glycerophosphate/property/Title,ConnectivitySMILES,SMILES,InChI,InChIKey/JSON",2026-09-22
DDInter1689,Sodium iodide,5238,Sodium Iodide,[Na+].[I-],[Na+].[I-],InChI=1S/HI.Na/h1H;/q;+1/p-1,FVAUCKIRQBBSSJ-UHFFFAOYSA-M,exact DDInter name query,exact_unique,valid,"https://pubchem.ncbi.nlm.nih.gov/rest/pug/compound/name/Sodium%20iodide/property/Title,ConnectivitySMILES,SMILES,InChI,InChIKey/JSON",2026-09-22
DDInter169,Beclomethasone dipropionate (nasal),,,,,,,exact DDInter name query,unmapped,unavailable,"https://pubchem.ncbi.nlm.nih.gov/rest/pug/compound/name/Beclomethasone%20dipropionate%20%28nasal%29/property/Title,ConnectivitySMILES,SMILES,InChI,InChIKey/JSON",2026-09-22
DDInter1690,Sodium oxybate,23663870,Sodium Oxybate,C(CC(=O)[O-])CO.[Na+],C(CC(=O)[O-])CO.[Na+],"InChI=1S/C4H8O3.Na/c5-3-1-2-4(6)7;/h5H,1-3H2,(H,6,7);/q;+1/p-1",XYGBKMMCQDZQOZ-UHFFFAOYSA-M,exact DDInter name query,exact_unique,valid,"https://pubchem.ncbi.nlm.nih.gov/rest/pug/compound/name/Sodium%20oxybate/property/Title,ConnectivitySMILES,SMILES,InChI,InChIKey/JSON",2026-09-22
DDInter1691,"Sodium phosphate, monobasic",23672064,Monosodium phosphate,OP(=O)(O)[O-].[Na+],OP(=O)(O)[O-].[Na+],"InChI=1S/Na.H3O4P/c;1-5(2,3)4/h;(H3,1,2,3,4)/q+1;/p-1",AJPJDKMHJJGVTQ-UHFFFAOYSA-M,exact DDInter name query,ambiguous,excluded_title_mismatch,"https://pubchem.ncbi.nlm.nih.gov/rest/pug/compound/name/Sodium%20phosphate%2C%20monobasic/property/Title,ConnectivitySMILES,SMILES,InChI,InChIKey/JSON",2026-09-22
DDInter1692,"Sodium phosphate, monobasic (p32)",,,,,,,exact DDInter name query,unmapped,unavailable,"https://pubchem.ncbi.nlm.nih.gov/rest/pug/compound/name/Sodium%20phosphate%2C%20monobasic%20%28p32%29/property/Title,ConnectivitySMILES,SMILES,InChI,InChIKey/JSON",2026-09-22
DDInter1693,Sodium sulfate,24436,Sodium Sulfate,[O-]S(=O)(=O)[O-].[Na+].[Na+],[O-]S(=O)(=O)[O-].[Na+].[Na+],"InChI=1S/2Na.H2O4S/c;;1-5(2,3)4/h;;(H2,1,2,3,4)/q2*+1;/p-2",PMZURENOXWZQFD-UHFFFAOYSA-L,exact DDInter name query,exact_unique,valid,"https://pubchem.ncbi.nlm.nih.gov/rest/pug/compound/name/Sodium%20sulfate/property/Title,ConnectivitySMILES,SMILES,InChI,InChIKey/JSON",2026-09-22
DDInter1694,Sodium zirconium cyclosilicate,155804812,Sodium Zirconium Cyclosilicate,[O-][Si]1(O[Si](O[Si](O1)([O-])[O-])([O-])[O-])[O-].[Na+].[Na+].[Zr+4],[O-][Si]1(O[Si](O[Si](O1)([O-])[O-])([O-])[O-])[O-].[Na+].[Na+].[Zr+4],"InChI=1S/2Na.O9Si3.Zr/c;;1-10(2)7-11(3,4)9-12(5,6)8-10;/q2*+1;-6;+4",QMLIRKACNOVYNW-UHFFFAOYSA-N,exact DDInter name query,exact_unique,valid,"https://pubchem.ncbi.nlm.nih.gov/rest/pug/compound/name/Sodium%20zirconium%20cyclosilicate/property/Title,ConnectivitySMILES,SMILES,InChI,InChIKey/JSON",2026-09-22
DDInter1695,Sofosbuvir,45375808,Sofosbuvir,CC(C)OC(=O)C(C)NP(=O)(OCC1C(C(C(O1)N2C=CC(=O)NC2=O)(C)F)O)OC3=CC=CC=C3,C[C@@H](C(=O)OC(C)C)N[P@](=O)(OC[C@@H]1[C@H]([C@@]([C@@H](O1)N2C=CC(=O)NC2=O)(C)F)O)OC3=CC=CC=C3,"InChI=1S/C22H29FN3O9P/c1-13(2)33-19(29)14(3)25-36(31,35-15-8-6-5-7-9-15)32-12-16-18(28)22(4,23)20(34-16)26-11-10-17(27)24-21(26)30/h5-11,13-14,16,18,20,28H,12H2,1-4H3,(H,25,31)(H,24,27,30)/t14-,16+,18+,20+,22+,36-/m0/s1",TTZHDVOVKQGIBA-IQWMDFIBSA-N,exact DDInter name query,exact_unique,valid,"https://pubchem.ncbi.nlm.nih.gov/rest/pug/compound/name/Sofosbuvir/property/Title,ConnectivitySMILES,SMILES,InChI,InChIKey/JSON",2026-09-22
DDInter1696,Solifenacin,154059,Solifenacin,C1CN2CCC1C(C2)OC(=O)N3CCC4=CC=CC=C4C3C5=CC=CC=C5,C1CN2CCC1[C@H](C2)OC(=O)N3CCC4=CC=CC=C4[C@@H]3C5=CC=CC=C5,"InChI=1S/C23H26N2O2/c26-23(27-21-16-24-13-10-18(21)11-14-24)25-15-12-17-6-4-5-9-20(17)22(25)19-7-2-1-3-8-19/h1-9,18,21-22H,10-16H2/t21-,22-/m0/s1",FBOUYBDGKBSUES-VXKWHMMOSA-N,exact DDInter name query,exact_unique,valid,"https://pubchem.ncbi.nlm.nih.gov/rest/pug/compound/name/Solifenacin/property/Title,ConnectivitySMILES,SMILES,InChI,InChIKey/JSON",2026-09-22
DDInter1697,Solriamfetol,10130337,Solriamfetol,C1=CC=C(C=C1)CC(COC(=O)N)N,C1=CC=C(C=C1)C[C@H](COC(=O)N)N,"InChI=1S/C10H14N2O2/c11-9(7-14-10(12)13)6-8-4-2-1-3-5-8/h1-5,9H,6-7,11H2,(H2,12,13)/t9-/m1/s1",UCTRAOBQFUDCSR-SECBINFHSA-N,exact DDInter name query,exact_unique,valid,"https://pubchem.ncbi.nlm.nih.gov/rest/pug/compound/name/Solriamfetol/property/Title,ConnectivitySMILES,SMILES,InChI,InChIKey/JSON",2026-09-22
DDInter1698,Somapacitan,129894493,Somapacitan,C(CCCCCCCC1=NNN=N1)CCCCCCCC(=O)NS(=O)(=O)CCCC(=O)NCCOCCOCC(=O)NC(CCC(=O)NC(CCC(=O)NCCOCCOCC(=O)NC(CCCCNC(=O)CSCC(C(=O)O)N)C(=O)N)C(=O)O)C(=O)O,C(CCCCCCCC1=NNN=N1)CCCCCCCC(=O)NS(=O)(=O)CCCC(=O)NCCOCCOCC(=O)N[C@@H](CCC(=O)N[C@@H](CCC(=O)NCCOCCOCC(=O)N[C@@H](CCCCNC(=O)CSC[C@@H](C(=O)O)N)C(=O)N)C(=O)O)C(=O)O,"InChI=1S/C54H95N13O20S2/c55-39(52(76)77)37-88-38-50(74)57-25-15-14-17-40(51(56)75)60-48(72)35-86-32-30-85-29-27-59-45(69)23-21-41(53(78)79)61-46(70)24-22-42(54(80)81)62-49(73)36-87-33-31-84-28-26-58-44(68)20-16-34-89(82,83)65-47(71)19-13-11-9-7-5-3-1-2-4-6-8-10-12-18-43-63-66-67-64-43/h39-42H,1-38,55H2,(H2,56,75)(H,57,74)(H,58,68)(H,59,69)(H,60,72)(H,61,70)(H,62,73)(H,65,71)(H,76,77)(H,78,79)(H,80,81)(H,63,64,66,67)/t39-,40-,41-,42-/m0/s1",VTUYEWRWJTWXPQ-IWWWZYECSA-N,exact DDInter name query,exact_unique,valid,"https://pubchem.ncbi.nlm.nih.gov/rest/pug/compound/name/Somapacitan/property/Title,ConnectivitySMILES,SMILES,InChI,InChIKey/JSON",2026-09-22
DDInter1699,Somatotropin,,,,,,,exact DDInter name query,unmapped,unavailable,"https://pubchem.ncbi.nlm.nih.gov/rest/pug/compound/name/Somatotropin/property/Title,ConnectivitySMILES,SMILES,InChI,InChIKey/JSON",2026-09-22
DDInter17,Acetohydroxamic acid,1990,Acetohydroxamic Acid,CC(=O)NO,CC(=O)NO,"InChI=1S/C2H5NO2/c1-2(4)3-5/h5H,1H3,(H,3,4)",RRUDCFGSUDOHDG-UHFFFAOYSA-N,exact DDInter name query,exact_unique,valid,"https://pubchem.ncbi.nlm.nih.gov/rest/pug/compound/name/Acetohydroxamic%20acid/property/Title,ConnectivitySMILES,SMILES,InChI,InChIKey/JSON",2026-09-22
DDInter170,Bedaquiline,5388906,Bedaquiline,CN(C)CCC(C1=CC=CC2=CC=CC=C21)(C(C3=CC=CC=C3)C4=C(N=C5C=CC(=CC5=C4)Br)OC)O,CN(C)CC[C@@](C1=CC=CC2=CC=CC=C21)([C@H](C3=CC=CC=C3)C4=C(N=C5C=CC(=CC5=C4)Br)OC)O,"InChI=1S/C32H31BrN2O2/c1-35(2)19-18-32(36,28-15-9-13-22-10-7-8-14-26(22)28)30(23-11-5-4-6-12-23)27-21-24-20-25(33)16-17-29(24)34-31(27)37-3/h4-17,20-21,30,36H,18-19H2,1-3H3/t30-,32-/m1/s1",QUIJNHUBAXPXFS-XLJNKUFUSA-N,exact DDInter name query,exact_unique,valid,"https://pubchem.ncbi.nlm.nih.gov/rest/pug/compound/name/Bedaquiline/property/Title,ConnectivitySMILES,SMILES,InChI,InChIKey/JSON",2026-09-22
DDInter1700,Somatrem,5487805,Somatrem,CC(C)C(C(=O)NC(C)C(=O)NC(C(C)C)C(=O)NCC(=O)NC(CCC(=O)O)C(=O)NC(CCC(=O)O)C(=O)N1CCCC1C(=O)NCC(=O)N2CCCC2C(=O)NC(CCCN=C(N)N)C(=O)N)N,C[C@@H](C(=O)N[C@@H](C(C)C)C(=O)NCC(=O)N[C@@H](CCC(=O)O)C(=O)N[C@@H](CCC(=O)O)C(=O)N1CCC[C@H]1C(=O)NCC(=O)N2CCC[C@H]2C(=O)N[C@@H](CCCN=C(N)N)C(=O)N)NC(=O)[C@H](C(C)C)N,"InChI=1S/C43H72N14O14/c1-21(2)33(44)40(69)51-23(5)36(65)55-34(22(3)4)41(70)49-19-29(58)52-25(12-14-31(60)61)37(66)54-26(13-15-32(62)63)42(71)57-18-8-10-27(57)38(67)50-20-30(59)56-17-7-11-28(56)39(68)53-24(35(45)64)9-6-16-48-43(46)47/h21-28,33-34H,6-20,44H2,1-5H3,(H2,45,64)(H,49,70)(H,50,67)(H,51,69)(H,52,58)(H,53,68)(H,54,66)(H,55,65)(H,60,61)(H,62,63)(H4,46,47,48)/t23-,24-,25-,26-,27-,28-,33-,34-/m0/s1",BDIVMSNLPYLUFI-FYNIJPSQSA-N,exact DDInter name query,exact_unique,valid,"https://pubchem.ncbi.nlm.nih.gov/rest/pug/compound/name/Somatrem/property/Title,ConnectivitySMILES,SMILES,InChI,InChIKey/JSON",2026-09-22
DDInter1701,Sonidegib,24775005,Sonidegib,CC1CN(CC(O1)C)C2=NC=C(C=C2)NC(=O)C3=CC=CC(=C3C)C4=CC=C(C=C4)OC(F)(F)F,C[C@@H]1CN(C[C@@H](O1)C)C2=NC=C(C=C2)NC(=O)C3=CC=CC(=C3C)C4=CC=C(C=C4)OC(F)(F)F,"InChI=1S/C26H26F3N3O3/c1-16-14-32(15-17(2)34-16)24-12-9-20(13-30-24)31-25(33)23-6-4-5-22(18(23)3)19-7-10-21(11-8-19)35-26(27,28)29/h4-13,16-17H,14-15H2,1-3H3,(H,31,33)/t16-,17+",VZZJRYRQSPEMTK-CALCHBBNSA-N,exact DDInter name query,exact_unique,valid,"https://pubchem.ncbi.nlm.nih.gov/rest/pug/compound/name/Sonidegib/property/Title,ConnectivitySMILES,SMILES,InChI,InChIKey/JSON",2026-09-22
DDInter1702,Sorafenib,216239,Sorafenib,CNC(=O)C1=NC=CC(=C1)OC2=CC=C(C=C2)NC(=O)NC3=CC(=C(C=C3)Cl)C(F)(F)F,CNC(=O)C1=NC=CC(=C1)OC2=CC=C(C=C2)NC(=O)NC3=CC(=C(C=C3)Cl)C(F)(F)F,"InChI=1S/C21H16ClF3N4O3/c1-26-19(30)18-11-15(8-9-27-18)32-14-5-2-12(3-6-14)28-20(31)29-13-4-7-17(22)16(10-13)21(23,24)25/h2-11H,1H3,(H,26,30)(H2,28,29,31)",MLDQJTXFUGDVEO-UHFFFAOYSA-N,exact DDInter name query,exact_unique,valid,"https://pubchem.ncbi.nlm.nih.gov/rest/pug/compound/name/Sorafenib/property/Title,ConnectivitySMILES,SMILES,InChI,InChIKey/JSON",2026-09-22
DDInter1703,Sorbitol,5780,Sorbitol,C(C(C(C(C(CO)O)O)O)O)O,C([C@H]([C@H]([C@@H]([C@H](CO)O)O)O)O)O,"InChI=1S/C6H14O6/c7-1-3(9)5(11)6(12)4(10)2-8/h3-12H,1-2H2/t3-,4+,5-,6-/m1/s1",FBPFZTCFMRRESA-JGWLITMVSA-N,exact DDInter name query,exact_unique,valid,"https://pubchem.ncbi.nlm.nih.gov/rest/pug/compound/name/Sorbitol/property/Title,ConnectivitySMILES,SMILES,InChI,InChIKey/JSON",2026-09-22
DDInter1704,Sotalol,5253,Sotalol,CC(C)NCC(C1=CC=C(C=C1)NS(=O)(=O)C)O,CC(C)NCC(C1=CC=C(C=C1)NS(=O)(=O)C)O,"InChI=1S/C12H20N2O3S/c1-9(2)13-8-12(15)10-4-6-11(7-5-10)14-18(3,16)17/h4-7,9,12-15H,8H2,1-3H3",ZBMZVLHSJCTVON-UHFFFAOYSA-N,exact DDInter name query,exact_unique,valid,"https://pubchem.ncbi.nlm.nih.gov/rest/pug/compound/name/Sotalol/property/Title,ConnectivitySMILES,SMILES,InChI,InChIKey/JSON",2026-09-22
DDInter1705,Sparfloxacin,60464,Sparfloxacin,CC1CN(CC(N1)C)C2=C(C(=C3C(=C2F)N(C=C(C3=O)C(=O)O)C4CC4)N)F,C[C@@H]1CN(C[C@@H](N1)C)C2=C(C(=C3C(=C2F)N(C=C(C3=O)C(=O)O)C4CC4)N)F,"InChI=1S/C19H22F2N4O3/c1-8-5-24(6-9(2)23-8)17-13(20)15(22)12-16(14(17)21)25(10-3-4-10)7-11(18(12)26)19(27)28/h7-10,23H,3-6,22H2,1-2H3,(H,27,28)/t8-,9+",DZZWHBIBMUVIIW-DTORHVGOSA-N,exact DDInter name query,exact_unique,valid,"https://pubchem.ncbi.nlm.nih.gov/rest/pug/compound/name/Sparfloxacin/property/Title,ConnectivitySMILES,SMILES,InChI,InChIKey/JSON",2026-09-22
DDInter1706,Spectinomycin,15541,Spectinomycin,CC1CC(=O)C2(C(O1)OC3C(C(C(C(C3O2)NC)O)NC)O)O,C[C@@H]1CC(=O)[C@]2([C@@H](O1)O[C@@H]3[C@H]([C@@H]([C@@H]([C@@H]([C@H]3O2)NC)O)NC)O)O,"InChI=1S/C14H24N2O7/c1-5-4-6(17)14(20)13(21-5)22-12-10(19)7(15-2)9(18)8(16-3)11(12)23-14/h5,7-13,15-16,18-20H,4H2,1-3H3/t5-,7-,8+,9+,10+,11-,12-,13+,14+/m1/s1",UNFWWIHTNXNPBV-WXKVUWSESA-N,exact DDInter name query,exact_unique,valid,"https://pubchem.ncbi.nlm.nih.gov/rest/pug/compound/name/Spectinomycin/property/Title,ConnectivitySMILES,SMILES,InChI,InChIKey/JSON",2026-09-22
DDInter1707,Spironolactone,5833,Spironolactone,CC(=O)SC1CC2=CC(=O)CCC2(C3C1C4CCC5(C4(CC3)C)CCC(=O)O5)C,CC(=O)S[C@@H]1CC2=CC(=O)CC[C@@]2([C@@H]3[C@@H]1[C@@H]4CC[C@]5([C@]4(CC3)C)CCC(=O)O5)C,"InChI=1S/C24H32O4S/c1-14(25)29-19-13-15-12-16(26)4-8-22(15,2)17-5-9-23(3)18(21(17)19)6-10-24(23)11-7-20(27)28-24/h12,17-19,21H,4-11,13H2,1-3H3/t17-,18-,19+,21+,22-,23-,24+/m0/s1",LXMSZDCAJNLERA-ZHYRCANASA-N,exact DDInter name query,exact_unique,valid,"https://pubchem.ncbi.nlm.nih.gov/rest/pug/compound/name/Spironolactone/property/Title,ConnectivitySMILES,SMILES,InChI,InChIKey/JSON",2026-09-22
DDInter1708,St. John's Wort,,,,,,,exact DDInter name query,unmapped,unavailable,"https://pubchem.ncbi.nlm.nih.gov/rest/pug/compound/name/St.%20John%27s%20Wort/property/Title,ConnectivitySMILES,SMILES,InChI,InChIKey/JSON",2026-09-22
DDInter1709,Stanozolol,25249,Stanozolol,CC12CCC3C(C1CCC2(C)O)CCC4C3(CC5=C(C4)NN=C5)C,C[C@]12CC[C@H]3[C@H]([C@@H]1CC[C@]2(C)O)CC[C@@H]4[C@@]3(CC5=C(C4)NN=C5)C,"InChI=1S/C21H32N2O/c1-19-11-13-12-22-23-18(13)10-14(19)4-5-15-16(19)6-8-20(2)17(15)7-9-21(20,3)24/h12,14-17,24H,4-11H2,1-3H3,(H,22,23)/t14-,15+,16-,17-,19-,20-,21-/m0/s1",LKAJKIOFIWVMDJ-IYRCEVNGSA-N,exact DDInter name query,exact_unique,valid,"https://pubchem.ncbi.nlm.nih.gov/rest/pug/compound/name/Stanozolol/property/Title,ConnectivitySMILES,SMILES,InChI,InChIKey/JSON",2026-09-22
DDInter171,Belantamab mafodotin,,,,,,,exact DDInter name query,unmapped,unavailable,"https://pubchem.ncbi.nlm.nih.gov/rest/pug/compound/name/Belantamab%20mafodotin/property/Title,ConnectivitySMILES,SMILES,InChI,InChIKey/JSON",2026-09-22
DDInter1710,Stavudine,18283,Stavudine,CC1=CN(C(=O)NC1=O)C2C=CC(O2)CO,CC1=CN(C(=O)NC1=O)[C@H]2C=C[C@H](O2)CO,"InChI=1S/C10H12N2O4/c1-6-4-12(10(15)11-9(6)14)8-3-2-7(5-13)16-8/h2-4,7-8,13H,5H2,1H3,(H,11,14,15)/t7-,8+/m0/s1",XNKLLVCARDGLGL-JGVFFNPUSA-N,exact DDInter name query,exact_unique,valid,"https://pubchem.ncbi.nlm.nih.gov/rest/pug/compound/name/Stavudine/property/Title,ConnectivitySMILES,SMILES,InChI,InChIKey/JSON",2026-09-22
DDInter1711,Stiripentol,5311454,Stiripentol,CC(C)(C)C(C=CC1=CC2=C(C=C1)OCO2)O,CC(C)(C)C(/C=C/C1=CC2=C(C=C1)OCO2)O,"InChI=1S/C14H18O3/c1-14(2,3)13(15)7-5-10-4-6-11-12(8-10)17-9-16-11/h4-8,13,15H,9H2,1-3H3/b7-5+",IBLNKMRFIPWSOY-FNORWQNLSA-N,exact DDInter name query,exact_unique,valid,"https://pubchem.ncbi.nlm.nih.gov/rest/pug/compound/name/Stiripentol/property/Title,ConnectivitySMILES,SMILES,InChI,InChIKey/JSON",2026-09-22
DDInter1712,Streptokinase,,,,,,,exact DDInter name query,unmapped,unavailable,"https://pubchem.ncbi.nlm.nih.gov/rest/pug/compound/name/Streptokinase/property/Title,ConnectivitySMILES,SMILES,InChI,InChIKey/JSON",2026-09-22
DDInter1713,Streptomycin,19649,Streptomycin,CC1C(C(C(O1)OC2C(C(C(C(C2O)O)N=C(N)N)O)N=C(N)N)OC3C(C(C(C(O3)CO)O)O)NC)(C=O)O,C[C@H]1[C@@]([C@H]([C@@H](O1)O[C@@H]2[C@H]([C@@H]([C@H]([C@@H]([C@H]2O)O)N=C(N)N)O)N=C(N)N)O[C@H]3[C@H]([C@@H]([C@H]([C@@H](O3)CO)O)O)NC)(C=O)O,"InChI=1S/C21H39N7O12/c1-5-21(36,4-30)16(40-17-9(26-2)13(34)10(31)6(3-29)38-17)18(37-5)39-15-8(28-20(24)25)11(32)7(27-19(22)23)12(33)14(15)35/h4-18,26,29,31-36H,3H2,1-2H3,(H4,22,23,27)(H4,24,25,28)/t5-,6-,7+,8-,9-,10-,11+,12-,13-,14+,15+,16-,17-,18-,21+/m0/s1",UCSJYZPVAKXKNQ-HZYVHMACSA-N,exact DDInter name query,exact_unique,valid,"https://pubchem.ncbi.nlm.nih.gov/rest/pug/compound/name/Streptomycin/property/Title,ConnectivitySMILES,SMILES,InChI,InChIKey/JSON",2026-09-22
DDInter1714,Streptozocin,29327,Streptozocin,CN(C(=O)NC1C(C(C(OC1O)CO)O)O)N=O,CN(C(=O)N[C@@H]1[C@H]([C@@H]([C@H](O[C@@H]1O)CO)O)O)N=O,"InChI=1S/C8H15N3O7/c1-11(10-17)8(16)9-4-6(14)5(13)3(2-12)18-7(4)15/h3-7,12-15H,2H2,1H3,(H,9,16)/t3-,4-,5-,6-,7+/m1/s1",ZSJLQEPLLKMAKR-GKHCUFPYSA-N,exact DDInter name query,exact_unique,valid,"https://pubchem.ncbi.nlm.nih.gov/rest/pug/compound/name/Streptozocin/property/Title,ConnectivitySMILES,SMILES,InChI,InChIKey/JSON",2026-09-22
DDInter1715,Strontium chloride Sr-89,5388879,Strontium Chloride Sr-89,[Cl-].[Cl-].[Sr+2],[Cl-].[Cl-].[89Sr+2],InChI=1S/2ClH.Sr/h2*1H;/q;;+2/p-2/i;;1+1,AHBGXTDRMVNFER-FCHARDOESA-L,exact DDInter name query,exact_unique,valid,"https://pubchem.ncbi.nlm.nih.gov/rest/pug/compound/name/Strontium%20chloride%20Sr-89/property/Title,ConnectivitySMILES,SMILES,InChI,InChIKey/JSON",2026-09-22
DDInter1716,Succinylcholine,5314,Succinylcholine,C[N+](C)(C)CCOC(=O)CCC(=O)OCC[N+](C)(C)C,C[N+](C)(C)CCOC(=O)CCC(=O)OCC[N+](C)(C)C,"InChI=1S/C14H30N2O4/c1-15(2,3)9-11-19-13(17)7-8-14(18)20-12-10-16(4,5)6/h7-12H2,1-6H3/q+2",AXOIZCJOOAYSMI-UHFFFAOYSA-N,exact DDInter name query,exact_unique,valid,"https://pubchem.ncbi.nlm.nih.gov/rest/pug/compound/name/Succinylcholine/property/Title,ConnectivitySMILES,SMILES,InChI,InChIKey/JSON",2026-09-22
DDInter1717,Sucralfate,,,,,,,exact DDInter name query,unmapped,unavailable,"https://pubchem.ncbi.nlm.nih.gov/rest/pug/compound/name/Sucralfate/property/Title,ConnectivitySMILES,SMILES,InChI,InChIKey/JSON",2026-09-22
DDInter1718,Sufentanil,41693,Sufentanil,CCC(=O)N(C1=CC=CC=C1)C2(CCN(CC2)CCC3=CC=CS3)COC,CCC(=O)N(C1=CC=CC=C1)C2(CCN(CC2)CCC3=CC=CS3)COC,"InChI=1S/C22H30N2O2S/c1-3-21(25)24(19-8-5-4-6-9-19)22(18-26-2)12-15-23(16-13-22)14-11-20-10-7-17-27-20/h4-10,17H,3,11-16,18H2,1-2H3",GGCSSNBKKAUURC-UHFFFAOYSA-N,exact DDInter name query,exact_unique,valid,"https://pubchem.ncbi.nlm.nih.gov/rest/pug/compound/name/Sufentanil/property/Title,ConnectivitySMILES,SMILES,InChI,InChIKey/JSON",2026-09-22
DDInter1719,Sugammadex,6918585,Sugammadex,C(CSCC1C2C(C(C(O1)OC3C(OC(C(C3O)O)OC4C(OC(C(C4O)O)OC5C(OC(C(C5O)O)OC6C(OC(C(C6O)O)OC7C(OC(C(C7O)O)OC8C(OC(C(C8O)O)OC9C(OC(O2)C(C9O)O)CSCCC(=O)O)CSCCC(=O)O)CSCCC(=O)O)CSCCC(=O)O)CSCCC(=O)O)CSCCC(=O)O)CSCCC(=O)O)O)O)C(=O)O,C(CSC[C@@H]1[C@@H]2[C@@H]([C@H]([C@H](O1)O[C@@H]3[C@H](O[C@@H]([C@@H]([C@H]3O)O)O[C@@H]4[C@H](O[C@@H]([C@@H]([C@H]4O)O)O[C@@H]5[C@H](O[C@@H]([C@@H]([C@H]5O)O)O[C@@H]6[C@H](O[C@@H]([C@@H]([C@H]6O)O)O[C@@H]7[C@H](O[C@@H]([C@@H]([C@H]7O)O)O[C@@H]8[C@H](O[C@@H]([C@@H]([C@H]8O)O)O[C@@H]9[C@H](O[C@H](O2)[C@@H]([C@H]9O)O)CSCCC(=O)O)CSCCC(=O)O)CSCCC(=O)O)CSCCC(=O)O)CSCCC(=O)O)CSCCC(=O)O)CSCCC(=O)O)O)O)C(=O)O,"InChI=1S/C72H112O48S8/c73-33(74)1-9-121-17-25-57-41(89)49(97)65(105-25)114-58-26(18-122-10-2-34(75)76)107-67(51(99)43(58)91)116-60-28(20-124-12-4-36(79)80)109-69(53(101)45(60)93)118-62-30(22-126-14-6-38(83)84)111-71(55(103)47(62)95)120-64-32(24-128-16-8-40(87)88)112-72(56(104)48(64)96)119-63-31(23-127-15-7-39(85)86)110-70(54(102)46(63)94)117-61-29(21-125-13-5-37(81)82)108-68(52(100)44(61)92)115-59-27(19-123-11-3-35(77)78)106-66(113-57)50(98)42(59)90/h25-32,41-72,89-104H,1-24H2,(H,73,74)(H,75,76)(H,77,78)(H,79,80)(H,81,82)(H,83,84)(H,85,86)(H,87,88)/t25-,26-,27-,28-,29-,30-,31-,32-,41-,42-,43-,44-,45-,46-,47-,48-,49-,50-,51-,52-,53-,54-,55-,56-,57-,58-,59-,60-,61-,62-,63-,64-,65-,66-,67-,68-,69-,70-,71-,72-/m1/s1",WHRODDIHRRDWEW-VTHZAVIASA-N,exact DDInter name query,exact_unique,valid,"https://pubchem.ncbi.nlm.nih.gov/rest/pug/compound/name/Sugammadex/property/Title,ConnectivitySMILES,SMILES,InChI,InChIKey/JSON",2026-09-22
DDInter172,Belatacept,,,,,,,exact DDInter name query,unmapped,unavailable,"https://pubchem.ncbi.nlm.nih.gov/rest/pug/compound/name/Belatacept/property/Title,ConnectivitySMILES,SMILES,InChI,InChIKey/JSON",2026-09-22
DDInter1720,Sulfacetamide (ophthalmic),,,,,,,exact DDInter name query,unmapped,unavailable,"https://pubchem.ncbi.nlm.nih.gov/rest/pug/compound/name/Sulfacetamide%20%28ophthalmic%29/property/Title,ConnectivitySMILES,SMILES,InChI,InChIKey/JSON",2026-09-22
DDInter1721,Sulfadiazine,5215,Sulfadiazine,C1=CN=C(N=C1)NS(=O)(=O)C2=CC=C(C=C2)N,C1=CN=C(N=C1)NS(=O)(=O)C2=CC=C(C=C2)N,"InChI=1S/C10H10N4O2S/c11-8-2-4-9(5-3-8)17(15,16)14-10-12-6-1-7-13-10/h1-7H,11H2,(H,12,13,14)",SEEPANYCNGTZFQ-UHFFFAOYSA-N,exact DDInter name query,exact_unique,valid,"https://pubchem.ncbi.nlm.nih.gov/rest/pug/compound/name/Sulfadiazine/property/Title,ConnectivitySMILES,SMILES,InChI,InChIKey/JSON",2026-09-22
DDInter1722,Sulfadoxine,17134,Sulfadoxine,COC1=C(N=CN=C1OC)NS(=O)(=O)C2=CC=C(C=C2)N,COC1=C(N=CN=C1OC)NS(=O)(=O)C2=CC=C(C=C2)N,"InChI=1S/C12H14N4O4S/c1-19-10-11(14-7-15-12(10)20-2)16-21(17,18)9-5-3-8(13)4-6-9/h3-7H,13H2,1-2H3,(H,14,15,16)",PJSFRIWCGOHTNF-UHFFFAOYSA-N,exact DDInter name query,exact_unique,valid,"https://pubchem.ncbi.nlm.nih.gov/rest/pug/compound/name/Sulfadoxine/property/Title,ConnectivitySMILES,SMILES,InChI,InChIKey/JSON",2026-09-22
DDInter1723,Sulfamethizole,5328,Sulfamethizole,CC1=NN=C(S1)NS(=O)(=O)C2=CC=C(C=C2)N,CC1=NN=C(S1)NS(=O)(=O)C2=CC=C(C=C2)N,"InChI=1S/C9H10N4O2S2/c1-6-11-12-9(16-6)13-17(14,15)8-4-2-7(10)3-5-8/h2-5H,10H2,1H3,(H,12,13)",VACCAVUAMIDAGB-UHFFFAOYSA-N,exact DDInter name query,exact_unique,valid,"https://pubchem.ncbi.nlm.nih.gov/rest/pug/compound/name/Sulfamethizole/property/Title,ConnectivitySMILES,SMILES,InChI,InChIKey/JSON",2026-09-22
DDInter1724,Sulfamethoxazole,5329,Sulfamethoxazole,CC1=CC(=NO1)NS(=O)(=O)C2=CC=C(C=C2)N,CC1=CC(=NO1)NS(=O)(=O)C2=CC=C(C=C2)N,"InChI=1S/C10H11N3O3S/c1-7-6-10(12-16-7)13-17(14,15)9-4-2-8(11)3-5-9/h2-6H,11H2,1H3,(H,12,13)",JLKIGFTWXXRPMT-UHFFFAOYSA-N,exact DDInter name query,exact_unique,valid,"https://pubchem.ncbi.nlm.nih.gov/rest/pug/compound/name/Sulfamethoxazole/property/Title,ConnectivitySMILES,SMILES,InChI,InChIKey/JSON",2026-09-22
DDInter1725,Sulfasalazine,5339,Sulfasalazine,C1=CC=NC(=C1)NS(=O)(=O)C2=CC=C(C=C2)N=NC3=CC(=C(C=C3)O)C(=O)O,C1=CC=NC(=C1)NS(=O)(=O)C2=CC=C(C=C2)N=NC3=CC(=C(C=C3)O)C(=O)O,"InChI=1S/C18H14N4O5S/c23-16-9-6-13(11-15(16)18(24)25)21-20-12-4-7-14(8-5-12)28(26,27)22-17-3-1-2-10-19-17/h1-11,23H,(H,19,22)(H,24,25)",NCEXYHBECQHGNR-UHFFFAOYSA-N,exact DDInter name query,exact_unique,valid,"https://pubchem.ncbi.nlm.nih.gov/rest/pug/compound/name/Sulfasalazine/property/Title,ConnectivitySMILES,SMILES,InChI,InChIKey/JSON",2026-09-22
DDInter1726,Sulfinpyrazone,5342,Sulfinpyrazone,C1=CC=C(C=C1)N2C(=O)C(C(=O)N2C3=CC=CC=C3)CCS(=O)C4=CC=CC=C4,C1=CC=C(C=C1)N2C(=O)C(C(=O)N2C3=CC=CC=C3)CCS(=O)C4=CC=CC=C4,"InChI=1S/C23H20N2O3S/c26-22-21(16-17-29(28)20-14-8-3-9-15-20)23(27)25(19-12-6-2-7-13-19)24(22)18-10-4-1-5-11-18/h1-15,21H,16-17H2",MBGGBVCUIVRRBF-UHFFFAOYSA-N,exact DDInter name query,exact_unique,valid,"https://pubchem.ncbi.nlm.nih.gov/rest/pug/compound/name/Sulfinpyrazone/property/Title,ConnectivitySMILES,SMILES,InChI,InChIKey/JSON",2026-09-22
DDInter1727,Sulfisoxazole,5344,Sulfisoxazole,CC1=C(ON=C1C)NS(=O)(=O)C2=CC=C(C=C2)N,CC1=C(ON=C1C)NS(=O)(=O)C2=CC=C(C=C2)N,"InChI=1S/C11H13N3O3S/c1-7-8(2)13-17-11(7)14-18(15,16)10-5-3-9(12)4-6-10/h3-6,14H,12H2,1-2H3",NHUHCSRWZMLRLA-UHFFFAOYSA-N,exact DDInter name query,exact_unique,valid,"https://pubchem.ncbi.nlm.nih.gov/rest/pug/compound/name/Sulfisoxazole/property/Title,ConnectivitySMILES,SMILES,InChI,InChIKey/JSON",2026-09-22
DDInter1729,Sulindac,1548887,Sulindac,CC1=C(C2=C(C1=CC3=CC=C(C=C3)S(=O)C)C=CC(=C2)F)CC(=O)O,CC\1=C(C2=C(/C1=C\C3=CC=C(C=C3)S(=O)C)C=CC(=C2)F)CC(=O)O,"InChI=1S/C20H17FO3S/c1-12-17(9-13-3-6-15(7-4-13)25(2)24)16-8-5-14(21)10-19(16)18(12)11-20(22)23/h3-10H,11H2,1-2H3,(H,22,23)/b17-9-",MLKXDPUZXIRXEP-MFOYZWKCSA-N,exact DDInter name query,exact_unique,valid,"https://pubchem.ncbi.nlm.nih.gov/rest/pug/compound/name/Sulindac/property/Title,ConnectivitySMILES,SMILES,InChI,InChIKey/JSON",2026-09-22
DDInter173,Belimumab,,,,,,,exact DDInter name query,unmapped,unavailable,"https://pubchem.ncbi.nlm.nih.gov/rest/pug/compound/name/Belimumab/property/Title,ConnectivitySMILES,SMILES,InChI,InChIKey/JSON",2026-09-22
DDInter1730,Sumatriptan,5358,Sumatriptan,CNS(=O)(=O)CC1=CC2=C(C=C1)NC=C2CCN(C)C,CNS(=O)(=O)CC1=CC2=C(C=C1)NC=C2CCN(C)C,"InChI=1S/C14H21N3O2S/c1-15-20(18,19)10-11-4-5-14-13(8-11)12(9-16-14)6-7-17(2)3/h4-5,8-9,15-16H,6-7,10H2,1-3H3",KQKPFRSPSRPDEB-UHFFFAOYSA-N,exact DDInter name query,exact_unique,valid,"https://pubchem.ncbi.nlm.nih.gov/rest/pug/compound/name/Sumatriptan/property/Title,ConnectivitySMILES,SMILES,InChI,InChIKey/JSON",2026-09-22
DDInter1731,Sunitinib,5329102,Sunitinib,CCN(CC)CCNC(=O)C1=C(NC(=C1C)C=C2C3=C(C=CC(=C3)F)NC2=O)C,CCN(CC)CCNC(=O)C1=C(NC(=C1C)/C=C\2/C3=C(C=CC(=C3)F)NC2=O)C,"InChI=1S/C22H27FN4O2/c1-5-27(6-2)10-9-24-22(29)20-13(3)19(25-14(20)4)12-17-16-11-15(23)7-8-18(16)26-21(17)28/h7-8,11-12,25H,5-6,9-10H2,1-4H3,(H,24,29)(H,26,28)/b17-12-",WINHZLLDWRZWRT-ATVHPVEESA-N,exact DDInter name query,exact_unique,valid,"https://pubchem.ncbi.nlm.nih.gov/rest/pug/compound/name/Sunitinib/property/Title,ConnectivitySMILES,SMILES,InChI,InChIKey/JSON",2026-09-22
DDInter1732,Suprofen (ophthalmic),,,,,,,exact DDInter name query,unmapped,unavailable,"https://pubchem.ncbi.nlm.nih.gov/rest/pug/compound/name/Suprofen%20%28ophthalmic%29/property/Title,ConnectivitySMILES,SMILES,InChI,InChIKey/JSON",2026-09-22
DDInter1733,Suvorexant,24965990,Suvorexant,CC1CCN(CCN1C(=O)C2=C(C=CC(=C2)C)N3N=CC=N3)C4=NC5=C(O4)C=CC(=C5)Cl,C[C@@H]1CCN(CCN1C(=O)C2=C(C=CC(=C2)C)N3N=CC=N3)C4=NC5=C(O4)C=CC(=C5)Cl,"InChI=1S/C23H23ClN6O2/c1-15-3-5-20(30-25-8-9-26-30)18(13-15)22(31)29-12-11-28(10-7-16(29)2)23-27-19-14-17(24)4-6-21(19)32-23/h3-6,8-9,13-14,16H,7,10-12H2,1-2H3/t16-/m1/s1",JYTNQNCOQXFQPK-MRXNPFEDSA-N,exact DDInter name query,exact_unique,valid,"https://pubchem.ncbi.nlm.nih.gov/rest/pug/compound/name/Suvorexant/property/Title,ConnectivitySMILES,SMILES,InChI,InChIKey/JSON",2026-09-22
DDInter1734,Tacrine,1935,Tacrine,C1CCC2=NC3=CC=CC=C3C(=C2C1)N,C1CCC2=NC3=CC=CC=C3C(=C2C1)N,"InChI=1S/C13H14N2/c14-13-9-5-1-3-7-11(9)15-12-8-4-2-6-10(12)13/h1,3,5,7H,2,4,6,8H2,(H2,14,15)",YLJREFDVOIBQDA-UHFFFAOYSA-N,exact DDInter name query,exact_unique,valid,"https://pubchem.ncbi.nlm.nih.gov/rest/pug/compound/name/Tacrine/property/Title,ConnectivitySMILES,SMILES,InChI,InChIKey/JSON",2026-09-22
DDInter1735,Tacrolimus,445643,Tacrolimus,CC1CC(C2C(CC(C(O2)(C(=O)C(=O)N3CCCCC3C(=O)OC(C(C(CC(=O)C(C=C(C1)C)CC=C)O)C)C(=CC4CCC(C(C4)OC)O)C)O)C)OC)OC,C[C@@H]1C[C@@H]([C@@H]2[C@H](C[C@H]([C@@](O2)(C(=O)C(=O)N3CCCC[C@H]3C(=O)O[C@@H]([C@@H]([C@H](CC(=O)[C@@H](/C=C(/C1)\C)CC=C)O)C)/C(=C/[C@@H]4CC[C@H]([C@@H](C4)OC)O)/C)O)C)OC)OC,"InChI=1S/C44H69NO12/c1-10-13-31-19-25(2)18-26(3)20-37(54-8)40-38(55-9)22-28(5)44(52,57-40)41(49)42(50)45-17-12-11-14-32(45)43(51)56-39(29(6)34(47)24-35(31)48)27(4)21-30-15-16-33(46)36(23-30)53-7/h10,19,21,26,28-34,36-40,46-47,52H,1,11-18,20,22-24H2,2-9H3/b25-19+,27-21+/t26-,28+,29+,30-,31+,32-,33+,34-,36+,37-,38-,39+,40+,44+/m0/s1",QJJXYPPXXYFBGM-LFZNUXCKSA-N,exact DDInter name query,exact_unique,valid,"https://pubchem.ncbi.nlm.nih.gov/rest/pug/compound/name/Tacrolimus/property/Title,ConnectivitySMILES,SMILES,InChI,InChIKey/JSON",2026-09-22
DDInter1736,Tadalafil,110635,Tadalafil,CN1CC(=O)N2C(C1=O)CC3=C(C2C4=CC5=C(C=C4)OCO5)NC6=CC=CC=C36,CN1CC(=O)N2[C@@H](C1=O)CC3=C([C@H]2C4=CC5=C(C=C4)OCO5)NC6=CC=CC=C36,"InChI=1S/C22H19N3O4/c1-24-10-19(26)25-16(22(24)27)9-14-13-4-2-3-5-15(13)23-20(14)21(25)12-6-7-17-18(8-12)29-11-28-17/h2-8,16,21,23H,9-11H2,1H3/t16-,21-/m1/s1",WOXKDUGGOYFFRN-IIBYNOLFSA-N,exact DDInter name query,exact_unique,valid,"https://pubchem.ncbi.nlm.nih.gov/rest/pug/compound/name/Tadalafil/property/Title,ConnectivitySMILES,SMILES,InChI,InChIKey/JSON",2026-09-22
DDInter1737,Tafamidis,11001318,Tafamidis,C1=CC2=C(C=C1C(=O)O)OC(=N2)C3=CC(=CC(=C3)Cl)Cl,C1=CC2=C(C=C1C(=O)O)OC(=N2)C3=CC(=CC(=C3)Cl)Cl,"InChI=1S/C14H7Cl2NO3/c15-9-3-8(4-10(16)6-9)13-17-11-2-1-7(14(18)19)5-12(11)20-13/h1-6H,(H,18,19)",TXEIIPDJKFWEEC-UHFFFAOYSA-N,exact DDInter name query,exact_unique,valid,"https://pubchem.ncbi.nlm.nih.gov/rest/pug/compound/name/Tafamidis/property/Title,ConnectivitySMILES,SMILES,InChI,InChIKey/JSON",2026-09-22
DDInter1738,Tafasitamab,,,,,,,exact DDInter name query,unmapped,unavailable,"https://pubchem.ncbi.nlm.nih.gov/rest/pug/compound/name/Tafasitamab/property/Title,ConnectivitySMILES,SMILES,InChI,InChIKey/JSON",2026-09-22
DDInter1739,Tafenoquine,115358,Tafenoquine,CC1=CC(=NC2=C1C(=C(C=C2NC(C)CCCN)OC)OC3=CC=CC(=C3)C(F)(F)F)OC,CC1=CC(=NC2=C1C(=C(C=C2NC(C)CCCN)OC)OC3=CC=CC(=C3)C(F)(F)F)OC,"InChI=1S/C24H28F3N3O3/c1-14-11-20(32-4)30-22-18(29-15(2)7-6-10-28)13-19(31-3)23(21(14)22)33-17-9-5-8-16(12-17)24(25,26)27/h5,8-9,11-13,15,29H,6-7,10,28H2,1-4H3",LBHLFPGPEGDCJG-UHFFFAOYSA-N,exact DDInter name query,exact_unique,valid,"https://pubchem.ncbi.nlm.nih.gov/rest/pug/compound/name/Tafenoquine/property/Title,ConnectivitySMILES,SMILES,InChI,InChIKey/JSON",2026-09-22
DDInter174,Belinostat,6918638,Belinostat,C1=CC=C(C=C1)NS(=O)(=O)C2=CC=CC(=C2)C=CC(=O)NO,C1=CC=C(C=C1)NS(=O)(=O)C2=CC=CC(=C2)/C=C/C(=O)NO,"InChI=1S/C15H14N2O4S/c18-15(16-19)10-9-12-5-4-8-14(11-12)22(20,21)17-13-6-2-1-3-7-13/h1-11,17,19H,(H,16,18)/b10-9+",NCNRHFGMJRPRSK-MDZDMXLPSA-N,exact DDInter name query,exact_unique,valid,"https://pubchem.ncbi.nlm.nih.gov/rest/pug/compound/name/Belinostat/property/Title,ConnectivitySMILES,SMILES,InChI,InChIKey/JSON",2026-09-22
DDInter1741,Tagraxofusp,,,,,,,exact DDInter name query,unmapped,unavailable,"https://pubchem.ncbi.nlm.nih.gov/rest/pug/compound/name/Tagraxofusp/property/Title,ConnectivitySMILES,SMILES,InChI,InChIKey/JSON",2026-09-22
DDInter1742,Talazoparib,135565082,Talazoparib,CN1C(=NC=N1)C2C(NC3=CC(=CC4=C3C2=NNC4=O)F)C5=CC=C(C=C5)F,CN1C(=NC=N1)[C@@H]2[C@H](NC3=CC(=CC4=C3C2=NNC4=O)F)C5=CC=C(C=C5)F,"InChI=1S/C19H14F2N6O/c1-27-18(22-8-23-27)15-16(9-2-4-10(20)5-3-9)24-13-7-11(21)6-12-14(13)17(15)25-26-19(12)28/h2-8,15-16,24H,1H3,(H,26,28)/t15-,16-/m1/s1",HWGQMRYQVZSGDQ-HZPDHXFCSA-N,exact DDInter name query,exact_unique,valid,"https://pubchem.ncbi.nlm.nih.gov/rest/pug/compound/name/Talazoparib/property/Title,ConnectivitySMILES,SMILES,InChI,InChIKey/JSON",2026-09-22
DDInter1743,Talimogene laherparepvec,,,,,,,exact DDInter name query,unmapped,unavailable,"https://pubchem.ncbi.nlm.nih.gov/rest/pug/compound/name/Talimogene%20laherparepvec/property/Title,ConnectivitySMILES,SMILES,InChI,InChIKey/JSON",2026-09-22
DDInter1744,Tamoxifen,2733526,Tamoxifen,CCC(=C(C1=CC=CC=C1)C2=CC=C(C=C2)OCCN(C)C)C3=CC=CC=C3,CC/C(=C(\C1=CC=CC=C1)/C2=CC=C(C=C2)OCCN(C)C)/C3=CC=CC=C3,"InChI=1S/C26H29NO/c1-4-25(21-11-7-5-8-12-21)26(22-13-9-6-10-14-22)23-15-17-24(18-16-23)28-20-19-27(2)3/h5-18H,4,19-20H2,1-3H3/b26-25-",NKANXQFJJICGDU-QPLCGJKRSA-N,exact DDInter name query,exact_unique,valid,"https://pubchem.ncbi.nlm.nih.gov/rest/pug/compound/name/Tamoxifen/property/Title,ConnectivitySMILES,SMILES,InChI,InChIKey/JSON",2026-09-22
DDInter1745,Tamsulosin,129211,Tamsulosin,CCOC1=CC=CC=C1OCCNC(C)CC2=CC(=C(C=C2)OC)S(=O)(=O)N,CCOC1=CC=CC=C1OCCN[C@H](C)CC2=CC(=C(C=C2)OC)S(=O)(=O)N,"InChI=1S/C20H28N2O5S/c1-4-26-17-7-5-6-8-18(17)27-12-11-22-15(2)13-16-9-10-19(25-3)20(14-16)28(21,23)24/h5-10,14-15,22H,4,11-13H2,1-3H3,(H2,21,23,24)/t15-/m1/s1",DRHKJLXJIQTDTD-OAHLLOKOSA-N,exact DDInter name query,exact_unique,valid,"https://pubchem.ncbi.nlm.nih.gov/rest/pug/compound/name/Tamsulosin/property/Title,ConnectivitySMILES,SMILES,InChI,InChIKey/JSON",2026-09-22
DDInter1746,Tapentadol,9838022,Tapentadol,CCC(C1=CC(=CC=C1)O)C(C)CN(C)C,CC[C@@H](C1=CC(=CC=C1)O)[C@@H](C)CN(C)C,"InChI=1S/C14H23NO/c1-5-14(11(2)10-15(3)4)12-7-6-8-13(16)9-12/h6-9,11,14,16H,5,10H2,1-4H3/t11-,14+/m0/s1",KWTWDQCKEHXFFR-SMDDNHRTSA-N,exact DDInter name query,exact_unique,valid,"https://pubchem.ncbi.nlm.nih.gov/rest/pug/compound/name/Tapentadol/property/Title,ConnectivitySMILES,SMILES,InChI,InChIKey/JSON",2026-09-22
DDInter1747,Tasimelteon,10220503,Tasimelteon,CCC(=O)NCC1CC1C2=C3CCOC3=CC=C2,CCC(=O)NC[C@@H]1C[C@H]1C2=C3CCOC3=CC=C2,"InChI=1S/C15H19NO2/c1-2-15(17)16-9-10-8-13(10)11-4-3-5-14-12(11)6-7-18-14/h3-5,10,13H,2,6-9H2,1H3,(H,16,17)/t10-,13+/m0/s1",PTOIAAWZLUQTIO-GXFFZTMASA-N,exact DDInter name query,exact_unique,valid,"https://pubchem.ncbi.nlm.nih.gov/rest/pug/compound/name/Tasimelteon/property/Title,ConnectivitySMILES,SMILES,InChI,InChIKey/JSON",2026-09-22
DDInter1748,Tazarotene,5381,Tazarotene,CCOC(=O)C1=CN=C(C=C1)C#CC2=CC3=C(C=C2)SCCC3(C)C,CCOC(=O)C1=CN=C(C=C1)C#CC2=CC3=C(C=C2)SCCC3(C)C,"InChI=1S/C21H21NO2S/c1-4-24-20(23)16-7-9-17(22-14-16)8-5-15-6-10-19-18(13-15)21(2,3)11-12-25-19/h6-7,9-10,13-14H,4,11-12H2,1-3H3",OGQICQVSFDPSEI-UHFFFAOYSA-N,exact DDInter name query,exact_unique,valid,"https://pubchem.ncbi.nlm.nih.gov/rest/pug/compound/name/Tazarotene/property/Title,ConnectivitySMILES,SMILES,InChI,InChIKey/JSON",2026-09-22
DDInter1749,Tazarotene (topical),,,,,,,exact DDInter name query,unmapped,unavailable,"https://pubchem.ncbi.nlm.nih.gov/rest/pug/compound/name/Tazarotene%20%28topical%29/property/Title,ConnectivitySMILES,SMILES,InChI,InChIKey/JSON",2026-09-22
DDInter175,Belladonna,,,,,,,exact DDInter name query,unmapped,unavailable,"https://pubchem.ncbi.nlm.nih.gov/rest/pug/compound/name/Belladonna/property/Title,ConnectivitySMILES,SMILES,InChI,InChIKey/JSON",2026-09-22
DDInter1750,Tazemetostat,66558664,Tazemetostat,CCN(C1CCOCC1)C2=CC(=CC(=C2C)C(=O)NCC3=C(C=C(NC3=O)C)C)C4=CC=C(C=C4)CN5CCOCC5,CCN(C1CCOCC1)C2=CC(=CC(=C2C)C(=O)NCC3=C(C=C(NC3=O)C)C)C4=CC=C(C=C4)CN5CCOCC5,"InChI=1S/C34H44N4O4/c1-5-38(29-10-14-41-15-11-29)32-20-28(27-8-6-26(7-9-27)22-37-12-16-42-17-13-37)19-30(25(32)4)33(39)35-21-31-23(2)18-24(3)36-34(31)40/h6-9,18-20,29H,5,10-17,21-22H2,1-4H3,(H,35,39)(H,36,40)",NSQSAUGJQHDYNO-UHFFFAOYSA-N,exact DDInter name query,exact_unique,valid,"https://pubchem.ncbi.nlm.nih.gov/rest/pug/compound/name/Tazemetostat/property/Title,ConnectivitySMILES,SMILES,InChI,InChIKey/JSON",2026-09-22
DDInter1752,Tedizolid,11234049,Tedizolid,CN1N=C(N=N1)C2=NC=C(C=C2)C3=C(C=C(C=C3)N4CC(OC4=O)CO)F,CN1N=C(N=N1)C2=NC=C(C=C2)C3=C(C=C(C=C3)N4C[C@@H](OC4=O)CO)F,"InChI=1S/C17H15FN6O3/c1-23-21-16(20-22-23)15-5-2-10(7-19-15)13-4-3-11(6-14(13)18)24-8-12(9-25)27-17(24)26/h2-7,12,25H,8-9H2,1H3/t12-/m1/s1",XFALPSLJIHVRKE-GFCCVEGCSA-N,exact DDInter name query,exact_unique,valid,"https://pubchem.ncbi.nlm.nih.gov/rest/pug/compound/name/Tedizolid/property/Title,ConnectivitySMILES,SMILES,InChI,InChIKey/JSON",2026-09-22
DDInter1753,Teduglutide,16139605,Teduglutide,CCC(C)C(C(=O)NC(C(C)O)C(=O)NC(CC(=O)O)C(=O)O)NC(=O)C(CCCCN)NC(=O)C(C(C)O)NC(=O)C(CCC(=O)N)NC(=O)C(C(C)CC)NC(=O)C(CC(C)C)NC(=O)C(CC1=CNC2=CC=CC=C21)NC(=O)C(CC(=O)N)NC(=O)C(C(C)CC)NC(=O)C(CC3=CC=CC=C3)NC(=O)C(CC(=O)O)NC(=O)C(CCCNC(=N)N)NC(=O)C(C)NC(=O)C(C)NC(=O)C(CC(C)C)NC(=O)C(CC(=O)N)NC(=O)C(CC(=O)O)NC(=O)C(CC(C)C)NC(=O)C(C(C)CC)NC(=O)C(C(C)O)NC(=O)C(CC(=O)N)NC(=O)C(CCSC)NC(=O)C(CCC(=O)O)NC(=O)C(CC(=O)O)NC(=O)C(CO)NC(=O)C(CC4=CC=CC=C4)NC(=O)C(CO)NC(=O)CNC(=O)C(CC(=O)O)NC(=O)CNC(=O)C(CC5=CN=CN5)N,CC[C@H](C)[C@@H](C(=O)N[C@@H]([C@@H](C)O)C(=O)N[C@@H](CC(=O)O)C(=O)O)NC(=O)[C@H](CCCCN)NC(=O)[C@H]([C@@H](C)O)NC(=O)[C@H](CCC(=O)N)NC(=O)[C@H]([C@@H](C)CC)NC(=O)[C@H](CC(C)C)NC(=O)[C@H](CC1=CNC2=CC=CC=C21)NC(=O)[C@H](CC(=O)N)NC(=O)[C@H]([C@@H](C)CC)NC(=O)[C@H](CC3=CC=CC=C3)NC(=O)[C@H](CC(=O)O)NC(=O)[C@H](CCCNC(=N)N)NC(=O)[C@H](C)NC(=O)[C@H](C)NC(=O)[C@H](CC(C)C)NC(=O)[C@H](CC(=O)N)NC(=O)[C@H](CC(=O)O)NC(=O)[C@H](CC(C)C)NC(=O)[C@H]([C@@H](C)CC)NC(=O)[C@H]([C@@H](C)O)NC(=O)[C@H](CC(=O)N)NC(=O)[C@H](CCSC)NC(=O)[C@H](CCC(=O)O)NC(=O)[C@H](CC(=O)O)NC(=O)[C@H](CO)NC(=O)[C@H](CC4=CC=CC=C4)NC(=O)[C@H](CO)NC(=O)CNC(=O)[C@H](CC(=O)O)NC(=O)CNC(=O)[C@H](CC5=CN=CN5)N,"InChI=1S/C164H252N44O55S/c1-21-77(11)126(156(255)187-95(44-46-114(167)214)141(240)206-130(83(17)211)160(259)186-93(42-33-34-49-165)140(239)202-129(80(14)24-4)159(258)208-131(84(18)212)161(260)200-111(163(262)263)66-125(230)231)203-151(250)100(54-76(9)10)189-145(244)103(57-88-67-175-92-41-32-31-40-90(88)92)192-147(246)105(60-116(169)216)199-157(256)127(78(12)22-2)204-152(251)102(56-87-38-29-26-30-39-87)190-149(248)109(64-123(226)227)195-137(236)94(43-35-50-174-164(171)172)183-134(233)82(16)179-133(232)81(15)180-142(241)98(52-74(5)6)188-146(245)104(59-115(168)215)194-150(249)110(65-124(228)229)196-143(242)99(53-75(7)8)198-158(257)128(79(13)23-3)205-162(261)132(85(19)213)207-153(252)106(61-117(170)217)193-139(238)97(48-51-264-20)185-138(237)96(45-47-120(220)221)184-148(247)108(63-122(224)225)197-155(254)113(72-210)201-144(243)101(55-86-36-27-25-28-37-86)191-154(253)112(71-209)182-119(219)70-177-136(235)107(62-121(222)223)181-118(218)69-176-135(234)91(166)58-89-68-173-73-178-89/h25-32,36-41,67-68,73-85,91,93-113,126-132,175,209-213H,21-24,33-35,42-66,69-72,165-166H2,1-20H3,(H2,167,214)(H2,168,215)(H2,169,216)(H2,170,217)(H,173,178)(H,176,234)(H,177,235)(H,179,232)(H,180,241)(H,181,218)(H,182,219)(H,183,233)(H,184,247)(H,185,237)(H,186,259)(H,187,255)(H,188,245)(H,189,244)(H,190,248)(H,191,253)(H,192,246)(H,193,238)(H,194,249)(H,195,236)(H,196,242)(H,197,254)(H,198,257)(H,199,256)(H,200,260)(H,201,243)(H,202,239)(H,203,250)(H,204,251)(H,205,261)(H,206,240)(H,207,252)(H,208,258)(H,220,221)(H,222,223)(H,224,225)(H,226,227)(H,228,229)(H,230,231)(H,262,263)(H4,171,172,174)/t77-,78-,79-,80-,81-,82-,83+,84+,85+,91-,93-,94-,95-,96-,97-,98-,99-,100-,101-,102-,103-,104-,105-,106-,107-,108-,109-,110-,111-,112-,113-,126-,127-,128-,129-,130-,131-,132-/m0/s1",CILIXQOJUNDIDU-ASQIGDHWSA-N,exact DDInter name query,exact_unique,valid,"https://pubchem.ncbi.nlm.nih.gov/rest/pug/compound/name/Teduglutide/property/Title,ConnectivitySMILES,SMILES,InChI,InChIKey/JSON",2026-09-22
DDInter1754,Tegaserod,135409453,Tegaserod,CCCCCN=C(N)NN=CC1=CNC2=C1C=C(C=C2)OC,CCCCCN=C(N)N/N=C/C1=CNC2=C1C=C(C=C2)OC,"InChI=1S/C16H23N5O/c1-3-4-5-8-18-16(17)21-20-11-12-10-19-15-7-6-13(22-2)9-14(12)15/h6-7,9-11,19H,3-5,8H2,1-2H3,(H3,17,18,21)/b20-11+",IKBKZGMPCYNSLU-RGVLZGJSSA-N,exact DDInter name query,exact_unique,valid,"https://pubchem.ncbi.nlm.nih.gov/rest/pug/compound/name/Tegaserod/property/Title,ConnectivitySMILES,SMILES,InChI,InChIKey/JSON",2026-09-22
DDInter1755,Telaprevir,3010818,Telaprevir,CCCC(C(=O)C(=O)NC1CC1)NC(=O)C2C3CCCC3CN2C(=O)C(C(C)(C)C)NC(=O)C(C4CCCCC4)NC(=O)C5=NC=CN=C5,CCC[C@@H](C(=O)C(=O)NC1CC1)NC(=O)[C@@H]2[C@H]3CCC[C@H]3CN2C(=O)[C@H](C(C)(C)C)NC(=O)[C@H](C4CCCCC4)NC(=O)C5=NC=CN=C5,"InChI=1S/C36H53N7O6/c1-5-10-25(29(44)34(48)39-23-15-16-23)40-33(47)28-24-14-9-13-22(24)20-43(28)35(49)30(36(2,3)4)42-32(46)27(21-11-7-6-8-12-21)41-31(45)26-19-37-17-18-38-26/h17-19,21-25,27-28,30H,5-16,20H2,1-4H3,(H,39,48)(H,40,47)(H,41,45)(H,42,46)/t22-,24-,25-,27-,28-,30+/m0/s1",BBAWEDCPNXPBQM-GDEBMMAJSA-N,exact DDInter name query,exact_unique,valid,"https://pubchem.ncbi.nlm.nih.gov/rest/pug/compound/name/Telaprevir/property/Title,ConnectivitySMILES,SMILES,InChI,InChIKey/JSON",2026-09-22
DDInter1756,Telavancin,3081362,Telavancin,CCCCCCCCCCNCCNC1(CC(OC(C1O)C)OC2C(C(C(OC2OC3=C4C=C5C=C3OC6=C(C=C(C=C6)C(C(C(=O)NC(C(=O)NC5C(=O)NC7C8=CC(=C(C=C8)O)C9=C(C(=C(C=C9C(NC(=O)C(C(C1=CC(=C(O4)C=C1)Cl)O)NC7=O)C(=O)O)O)CNCP(=O)(O)O)O)CC(=O)N)NC(=O)C(CC(C)C)NC)O)Cl)CO)O)O)C,CCCCCCCCCCNCCN[C@]1(C[C@@H](O[C@H]([C@H]1O)C)O[C@@H]2[C@H]([C@@H]([C@H](O[C@H]2OC3=C4C=C5C=C3OC6=C(C=C(C=C6)[C@H]([C@H](C(=O)N[C@H](C(=O)N[C@H]5C(=O)N[C@@H]7C8=CC(=C(C=C8)O)C9=C(C(=C(C=C9[C@H](NC(=O)[C@H]([C@@H](C1=CC(=C(O4)C=C1)Cl)O)NC7=O)C(=O)O)O)CNCP(=O)(O)O)O)CC(=O)N)NC(=O)[C@@H](CC(C)C)NC)O)Cl)CO)O)O)C,"InChI=1S/C80H106Cl2N11O27P/c1-7-8-9-10-11-12-13-14-21-85-22-23-87-80(5)32-57(115-37(4)71(80)103)119-70-68(102)67(101)55(34-94)118-79(70)120-69-53-28-41-29-54(69)117-52-20-17-40(27-46(52)82)65(99)63-77(109)91-61(78(110)111)43-30-50(96)44(33-86-35-121(112,113)114)66(100)58(43)42-25-38(15-18-49(42)95)59(74(106)93-63)90-75(107)60(41)89-73(105)48(31-56(83)97)88-76(108)62(92-72(104)47(84-6)24-36(2)3)64(98)39-16-19-51(116-53)45(81)26-39/h15-20,25-30,36-37,47-48,55,57,59-65,67-68,70-71,79,84-87,94-96,98-103H,7-14,21-24,31-35H2,1-6H3,(H2,83,97)(H,88,108)(H,89,105)(H,90,107)(H,91,109)(H,92,104)(H,93,106)(H,110,111)(H2,112,113,114)/t37-,47+,48-,55+,57-,59+,60+,61-,62+,63-,64+,65+,67+,68-,70+,71+,79-,80-/m0/s1",ONUMZHGUFYIKPM-MXNFEBESSA-N,exact DDInter name query,exact_unique,valid,"https://pubchem.ncbi.nlm.nih.gov/rest/pug/compound/name/Telavancin/property/Title,ConnectivitySMILES,SMILES,InChI,InChIKey/JSON",2026-09-22
DDInter1757,Telbivudine,159269,Telbivudine,CC1=CN(C(=O)NC1=O)C2CC(C(O2)CO)O,CC1=CN(C(=O)NC1=O)[C@@H]2C[C@H]([C@@H](O2)CO)O,"InChI=1S/C10H14N2O5/c1-5-3-12(10(16)11-9(5)15)8-2-6(14)7(4-13)17-8/h3,6-8,13-14H,2,4H2,1H3,(H,11,15,16)/t6-,7+,8+/m1/s1",IQFYYKKMVGJFEH-CSMHCCOUSA-N,exact DDInter name query,exact_unique,valid,"https://pubchem.ncbi.nlm.nih.gov/rest/pug/compound/name/Telbivudine/property/Title,ConnectivitySMILES,SMILES,InChI,InChIKey/JSON",2026-09-22
DDInter1758,Telithromycin,3002190,Telithromycin,CCC1C2(C(C(C(=O)C(CC(C(C(C(=O)C(C(=O)O1)C)C)OC3C(C(CC(O3)C)N(C)C)O)(C)OC)C)C)N(C(=O)O2)CCCCN4C=C(N=C4)C5=CN=CC=C5)C,CC[C@@H]1[C@@]2([C@@H]([C@H](C(=O)[C@@H](C[C@@]([C@@H]([C@H](C(=O)[C@H](C(=O)O1)C)C)O[C@H]3[C@@H]([C@H](C[C@H](O3)C)N(C)C)O)(C)OC)C)C)N(C(=O)O2)CCCCN4C=C(N=C4)C5=CN=CC=C5)C,"InChI=1S/C43H65N5O10/c1-12-33-43(8)37(48(41(53)58-43)19-14-13-18-47-23-31(45-24-47)30-16-15-17-44-22-30)27(4)34(49)25(2)21-42(7,54-11)38(28(5)35(50)29(6)39(52)56-33)57-40-36(51)32(46(9)10)20-26(3)55-40/h15-17,22-29,32-33,36-38,40,51H,12-14,18-21H2,1-11H3/t25-,26-,27+,28+,29-,32+,33-,36-,37-,38-,40+,42-,43-/m1/s1",LJVAJPDWBABPEJ-PNUFFHFMSA-N,exact DDInter name query,exact_unique,valid,"https://pubchem.ncbi.nlm.nih.gov/rest/pug/compound/name/Telithromycin/property/Title,ConnectivitySMILES,SMILES,InChI,InChIKey/JSON",2026-09-22
DDInter1759,Telmisartan,65999,Telmisartan,CCCC1=NC2=C(N1CC3=CC=C(C=C3)C4=CC=CC=C4C(=O)O)C=C(C=C2C)C5=NC6=CC=CC=C6N5C,CCCC1=NC2=C(N1CC3=CC=C(C=C3)C4=CC=CC=C4C(=O)O)C=C(C=C2C)C5=NC6=CC=CC=C6N5C,"InChI=1S/C33H30N4O2/c1-4-9-30-35-31-21(2)18-24(32-34-27-12-7-8-13-28(27)36(32)3)19-29(31)37(30)20-22-14-16-23(17-15-22)25-10-5-6-11-26(25)33(38)39/h5-8,10-19H,4,9,20H2,1-3H3,(H,38,39)",RMMXLENWKUUMAY-UHFFFAOYSA-N,exact DDInter name query,exact_unique,valid,"https://pubchem.ncbi.nlm.nih.gov/rest/pug/compound/name/Telmisartan/property/Title,ConnectivitySMILES,SMILES,InChI,InChIKey/JSON",2026-09-22
DDInter176,Bempedoic acid,10472693,Bempedoic Acid,CC(C)(CCCCCC(CCCCCC(C)(C)C(=O)O)O)C(=O)O,CC(C)(CCCCCC(CCCCCC(C)(C)C(=O)O)O)C(=O)O,"InChI=1S/C19H36O5/c1-18(2,16(21)22)13-9-5-7-11-15(20)12-8-6-10-14-19(3,4)17(23)24/h15,20H,5-14H2,1-4H3,(H,21,22)(H,23,24)",HYHMLYSLQUKXKP-UHFFFAOYSA-N,exact DDInter name query,exact_unique,valid,"https://pubchem.ncbi.nlm.nih.gov/rest/pug/compound/name/Bempedoic%20acid/property/Title,ConnectivitySMILES,SMILES,InChI,InChIKey/JSON",2026-09-22
DDInter1760,Telotristat ethyl,25181577,Telotristat Ethyl,CCOC(=O)C(CC1=CC=C(C=C1)C2=CC(=NC(=N2)N)OC(C3=C(C=C(C=C3)Cl)N4C=CC(=N4)C)C(F)(F)F)N,CCOC(=O)[C@H](CC1=CC=C(C=C1)C2=CC(=NC(=N2)N)O[C@H](C3=C(C=C(C=C3)Cl)N4C=CC(=N4)C)C(F)(F)F)N,"InChI=1S/C27H26ClF3N6O3/c1-3-39-25(38)20(32)12-16-4-6-17(7-5-16)21-14-23(35-26(33)34-21)40-24(27(29,30)31)19-9-8-18(28)13-22(19)37-11-10-15(2)36-37/h4-11,13-14,20,24H,3,12,32H2,1-2H3,(H2,33,34,35)/t20-,24+/m0/s1",MDSQOJYHHZBZKA-GBXCKJPGSA-N,exact DDInter name query,exact_unique,valid,"https://pubchem.ncbi.nlm.nih.gov/rest/pug/compound/name/Telotristat%20ethyl/property/Title,ConnectivitySMILES,SMILES,InChI,InChIKey/JSON",2026-09-22
DDInter1761,Temazepam,5391,Temazepam,CN1C2=C(C=C(C=C2)Cl)C(=NC(C1=O)O)C3=CC=CC=C3,CN1C2=C(C=C(C=C2)Cl)C(=NC(C1=O)O)C3=CC=CC=C3,"InChI=1S/C16H13ClN2O2/c1-19-13-8-7-11(17)9-12(13)14(18-15(20)16(19)21)10-5-3-2-4-6-10/h2-9,15,20H,1H3",SEQDDYPDSLOBDC-UHFFFAOYSA-N,exact DDInter name query,exact_unique,valid,"https://pubchem.ncbi.nlm.nih.gov/rest/pug/compound/name/Temazepam/property/Title,ConnectivitySMILES,SMILES,InChI,InChIKey/JSON",2026-09-22
DDInter1762,Temozolomide,5394,Temozolomide,CN1C(=O)N2C=NC(=C2N=N1)C(=O)N,CN1C(=O)N2C=NC(=C2N=N1)C(=O)N,"InChI=1S/C6H6N6O2/c1-11-6(14)12-2-8-3(4(7)13)5(12)9-10-11/h2H,1H3,(H2,7,13)",BPEGJWRSRHCHSN-UHFFFAOYSA-N,exact DDInter name query,exact_unique,valid,"https://pubchem.ncbi.nlm.nih.gov/rest/pug/compound/name/Temozolomide/property/Title,ConnectivitySMILES,SMILES,InChI,InChIKey/JSON",2026-09-22
DDInter1763,Temsirolimus,6918289,Temsirolimus,CC1CCC2CC(C(=CC=CC=CC(CC(C(=O)C(C(C(=CC(C(=O)CC(OC(=O)C3CCCCN3C(=O)C(=O)C1(O2)O)C(C)CC4CCC(C(C4)OC)OC(=O)C(C)(CO)CO)C)C)O)OC)C)C)C)OC,C[C@@H]1CC[C@H]2C[C@@H](/C(=C/C=C/C=C/[C@H](C[C@H](C(=O)[C@@H]([C@@H](/C(=C/[C@H](C(=O)C[C@H](OC(=O)[C@@H]3CCCCN3C(=O)C(=O)[C@@]1(O2)O)[C@H](C)C[C@@H]4CC[C@H]([C@@H](C4)OC)OC(=O)C(C)(CO)CO)C)/C)O)OC)C)C)/C)OC,"InChI=1S/C56H87NO16/c1-33-17-13-12-14-18-34(2)45(68-9)29-41-22-20-39(7)56(67,73-41)51(63)52(64)57-24-16-15-19-42(57)53(65)71-46(30-43(60)35(3)26-38(6)49(62)50(70-11)48(61)37(5)25-33)36(4)27-40-21-23-44(47(28-40)69-10)72-54(66)55(8,31-58)32-59/h12-14,17-18,26,33,35-37,39-42,44-47,49-50,58-59,62,67H,15-16,19-25,27-32H2,1-11H3/b14-12+,17-13+,34-18+,38-26+/t33-,35-,36-,37-,39-,40+,41+,42+,44-,45+,46+,47-,49-,50+,56-/m1/s1",CBPNZQVSJQDFBE-FUXHJELOSA-N,exact DDInter name query,exact_unique,valid,"https://pubchem.ncbi.nlm.nih.gov/rest/pug/compound/name/Temsirolimus/property/Title,ConnectivitySMILES,SMILES,InChI,InChIKey/JSON",2026-09-22
DDInter1764,Tenecteplase,,,,,,,exact DDInter name query,unmapped,unavailable,"https://pubchem.ncbi.nlm.nih.gov/rest/pug/compound/name/Tenecteplase/property/Title,ConnectivitySMILES,SMILES,InChI,InChIKey/JSON",2026-09-22
DDInter1765,Teniposide,452548,Teniposide,COC1=CC(=CC(=C1O)OC)C2C3C(COC3=O)C(C4=CC5=C(C=C24)OCO5)OC6C(C(C7C(O6)COC(O7)C8=CC=CS8)O)O,COC1=CC(=CC(=C1O)OC)[C@H]2[C@@H]3[C@H](COC3=O)[C@@H](C4=CC5=C(C=C24)OCO5)O[C@H]6[C@@H]([C@H]([C@H]7[C@H](O6)CO[C@H](O7)C8=CC=CS8)O)O,"InChI=1S/C32H32O13S/c1-37-19-6-13(7-20(38-2)25(19)33)23-14-8-17-18(42-12-41-17)9-15(14)28(16-10-39-30(36)24(16)23)44-32-27(35)26(34)29-21(43-32)11-40-31(45-29)22-4-3-5-46-22/h3-9,16,21,23-24,26-29,31-35H,10-12H2,1-2H3/t16-,21+,23+,24-,26+,27+,28+,29+,31+,32-/m0/s1",NRUKOCRGYNPUPR-QBPJDGROSA-N,exact DDInter name query,exact_unique,valid,"https://pubchem.ncbi.nlm.nih.gov/rest/pug/compound/name/Teniposide/property/Title,ConnectivitySMILES,SMILES,InChI,InChIKey/JSON",2026-09-22
DDInter1766,Teprotumumab,,,,,,,exact DDInter name query,unmapped,unavailable,"https://pubchem.ncbi.nlm.nih.gov/rest/pug/compound/name/Teprotumumab/property/Title,ConnectivitySMILES,SMILES,InChI,InChIKey/JSON",2026-09-22
DDInter1767,Terazosin,5401,Terazosin,COC1=C(C=C2C(=C1)C(=NC(=N2)N3CCN(CC3)C(=O)C4CCCO4)N)OC,COC1=C(C=C2C(=C1)C(=NC(=N2)N3CCN(CC3)C(=O)C4CCCO4)N)OC,"InChI=1S/C19H25N5O4/c1-26-15-10-12-13(11-16(15)27-2)21-19(22-17(12)20)24-7-5-23(6-8-24)18(25)14-4-3-9-28-14/h10-11,14H,3-9H2,1-2H3,(H2,20,21,22)",VCKUSRYTPJJLNI-UHFFFAOYSA-N,exact DDInter name query,exact_unique,valid,"https://pubchem.ncbi.nlm.nih.gov/rest/pug/compound/name/Terazosin/property/Title,ConnectivitySMILES,SMILES,InChI,InChIKey/JSON",2026-09-22
DDInter1768,Terbinafine,1549008,Terbinafine,CC(C)(C)C#CC=CCN(C)CC1=CC=CC2=CC=CC=C21,CC(C)(C)C#C/C=C/CN(C)CC1=CC=CC2=CC=CC=C21,"InChI=1S/C21H25N/c1-21(2,3)15-8-5-9-16-22(4)17-19-13-10-12-18-11-6-7-14-20(18)19/h5-7,9-14H,16-17H2,1-4H3/b9-5+",DOMXUEMWDBAQBQ-WEVVVXLNSA-N,exact DDInter name query,exact_unique,valid,"https://pubchem.ncbi.nlm.nih.gov/rest/pug/compound/name/Terbinafine/property/Title,ConnectivitySMILES,SMILES,InChI,InChIKey/JSON",2026-09-22
DDInter1769,Terbutaline,5403,Terbutaline,CC(C)(C)NCC(C1=CC(=CC(=C1)O)O)O,CC(C)(C)NCC(C1=CC(=CC(=C1)O)O)O,"InChI=1S/C12H19NO3/c1-12(2,3)13-7-11(16)8-4-9(14)6-10(15)5-8/h4-6,11,13-16H,7H2,1-3H3",XWTYSIMOBUGWOL-UHFFFAOYSA-N,exact DDInter name query,exact_unique,valid,"https://pubchem.ncbi.nlm.nih.gov/rest/pug/compound/name/Terbutaline/property/Title,ConnectivitySMILES,SMILES,InChI,InChIKey/JSON",2026-09-22
DDInter177,Benazepril,5362124,Benazepril,CCOC(=O)C(CCC1=CC=CC=C1)NC2CCC3=CC=CC=C3N(C2=O)CC(=O)O,CCOC(=O)[C@H](CCC1=CC=CC=C1)N[C@H]2CCC3=CC=CC=C3N(C2=O)CC(=O)O,"InChI=1S/C24H28N2O5/c1-2-31-24(30)20(14-12-17-8-4-3-5-9-17)25-19-15-13-18-10-6-7-11-21(18)26(23(19)29)16-22(27)28/h3-11,19-20,25H,2,12-16H2,1H3,(H,27,28)/t19-,20-/m0/s1",XPCFTKFZXHTYIP-PMACEKPBSA-N,exact DDInter name query,exact_unique,valid,"https://pubchem.ncbi.nlm.nih.gov/rest/pug/compound/name/Benazepril/property/Title,ConnectivitySMILES,SMILES,InChI,InChIKey/JSON",2026-09-22
DDInter1770,Terfenadine,5405,Terfenadine,CC(C)(C)C1=CC=C(C=C1)C(CCCN2CCC(CC2)C(C3=CC=CC=C3)(C4=CC=CC=C4)O)O,CC(C)(C)C1=CC=C(C=C1)C(CCCN2CCC(CC2)C(C3=CC=CC=C3)(C4=CC=CC=C4)O)O,"InChI=1S/C32H41NO2/c1-31(2,3)26-18-16-25(17-19-26)30(34)15-10-22-33-23-20-29(21-24-33)32(35,27-11-6-4-7-12-27)28-13-8-5-9-14-28/h4-9,11-14,16-19,29-30,34-35H,10,15,20-24H2,1-3H3",GUGOEEXESWIERI-UHFFFAOYSA-N,exact DDInter name query,exact_unique,valid,"https://pubchem.ncbi.nlm.nih.gov/rest/pug/compound/name/Terfenadine/property/Title,ConnectivitySMILES,SMILES,InChI,InChIKey/JSON",2026-09-22
DDInter1771,Teriflunomide,54684141,Teriflunomide,CC(=C(C#N)C(=O)NC1=CC=C(C=C1)C(F)(F)F)O,C/C(=C(\C#N)/C(=O)NC1=CC=C(C=C1)C(F)(F)F)/O,"InChI=1S/C12H9F3N2O2/c1-7(18)10(6-16)11(19)17-9-4-2-8(3-5-9)12(13,14)15/h2-5,18H,1H3,(H,17,19)/b10-7-",UTNUDOFZCWSZMS-YFHOEESVSA-N,exact DDInter name query,exact_unique,valid,"https://pubchem.ncbi.nlm.nih.gov/rest/pug/compound/name/Teriflunomide/property/Title,ConnectivitySMILES,SMILES,InChI,InChIKey/JSON",2026-09-22
DDInter1772,Teriparatide,16133850,Teriparatide,CCC(C)C(C(=O)NC(CCC(=O)N)C(=O)NC(CC(C)C)C(=O)NC(CCSC)C(=O)NC(CC1=CNC=N1)C(=O)NC(CC(=O)N)C(=O)NC(CC(C)C)C(=O)NCC(=O)NC(CCCCN)C(=O)NC(CC2=CNC=N2)C(=O)NC(CC(C)C)C(=O)NC(CC(=O)N)C(=O)NC(CO)C(=O)NC(CCSC)C(=O)NC(CCC(=O)O)C(=O)NC(CCCNC(=N)N)C(=O)NC(C(C)C)C(=O)NC(CCC(=O)O)C(=O)NC(CC3=CNC4=CC=CC=C43)C(=O)NC(CC(C)C)C(=O)NC(CCCNC(=N)N)C(=O)NC(CCCCN)C(=O)NC(CCCCN)C(=O)NC(CC(C)C)C(=O)NC(CCC(=O)N)C(=O)NC(CC(=O)O)C(=O)NC(C(C)C)C(=O)NC(CC5=CNC=N5)C(=O)NC(CC(=O)N)C(=O)NC(CC6=CC=CC=C6)C(=O)O)NC(=O)C(CCC(=O)O)NC(=O)C(CO)NC(=O)C(C(C)C)NC(=O)C(CO)N,CC[C@H](C)[C@@H](C(=O)N[C@@H](CCC(=O)N)C(=O)N[C@@H](CC(C)C)C(=O)N[C@@H](CCSC)C(=O)N[C@@H](CC1=CNC=N1)C(=O)N[C@@H](CC(=O)N)C(=O)N[C@@H](CC(C)C)C(=O)NCC(=O)N[C@@H](CCCCN)C(=O)N[C@@H](CC2=CNC=N2)C(=O)N[C@@H](CC(C)C)C(=O)N[C@@H](CC(=O)N)C(=O)N[C@@H](CO)C(=O)N[C@@H](CCSC)C(=O)N[C@@H](CCC(=O)O)C(=O)N[C@@H](CCCNC(=N)N)C(=O)N[C@@H](C(C)C)C(=O)N[C@@H](CCC(=O)O)C(=O)N[C@@H](CC3=CNC4=CC=CC=C43)C(=O)N[C@@H](CC(C)C)C(=O)N[C@@H](CCCNC(=N)N)C(=O)N[C@@H](CCCCN)C(=O)N[C@@H](CCCCN)C(=O)N[C@@H](CC(C)C)C(=O)N[C@@H](CCC(=O)N)C(=O)N[C@@H](CC(=O)O)C(=O)N[C@@H](C(C)C)C(=O)N[C@@H](CC5=CNC=N5)C(=O)N[C@@H](CC(=O)N)C(=O)N[C@@H](CC6=CC=CC=C6)C(=O)O)NC(=O)[C@H](CCC(=O)O)NC(=O)[C@H](CO)NC(=O)[C@H](C(C)C)NC(=O)[C@H](CO)N,"InChI=1S/C181H291N55O51S2/c1-21-96(18)146(236-160(267)114(48-53-141(250)251)212-174(281)132(84-239)232-177(284)143(93(12)13)233-147(254)103(185)82-237)178(285)216-111(45-50-134(187)241)155(262)219-119(65-90(6)7)163(270)213-116(55-62-289-20)158(265)224-124(71-100-79-196-86-203-100)167(274)226-126(73-135(188)242)169(276)217-117(63-88(2)3)148(255)201-81-138(245)205-105(39-27-30-56-182)149(256)223-123(70-99-78-195-85-202-99)166(273)221-121(67-92(10)11)164(271)225-128(75-137(190)244)171(278)231-131(83-238)173(280)214-115(54-61-288-19)157(264)210-112(46-51-139(246)247)153(260)208-109(43-34-60-199-181(193)194)159(266)234-144(94(14)15)175(282)215-113(47-52-140(248)249)156(263)222-122(69-98-77-200-104-38-26-25-37-102(98)104)165(272)220-120(66-91(8)9)161(268)209-108(42-33-59-198-180(191)192)151(258)206-106(40-28-31-57-183)150(257)207-107(41-29-32-58-184)152(259)218-118(64-89(4)5)162(269)211-110(44-49-133(186)240)154(261)228-129(76-142(252)253)172(279)235-145(95(16)17)176(283)229-125(72-101-80-197-87-204-101)168(275)227-127(74-136(189)243)170(277)230-130(179(286)287)68-97-35-23-22-24-36-97/h22-26,35-38,77-80,85-96,103,105-132,143-146,200,237-239H,21,27-34,39-76,81-84,182-185H2,1-20H3,(H2,186,240)(H2,187,241)(H2,188,242)(H2,189,243)(H2,190,244)(H,195,202)(H,196,203)(H,197,204)(H,201,255)(H,205,245)(H,206,258)(H,207,257)(H,208,260)(H,209,268)(H,210,264)(H,211,269)(H,212,281)(H,213,270)(H,214,280)(H,215,282)(H,216,285)(H,217,276)(H,218,259)(H,219,262)(H,220,272)(H,221,273)(H,222,263)(H,223,256)(H,224,265)(H,225,271)(H,226,274)(H,227,275)(H,228,261)(H,229,283)(H,230,277)(H,231,278)(H,232,284)(H,233,254)(H,234,266)(H,235,279)(H,236,267)(H,246,247)(H,248,249)(H,250,251)(H,252,253)(H,286,287)(H4,191,192,198)(H4,193,194,199)/t96-,103-,105-,106-,107-,108-,109-,110-,111-,112-,113-,114-,115-,116-,117-,118-,119-,120-,121-,122-,123-,124-,125-,126-,127-,128-,129-,130-,131-,132-,143-,144-,145-,146-/m0/s1",OGBMKVWORPGQRR-UMXFMPSGSA-N,exact DDInter name query,exact_unique,valid,"https://pubchem.ncbi.nlm.nih.gov/rest/pug/compound/name/Teriparatide/property/Title,ConnectivitySMILES,SMILES,InChI,InChIKey/JSON",2026-09-22
DDInter1773,Tesamorelin,16137828,Tesamorelin,CCC=CCC(=O)NC(CC1=CC=C(C=C1)O)C(=O)NC(C)C(=O)NC(CC(=O)O)C(=O)NC(C)C(=O)NC(C(C)CC)C(=O)NC(CC2=CC=CC=C2)C(=O)NC(C(C)O)C(=O)NC(CC(=O)N)C(=O)NC(CO)C(=O)NC(CC3=CC=C(C=C3)O)C(=O)NC(CCCNC(=N)N)C(=O)NC(CCCCN)C(=O)NC(C(C)C)C(=O)NC(CC(C)C)C(=O)NCC(=O)NC(CCC(=O)N)C(=O)NC(CC(C)C)C(=O)NC(CO)C(=O)NC(C)C(=O)NC(CCCNC(=N)N)C(=O)NC(CCCCN)C(=O)NC(CC(C)C)C(=O)NC(CC(C)C)C(=O)NC(CCC(=O)N)C(=O)NC(CC(=O)O)C(=O)NC(C(C)CC)C(=O)NC(CCSC)C(=O)NC(CO)C(=O)NC(CCCNC(=N)N)C(=O)NC(CCC(=O)N)C(=O)NC(CCC(=O)N)C(=O)NCC(=O)NC(CCC(=O)O)C(=O)NC(CO)C(=O)NC(CC(=O)N)C(=O)NC(CCC(=O)N)C(=O)NC(CCC(=O)O)C(=O)NC(CCCNC(=N)N)C(=O)NCC(=O)NC(C)C(=O)NC(CCCNC(=N)N)C(=O)NC(C)C(=O)NC(CCCNC(=N)N)C(=O)NC(CC(C)C)C(=O)N,CC/C=C/CC(=O)N[C@@H](CC1=CC=C(C=C1)O)C(=O)N[C@@H](C)C(=O)N[C@@H](CC(=O)O)C(=O)N[C@@H](C)C(=O)N[C@@H]([C@@H](C)CC)C(=O)N[C@@H](CC2=CC=CC=C2)C(=O)N[C@@H]([C@@H](C)O)C(=O)N[C@@H](CC(=O)N)C(=O)N[C@@H](CO)C(=O)N[C@@H](CC3=CC=C(C=C3)O)C(=O)N[C@@H](CCCNC(=N)N)C(=O)N[C@@H](CCCCN)C(=O)N[C@@H](C(C)C)C(=O)N[C@@H](CC(C)C)C(=O)NCC(=O)N[C@@H](CCC(=O)N)C(=O)N[C@@H](CC(C)C)C(=O)N[C@@H](CO)C(=O)N[C@@H](C)C(=O)N[C@@H](CCCNC(=N)N)C(=O)N[C@@H](CCCCN)C(=O)N[C@@H](CC(C)C)C(=O)N[C@@H](CC(C)C)C(=O)N[C@@H](CCC(=O)N)C(=O)N[C@@H](CC(=O)O)C(=O)N[C@@H]([C@@H](C)CC)C(=O)N[C@@H](CCSC)C(=O)N[C@@H](CO)C(=O)N[C@@H](CCCNC(=N)N)C(=O)N[C@@H](CCC(=O)N)C(=O)N[C@@H](CCC(=O)N)C(=O)NCC(=O)N[C@@H](CCC(=O)O)C(=O)N[C@@H](CO)C(=O)N[C@@H](CC(=O)N)C(=O)N[C@@H](CCC(=O)N)C(=O)N[C@@H](CCC(=O)O)C(=O)N[C@@H](CCCNC(=N)N)C(=O)NCC(=O)N[C@@H](C)C(=O)N[C@@H](CCCNC(=N)N)C(=O)N[C@@H](C)C(=O)N[C@@H](CCCNC(=N)N)C(=O)N[C@@H](CC(C)C)C(=O)N,"InChI=1S/C221H366N72O67S/c1-25-28-30-53-163(308)260-145(92-120-54-58-122(299)59-55-120)198(343)255-116(21)179(324)276-150(96-169(316)317)199(344)256-117(22)180(325)291-172(111(16)26-2)214(359)284-147(91-119-43-31-29-32-44-119)206(351)293-174(118(23)298)215(360)285-149(95-162(230)307)205(350)289-155(104-297)210(355)280-146(93-121-56-60-123(300)61-57-121)203(348)267-130(51-41-83-248-220(240)241)186(331)266-126(46-34-36-78-223)197(342)290-171(110(14)15)212(357)283-141(87-106(6)7)183(328)252-100-166(311)258-133(63-70-157(225)302)190(335)278-144(90-109(12)13)202(347)288-152(101-294)208(353)257-115(20)178(323)262-128(49-39-81-246-218(236)237)185(330)265-125(45-33-35-77-222)189(334)277-143(89-108(10)11)201(346)279-142(88-107(8)9)200(345)272-137(66-73-160(228)305)195(340)282-151(97-170(318)319)207(352)292-173(112(17)27-3)213(358)274-139(76-85-361-24)196(341)287-153(102-295)209(354)268-131(52-42-84-249-221(242)243)187(332)270-135(64-71-158(226)303)192(337)269-132(62-69-156(224)301)182(327)251-99-165(310)259-134(67-74-167(312)313)191(336)286-154(103-296)211(356)281-148(94-161(229)306)204(349)273-136(65-72-159(227)304)193(338)271-138(68-75-168(314)315)194(339)264-124(47-37-79-244-216(232)233)181(326)250-98-164(309)253-113(18)176(321)261-127(48-38-80-245-217(234)235)184(329)254-114(19)177(322)263-129(50-40-82-247-219(238)239)188(333)275-140(175(231)320)86-105(4)5/h28-32,43-44,54-61,105-118,124-155,171-174,294-300H,25-27,33-42,45-53,62-104,222-223H2,1-24H3,(H2,224,301)(H2,225,302)(H2,226,303)(H2,227,304)(H2,228,305)(H2,229,306)(H2,230,307)(H2,231,320)(H,250,326)(H,251,327)(H,252,328)(H,253,309)(H,254,329)(H,255,343)(H,256,344)(H,257,353)(H,258,311)(H,259,310)(H,260,308)(H,261,321)(H,262,323)(H,263,322)(H,264,339)(H,265,330)(H,266,331)(H,267,348)(H,268,354)(H,269,337)(H,270,332)(H,271,338)(H,272,345)(H,273,349)(H,274,358)(H,275,333)(H,276,324)(H,277,334)(H,278,335)(H,279,346)(H,280,355)(H,281,356)(H,282,340)(H,283,357)(H,284,359)(H,285,360)(H,286,336)(H,287,341)(H,288,347)(H,289,350)(H,290,342)(H,291,325)(H,292,352)(H,293,351)(H,312,313)(H,314,315)(H,316,317)(H,318,319)(H4,232,233,244)(H4,234,235,245)(H4,236,237,246)(H4,238,239,247)(H4,240,241,248)(H4,242,243,249)/b30-28+/t111-,112-,113-,114-,115-,116-,117-,118+,124-,125-,126-,127-,128-,129-,130-,131-,132-,133-,134-,135-,136-,137-,138-,139-,140-,141-,142-,143-,144-,145-,146-,147-,148-,149-,150-,151-,152-,153-,154-,155-,171-,172-,173-,174-/m0/s1",QBEPNUQJQWDYKU-BMGKTWPMSA-N,exact DDInter name query,exact_unique,valid,"https://pubchem.ncbi.nlm.nih.gov/rest/pug/compound/name/Tesamorelin/property/Title,ConnectivitySMILES,SMILES,InChI,InChIKey/JSON",2026-09-22
DDInter1774,Testolactone,13769,Testolactone,CC12CCC3C(C1CCC(=O)O2)CCC4=CC(=O)C=CC34C,C[C@]12CC[C@H]3[C@H]([C@@H]1CCC(=O)O2)CCC4=CC(=O)C=C[C@]34C,"InChI=1S/C19H24O3/c1-18-9-7-13(20)11-12(18)3-4-14-15(18)8-10-19(2)16(14)5-6-17(21)22-19/h7,9,11,14-16H,3-6,8,10H2,1-2H3/t14-,15+,16+,18+,19+/m1/s1",BPEWUONYVDABNZ-DZBHQSCQSA-N,exact DDInter name query,exact_unique,valid,"https://pubchem.ncbi.nlm.nih.gov/rest/pug/compound/name/Testolactone/property/Title,ConnectivitySMILES,SMILES,InChI,InChIKey/JSON",2026-09-22
DDInter1775,Testosterone,6013,Testosterone,CC12CCC3C(C1CCC2O)CCC4=CC(=O)CCC34C,C[C@]12CC[C@H]3[C@H]([C@@H]1CC[C@@H]2O)CCC4=CC(=O)CC[C@]34C,"InChI=1S/C19H28O2/c1-18-9-7-13(20)11-12(18)3-4-14-15-5-6-17(21)19(15,2)10-8-16(14)18/h11,14-17,21H,3-10H2,1-2H3/t14-,15-,16-,17-,18-,19-/m0/s1",MUMGGOZAMZWBJJ-DYKIIFRCSA-N,exact DDInter name query,exact_unique,valid,"https://pubchem.ncbi.nlm.nih.gov/rest/pug/compound/name/Testosterone/property/Title,ConnectivitySMILES,SMILES,InChI,InChIKey/JSON",2026-09-22
DDInter1776,Testosterone (topical),,,,,,,exact DDInter name query,unmapped,unavailable,"https://pubchem.ncbi.nlm.nih.gov/rest/pug/compound/name/Testosterone%20%28topical%29/property/Title,ConnectivitySMILES,SMILES,InChI,InChIKey/JSON",2026-09-22
DDInter1778,Tetrabenazine,6018,Tetrabenazine,CC(C)CC1CN2CCC3=CC(=C(C=C3C2CC1=O)OC)OC,CC(C)CC1CN2CCC3=CC(=C(C=C3C2CC1=O)OC)OC,"InChI=1S/C19H27NO3/c1-12(2)7-14-11-20-6-5-13-8-18(22-3)19(23-4)9-15(13)16(20)10-17(14)21/h8-9,12,14,16H,5-7,10-11H2,1-4H3",MKJIEFSOBYUXJB-UHFFFAOYSA-N,exact DDInter name query,exact_unique,valid,"https://pubchem.ncbi.nlm.nih.gov/rest/pug/compound/name/Tetrabenazine/property/Title,ConnectivitySMILES,SMILES,InChI,InChIKey/JSON",2026-09-22
DDInter1779,Tetracaine,5411,Tetracaine,CCCCNC1=CC=C(C=C1)C(=O)OCCN(C)C,CCCCNC1=CC=C(C=C1)C(=O)OCCN(C)C,"InChI=1S/C15H24N2O2/c1-4-5-10-16-14-8-6-13(7-9-14)15(18)19-12-11-17(2)3/h6-9,16H,4-5,10-12H2,1-3H3",GKCBAIGFKIBETG-UHFFFAOYSA-N,exact DDInter name query,exact_unique,valid,"https://pubchem.ncbi.nlm.nih.gov/rest/pug/compound/name/Tetracaine/property/Title,ConnectivitySMILES,SMILES,InChI,InChIKey/JSON",2026-09-22
DDInter178,Bendamustine,65628,Bendamustine,CN1C2=C(C=C(C=C2)N(CCCl)CCCl)N=C1CCCC(=O)O,CN1C2=C(C=C(C=C2)N(CCCl)CCCl)N=C1CCCC(=O)O,"InChI=1S/C16H21Cl2N3O2/c1-20-14-6-5-12(21(9-7-17)10-8-18)11-13(14)19-15(20)3-2-4-16(22)23/h5-6,11H,2-4,7-10H2,1H3,(H,22,23)",YTKUWDBFDASYHO-UHFFFAOYSA-N,exact DDInter name query,exact_unique,valid,"https://pubchem.ncbi.nlm.nih.gov/rest/pug/compound/name/Bendamustine/property/Title,ConnectivitySMILES,SMILES,InChI,InChIKey/JSON",2026-09-22
DDInter1780,Tetracaine (ophthalmic),,,,,,,exact DDInter name query,unmapped,unavailable,"https://pubchem.ncbi.nlm.nih.gov/rest/pug/compound/name/Tetracaine%20%28ophthalmic%29/property/Title,ConnectivitySMILES,SMILES,InChI,InChIKey/JSON",2026-09-22
DDInter1781,Tetracaine (topical),,,,,,,exact DDInter name query,unmapped,unavailable,"https://pubchem.ncbi.nlm.nih.gov/rest/pug/compound/name/Tetracaine%20%28topical%29/property/Title,ConnectivitySMILES,SMILES,InChI,InChIKey/JSON",2026-09-22
DDInter1782,Tetracosactide,16129617,Cosyntropin,CC(C)C(C(=O)NCC(=O)NC(CCCCN)C(=O)NC(CCCCN)C(=O)NC(CCCNC(=N)N)C(=O)NC(CCCNC(=N)N)C(=O)N1CCCC1C(=O)NC(C(C)C)C(=O)NC(CCCCN)C(=O)NC(C(C)C)C(=O)NC(CC2=CC=C(C=C2)O)C(=O)N3CCCC3C(=O)O)NC(=O)C4CCCN4C(=O)C(CCCCN)NC(=O)CNC(=O)C(CC5=CNC6=CC=CC=C65)NC(=O)C(CCCNC(=N)N)NC(=O)C(CC7=CC=CC=C7)NC(=O)C(CC8=CNC=N8)NC(=O)C(CCC(=O)O)NC(=O)C(CCSC)NC(=O)C(CO)NC(=O)C(CC9=CC=C(C=C9)O)NC(=O)C(CO)N,CC(C)[C@@H](C(=O)NCC(=O)N[C@H](CCCCN)C(=O)N[C@H](CCCCN)C(=O)N[C@H](CCCNC(=N)N)C(=O)N[C@H](CCCNC(=N)N)C(=O)N1CCC[C@H]1C(=O)N[C@@H](C(C)C)C(=O)N[C@@H](CCCCN)C(=O)N[C@@H](C(C)C)C(=O)N[C@@H](CC2=CC=C(C=C2)O)C(=O)N3CCC[C@H]3C(=O)O)NC(=O)[C@@H]4CCCN4C(=O)[C@H](CCCCN)NC(=O)CNC(=O)[C@H](CC5=CNC6=CC=CC=C65)NC(=O)[C@H](CCCNC(=N)N)NC(=O)[C@H](CC7=CC=CC=C7)NC(=O)[C@H](CC8=CNC=N8)NC(=O)[C@H](CCC(=O)O)NC(=O)[C@H](CCSC)NC(=O)[C@H](CO)NC(=O)[C@H](CC9=CC=C(C=C9)O)NC(=O)C(CO)N,"InChI=1S/C136H210N40O31S/c1-75(2)109(127(200)154-71-106(181)156-88(31-13-17-52-137)114(187)158-89(32-14-18-53-138)115(188)159-91(35-21-56-149-134(142)143)116(189)164-96(37-23-58-151-136(146)147)131(204)175-60-25-39-104(175)126(199)173-111(77(5)6)128(201)163-90(33-15-19-54-139)120(193)171-110(76(3)4)129(202)169-101(65-80-43-47-84(180)48-44-80)132(205)176-61-26-40-105(176)133(206)207)172-125(198)103-38-24-59-174(103)130(203)95(34-16-20-55-140)157-107(182)70-153-113(186)99(66-81-68-152-87-30-12-11-29-85(81)87)167-117(190)92(36-22-57-150-135(144)145)160-121(194)98(63-78-27-9-8-10-28-78)166-123(196)100(67-82-69-148-74-155-82)168-118(191)93(49-50-108(183)184)161-119(192)94(51-62-208-7)162-124(197)102(73-178)170-122(195)97(165-112(185)86(141)72-177)64-79-41-45-83(179)46-42-79/h8-12,27-30,41-48,68-69,74-77,86,88-105,109-111,152,177-180H,13-26,31-40,49-67,70-73,137-141H2,1-7H3,(H,148,155)(H,153,186)(H,154,200)(H,156,181)(H,157,182)(H,158,187)(H,159,188)(H,160,194)(H,161,192)(H,162,197)(H,163,201)(H,164,189)(H,165,185)(H,166,196)(H,167,190)(H,168,191)(H,169,202)(H,170,195)(H,171,193)(H,172,198)(H,173,199)(H,183,184)(H,206,207)(H4,142,143,149)(H4,144,145,150)(H4,146,147,151)/t86?,88-,89-,90+,91-,92+,93+,94+,95+,96-,97+,98+,99+,100+,101+,102+,103+,104+,105+,109+,110+,111+/m1/s1",ZOEFCCMDUURGSE-CQVUSSRSSA-N,exact DDInter name query,ambiguous,excluded_title_mismatch,"https://pubchem.ncbi.nlm.nih.gov/rest/pug/compound/name/Tetracosactide/property/Title,ConnectivitySMILES,SMILES,InChI,InChIKey/JSON",2026-09-22
DDInter1783,Tetracycline,54675776,Tetracycline,CC1(C2CC3C(C(=O)C(=C(C3(C(=O)C2=C(C4=C1C=CC=C4O)O)O)O)C(=O)N)N(C)C)O,C[C@@]1([C@H]2C[C@H]3[C@@H](C(=O)C(=C([C@]3(C(=O)C2=C(C4=C1C=CC=C4O)O)O)O)C(=O)N)N(C)C)O,"InChI=1S/C22H24N2O8/c1-21(31)8-5-4-6-11(25)12(8)16(26)13-9(21)7-10-15(24(2)3)17(27)14(20(23)30)19(29)22(10,32)18(13)28/h4-6,9-10,15,25-26,29,31-32H,7H2,1-3H3,(H2,23,30)/t9-,10-,15-,21+,22-/m0/s1",NWXMGUDVXFXRIG-WESIUVDSSA-N,exact DDInter name query,exact_unique,valid,"https://pubchem.ncbi.nlm.nih.gov/rest/pug/compound/name/Tetracycline/property/Title,ConnectivitySMILES,SMILES,InChI,InChIKey/JSON",2026-09-22
DDInter1784,Tetracycline (topical),,,,,,,exact DDInter name query,unmapped,unavailable,"https://pubchem.ncbi.nlm.nih.gov/rest/pug/compound/name/Tetracycline%20%28topical%29/property/Title,ConnectivitySMILES,SMILES,InChI,InChIKey/JSON",2026-09-22
DDInter1785,Tetraferric tricitrate decahydrate,90478690,Tetraferric Tricitrate Decahydrate,C(C(=O)[O-])C(CC(=O)[O-])(C(=O)[O-])[O-].C(C(=O)[O-])C(CC(=O)[O-])(C(=O)[O-])[O-].C(C(=O)[O-])C(CC(=O)[O-])(C(=O)[O-])[O-].O.O.O.O.O.O.O.O.O.O.[Fe+3].[Fe+3].[Fe+3].[Fe+3],C(C(=O)[O-])C(CC(=O)[O-])(C(=O)[O-])[O-].C(C(=O)[O-])C(CC(=O)[O-])(C(=O)[O-])[O-].C(C(=O)[O-])C(CC(=O)[O-])(C(=O)[O-])[O-].O.O.O.O.O.O.O.O.O.O.[Fe+3].[Fe+3].[Fe+3].[Fe+3],"InChI=1S/3C6H7O7.4Fe.10H2O/c3*7-3(8)1-6(13,5(11)12)2-4(9)10;;;;;;;;;;;;;;/h3*1-2H2,(H,7,8)(H,9,10)(H,11,12);;;;;10*1H2/q3*-1;4*+3;;;;;;;;;;/p-9",UISKQNNAQKPSDO-UHFFFAOYSA-E,exact DDInter name query,exact_unique,valid,"https://pubchem.ncbi.nlm.nih.gov/rest/pug/compound/name/Tetraferric%20tricitrate%20decahydrate/property/Title,ConnectivitySMILES,SMILES,InChI,InChIKey/JSON",2026-09-22
DDInter1786,Tetrofosmin,4274,Tetrofosmin,CCOCCP(CCOCC)CCP(CCOCC)CCOCC,CCOCCP(CCOCC)CCP(CCOCC)CCOCC,"InChI=1S/C18H40O4P2/c1-5-19-9-13-23(14-10-20-6-2)17-18-24(15-11-21-7-3)16-12-22-8-4/h5-18H2,1-4H3",QCWJONLQSHEGEJ-UHFFFAOYSA-N,exact DDInter name query,exact_unique,valid,"https://pubchem.ncbi.nlm.nih.gov/rest/pug/compound/name/Tetrofosmin/property/Title,ConnectivitySMILES,SMILES,InChI,InChIKey/JSON",2026-09-22
DDInter1787,Tetryzoline (nasal),,,,,,,exact DDInter name query,unmapped,unavailable,"https://pubchem.ncbi.nlm.nih.gov/rest/pug/compound/name/Tetryzoline%20%28nasal%29/property/Title,ConnectivitySMILES,SMILES,InChI,InChIKey/JSON",2026-09-22
DDInter1788,Tetryzoline (ophthalmic),,,,,,,exact DDInter name query,unmapped,unavailable,"https://pubchem.ncbi.nlm.nih.gov/rest/pug/compound/name/Tetryzoline%20%28ophthalmic%29/property/Title,ConnectivitySMILES,SMILES,InChI,InChIKey/JSON",2026-09-22
DDInter1789,Thalidomide,5426,Thalidomide,C1CC(=O)NC(=O)C1N2C(=O)C3=CC=CC=C3C2=O,C1CC(=O)NC(=O)C1N2C(=O)C3=CC=CC=C3C2=O,"InChI=1S/C13H10N2O4/c16-10-6-5-9(11(17)14-10)15-12(18)7-3-1-2-4-8(7)13(15)19/h1-4,9H,5-6H2,(H,14,16,17)",UEJJHQNACJXSKW-UHFFFAOYSA-N,exact DDInter name query,exact_unique,valid,"https://pubchem.ncbi.nlm.nih.gov/rest/pug/compound/name/Thalidomide/property/Title,ConnectivitySMILES,SMILES,InChI,InChIKey/JSON",2026-09-22
DDInter179,Bendroflumethiazide,2315,Bendroflumethiazide,C1=CC=C(C=C1)CC2NC3=C(C=C(C(=C3)C(F)(F)F)S(=O)(=O)N)S(=O)(=O)N2,C1=CC=C(C=C1)CC2NC3=C(C=C(C(=C3)C(F)(F)F)S(=O)(=O)N)S(=O)(=O)N2,"InChI=1S/C15H14F3N3O4S2/c16-15(17,18)10-7-11-13(8-12(10)26(19,22)23)27(24,25)21-14(20-11)6-9-4-2-1-3-5-9/h1-5,7-8,14,20-21H,6H2,(H2,19,22,23)",HDWIHXWEUNVBIY-UHFFFAOYSA-N,exact DDInter name query,exact_unique,valid,"https://pubchem.ncbi.nlm.nih.gov/rest/pug/compound/name/Bendroflumethiazide/property/Title,ConnectivitySMILES,SMILES,InChI,InChIKey/JSON",2026-09-22
DDInter1790,Thallous Chloride,24642,Thallium monochloride,Cl[Tl],Cl[Tl],InChI=1S/ClH.Tl/h1H;/q;+1/p-1,GBECUEIQVRDUKB-UHFFFAOYSA-M,exact DDInter name query,ambiguous,excluded_title_mismatch,"https://pubchem.ncbi.nlm.nih.gov/rest/pug/compound/name/Thallous%20Chloride/property/Title,ConnectivitySMILES,SMILES,InChI,InChIKey/JSON",2026-09-22
DDInter1791,Theophylline,2153,Theophylline,CN1C2=C(C(=O)N(C1=O)C)NC=N2,CN1C2=C(C(=O)N(C1=O)C)NC=N2,"InChI=1S/C7H8N4O2/c1-10-5-4(8-3-9-5)6(12)11(2)7(10)13/h3H,1-2H3,(H,8,9)",ZFXYFBGIUFBOJW-UHFFFAOYSA-N,exact DDInter name query,exact_unique,valid,"https://pubchem.ncbi.nlm.nih.gov/rest/pug/compound/name/Theophylline/property/Title,ConnectivitySMILES,SMILES,InChI,InChIKey/JSON",2026-09-22
DDInter1792,Thiabendazole,5430,Thiabendazole,C1=CC=C2C(=C1)NC(=N2)C3=CSC=N3,C1=CC=C2C(=C1)NC(=N2)C3=CSC=N3,"InChI=1S/C10H7N3S/c1-2-4-8-7(3-1)12-10(13-8)9-5-14-6-11-9/h1-6H,(H,12,13)",WJCNZQLZVWNLKY-UHFFFAOYSA-N,exact DDInter name query,exact_unique,valid,"https://pubchem.ncbi.nlm.nih.gov/rest/pug/compound/name/Thiabendazole/property/Title,ConnectivitySMILES,SMILES,InChI,InChIKey/JSON",2026-09-22
DDInter1793,Thiethylperazine,5440,Thiethylperazine,CCSC1=CC2=C(C=C1)SC3=CC=CC=C3N2CCCN4CCN(CC4)C,CCSC1=CC2=C(C=C1)SC3=CC=CC=C3N2CCCN4CCN(CC4)C,"InChI=1S/C22H29N3S2/c1-3-26-18-9-10-22-20(17-18)25(19-7-4-5-8-21(19)27-22)12-6-11-24-15-13-23(2)14-16-24/h4-5,7-10,17H,3,6,11-16H2,1-2H3",XCTYLCDETUVOIP-UHFFFAOYSA-N,exact DDInter name query,exact_unique,valid,"https://pubchem.ncbi.nlm.nih.gov/rest/pug/compound/name/Thiethylperazine/property/Title,ConnectivitySMILES,SMILES,InChI,InChIKey/JSON",2026-09-22
DDInter1794,Thimerosal (topical),,,,,,,exact DDInter name query,unmapped,unavailable,"https://pubchem.ncbi.nlm.nih.gov/rest/pug/compound/name/Thimerosal%20%28topical%29/property/Title,ConnectivitySMILES,SMILES,InChI,InChIKey/JSON",2026-09-22
DDInter1795,Thiopental,3000715,Thiopental,CCCC(C)C1(C(=O)NC(=S)NC1=O)CC,CCCC(C)C1(C(=O)NC(=S)NC1=O)CC,"InChI=1S/C11H18N2O2S/c1-4-6-7(3)11(5-2)8(14)12-10(16)13-9(11)15/h7H,4-6H2,1-3H3,(H2,12,13,14,15,16)",IUJDSEJGGMCXSG-UHFFFAOYSA-N,exact DDInter name query,exact_unique,valid,"https://pubchem.ncbi.nlm.nih.gov/rest/pug/compound/name/Thiopental/property/Title,ConnectivitySMILES,SMILES,InChI,InChIKey/JSON",2026-09-22
DDInter1796,Thioridazine,5452,Thioridazine,CN1CCCCC1CCN2C3=CC=CC=C3SC4=C2C=C(C=C4)SC,CN1CCCCC1CCN2C3=CC=CC=C3SC4=C2C=C(C=C4)SC,"InChI=1S/C21H26N2S2/c1-22-13-6-5-7-16(22)12-14-23-18-8-3-4-9-20(18)25-21-11-10-17(24-2)15-19(21)23/h3-4,8-11,15-16H,5-7,12-14H2,1-2H3",KLBQZWRITKRQQV-UHFFFAOYSA-N,exact DDInter name query,exact_unique,valid,"https://pubchem.ncbi.nlm.nih.gov/rest/pug/compound/name/Thioridazine/property/Title,ConnectivitySMILES,SMILES,InChI,InChIKey/JSON",2026-09-22
DDInter1797,Thiotepa,5453,Thiotepa,C1CN1P(=S)(N2CC2)N3CC3,C1CN1P(=S)(N2CC2)N3CC3,"InChI=1S/C6H12N3PS/c11-10(7-1-2-7,8-3-4-8)9-5-6-9/h1-6H2",FOCVUCIESVLUNU-UHFFFAOYSA-N,exact DDInter name query,exact_unique,valid,"https://pubchem.ncbi.nlm.nih.gov/rest/pug/compound/name/Thiotepa/property/Title,ConnectivitySMILES,SMILES,InChI,InChIKey/JSON",2026-09-22
DDInter1798,Thiothixene,941651,Thiothixene,CN1CCN(CC1)CCC=C2C3=CC=CC=C3SC4=C2C=C(C=C4)S(=O)(=O)N(C)C,CN1CCN(CC1)CC/C=C\2/C3=CC=CC=C3SC4=C2C=C(C=C4)S(=O)(=O)N(C)C,"InChI=1S/C23H29N3O2S2/c1-24(2)30(27,28)18-10-11-23-21(17-18)19(20-7-4-5-9-22(20)29-23)8-6-12-26-15-13-25(3)14-16-26/h4-5,7-11,17H,6,12-16H2,1-3H3/b19-8-",GFBKORZTTCHDGY-UWVJOHFNSA-N,exact DDInter name query,exact_unique,valid,"https://pubchem.ncbi.nlm.nih.gov/rest/pug/compound/name/Thiothixene/property/Title,ConnectivitySMILES,SMILES,InChI,InChIKey/JSON",2026-09-22
DDInter1799,"Thyroid, porcine",23670461,"Thyroxine, DL-, sodium salt",C1=C(C=C(C(=C1I)OC2=CC(=C(C(=C2)I)O)I)I)CC(C(=O)[O-])N.[Na+],C1=C(C=C(C(=C1I)OC2=CC(=C(C(=C2)I)O)I)I)CC(C(=O)[O-])N.[Na+],"InChI=1S/C15H11I4NO4.Na/c16-8-4-7(5-9(17)13(8)21)24-14-10(18)1-6(2-11(14)19)3-12(20)15(22)23;/h1-2,4-5,12,21H,3,20H2,(H,22,23);/q;+1/p-1",YDTFRJLNMPSCFM-UHFFFAOYSA-M,exact DDInter name query,ambiguous,excluded_title_mismatch,"https://pubchem.ncbi.nlm.nih.gov/rest/pug/compound/name/Thyroid%2C%20porcine/property/Title,ConnectivitySMILES,SMILES,InChI,InChIKey/JSON",2026-09-22
DDInter18,Acetylcholine,187,Acetylcholine,CC(=O)OCC[N+](C)(C)C,CC(=O)OCC[N+](C)(C)C,"InChI=1S/C7H16NO2/c1-7(9)10-6-5-8(2,3)4/h5-6H2,1-4H3/q+1",OIPILFWXSMYKGL-UHFFFAOYSA-N,exact DDInter name query,exact_unique,valid,"https://pubchem.ncbi.nlm.nih.gov/rest/pug/compound/name/Acetylcholine/property/Title,ConnectivitySMILES,SMILES,InChI,InChIKey/JSON",2026-09-22
DDInter180,Benzalkonium (topical),,,,,,,exact DDInter name query,unmapped,unavailable,"https://pubchem.ncbi.nlm.nih.gov/rest/pug/compound/name/Benzalkonium%20%28topical%29/property/Title,ConnectivitySMILES,SMILES,InChI,InChIKey/JSON",2026-09-22
DDInter1800,Thyrotropin alfa,,,,,,,exact DDInter name query,unmapped,unavailable,"https://pubchem.ncbi.nlm.nih.gov/rest/pug/compound/name/Thyrotropin%20alfa/property/Title,ConnectivitySMILES,SMILES,InChI,InChIKey/JSON",2026-09-22
DDInter1801,Tiagabine,60648,Tiagabine,CC1=C(SC=C1)C(=CCCN2CCCC(C2)C(=O)O)C3=C(C=CS3)C,CC1=C(SC=C1)C(=CCCN2CCC[C@H](C2)C(=O)O)C3=C(C=CS3)C,"InChI=1S/C20H25NO2S2/c1-14-7-11-24-18(14)17(19-15(2)8-12-25-19)6-4-10-21-9-3-5-16(13-21)20(22)23/h6-8,11-12,16H,3-5,9-10,13H2,1-2H3,(H,22,23)/t16-/m1/s1",PBJUNZJWGZTSKL-MRXNPFEDSA-N,exact DDInter name query,exact_unique,valid,"https://pubchem.ncbi.nlm.nih.gov/rest/pug/compound/name/Tiagabine/property/Title,ConnectivitySMILES,SMILES,InChI,InChIKey/JSON",2026-09-22
DDInter1802,Ticagrelor,9871419,Ticagrelor,CCCSC1=NC(=C2C(=N1)N(N=N2)C3CC(C(C3O)O)OCCO)NC4CC4C5=CC(=C(C=C5)F)F,CCCSC1=NC(=C2C(=N1)N(N=N2)[C@@H]3C[C@@H]([C@H]([C@H]3O)O)OCCO)N[C@@H]4C[C@H]4C5=CC(=C(C=C5)F)F,"InChI=1S/C23H28F2N6O4S/c1-2-7-36-23-27-21(26-15-9-12(15)11-3-4-13(24)14(25)8-11)18-22(28-23)31(30-29-18)16-10-17(35-6-5-32)20(34)19(16)33/h3-4,8,12,15-17,19-20,32-34H,2,5-7,9-10H2,1H3,(H,26,27,28)/t12-,15+,16+,17-,19-,20+/m0/s1",OEKWJQXRCDYSHL-FNOIDJSQSA-N,exact DDInter name query,exact_unique,valid,"https://pubchem.ncbi.nlm.nih.gov/rest/pug/compound/name/Ticagrelor/property/Title,ConnectivitySMILES,SMILES,InChI,InChIKey/JSON",2026-09-22
DDInter1803,Ticarcillin,36921,Ticarcillin,CC1(C(N2C(S1)C(C2=O)NC(=O)C(C3=CSC=C3)C(=O)O)C(=O)O)C,CC1([C@@H](N2[C@H](S1)[C@@H](C2=O)NC(=O)[C@@H](C3=CSC=C3)C(=O)O)C(=O)O)C,"InChI=1S/C15H16N2O6S2/c1-15(2)9(14(22)23)17-11(19)8(12(17)25-15)16-10(18)7(13(20)21)6-3-4-24-5-6/h3-5,7-9,12H,1-2H3,(H,16,18)(H,20,21)(H,22,23)/t7-,8-,9+,12-/m1/s1",OHKOGUYZJXTSFX-KZFFXBSXSA-N,exact DDInter name query,exact_unique,valid,"https://pubchem.ncbi.nlm.nih.gov/rest/pug/compound/name/Ticarcillin/property/Title,ConnectivitySMILES,SMILES,InChI,InChIKey/JSON",2026-09-22
DDInter1804,Ticlopidine,5472,Ticlopidine,C1CN(CC2=C1SC=C2)CC3=CC=CC=C3Cl,C1CN(CC2=C1SC=C2)CC3=CC=CC=C3Cl,"InChI=1S/C14H14ClNS/c15-13-4-2-1-3-11(13)9-16-7-5-14-12(10-16)6-8-17-14/h1-4,6,8H,5,7,9-10H2",PHWBOXQYWZNQIN-UHFFFAOYSA-N,exact DDInter name query,exact_unique,valid,"https://pubchem.ncbi.nlm.nih.gov/rest/pug/compound/name/Ticlopidine/property/Title,ConnectivitySMILES,SMILES,InChI,InChIKey/JSON",2026-09-22
DDInter1805,Tigecycline,54686904,Tigecycline,CC(C)(C)NCC(=O)NC1=CC(=C2CC3CC4C(C(=O)C(=C(C4(C(=O)C3=C(C2=C1O)O)O)O)C(=O)N)N(C)C)N(C)C,CC(C)(C)NCC(=O)NC1=CC(=C2C[C@H]3C[C@H]4[C@@H](C(=O)C(=C([C@]4(C(=O)C3=C(C2=C1O)O)O)O)C(=O)N)N(C)C)N(C)C,"InChI=1S/C29H39N5O8/c1-28(2,3)31-11-17(35)32-15-10-16(33(4)5)13-8-12-9-14-21(34(6)7)24(38)20(27(30)41)26(40)29(14,42)25(39)18(12)23(37)19(13)22(15)36/h10,12,14,21,31,36-37,40,42H,8-9,11H2,1-7H3,(H2,30,41)(H,32,35)/t12-,14-,21-,29-/m0/s1",SOVUOXKZCCAWOJ-HJYUBDRYSA-N,exact DDInter name query,exact_unique,valid,"https://pubchem.ncbi.nlm.nih.gov/rest/pug/compound/name/Tigecycline/property/Title,ConnectivitySMILES,SMILES,InChI,InChIKey/JSON",2026-09-22
DDInter1806,Tildrakizumab,,,,,,,exact DDInter name query,unmapped,unavailable,"https://pubchem.ncbi.nlm.nih.gov/rest/pug/compound/name/Tildrakizumab/property/Title,ConnectivitySMILES,SMILES,InChI,InChIKey/JSON",2026-09-22
DDInter1807,Tilmanocept,,,,,,,exact DDInter name query,unmapped,unavailable,"https://pubchem.ncbi.nlm.nih.gov/rest/pug/compound/name/Tilmanocept/property/Title,ConnectivitySMILES,SMILES,InChI,InChIKey/JSON",2026-09-22
DDInter1808,Tiludronic acid,60937,Tiludronic Acid,C1=CC(=CC=C1SC(P(=O)(O)O)P(=O)(O)O)Cl,C1=CC(=CC=C1SC(P(=O)(O)O)P(=O)(O)O)Cl,"InChI=1S/C7H9ClO6P2S/c8-5-1-3-6(4-2-5)17-7(15(9,10)11)16(12,13)14/h1-4,7H,(H2,9,10,11)(H2,12,13,14)",DKJJVAGXPKPDRL-UHFFFAOYSA-N,exact DDInter name query,exact_unique,valid,"https://pubchem.ncbi.nlm.nih.gov/rest/pug/compound/name/Tiludronic%20acid/property/Title,ConnectivitySMILES,SMILES,InChI,InChIKey/JSON",2026-09-22
DDInter1809,Timolol,33624,Timolol,CC(C)(C)NCC(COC1=NSN=C1N2CCOCC2)O,CC(C)(C)NC[C@@H](COC1=NSN=C1N2CCOCC2)O,"InChI=1S/C13H24N4O3S/c1-13(2,3)14-8-10(18)9-20-12-11(15-21-16-12)17-4-6-19-7-5-17/h10,14,18H,4-9H2,1-3H3/t10-/m0/s1",BLJRIMJGRPQVNF-JTQLQIEISA-N,exact DDInter name query,exact_unique,valid,"https://pubchem.ncbi.nlm.nih.gov/rest/pug/compound/name/Timolol/property/Title,ConnectivitySMILES,SMILES,InChI,InChIKey/JSON",2026-09-22
DDInter181,Benzatropine,1201549,"med.21724, Compound Benztropine",CN1C2CCC1CC(C2)OC(C3=CC=CC=C3)C4=CC=CC=C4,CN1[C@@H]2CC[C@H]1CC(C2)OC(C3=CC=CC=C3)C4=CC=CC=C4,"InChI=1S/C21H25NO/c1-22-18-12-13-19(22)15-20(14-18)23-21(16-8-4-2-5-9-16)17-10-6-3-7-11-17/h2-11,18-21H,12-15H2,1H3/t18-,19+,20?",GIJXKZJWITVLHI-YOFSQIOKSA-N,exact DDInter name query,ambiguous,excluded_title_mismatch,"https://pubchem.ncbi.nlm.nih.gov/rest/pug/compound/name/Benzatropine/property/Title,ConnectivitySMILES,SMILES,InChI,InChIKey/JSON",2026-09-22
DDInter1810,Timolol (ophthalmic),,,,,,,exact DDInter name query,unmapped,unavailable,"https://pubchem.ncbi.nlm.nih.gov/rest/pug/compound/name/Timolol%20%28ophthalmic%29/property/Title,ConnectivitySMILES,SMILES,InChI,InChIKey/JSON",2026-09-22
DDInter1811,Tinidazole,5479,Tinidazole,CCS(=O)(=O)CCN1C(=NC=C1[N+](=O)[O-])C,CCS(=O)(=O)CCN1C(=NC=C1[N+](=O)[O-])C,"InChI=1S/C8H13N3O4S/c1-3-16(14,15)5-4-10-7(2)9-6-8(10)11(12)13/h6H,3-5H2,1-2H3",HJLSLZFTEKNLFI-UHFFFAOYSA-N,exact DDInter name query,exact_unique,valid,"https://pubchem.ncbi.nlm.nih.gov/rest/pug/compound/name/Tinidazole/property/Title,ConnectivitySMILES,SMILES,InChI,InChIKey/JSON",2026-09-22
DDInter1812,Tinzaparin,,,,,,,exact DDInter name query,unmapped,unavailable,"https://pubchem.ncbi.nlm.nih.gov/rest/pug/compound/name/Tinzaparin/property/Title,ConnectivitySMILES,SMILES,InChI,InChIKey/JSON",2026-09-22
DDInter1813,Tioconazole,5482,Tioconazole,C1=CC(=C(C=C1Cl)Cl)C(CN2C=CN=C2)OCC3=C(SC=C3)Cl,C1=CC(=C(C=C1Cl)Cl)C(CN2C=CN=C2)OCC3=C(SC=C3)Cl,"InChI=1S/C16H13Cl3N2OS/c17-12-1-2-13(14(18)7-12)15(8-21-5-4-20-10-21)22-9-11-3-6-23-16(11)19/h1-7,10,15H,8-9H2",QXHHHPZILQDDPS-UHFFFAOYSA-N,exact DDInter name query,exact_unique,valid,"https://pubchem.ncbi.nlm.nih.gov/rest/pug/compound/name/Tioconazole/property/Title,ConnectivitySMILES,SMILES,InChI,InChIKey/JSON",2026-09-22
DDInter1814,Tioguanine,2723601,Thioguanine,C1=NC2=C(N1)C(=S)N=C(N2)N,C1=NC2=C(N1)C(=S)N=C(N2)N,"InChI=1S/C5H5N5S/c6-5-9-3-2(4(11)10-5)7-1-8-3/h1H,(H4,6,7,8,9,10,11)",WYWHKKSPHMUBEB-UHFFFAOYSA-N,exact DDInter name query,ambiguous,excluded_title_mismatch,"https://pubchem.ncbi.nlm.nih.gov/rest/pug/compound/name/Tioguanine/property/Title,ConnectivitySMILES,SMILES,InChI,InChIKey/JSON",2026-09-22
DDInter1815,Tiotropium,5487427,(3H)tiotropium,C[N+]1(C2CC(CC1C3C2O3)OC(=O)C(C4=CC=CS4)(C5=CC=CS5)O)C,C[N+]1([C@@H]2CC(C[C@H]1[C@H]3[C@@H]2O3)OC(=O)C(C4=CC=CS4)(C5=CC=CS5)O)C,"InChI=1S/C19H22NO4S2/c1-20(2)12-9-11(10-13(20)17-16(12)24-17)23-18(21)19(22,14-5-3-7-25-14)15-6-4-8-26-15/h3-8,11-13,16-17,22H,9-10H2,1-2H3/q+1/t11?,12-,13+,16-,17+",LERNTVKEWCAPOY-FPISHFTHSA-N,exact DDInter name query,ambiguous,excluded_title_mismatch,"https://pubchem.ncbi.nlm.nih.gov/rest/pug/compound/name/Tiotropium/property/Title,ConnectivitySMILES,SMILES,InChI,InChIKey/JSON",2026-09-22
DDInter1816,Tipiracil,6323266,Tipiracil,C1CC(=N)N(C1)CC2=C(C(=O)NC(=O)N2)Cl,C1CC(=N)N(C1)CC2=C(C(=O)NC(=O)N2)Cl,"InChI=1S/C9H11ClN4O2/c10-7-5(12-9(16)13-8(7)15)4-14-3-1-2-6(14)11/h11H,1-4H2,(H2,12,13,15,16)",QQHMKNYGKVVGCZ-UHFFFAOYSA-N,exact DDInter name query,exact_unique,valid,"https://pubchem.ncbi.nlm.nih.gov/rest/pug/compound/name/Tipiracil/property/Title,ConnectivitySMILES,SMILES,InChI,InChIKey/JSON",2026-09-22
DDInter1817,Tipranavir,54682461,Tipranavir,CCCC1(CC(=C(C(=O)O1)C(CC)C2=CC(=CC=C2)NS(=O)(=O)C3=NC=C(C=C3)C(F)(F)F)O)CCC4=CC=CC=C4,CCC[C@]1(CC(=C(C(=O)O1)[C@H](CC)C2=CC(=CC=C2)NS(=O)(=O)C3=NC=C(C=C3)C(F)(F)F)O)CCC4=CC=CC=C4,"InChI=1S/C31H33F3N2O5S/c1-3-16-30(17-15-21-9-6-5-7-10-21)19-26(37)28(29(38)41-30)25(4-2)22-11-8-12-24(18-22)36-42(39,40)27-14-13-23(20-35-27)31(32,33)34/h5-14,18,20,25,36-37H,3-4,15-17,19H2,1-2H3/t25-,30-/m1/s1",SUJUHGSWHZTSEU-FYBSXPHGSA-N,exact DDInter name query,exact_unique,valid,"https://pubchem.ncbi.nlm.nih.gov/rest/pug/compound/name/Tipranavir/property/Title,ConnectivitySMILES,SMILES,InChI,InChIKey/JSON",2026-09-22
DDInter1818,Tirofiban,60947,Tirofiban,CCCCS(=O)(=O)NC(CC1=CC=C(C=C1)OCCCCC2CCNCC2)C(=O)O,CCCCS(=O)(=O)N[C@@H](CC1=CC=C(C=C1)OCCCCC2CCNCC2)C(=O)O,"InChI=1S/C22H36N2O5S/c1-2-3-16-30(27,28)24-21(22(25)26)17-19-7-9-20(10-8-19)29-15-5-4-6-18-11-13-23-14-12-18/h7-10,18,21,23-24H,2-6,11-17H2,1H3,(H,25,26)/t21-/m0/s1",COKMIXFXJJXBQG-NRFANRHFSA-N,exact DDInter name query,exact_unique,valid,"https://pubchem.ncbi.nlm.nih.gov/rest/pug/compound/name/Tirofiban/property/Title,ConnectivitySMILES,SMILES,InChI,InChIKey/JSON",2026-09-22
DDInter1819,Tisagenlecleucel,,,,,,,exact DDInter name query,unmapped,unavailable,"https://pubchem.ncbi.nlm.nih.gov/rest/pug/compound/name/Tisagenlecleucel/property/Title,ConnectivitySMILES,SMILES,InChI,InChIKey/JSON",2026-09-22
DDInter182,Benzhydrocodone,49836084,Benzhydrocodone,CN1CCC23C4C1CC5=C2C(=C(C=C5)OC)OC3C(=CC4)OC(=O)C6=CC=CC=C6,CN1CC[C@]23[C@@H]4[C@H]1CC5=C2C(=C(C=C5)OC)O[C@H]3C(=CC4)OC(=O)C6=CC=CC=C6,"InChI=1S/C25H25NO4/c1-26-13-12-25-17-9-11-20(29-24(27)15-6-4-3-5-7-15)23(25)30-22-19(28-2)10-8-16(21(22)25)14-18(17)26/h3-8,10-11,17-18,23H,9,12-14H2,1-2H3/t17-,18+,23-,25-/m0/s1",VPMRSLWWUXNYRY-PJCFOSJUSA-N,exact DDInter name query,exact_unique,valid,"https://pubchem.ncbi.nlm.nih.gov/rest/pug/compound/name/Benzhydrocodone/property/Title,ConnectivitySMILES,SMILES,InChI,InChIKey/JSON",2026-09-22
DDInter1820,Tivozanib,9911830,Tivozanib,CC1=CC(=NO1)NC(=O)NC2=C(C=C(C=C2)OC3=C4C=C(C(=CC4=NC=C3)OC)OC)Cl,CC1=CC(=NO1)NC(=O)NC2=C(C=C(C=C2)OC3=C4C=C(C(=CC4=NC=C3)OC)OC)Cl,"InChI=1S/C22H19ClN4O5/c1-12-8-21(27-32-12)26-22(28)25-16-5-4-13(9-15(16)23)31-18-6-7-24-17-11-20(30-3)19(29-2)10-14(17)18/h4-11H,1-3H3,(H2,25,26,27,28)",SPMVMDHWKHCIDT-UHFFFAOYSA-N,exact DDInter name query,exact_unique,valid,"https://pubchem.ncbi.nlm.nih.gov/rest/pug/compound/name/Tivozanib/property/Title,ConnectivitySMILES,SMILES,InChI,InChIKey/JSON",2026-09-22
DDInter1821,Tizanidine,5487,Tizanidine,C1CN=C(N1)NC2=C(C=CC3=NSN=C32)Cl,C1CN=C(N1)NC2=C(C=CC3=NSN=C32)Cl,"InChI=1S/C9H8ClN5S/c10-5-1-2-6-8(15-16-14-6)7(5)13-9-11-3-4-12-9/h1-2H,3-4H2,(H2,11,12,13)",XFYDIVBRZNQMJC-UHFFFAOYSA-N,exact DDInter name query,exact_unique,valid,"https://pubchem.ncbi.nlm.nih.gov/rest/pug/compound/name/Tizanidine/property/Title,ConnectivitySMILES,SMILES,InChI,InChIKey/JSON",2026-09-22
DDInter1822,Tobramycin,36294,Tobramycin,C1C(C(C(C(C1N)OC2C(C(C(C(O2)CO)O)N)O)O)OC3C(CC(C(O3)CN)O)N)N,C1[C@@H]([C@H]([C@@H]([C@H]([C@@H]1N)O[C@@H]2[C@@H]([C@H]([C@@H]([C@H](O2)CO)O)N)O)O)O[C@@H]3[C@@H](C[C@@H]([C@H](O3)CN)O)N)N,"InChI=1S/C18H37N5O9/c19-3-9-8(25)2-7(22)17(29-9)31-15-5(20)1-6(21)16(14(15)28)32-18-13(27)11(23)12(26)10(4-24)30-18/h5-18,24-28H,1-4,19-23H2/t5-,6+,7+,8-,9+,10+,11-,12+,13+,14-,15+,16-,17+,18+/m0/s1",NLVFBUXFDBBNBW-PBSUHMDJSA-N,exact DDInter name query,exact_unique,valid,"https://pubchem.ncbi.nlm.nih.gov/rest/pug/compound/name/Tobramycin/property/Title,ConnectivitySMILES,SMILES,InChI,InChIKey/JSON",2026-09-22
DDInter1823,Tocainide,38945,Tocainide,CC1=C(C(=CC=C1)C)NC(=O)C(C)N,CC1=C(C(=CC=C1)C)NC(=O)C(C)N,"InChI=1S/C11H16N2O/c1-7-5-4-6-8(2)10(7)13-11(14)9(3)12/h4-6,9H,12H2,1-3H3,(H,13,14)",BUJAGSGYPOAWEI-UHFFFAOYSA-N,exact DDInter name query,exact_unique,valid,"https://pubchem.ncbi.nlm.nih.gov/rest/pug/compound/name/Tocainide/property/Title,ConnectivitySMILES,SMILES,InChI,InChIKey/JSON",2026-09-22
DDInter1824,Tocilizumab,,,,,,,exact DDInter name query,unmapped,unavailable,"https://pubchem.ncbi.nlm.nih.gov/rest/pug/compound/name/Tocilizumab/property/Title,ConnectivitySMILES,SMILES,InChI,InChIKey/JSON",2026-09-22
DDInter1825,Tofacitinib,9926791,Tofacitinib,CC1CCN(CC1N(C)C2=NC=NC3=C2C=CN3)C(=O)CC#N,C[C@@H]1CCN(C[C@@H]1N(C)C2=NC=NC3=C2C=CN3)C(=O)CC#N,"InChI=1S/C16H20N6O/c1-11-5-8-22(14(23)3-6-17)9-13(11)21(2)16-12-4-7-18-15(12)19-10-20-16/h4,7,10-11,13H,3,5,8-9H2,1-2H3,(H,18,19,20)/t11-,13+/m1/s1",UJLAWZDWDVHWOW-YPMHNXCESA-N,exact DDInter name query,exact_unique,valid,"https://pubchem.ncbi.nlm.nih.gov/rest/pug/compound/name/Tofacitinib/property/Title,ConnectivitySMILES,SMILES,InChI,InChIKey/JSON",2026-09-22
DDInter1826,Tolazamide,5503,Tolazamide,CC1=CC=C(C=C1)S(=O)(=O)NC(=O)NN2CCCCCC2,CC1=CC=C(C=C1)S(=O)(=O)NC(=O)NN2CCCCCC2,"InChI=1S/C14H21N3O3S/c1-12-6-8-13(9-7-12)21(19,20)16-14(18)15-17-10-4-2-3-5-11-17/h6-9H,2-5,10-11H2,1H3,(H2,15,16,18)",OUDSBRTVNLOZBN-UHFFFAOYSA-N,exact DDInter name query,exact_unique,valid,"https://pubchem.ncbi.nlm.nih.gov/rest/pug/compound/name/Tolazamide/property/Title,ConnectivitySMILES,SMILES,InChI,InChIKey/JSON",2026-09-22
DDInter1827,Tolazoline,5504,Tolazoline,C1CN=C(N1)CC2=CC=CC=C2,C1CN=C(N1)CC2=CC=CC=C2,"InChI=1S/C10H12N2/c1-2-4-9(5-3-1)8-10-11-6-7-12-10/h1-5H,6-8H2,(H,11,12)",JIVZKJJQOZQXQB-UHFFFAOYSA-N,exact DDInter name query,exact_unique,valid,"https://pubchem.ncbi.nlm.nih.gov/rest/pug/compound/name/Tolazoline/property/Title,ConnectivitySMILES,SMILES,InChI,InChIKey/JSON",2026-09-22
DDInter1828,Tolbutamide,5505,Tolbutamide,CCCCNC(=O)NS(=O)(=O)C1=CC=C(C=C1)C,CCCCNC(=O)NS(=O)(=O)C1=CC=C(C=C1)C,"InChI=1S/C12H18N2O3S/c1-3-4-9-13-12(15)14-18(16,17)11-7-5-10(2)6-8-11/h5-8H,3-4,9H2,1-2H3,(H2,13,14,15)",JLRGJRBPOGGCBT-UHFFFAOYSA-N,exact DDInter name query,exact_unique,valid,"https://pubchem.ncbi.nlm.nih.gov/rest/pug/compound/name/Tolbutamide/property/Title,ConnectivitySMILES,SMILES,InChI,InChIKey/JSON",2026-09-22
DDInter1829,Tolcapone,4659569,Tolcapone,CC1=CC=C(C=C1)C(=O)C2=CC(=C(C(=C2)O)O)[N+](=O)[O-],CC1=CC=C(C=C1)C(=O)C2=CC(=C(C(=C2)O)O)[N+](=O)[O-],"InChI=1S/C14H11NO5/c1-8-2-4-9(5-3-8)13(17)10-6-11(15(19)20)14(18)12(16)7-10/h2-7,16,18H,1H3",MIQPIUSUKVNLNT-UHFFFAOYSA-N,exact DDInter name query,exact_unique,valid,"https://pubchem.ncbi.nlm.nih.gov/rest/pug/compound/name/Tolcapone/property/Title,ConnectivitySMILES,SMILES,InChI,InChIKey/JSON",2026-09-22
DDInter183,Benznidazole,31593,Benznidazole,C1=CC=C(C=C1)CNC(=O)CN2C=CN=C2[N+](=O)[O-],C1=CC=C(C=C1)CNC(=O)CN2C=CN=C2[N+](=O)[O-],"InChI=1S/C12H12N4O3/c17-11(14-8-10-4-2-1-3-5-10)9-15-7-6-13-12(15)16(18)19/h1-7H,8-9H2,(H,14,17)",CULUWZNBISUWAS-UHFFFAOYSA-N,exact DDInter name query,exact_unique,valid,"https://pubchem.ncbi.nlm.nih.gov/rest/pug/compound/name/Benznidazole/property/Title,ConnectivitySMILES,SMILES,InChI,InChIKey/JSON",2026-09-22
DDInter1830,Tolevamer,58817179,Tolevamer,CCC(CC)C1=CC=C(C=C1)S(=O)(=O)O,CCC(CC)C1=CC=C(C=C1)S(=O)(=O)O,"InChI=1S/C11H16O3S/c1-3-9(4-2)10-5-7-11(8-6-10)15(12,13)14/h5-9H,3-4H2,1-2H3,(H,12,13,14)",LZNNAMNPSXBDOT-UHFFFAOYSA-N,exact DDInter name query,exact_unique,valid,"https://pubchem.ncbi.nlm.nih.gov/rest/pug/compound/name/Tolevamer/property/Title,ConnectivitySMILES,SMILES,InChI,InChIKey/JSON",2026-09-22
DDInter1831,Tolmetin,5509,Tolmetin,CC1=CC=C(C=C1)C(=O)C2=CC=C(N2C)CC(=O)O,CC1=CC=C(C=C1)C(=O)C2=CC=C(N2C)CC(=O)O,"InChI=1S/C15H15NO3/c1-10-3-5-11(6-4-10)15(19)13-8-7-12(16(13)2)9-14(17)18/h3-8H,9H2,1-2H3,(H,17,18)",UPSPUYADGBWSHF-UHFFFAOYSA-N,exact DDInter name query,exact_unique,valid,"https://pubchem.ncbi.nlm.nih.gov/rest/pug/compound/name/Tolmetin/property/Title,ConnectivitySMILES,SMILES,InChI,InChIKey/JSON",2026-09-22
DDInter1832,Tolterodine,443879,Tolterodine,CC1=CC(=C(C=C1)O)C(CCN(C(C)C)C(C)C)C2=CC=CC=C2,CC1=CC(=C(C=C1)O)[C@H](CCN(C(C)C)C(C)C)C2=CC=CC=C2,"InChI=1S/C22H31NO/c1-16(2)23(17(3)4)14-13-20(19-9-7-6-8-10-19)21-15-18(5)11-12-22(21)24/h6-12,15-17,20,24H,13-14H2,1-5H3/t20-/m1/s1",OOGJQPCLVADCPB-HXUWFJFHSA-N,exact DDInter name query,exact_unique,valid,"https://pubchem.ncbi.nlm.nih.gov/rest/pug/compound/name/Tolterodine/property/Title,ConnectivitySMILES,SMILES,InChI,InChIKey/JSON",2026-09-22
DDInter1833,Tolvaptan,216237,Tolvaptan,CC1=CC=CC=C1C(=O)NC2=CC(=C(C=C2)C(=O)N3CCCC(C4=C3C=CC(=C4)Cl)O)C,CC1=CC=CC=C1C(=O)NC2=CC(=C(C=C2)C(=O)N3CCCC(C4=C3C=CC(=C4)Cl)O)C,"InChI=1S/C26H25ClN2O3/c1-16-6-3-4-7-20(16)25(31)28-19-10-11-21(17(2)14-19)26(32)29-13-5-8-24(30)22-15-18(27)9-12-23(22)29/h3-4,6-7,9-12,14-15,24,30H,5,8,13H2,1-2H3,(H,28,31)",GYHCTFXIZSNGJT-UHFFFAOYSA-N,exact DDInter name query,exact_unique,valid,"https://pubchem.ncbi.nlm.nih.gov/rest/pug/compound/name/Tolvaptan/property/Title,ConnectivitySMILES,SMILES,InChI,InChIKey/JSON",2026-09-22
DDInter1834,Topiramate,5284627,Topiramate,CC1(OC2COC3(C(C2O1)OC(O3)(C)C)COS(=O)(=O)N)C,CC1(O[C@@H]2CO[C@@]3([C@H]([C@@H]2O1)OC(O3)(C)C)COS(=O)(=O)N)C,"InChI=1S/C12H21NO8S/c1-10(2)18-7-5-16-12(6-17-22(13,14)15)9(8(7)19-10)20-11(3,4)21-12/h7-9H,5-6H2,1-4H3,(H2,13,14,15)/t7-,8-,9+,12+/m1/s1",KJADKKWYZYXHBB-XBWDGYHZSA-N,exact DDInter name query,exact_unique,valid,"https://pubchem.ncbi.nlm.nih.gov/rest/pug/compound/name/Topiramate/property/Title,ConnectivitySMILES,SMILES,InChI,InChIKey/JSON",2026-09-22
DDInter1835,Topotecan,60700,Topotecan,CCC1(C2=C(COC1=O)C(=O)N3CC4=CC5=C(C=CC(=C5CN(C)C)O)N=C4C3=C2)O,CC[C@@]1(C2=C(COC1=O)C(=O)N3CC4=CC5=C(C=CC(=C5CN(C)C)O)N=C4C3=C2)O,"InChI=1S/C23H23N3O5/c1-4-23(30)16-8-18-20-12(9-26(18)21(28)15(16)11-31-22(23)29)7-13-14(10-25(2)3)19(27)6-5-17(13)24-20/h5-8,27,30H,4,9-11H2,1-3H3/t23-/m0/s1",UCFGDBYHRUNTLO-QHCPKHFHSA-N,exact DDInter name query,exact_unique,valid,"https://pubchem.ncbi.nlm.nih.gov/rest/pug/compound/name/Topotecan/property/Title,ConnectivitySMILES,SMILES,InChI,InChIKey/JSON",2026-09-22
DDInter1836,Torasemide,41781,Torasemide,CC1=CC(=CC=C1)NC2=C(C=NC=C2)S(=O)(=O)NC(=O)NC(C)C,CC1=CC(=CC=C1)NC2=C(C=NC=C2)S(=O)(=O)NC(=O)NC(C)C,"InChI=1S/C16H20N4O3S/c1-11(2)18-16(21)20-24(22,23)15-10-17-8-7-14(15)19-13-6-4-5-12(3)9-13/h4-11H,1-3H3,(H,17,19)(H2,18,20,21)",NGBFQHCMQULJNZ-UHFFFAOYSA-N,exact DDInter name query,exact_unique,valid,"https://pubchem.ncbi.nlm.nih.gov/rest/pug/compound/name/Torasemide/property/Title,ConnectivitySMILES,SMILES,InChI,InChIKey/JSON",2026-09-22
DDInter1837,Toremifene,3005573,Toremifene,CN(C)CCOC1=CC=C(C=C1)C(=C(CCCl)C2=CC=CC=C2)C3=CC=CC=C3,CN(C)CCOC1=CC=C(C=C1)/C(=C(/CCCl)\C2=CC=CC=C2)/C3=CC=CC=C3,"InChI=1S/C26H28ClNO/c1-28(2)19-20-29-24-15-13-23(14-16-24)26(22-11-7-4-8-12-22)25(17-18-27)21-9-5-3-6-10-21/h3-16H,17-20H2,1-2H3/b26-25-",XFCLJVABOIYOMF-QPLCGJKRSA-N,exact DDInter name query,exact_unique,valid,"https://pubchem.ncbi.nlm.nih.gov/rest/pug/compound/name/Toremifene/property/Title,ConnectivitySMILES,SMILES,InChI,InChIKey/JSON",2026-09-22
DDInter1838,Tositumomab,,,,,,,exact DDInter name query,unmapped,unavailable,"https://pubchem.ncbi.nlm.nih.gov/rest/pug/compound/name/Tositumomab/property/Title,ConnectivitySMILES,SMILES,InChI,InChIKey/JSON",2026-09-22
DDInter1839,Tositumomab (I-131),,,,,,,exact DDInter name query,unmapped,unavailable,"https://pubchem.ncbi.nlm.nih.gov/rest/pug/compound/name/Tositumomab%20%28I-131%29/property/Title,ConnectivitySMILES,SMILES,InChI,InChIKey/JSON",2026-09-22
DDInter184,Benzocaine (topical),,,,,,,exact DDInter name query,unmapped,unavailable,"https://pubchem.ncbi.nlm.nih.gov/rest/pug/compound/name/Benzocaine%20%28topical%29/property/Title,ConnectivitySMILES,SMILES,InChI,InChIKey/JSON",2026-09-22
DDInter1840,Trabectedin,108150,Trabectedin,CC1=CC2=C(C3C4C5C6=C(C(=C7C(=C6C(N4C(C(C2)N3C)O)COC(=O)C8(CS5)C9=CC(=C(C=C9CCN8)O)OC)OCO7)C)OC(=O)C)C(=C1OC)O,CC1=CC2=C([C@@H]3[C@@H]4[C@H]5C6=C(C(=C7C(=C6[C@@H](N4[C@H]([C@H](C2)N3C)O)COC(=O)[C@@]8(CS5)C9=CC(=C(C=C9CCN8)O)OC)OCO7)C)OC(=O)C)C(=C1OC)O,"InChI=1S/C39H43N3O11S/c1-16-9-20-10-22-37(46)42-23-13-50-38(47)39(21-12-25(48-5)24(44)11-19(21)7-8-40-39)14-54-36(30(42)29(41(22)4)26(20)31(45)32(16)49-6)28-27(23)35-34(51-15-52-35)17(2)33(28)53-18(3)43/h9,11-12,22-23,29-30,36-37,40,44-46H,7-8,10,13-15H2,1-6H3/t22-,23-,29+,30+,36+,37-,39+/m0/s1",PKVRCIRHQMSYJX-AIFWHQITSA-N,exact DDInter name query,exact_unique,valid,"https://pubchem.ncbi.nlm.nih.gov/rest/pug/compound/name/Trabectedin/property/Title,ConnectivitySMILES,SMILES,InChI,InChIKey/JSON",2026-09-22
DDInter1841,Tramadol,33741,Tramadol,CN(C)CC1CCCCC1(C2=CC(=CC=C2)OC)O,CN(C)C[C@H]1CCCC[C@@]1(C2=CC(=CC=C2)OC)O,"InChI=1S/C16H25NO2/c1-17(2)12-14-7-4-5-10-16(14,18)13-8-6-9-15(11-13)19-3/h6,8-9,11,14,18H,4-5,7,10,12H2,1-3H3/t14-,16+/m1/s1",TVYLLZQTGLZFBW-ZBFHGGJFSA-N,exact DDInter name query,exact_unique,valid,"https://pubchem.ncbi.nlm.nih.gov/rest/pug/compound/name/Tramadol/property/Title,ConnectivitySMILES,SMILES,InChI,InChIKey/JSON",2026-09-22
DDInter1842,Trametinib,11707110,Trametinib,CC1=C2C(=C(N(C1=O)C)NC3=C(C=C(C=C3)I)F)C(=O)N(C(=O)N2C4=CC=CC(=C4)NC(=O)C)C5CC5,CC1=C2C(=C(N(C1=O)C)NC3=C(C=C(C=C3)I)F)C(=O)N(C(=O)N2C4=CC=CC(=C4)NC(=O)C)C5CC5,"InChI=1S/C26H23FIN5O4/c1-13-22-21(23(31(3)24(13)35)30-20-10-7-15(28)11-19(20)27)25(36)33(17-8-9-17)26(37)32(22)18-6-4-5-16(12-18)29-14(2)34/h4-7,10-12,17,30H,8-9H2,1-3H3,(H,29,34)",LIRYPHYGHXZJBZ-UHFFFAOYSA-N,exact DDInter name query,exact_unique,valid,"https://pubchem.ncbi.nlm.nih.gov/rest/pug/compound/name/Trametinib/property/Title,ConnectivitySMILES,SMILES,InChI,InChIKey/JSON",2026-09-22
DDInter1843,Trandolapril,5484727,Trandolapril,CCOC(=O)C(CCC1=CC=CC=C1)NC(C)C(=O)N2C3CCCCC3CC2C(=O)O,CCOC(=O)[C@H](CCC1=CC=CC=C1)N[C@@H](C)C(=O)N2[C@H]3CCCC[C@@H]3C[C@H]2C(=O)O,"InChI=1S/C24H34N2O5/c1-3-31-24(30)19(14-13-17-9-5-4-6-10-17)25-16(2)22(27)26-20-12-8-7-11-18(20)15-21(26)23(28)29/h4-6,9-10,16,18-21,25H,3,7-8,11-15H2,1-2H3,(H,28,29)/t16-,18+,19-,20-,21-/m0/s1",VXFJYXUZANRPDJ-WTNASJBWSA-N,exact DDInter name query,exact_unique,valid,"https://pubchem.ncbi.nlm.nih.gov/rest/pug/compound/name/Trandolapril/property/Title,ConnectivitySMILES,SMILES,InChI,InChIKey/JSON",2026-09-22
DDInter1844,Tranexamic acid,5526,4-(Aminomethyl)cyclohexanecarboxylic acid,C1CC(CCC1CN)C(=O)O,C1CC(CCC1CN)C(=O)O,"InChI=1S/C8H15NO2/c9-5-6-1-3-7(4-2-6)8(10)11/h6-7H,1-5,9H2,(H,10,11)",GYDJEQRTZSCIOI-UHFFFAOYSA-N,exact DDInter name query,ambiguous,excluded_title_mismatch,"https://pubchem.ncbi.nlm.nih.gov/rest/pug/compound/name/Tranexamic%20acid/property/Title,ConnectivitySMILES,SMILES,InChI,InChIKey/JSON",2026-09-22
DDInter1845,Tranylcypromine,5530,Tranylcypromine,C1C(C1N)C2=CC=CC=C2,C1C(C1N)C2=CC=CC=C2,"InChI=1S/C9H11N/c10-9-6-8(9)7-4-2-1-3-5-7/h1-5,8-9H,6,10H2",AELCINSCMGFISI-UHFFFAOYSA-N,exact DDInter name query,exact_unique,valid,"https://pubchem.ncbi.nlm.nih.gov/rest/pug/compound/name/Tranylcypromine/property/Title,ConnectivitySMILES,SMILES,InChI,InChIKey/JSON",2026-09-22
DDInter1846,Trastuzumab,,,,,,,exact DDInter name query,unmapped,unavailable,"https://pubchem.ncbi.nlm.nih.gov/rest/pug/compound/name/Trastuzumab/property/Title,ConnectivitySMILES,SMILES,InChI,InChIKey/JSON",2026-09-22
DDInter1847,Trastuzumab deruxtecan,,,,,,,exact DDInter name query,unmapped,unavailable,"https://pubchem.ncbi.nlm.nih.gov/rest/pug/compound/name/Trastuzumab%20deruxtecan/property/Title,ConnectivitySMILES,SMILES,InChI,InChIKey/JSON",2026-09-22
DDInter1848,Trastuzumab emtansine,,,,,,,exact DDInter name query,unmapped,unavailable,"https://pubchem.ncbi.nlm.nih.gov/rest/pug/compound/name/Trastuzumab%20emtansine/property/Title,ConnectivitySMILES,SMILES,InChI,InChIKey/JSON",2026-09-22
DDInter1849,Travoprost,5282226,Travoprost,CC(C)OC(=O)CCCC=CCC1C(CC(C1C=CC(COC2=CC=CC(=C2)C(F)(F)F)O)O)O,CC(C)OC(=O)CCC/C=C\C[C@H]1[C@H](C[C@H]([C@@H]1/C=C/[C@H](COC2=CC=CC(=C2)C(F)(F)F)O)O)O,"InChI=1S/C26H35F3O6/c1-17(2)35-25(33)11-6-4-3-5-10-21-22(24(32)15-23(21)31)13-12-19(30)16-34-20-9-7-8-18(14-20)26(27,28)29/h3,5,7-9,12-14,17,19,21-24,30-32H,4,6,10-11,15-16H2,1-2H3/b5-3-,13-12+/t19-,21-,22-,23+,24-/m1/s1",MKPLKVHSHYCHOC-AHTXBMBWSA-N,exact DDInter name query,exact_unique,valid,"https://pubchem.ncbi.nlm.nih.gov/rest/pug/compound/name/Travoprost/property/Title,ConnectivitySMILES,SMILES,InChI,InChIKey/JSON",2026-09-22
DDInter185,Benzonatate,7699,Benzonatate,CCCCNC1=CC=C(C=C1)C(=O)OCCOCCOCCOCCOCCOCCOCCOCCOCCOC,CCCCNC1=CC=C(C=C1)C(=O)OCCOCCOCCOCCOCCOCCOCCOCCOCCOC,"InChI=1S/C30H53NO11/c1-3-4-9-31-29-7-5-28(6-8-29)30(32)42-27-26-41-25-24-40-23-22-39-21-20-38-19-18-37-17-16-36-15-14-35-13-12-34-11-10-33-2/h5-8,31H,3-4,9-27H2,1-2H3",MAFMQEKGGFWBAB-UHFFFAOYSA-N,exact DDInter name query,exact_unique,valid,"https://pubchem.ncbi.nlm.nih.gov/rest/pug/compound/name/Benzonatate/property/Title,ConnectivitySMILES,SMILES,InChI,InChIKey/JSON",2026-09-22
DDInter1851,Trazodone,5533,Trazodone,C1CN(CCN1CCCN2C(=O)N3C=CC=CC3=N2)C4=CC(=CC=C4)Cl,C1CN(CCN1CCCN2C(=O)N3C=CC=CC3=N2)C4=CC(=CC=C4)Cl,"InChI=1S/C19H22ClN5O/c20-16-5-3-6-17(15-16)23-13-11-22(12-14-23)8-4-10-25-19(26)24-9-2-1-7-18(24)21-25/h1-3,5-7,9,15H,4,8,10-14H2",PHLBKPHSAVXXEF-UHFFFAOYSA-N,exact DDInter name query,exact_unique,valid,"https://pubchem.ncbi.nlm.nih.gov/rest/pug/compound/name/Trazodone/property/Title,ConnectivitySMILES,SMILES,InChI,InChIKey/JSON",2026-09-22
DDInter1852,Treprostinil,6918140,Treprostinil,CCCCCC(CCC1C(CC2C1CC3=C(C2)C(=CC=C3)OCC(=O)O)O)O,CCCCC[C@@H](CC[C@H]1[C@@H](C[C@H]2[C@@H]1CC3=C(C2)C(=CC=C3)OCC(=O)O)O)O,"InChI=1S/C23H34O5/c1-2-3-4-7-17(24)9-10-18-19-11-15-6-5-8-22(28-14-23(26)27)20(15)12-16(19)13-21(18)25/h5-6,8,16-19,21,24-25H,2-4,7,9-14H2,1H3,(H,26,27)/t16-,17-,18+,19-,21+/m0/s1",PAJMKGZZBBTTOY-ZFORQUDYSA-N,exact DDInter name query,exact_unique,valid,"https://pubchem.ncbi.nlm.nih.gov/rest/pug/compound/name/Treprostinil/property/Title,ConnectivitySMILES,SMILES,InChI,InChIKey/JSON",2026-09-22
DDInter1853,Tretinoin,444795,Retinoic Acid,CC1=C(C(CCC1)(C)C)C=CC(=CC=CC(=CC(=O)O)C)C,CC1=C(C(CCC1)(C)C)/C=C/C(=C/C=C/C(=C/C(=O)O)/C)/C,"InChI=1S/C20H28O2/c1-15(8-6-9-16(2)14-19(21)22)11-12-18-17(3)10-7-13-20(18,4)5/h6,8-9,11-12,14H,7,10,13H2,1-5H3,(H,21,22)/b9-6+,12-11+,15-8+,16-14+",SHGAZHPCJJPHSC-YCNIQYBTSA-N,exact DDInter name query,ambiguous,excluded_title_mismatch,"https://pubchem.ncbi.nlm.nih.gov/rest/pug/compound/name/Tretinoin/property/Title,ConnectivitySMILES,SMILES,InChI,InChIKey/JSON",2026-09-22
DDInter1854,Tretinoin (topical),,,,,,,exact DDInter name query,unmapped,unavailable,"https://pubchem.ncbi.nlm.nih.gov/rest/pug/compound/name/Tretinoin%20%28topical%29/property/Title,ConnectivitySMILES,SMILES,InChI,InChIKey/JSON",2026-09-22
DDInter1855,Triamcinolone,31307,Triamcinolone,CC12CC(C3(C(C1CC(C2(C(=O)CO)O)O)CCC4=CC(=O)C=CC43C)F)O,C[C@]12C[C@@H]([C@]3([C@H]([C@@H]1C[C@H]([C@@]2(C(=O)CO)O)O)CCC4=CC(=O)C=C[C@@]43C)F)O,"InChI=1S/C21H27FO6/c1-18-6-5-12(24)7-11(18)3-4-13-14-8-15(25)21(28,17(27)10-23)19(14,2)9-16(26)20(13,18)22/h5-7,13-16,23,25-26,28H,3-4,8-10H2,1-2H3/t13-,14-,15+,16-,18-,19-,20-,21-/m0/s1",GFNANZIMVAIWHM-OBYCQNJPSA-N,exact DDInter name query,exact_unique,valid,"https://pubchem.ncbi.nlm.nih.gov/rest/pug/compound/name/Triamcinolone/property/Title,ConnectivitySMILES,SMILES,InChI,InChIKey/JSON",2026-09-22
DDInter1856,Triamcinolone (nasal),,,,,,,exact DDInter name query,unmapped,unavailable,"https://pubchem.ncbi.nlm.nih.gov/rest/pug/compound/name/Triamcinolone%20%28nasal%29/property/Title,ConnectivitySMILES,SMILES,InChI,InChIKey/JSON",2026-09-22
DDInter1857,Triamcinolone (ophthalmic),,,,,,,exact DDInter name query,unmapped,unavailable,"https://pubchem.ncbi.nlm.nih.gov/rest/pug/compound/name/Triamcinolone%20%28ophthalmic%29/property/Title,ConnectivitySMILES,SMILES,InChI,InChIKey/JSON",2026-09-22
DDInter1858,Triamcinolone (topical),,,,,,,exact DDInter name query,unmapped,unavailable,"https://pubchem.ncbi.nlm.nih.gov/rest/pug/compound/name/Triamcinolone%20%28topical%29/property/Title,ConnectivitySMILES,SMILES,InChI,InChIKey/JSON",2026-09-22
DDInter1859,Triamterene,5546,Triamterene,C1=CC=C(C=C1)C2=NC3=C(N=C(N=C3N=C2N)N)N,C1=CC=C(C=C1)C2=NC3=C(N=C(N=C3N=C2N)N)N,"InChI=1S/C12H11N7/c13-9-7(6-4-2-1-3-5-6)16-8-10(14)18-12(15)19-11(8)17-9/h1-5H,(H6,13,14,15,17,18,19)",FNYLWPVRPXGIIP-UHFFFAOYSA-N,exact DDInter name query,exact_unique,valid,"https://pubchem.ncbi.nlm.nih.gov/rest/pug/compound/name/Triamterene/property/Title,ConnectivitySMILES,SMILES,InChI,InChIKey/JSON",2026-09-22
DDInter186,Benzoyl peroxide (topical),,,,,,,exact DDInter name query,unmapped,unavailable,"https://pubchem.ncbi.nlm.nih.gov/rest/pug/compound/name/Benzoyl%20peroxide%20%28topical%29/property/Title,ConnectivitySMILES,SMILES,InChI,InChIKey/JSON",2026-09-22
DDInter1860,Triazolam,5556,Triazolam,CC1=NN=C2N1C3=C(C=C(C=C3)Cl)C(=NC2)C4=CC=CC=C4Cl,CC1=NN=C2N1C3=C(C=C(C=C3)Cl)C(=NC2)C4=CC=CC=C4Cl,"InChI=1S/C17H12Cl2N4/c1-10-21-22-16-9-20-17(12-4-2-3-5-14(12)19)13-8-11(18)6-7-15(13)23(10)16/h2-8H,9H2,1H3",JOFWLTCLBGQGBO-UHFFFAOYSA-N,exact DDInter name query,exact_unique,valid,"https://pubchem.ncbi.nlm.nih.gov/rest/pug/compound/name/Triazolam/property/Title,ConnectivitySMILES,SMILES,InChI,InChIKey/JSON",2026-09-22
DDInter1861,Trichlormethiazide,5560,Trichlormethiazide,C1=C2C(=CC(=C1Cl)S(=O)(=O)N)S(=O)(=O)NC(N2)C(Cl)Cl,C1=C2C(=CC(=C1Cl)S(=O)(=O)N)S(=O)(=O)NC(N2)C(Cl)Cl,"InChI=1S/C8H8Cl3N3O4S2/c9-3-1-4-6(2-5(3)19(12,15)16)20(17,18)14-8(13-4)7(10)11/h1-2,7-8,13-14H,(H2,12,15,16)",LMJSLTNSBFUCMU-UHFFFAOYSA-N,exact DDInter name query,exact_unique,valid,"https://pubchem.ncbi.nlm.nih.gov/rest/pug/compound/name/Trichlormethiazide/property/Title,ConnectivitySMILES,SMILES,InChI,InChIKey/JSON",2026-09-22
DDInter1862,Trichophyton mentagrophytes,,,,,,,exact DDInter name query,unmapped,unavailable,"https://pubchem.ncbi.nlm.nih.gov/rest/pug/compound/name/Trichophyton%20mentagrophytes/property/Title,ConnectivitySMILES,SMILES,InChI,InChIKey/JSON",2026-09-22
DDInter1863,Triclabendazole,50248,Triclabendazole,CSC1=NC2=CC(=C(C=C2N1)Cl)OC3=C(C(=CC=C3)Cl)Cl,CSC1=NC2=CC(=C(C=C2N1)Cl)OC3=C(C(=CC=C3)Cl)Cl,"InChI=1S/C14H9Cl3N2OS/c1-21-14-18-9-5-8(16)12(6-10(9)19-14)20-11-4-2-3-7(15)13(11)17/h2-6H,1H3,(H,18,19)",NQPDXQQQCQDHHW-UHFFFAOYSA-N,exact DDInter name query,exact_unique,valid,"https://pubchem.ncbi.nlm.nih.gov/rest/pug/compound/name/Triclabendazole/property/Title,ConnectivitySMILES,SMILES,InChI,InChIKey/JSON",2026-09-22
DDInter1864,Triethylenetetramine,5565,Triethylenetetramine,C(CNCCNCCN)N,C(CNCCNCCN)N,"InChI=1S/C6H18N4/c7-1-3-9-5-6-10-4-2-8/h9-10H,1-8H2",VILCJCGEZXAXTO-UHFFFAOYSA-N,exact DDInter name query,exact_unique,valid,"https://pubchem.ncbi.nlm.nih.gov/rest/pug/compound/name/Triethylenetetramine/property/Title,ConnectivitySMILES,SMILES,InChI,InChIKey/JSON",2026-09-22
DDInter1865,Trifarotene (topical),,,,,,,exact DDInter name query,unmapped,unavailable,"https://pubchem.ncbi.nlm.nih.gov/rest/pug/compound/name/Trifarotene%20%28topical%29/property/Title,ConnectivitySMILES,SMILES,InChI,InChIKey/JSON",2026-09-22
DDInter1866,Trifluoperazine,5566,Trifluoperazine,CN1CCN(CC1)CCCN2C3=CC=CC=C3SC4=C2C=C(C=C4)C(F)(F)F,CN1CCN(CC1)CCCN2C3=CC=CC=C3SC4=C2C=C(C=C4)C(F)(F)F,"InChI=1S/C21H24F3N3S/c1-25-11-13-26(14-12-25)9-4-10-27-17-5-2-3-6-19(17)28-20-8-7-16(15-18(20)27)21(22,23)24/h2-3,5-8,15H,4,9-14H2,1H3",ZEWQUBUPAILYHI-UHFFFAOYSA-N,exact DDInter name query,exact_unique,valid,"https://pubchem.ncbi.nlm.nih.gov/rest/pug/compound/name/Trifluoperazine/property/Title,ConnectivitySMILES,SMILES,InChI,InChIKey/JSON",2026-09-22
DDInter1867,Triflupromazine,5568,Triflupromazine,CN(C)CCCN1C2=CC=CC=C2SC3=C1C=C(C=C3)C(F)(F)F,CN(C)CCCN1C2=CC=CC=C2SC3=C1C=C(C=C3)C(F)(F)F,"InChI=1S/C18H19F3N2S/c1-22(2)10-5-11-23-14-6-3-4-7-16(14)24-17-9-8-13(12-15(17)23)18(19,20)21/h3-4,6-9,12H,5,10-11H2,1-2H3",XSCGXQMFQXDFCW-UHFFFAOYSA-N,exact DDInter name query,exact_unique,valid,"https://pubchem.ncbi.nlm.nih.gov/rest/pug/compound/name/Triflupromazine/property/Title,ConnectivitySMILES,SMILES,InChI,InChIKey/JSON",2026-09-22
DDInter1868,Trifluridine,6256,Trifluridine,C1C(C(OC1N2C=C(C(=O)NC2=O)C(F)(F)F)CO)O,C1[C@@H]([C@H](O[C@H]1N2C=C(C(=O)NC2=O)C(F)(F)F)CO)O,"InChI=1S/C10H11F3N2O5/c11-10(12,13)4-2-15(9(19)14-8(4)18)7-1-5(17)6(3-16)20-7/h2,5-7,16-17H,1,3H2,(H,14,18,19)/t5-,6+,7+/m0/s1",VSQQQLOSPVPRAZ-RRKCRQDMSA-N,exact DDInter name query,exact_unique,valid,"https://pubchem.ncbi.nlm.nih.gov/rest/pug/compound/name/Trifluridine/property/Title,ConnectivitySMILES,SMILES,InChI,InChIKey/JSON",2026-09-22
DDInter1869,Triheptanoin,69286,Triheptanoin,CCCCCCC(=O)OCC(COC(=O)CCCCCC)OC(=O)CCCCCC,CCCCCCC(=O)OCC(COC(=O)CCCCCC)OC(=O)CCCCCC,"InChI=1S/C24H44O6/c1-4-7-10-13-16-22(25)28-19-21(30-24(27)18-15-12-9-6-3)20-29-23(26)17-14-11-8-5-2/h21H,4-20H2,1-3H3",PJHKBYALYHRYSK-UHFFFAOYSA-N,exact DDInter name query,exact_unique,valid,"https://pubchem.ncbi.nlm.nih.gov/rest/pug/compound/name/Triheptanoin/property/Title,ConnectivitySMILES,SMILES,InChI,InChIKey/JSON",2026-09-22
DDInter187,Benzphetamine,5311017,Benzphetamine,CC(CC1=CC=CC=C1)N(C)CC2=CC=CC=C2,C[C@@H](CC1=CC=CC=C1)N(C)CC2=CC=CC=C2,"InChI=1S/C17H21N/c1-15(13-16-9-5-3-6-10-16)18(2)14-17-11-7-4-8-12-17/h3-12,15H,13-14H2,1-2H3/t15-/m0/s1",YXKTVDFXDRQTKV-HNNXBMFYSA-N,exact DDInter name query,exact_unique,valid,"https://pubchem.ncbi.nlm.nih.gov/rest/pug/compound/name/Benzphetamine/property/Title,ConnectivitySMILES,SMILES,InChI,InChIKey/JSON",2026-09-22
DDInter1870,Trihexyphenidyl,5572,Trihexyphenidyl,C1CCC(CC1)C(CCN2CCCCC2)(C3=CC=CC=C3)O,C1CCC(CC1)C(CCN2CCCCC2)(C3=CC=CC=C3)O,"InChI=1S/C20H31NO/c22-20(18-10-4-1-5-11-18,19-12-6-2-7-13-19)14-17-21-15-8-3-9-16-21/h1,4-5,10-11,19,22H,2-3,6-9,12-17H2",HWHLPVGTWGOCJO-UHFFFAOYSA-N,exact DDInter name query,exact_unique,valid,"https://pubchem.ncbi.nlm.nih.gov/rest/pug/compound/name/Trihexyphenidyl/property/Title,ConnectivitySMILES,SMILES,InChI,InChIKey/JSON",2026-09-22
DDInter1871,Trimethadione,5576,Trimethadione,CC1(C(=O)N(C(=O)O1)C)C,CC1(C(=O)N(C(=O)O1)C)C,InChI=1S/C6H9NO3/c1-6(2)4(8)7(3)5(9)10-6/h1-3H3,IRYJRGCIQBGHIV-UHFFFAOYSA-N,exact DDInter name query,exact_unique,valid,"https://pubchem.ncbi.nlm.nih.gov/rest/pug/compound/name/Trimethadione/property/Title,ConnectivitySMILES,SMILES,InChI,InChIKey/JSON",2026-09-22
DDInter1872,Trimethaphan,23576,Trimethaphan,C1CC2C3C(C[S+]2C1)N(C(=O)N3CC4=CC=CC=C4)CC5=CC=CC=C5,C1CC2C3C(C[S+]2C1)N(C(=O)N3CC4=CC=CC=C4)CC5=CC=CC=C5,"InChI=1S/C22H25N2OS/c25-22-23(14-17-8-3-1-4-9-17)19-16-26-13-7-12-20(26)21(19)24(22)15-18-10-5-2-6-11-18/h1-6,8-11,19-21H,7,12-16H2/q+1",CHQOEHPMXSHGCL-UHFFFAOYSA-N,exact DDInter name query,exact_unique,valid,"https://pubchem.ncbi.nlm.nih.gov/rest/pug/compound/name/Trimethaphan/property/Title,ConnectivitySMILES,SMILES,InChI,InChIKey/JSON",2026-09-22
DDInter1873,Trimethobenzamide,5577,Trimethobenzamide,CN(C)CCOC1=CC=C(C=C1)CNC(=O)C2=CC(=C(C(=C2)OC)OC)OC,CN(C)CCOC1=CC=C(C=C1)CNC(=O)C2=CC(=C(C(=C2)OC)OC)OC,"InChI=1S/C21H28N2O5/c1-23(2)10-11-28-17-8-6-15(7-9-17)14-22-21(24)16-12-18(25-3)20(27-5)19(13-16)26-4/h6-9,12-13H,10-11,14H2,1-5H3,(H,22,24)",FEZBIKUBAYAZIU-UHFFFAOYSA-N,exact DDInter name query,exact_unique,valid,"https://pubchem.ncbi.nlm.nih.gov/rest/pug/compound/name/Trimethobenzamide/property/Title,ConnectivitySMILES,SMILES,InChI,InChIKey/JSON",2026-09-22
DDInter1874,Trimethoprim,5578,Trimethoprim,COC1=CC(=CC(=C1OC)OC)CC2=CN=C(N=C2N)N,COC1=CC(=CC(=C1OC)OC)CC2=CN=C(N=C2N)N,"InChI=1S/C14H18N4O3/c1-19-10-5-8(6-11(20-2)12(10)21-3)4-9-7-17-14(16)18-13(9)15/h5-7H,4H2,1-3H3,(H4,15,16,17,18)",IEDVJHCEMCRBQM-UHFFFAOYSA-N,exact DDInter name query,exact_unique,valid,"https://pubchem.ncbi.nlm.nih.gov/rest/pug/compound/name/Trimethoprim/property/Title,ConnectivitySMILES,SMILES,InChI,InChIKey/JSON",2026-09-22
DDInter1875,Trimetrexate,5583,Trimetrexate,CC1=C(C=CC2=C1C(=NC(=N2)N)N)CNC3=CC(=C(C(=C3)OC)OC)OC,CC1=C(C=CC2=C1C(=NC(=N2)N)N)CNC3=CC(=C(C(=C3)OC)OC)OC,"InChI=1S/C19H23N5O3/c1-10-11(5-6-13-16(10)18(20)24-19(21)23-13)9-22-12-7-14(25-2)17(27-4)15(8-12)26-3/h5-8,22H,9H2,1-4H3,(H4,20,21,23,24)",NOYPYLRCIDNJJB-UHFFFAOYSA-N,exact DDInter name query,exact_unique,valid,"https://pubchem.ncbi.nlm.nih.gov/rest/pug/compound/name/Trimetrexate/property/Title,ConnectivitySMILES,SMILES,InChI,InChIKey/JSON",2026-09-22
DDInter1876,Trimipramine,5584,Trimipramine,CC(CN1C2=CC=CC=C2CCC3=CC=CC=C31)CN(C)C,CC(CN1C2=CC=CC=C2CCC3=CC=CC=C31)CN(C)C,"InChI=1S/C20H26N2/c1-16(14-21(2)3)15-22-19-10-6-4-8-17(19)12-13-18-9-5-7-11-20(18)22/h4-11,16H,12-15H2,1-3H3",ZSCDBOWYZJWBIY-UHFFFAOYSA-N,exact DDInter name query,exact_unique,valid,"https://pubchem.ncbi.nlm.nih.gov/rest/pug/compound/name/Trimipramine/property/Title,ConnectivitySMILES,SMILES,InChI,InChIKey/JSON",2026-09-22
DDInter1877,Trioxsalen,5585,Trimethylpsoralen,CC1=CC(=O)OC2=C1C=C3C=C(OC3=C2C)C,CC1=CC(=O)OC2=C1C=C3C=C(OC3=C2C)C,"InChI=1S/C14H12O3/c1-7-4-12(15)17-14-9(3)13-10(6-11(7)14)5-8(2)16-13/h4-6H,1-3H3",FMHHVULEAZTJMA-UHFFFAOYSA-N,exact DDInter name query,ambiguous,excluded_title_mismatch,"https://pubchem.ncbi.nlm.nih.gov/rest/pug/compound/name/Trioxsalen/property/Title,ConnectivitySMILES,SMILES,InChI,InChIKey/JSON",2026-09-22
DDInter1878,Tripelennamine,5587,Tripelennamine,CN(C)CCN(CC1=CC=CC=C1)C2=CC=CC=N2,CN(C)CCN(CC1=CC=CC=C1)C2=CC=CC=N2,"InChI=1S/C16H21N3/c1-18(2)12-13-19(16-10-6-7-11-17-16)14-15-8-4-3-5-9-15/h3-11H,12-14H2,1-2H3",UFLGIAIHIAPJJC-UHFFFAOYSA-N,exact DDInter name query,exact_unique,valid,"https://pubchem.ncbi.nlm.nih.gov/rest/pug/compound/name/Tripelennamine/property/Title,ConnectivitySMILES,SMILES,InChI,InChIKey/JSON",2026-09-22
DDInter1879,Triprolidine,5282443,Triprolidine,CC1=CC=C(C=C1)C(=CCN2CCCC2)C3=CC=CC=N3,CC1=CC=C(C=C1)/C(=C\CN2CCCC2)/C3=CC=CC=N3,"InChI=1S/C19H22N2/c1-16-7-9-17(10-8-16)18(19-6-2-3-12-20-19)11-15-21-13-4-5-14-21/h2-3,6-12H,4-5,13-15H2,1H3/b18-11+",CBEQULMOCCWAQT-WOJGMQOQSA-N,exact DDInter name query,exact_unique,valid,"https://pubchem.ncbi.nlm.nih.gov/rest/pug/compound/name/Triprolidine/property/Title,ConnectivitySMILES,SMILES,InChI,InChIKey/JSON",2026-09-22
DDInter188,Benzthiazide,2343,Benzthiazide,C1=CC=C(C=C1)CSCC2=NS(=O)(=O)C3=CC(=C(C=C3N2)Cl)S(=O)(=O)N,C1=CC=C(C=C1)CSCC2=NS(=O)(=O)C3=CC(=C(C=C3N2)Cl)S(=O)(=O)N,"InChI=1S/C15H14ClN3O4S3/c16-11-6-12-14(7-13(11)25(17,20)21)26(22,23)19-15(18-12)9-24-8-10-4-2-1-3-5-10/h1-7H,8-9H2,(H,18,19)(H2,17,20,21)",NDTSRXAMMQDVSW-UHFFFAOYSA-N,exact DDInter name query,exact_unique,valid,"https://pubchem.ncbi.nlm.nih.gov/rest/pug/compound/name/Benzthiazide/property/Title,ConnectivitySMILES,SMILES,InChI,InChIKey/JSON",2026-09-22
DDInter1880,Triptorelin,25074470,Triptorelin,CC(C)CC(C(=O)NC(CCCN=C(N)N)C(=O)N1CCCC1C(=O)NCC(=O)N)NC(=O)C(CC2=CNC3=CC=CC=C32)NC(=O)C(CC4=CC=C(C=C4)O)NC(=O)C(CO)NC(=O)C(CC5=CNC6=CC=CC=C65)NC(=O)C(CC7=CN=CN7)NC(=O)C8CCC(=O)N8,CC(C)C[C@@H](C(=O)N[C@@H](CCCN=C(N)N)C(=O)N1CCC[C@H]1C(=O)NCC(=O)N)NC(=O)[C@@H](CC2=CNC3=CC=CC=C32)NC(=O)[C@H](CC4=CC=C(C=C4)O)NC(=O)[C@H](CO)NC(=O)[C@H](CC5=CNC6=CC=CC=C65)NC(=O)[C@H](CC7=CN=CN7)NC(=O)[C@@H]8CCC(=O)N8,"InChI=1S/C64H82N18O13/c1-34(2)23-46(56(88)75-45(13-7-21-69-64(66)67)63(95)82-22-8-14-52(82)62(94)72-31-53(65)85)76-58(90)48(25-36-28-70-42-11-5-3-9-40(36)42)78-57(89)47(24-35-15-17-39(84)18-16-35)77-61(93)51(32-83)81-59(91)49(26-37-29-71-43-12-6-4-10-41(37)43)79-60(92)50(27-38-30-68-33-73-38)80-55(87)44-19-20-54(86)74-44/h3-6,9-12,15-18,28-30,33-34,44-52,70-71,83-84H,7-8,13-14,19-27,31-32H2,1-2H3,(H2,65,85)(H,68,73)(H,72,94)(H,74,86)(H,75,88)(H,76,90)(H,77,93)(H,78,89)(H,79,92)(H,80,87)(H,81,91)(H4,66,67,69)/t44-,45-,46-,47-,48+,49-,50-,51-,52-/m0/s1",VXKHXGOKWPXYNA-PGBVPBMZSA-N,exact DDInter name query,exact_unique,valid,"https://pubchem.ncbi.nlm.nih.gov/rest/pug/compound/name/Triptorelin/property/Title,ConnectivitySMILES,SMILES,InChI,InChIKey/JSON",2026-09-22
DDInter1881,Troglitazone,5591,Troglitazone,CC1=C(C2=C(CCC(O2)(C)COC3=CC=C(C=C3)CC4C(=O)NC(=O)S4)C(=C1O)C)C,CC1=C(C2=C(CCC(O2)(C)COC3=CC=C(C=C3)CC4C(=O)NC(=O)S4)C(=C1O)C)C,"InChI=1S/C24H27NO5S/c1-13-14(2)21-18(15(3)20(13)26)9-10-24(4,30-21)12-29-17-7-5-16(6-8-17)11-19-22(27)25-23(28)31-19/h5-8,19,26H,9-12H2,1-4H3,(H,25,27,28)",GXPHKUHSUJUWKP-UHFFFAOYSA-N,exact DDInter name query,exact_unique,valid,"https://pubchem.ncbi.nlm.nih.gov/rest/pug/compound/name/Troglitazone/property/Title,ConnectivitySMILES,SMILES,InChI,InChIKey/JSON",2026-09-22
DDInter1882,Troleandomycin,202225,Troleandomycin,CC1CC(C(C(O1)OC2C(CC3(CO3)C(=O)C(C(C(C(OC(=O)C(C(C2C)OC4CC(C(C(O4)C)OC(=O)C)OC)C)C)C)OC(=O)C)C)C)OC(=O)C)N(C)C,C[C@@H]1C[C@@H]([C@H]([C@@H](O1)O[C@H]2[C@H](C[C@@]3(CO3)C(=O)[C@@H]([C@H]([C@H]([C@H](OC(=O)[C@@H]([C@H]([C@@H]2C)O[C@H]4C[C@@H]([C@H]([C@@H](O4)C)OC(=O)C)OC)C)C)C)OC(=O)C)C)C)OC(=O)C)N(C)C,"InChI=1S/C41H67NO15/c1-19-17-41(18-49-41)38(46)23(5)34(53-27(9)43)21(3)25(7)52-39(47)24(6)35(56-32-16-31(48-14)36(26(8)51-32)54-28(10)44)22(4)33(19)57-40-37(55-29(11)45)30(42(12)13)15-20(2)50-40/h19-26,30-37,40H,15-18H2,1-14H3/t19-,20+,21-,22+,23+,24+,25+,26-,30-,31-,32-,33-,34-,35-,36-,37+,40-,41+/m0/s1",LQCLVBQBTUVCEQ-QTFUVMRISA-N,exact DDInter name query,exact_unique,valid,"https://pubchem.ncbi.nlm.nih.gov/rest/pug/compound/name/Troleandomycin/property/Title,ConnectivitySMILES,SMILES,InChI,InChIKey/JSON",2026-09-22
DDInter1883,Tromethamine,6503,Tris(hydroxymethyl)aminomethane,C(C(CO)(CO)N)O,C(C(CO)(CO)N)O,"InChI=1S/C4H11NO3/c5-4(1-6,2-7)3-8/h6-8H,1-3,5H2",LENZDBCJOHFCAS-UHFFFAOYSA-N,exact DDInter name query,ambiguous,excluded_title_mismatch,"https://pubchem.ncbi.nlm.nih.gov/rest/pug/compound/name/Tromethamine/property/Title,ConnectivitySMILES,SMILES,InChI,InChIKey/JSON",2026-09-22
DDInter1884,Tropicamide,5593,Tropicamide,CCN(CC1=CC=NC=C1)C(=O)C(CO)C2=CC=CC=C2,CCN(CC1=CC=NC=C1)C(=O)C(CO)C2=CC=CC=C2,"InChI=1S/C17H20N2O2/c1-2-19(12-14-8-10-18-11-9-14)17(21)16(13-20)15-6-4-3-5-7-15/h3-11,16,20H,2,12-13H2,1H3",BGDKAVGWHJFAGW-UHFFFAOYSA-N,exact DDInter name query,exact_unique,valid,"https://pubchem.ncbi.nlm.nih.gov/rest/pug/compound/name/Tropicamide/property/Title,ConnectivitySMILES,SMILES,InChI,InChIKey/JSON",2026-09-22
DDInter1885,Tropicamide (ophthalmic),,,,,,,exact DDInter name query,unmapped,unavailable,"https://pubchem.ncbi.nlm.nih.gov/rest/pug/compound/name/Tropicamide%20%28ophthalmic%29/property/Title,ConnectivitySMILES,SMILES,InChI,InChIKey/JSON",2026-09-22
DDInter1886,Trospium,5284632,Trospium,C1CC[N+]2(C1)C3CCC2CC(C3)OC(=O)C(C4=CC=CC=C4)(C5=CC=CC=C5)O,C1CC[N+]2(C1)[C@@H]3CC[C@H]2CC(C3)OC(=O)C(C4=CC=CC=C4)(C5=CC=CC=C5)O,"InChI=1S/C25H30NO3/c27-24(25(28,19-9-3-1-4-10-19)20-11-5-2-6-12-20)29-23-17-21-13-14-22(18-23)26(21)15-7-8-16-26/h1-6,9-12,21-23,28H,7-8,13-18H2/q+1/t21-,22+,23?",OYYDSUSKLWTMMQ-AIZNXBIQSA-N,exact DDInter name query,exact_unique,valid,"https://pubchem.ncbi.nlm.nih.gov/rest/pug/compound/name/Trospium/property/Title,ConnectivitySMILES,SMILES,InChI,InChIKey/JSON",2026-09-22
DDInter1887,Trovafloxacin,62959,"1,8-Naphthyridine-3-carboxylic acid, 7-(1alpha,5alpha,6alpha)-6-amino-3-azabicyclo3.1.0hex-3-yl-1-(2,4-difluorophenyl)-6-fluoro-1,4-dihydro-4-oxo-",C1C2C(C2N)CN1C3=C(C=C4C(=O)C(=CN(C4=N3)C5=C(C=C(C=C5)F)F)C(=O)O)F,C1[C@@H]2[C@@H](C2N)CN1C3=C(C=C4C(=O)C(=CN(C4=N3)C5=C(C=C(C=C5)F)F)C(=O)O)F,"InChI=1S/C20H15F3N4O3/c21-8-1-2-15(13(22)3-8)27-7-12(20(29)30)17(28)9-4-14(23)19(25-18(9)27)26-5-10-11(6-26)16(10)24/h1-4,7,10-11,16H,5-6,24H2,(H,29,30)/t10-,11+,16?",WVPSKSLAZQPAKQ-SOSAQKQKSA-N,exact DDInter name query,ambiguous,excluded_title_mismatch,"https://pubchem.ncbi.nlm.nih.gov/rest/pug/compound/name/Trovafloxacin/property/Title,ConnectivitySMILES,SMILES,InChI,InChIKey/JSON",2026-09-22
DDInter1888,Tryptophan,6305,L-Tryptophan,C1=CC=C2C(=C1)C(=CN2)CC(C(=O)O)N,C1=CC=C2C(=C1)C(=CN2)C[C@@H](C(=O)O)N,"InChI=1S/C11H12N2O2/c12-9(11(14)15)5-7-6-13-10-4-2-1-3-8(7)10/h1-4,6,9,13H,5,12H2,(H,14,15)/t9-/m0/s1",QIVBCDIJIAJPQS-VIFPVBQESA-N,exact DDInter name query,ambiguous,excluded_title_mismatch,"https://pubchem.ncbi.nlm.nih.gov/rest/pug/compound/name/Tryptophan/property/Title,ConnectivitySMILES,SMILES,InChI,InChIKey/JSON",2026-09-22
DDInter1889,Tuberculin purified protein derivative,,,,,,,exact DDInter name query,unmapped,unavailable,"https://pubchem.ncbi.nlm.nih.gov/rest/pug/compound/name/Tuberculin%20purified%20protein%20derivative/property/Title,ConnectivitySMILES,SMILES,InChI,InChIKey/JSON",2026-09-22
DDInter189,Benzylpenicillin,5904,Penicillin G,CC1(C(N2C(S1)C(C2=O)NC(=O)CC3=CC=CC=C3)C(=O)O)C,CC1([C@@H](N2[C@H](S1)[C@@H](C2=O)NC(=O)CC3=CC=CC=C3)C(=O)O)C,"InChI=1S/C16H18N2O4S/c1-16(2)12(15(21)22)18-13(20)11(14(18)23-16)17-10(19)8-9-6-4-3-5-7-9/h3-7,11-12,14H,8H2,1-2H3,(H,17,19)(H,21,22)/t11-,12+,14-/m1/s1",JGSARLDLIJGVTE-MBNYWOFBSA-N,exact DDInter name query,ambiguous,excluded_title_mismatch,"https://pubchem.ncbi.nlm.nih.gov/rest/pug/compound/name/Benzylpenicillin/property/Title,ConnectivitySMILES,SMILES,InChI,InChIKey/JSON",2026-09-22
DDInter1890,Tubocurarine,6000,Tubocurarine,CN1CCC2=CC(=C3C=C2C1CC4=CC=C(C=C4)OC5=C6C(CC7=CC(=C(C=C7)O)O3)[N+](CCC6=CC(=C5O)OC)(C)C)OC,CN1CCC2=CC(=C3C=C2[C@@H]1CC4=CC=C(C=C4)OC5=C6[C@@H](CC7=CC(=C(C=C7)O)O3)[N+](CCC6=CC(=C5O)OC)(C)C)OC,"InChI=1S/C37H40N2O6/c1-38-14-12-24-19-32(42-4)33-21-27(24)28(38)16-22-6-9-26(10-7-22)44-37-35-25(20-34(43-5)36(37)41)13-15-39(2,3)29(35)17-23-8-11-30(40)31(18-23)45-33/h6-11,18-21,28-29H,12-17H2,1-5H3,(H-,40,41)/p+1/t28-,29+/m0/s1",JFJZZMVDLULRGK-URLMMPGGSA-O,exact DDInter name query,exact_unique,valid,"https://pubchem.ncbi.nlm.nih.gov/rest/pug/compound/name/Tubocurarine/property/Title,ConnectivitySMILES,SMILES,InChI,InChIKey/JSON",2026-09-22
DDInter1891,Tucatinib,51039094,Tucatinib,CC1=C(C=CC(=C1)NC2=NC=NC3=C2C=C(C=C3)NC4=NC(CO4)(C)C)OC5=CC6=NC=NN6C=C5,CC1=C(C=CC(=C1)NC2=NC=NC3=C2C=C(C=C3)NC4=NC(CO4)(C)C)OC5=CC6=NC=NN6C=C5,"InChI=1S/C26H24N8O2/c1-16-10-17(5-7-22(16)36-19-8-9-34-23(12-19)28-15-30-34)31-24-20-11-18(4-6-21(20)27-14-29-24)32-25-33-26(2,3)13-35-25/h4-12,14-15H,13H2,1-3H3,(H,32,33)(H,27,29,31)",SDEAXTCZPQIFQM-UHFFFAOYSA-N,exact DDInter name query,exact_unique,valid,"https://pubchem.ncbi.nlm.nih.gov/rest/pug/compound/name/Tucatinib/property/Title,ConnectivitySMILES,SMILES,InChI,InChIKey/JSON",2026-09-22
DDInter1892,Turmeric,,,,,,,exact DDInter name query,unmapped,unavailable,"https://pubchem.ncbi.nlm.nih.gov/rest/pug/compound/name/Turmeric/property/Title,ConnectivitySMILES,SMILES,InChI,InChIKey/JSON",2026-09-22
DDInter1893,Typhoid vaccine (inactivated),,,,,,,exact DDInter name query,unmapped,unavailable,"https://pubchem.ncbi.nlm.nih.gov/rest/pug/compound/name/Typhoid%20vaccine%20%28inactivated%29/property/Title,ConnectivitySMILES,SMILES,InChI,InChIKey/JSON",2026-09-22
DDInter1894,Typhoid vaccine (live),,,,,,,exact DDInter name query,unmapped,unavailable,"https://pubchem.ncbi.nlm.nih.gov/rest/pug/compound/name/Typhoid%20vaccine%20%28live%29/property/Title,ConnectivitySMILES,SMILES,InChI,InChIKey/JSON",2026-09-22
DDInter1895,Tyropanoic acid,5611,Tyropanic Acid,CCCC(=O)NC1=C(C=C(C(=C1I)CC(CC)C(=O)O)I)I,CCCC(=O)NC1=C(C=C(C(=C1I)CC(CC)C(=O)O)I)I,"InChI=1S/C15H18I3NO3/c1-3-5-12(20)19-14-11(17)7-10(16)9(13(14)18)6-8(4-2)15(21)22/h7-8H,3-6H2,1-2H3,(H,19,20)(H,21,22)",YMOXVLQZFAUUKI-UHFFFAOYSA-N,exact DDInter name query,ambiguous,excluded_title_mismatch,"https://pubchem.ncbi.nlm.nih.gov/rest/pug/compound/name/Tyropanoic%20acid/property/Title,ConnectivitySMILES,SMILES,InChI,InChIKey/JSON",2026-09-22
DDInter1896,Ubrogepant,68748835,Ubrogepant,CC1C(CC(C(=O)N1CC(F)(F)F)NC(=O)C2=CC3=C(CC4(C3)C5=C(NC4=O)N=CC=C5)N=C2)C6=CC=CC=C6,C[C@@H]1[C@@H](C[C@@H](C(=O)N1CC(F)(F)F)NC(=O)C2=CC3=C(C[C@@]4(C3)C5=C(NC4=O)N=CC=C5)N=C2)C6=CC=CC=C6,"InChI=1S/C29H26F3N5O3/c1-16-20(17-6-3-2-4-7-17)11-22(26(39)37(16)15-29(30,31)32)35-25(38)19-10-18-12-28(13-23(18)34-14-19)21-8-5-9-33-24(21)36-27(28)40/h2-10,14,16,20,22H,11-13,15H2,1H3,(H,35,38)(H,33,36,40)/t16-,20-,22+,28+/m1/s1",DDOOFTLHJSMHLN-ZQHRPCGSSA-N,exact DDInter name query,exact_unique,valid,"https://pubchem.ncbi.nlm.nih.gov/rest/pug/compound/name/Ubrogepant/property/Title,ConnectivitySMILES,SMILES,InChI,InChIKey/JSON",2026-09-22
DDInter1897,Ulipristal,13559281,Ulipristal,CC(=O)C1(CCC2C1(CC(C3=C4CCC(=O)C=C4CCC23)C5=CC=C(C=C5)N(C)C)C)O,CC(=O)[C@]1(CC[C@@H]2[C@@]1(C[C@@H](C3=C4CCC(=O)C=C4CC[C@@H]23)C5=CC=C(C=C5)N(C)C)C)O,"InChI=1S/C28H35NO3/c1-17(30)28(32)14-13-25-23-11-7-19-15-21(31)10-12-22(19)26(23)24(16-27(25,28)2)18-5-8-20(9-6-18)29(3)4/h5-6,8-9,15,23-25,32H,7,10-14,16H2,1-4H3/t23-,24+,25-,27-,28-/m0/s1",HKDLNTKNLJPAIY-WKWWZUSTSA-N,exact DDInter name query,exact_unique,valid,"https://pubchem.ncbi.nlm.nih.gov/rest/pug/compound/name/Ulipristal/property/Title,ConnectivitySMILES,SMILES,InChI,InChIKey/JSON",2026-09-22
DDInter1898,Ulobetasol (topical),,,,,,,exact DDInter name query,unmapped,unavailable,"https://pubchem.ncbi.nlm.nih.gov/rest/pug/compound/name/Ulobetasol%20%28topical%29/property/Title,ConnectivitySMILES,SMILES,InChI,InChIKey/JSON",2026-09-22
DDInter1899,Umeclidinium,11519070,Umeclidinium,C1C[N+]2(CCC1(CC2)C(C3=CC=CC=C3)(C4=CC=CC=C4)O)CCOCC5=CC=CC=C5,C1C[N+]2(CCC1(CC2)C(C3=CC=CC=C3)(C4=CC=CC=C4)O)CCOCC5=CC=CC=C5,"InChI=1S/C29H34NO2/c31-29(26-12-6-2-7-13-26,27-14-8-3-9-15-27)28-16-19-30(20-17-28,21-18-28)22-23-32-24-25-10-4-1-5-11-25/h1-15,31H,16-24H2/q+1",FVTWTVQXNAJTQP-UHFFFAOYSA-N,exact DDInter name query,exact_unique,valid,"https://pubchem.ncbi.nlm.nih.gov/rest/pug/compound/name/Umeclidinium/property/Title,ConnectivitySMILES,SMILES,InChI,InChIKey/JSON",2026-09-22
DDInter19,Acetylcysteine,12035,N-Acetyl-L-Cysteine,CC(=O)NC(CS)C(=O)O,CC(=O)N[C@@H](CS)C(=O)O,"InChI=1S/C5H9NO3S/c1-3(7)6-4(2-10)5(8)9/h4,10H,2H2,1H3,(H,6,7)(H,8,9)/t4-/m0/s1",PWKSKIMOESPYIA-BYPYZUCNSA-N,exact DDInter name query,ambiguous,excluded_title_mismatch,"https://pubchem.ncbi.nlm.nih.gov/rest/pug/compound/name/Acetylcysteine/property/Title,ConnectivitySMILES,SMILES,InChI,InChIKey/JSON",2026-09-22
DDInter190,Benzylpenicillin (potassium),,,,,,,exact DDInter name query,unmapped,unavailable,"https://pubchem.ncbi.nlm.nih.gov/rest/pug/compound/name/Benzylpenicillin%20%28potassium%29/property/Title,ConnectivitySMILES,SMILES,InChI,InChIKey/JSON",2026-09-22
DDInter1901,Upadacitinib,58557659,Upadacitinib,CCC1CN(CC1C2=CN=C3N2C4=C(NC=C4)N=C3)C(=O)NCC(F)(F)F,CC[C@@H]1CN(C[C@@H]1C2=CN=C3N2C4=C(NC=C4)N=C3)C(=O)NCC(F)(F)F,"InChI=1S/C17H19F3N6O/c1-2-10-7-25(16(27)24-9-17(18,19)20)8-11(10)13-5-22-14-6-23-15-12(26(13)14)3-4-21-15/h3-6,10-11,21H,2,7-9H2,1H3,(H,24,27)/t10-,11+/m1/s1",WYQFJHHDOKWSHR-MNOVXSKESA-N,exact DDInter name query,exact_unique,valid,"https://pubchem.ncbi.nlm.nih.gov/rest/pug/compound/name/Upadacitinib/property/Title,ConnectivitySMILES,SMILES,InChI,InChIKey/JSON",2026-09-22
DDInter1902,Uracil mustard,6194,Uracil Mustard,C1=C(C(=O)NC(=O)N1)N(CCCl)CCCl,C1=C(C(=O)NC(=O)N1)N(CCCl)CCCl,"InChI=1S/C8H11Cl2N3O2/c9-1-3-13(4-2-10)6-5-11-8(15)12-7(6)14/h5H,1-4H2,(H2,11,12,14,15)",IDPUKCWIGUEADI-UHFFFAOYSA-N,exact DDInter name query,exact_unique,valid,"https://pubchem.ncbi.nlm.nih.gov/rest/pug/compound/name/Uracil%20mustard/property/Title,ConnectivitySMILES,SMILES,InChI,InChIKey/JSON",2026-09-22
DDInter1903,Urea,1176,Urea,C(=O)(N)N,C(=O)(N)N,"InChI=1S/CH4N2O/c2-1(3)4/h(H4,2,3,4)",XSQUKJJJFZCRTK-UHFFFAOYSA-N,exact DDInter name query,exact_unique,valid,"https://pubchem.ncbi.nlm.nih.gov/rest/pug/compound/name/Urea/property/Title,ConnectivitySMILES,SMILES,InChI,InChIKey/JSON",2026-09-22
DDInter1904,Urofollitropin,73759969,Urofollitropin,CCC(C)C1C(=O)NC(C(=O)NC(C(=O)NC(CSSCC(C(=O)NC(C(=O)N1)CC2=CC=C(C=C2)O)N)C(=O)N3CCCC3C(=O)NC(CC(C)C)C(=O)NCC(=O)N)CC(=O)N)C(C)O,CC[C@@H](C)C1C(=O)N[C@H](C(=O)N[C@H](C(=O)N[C@H](CSSC[C@H](C(=O)N[C@@H](C(=O)N1)CC2=CC=C(C=C2)O)N)C(=O)N3CCC[C@@H]3C(=O)N[C@H](CC(C)C)C(=O)NCC(=O)N)CC(=O)N)[C@H](C)O,"InChI=1S/C42H65N11O12S2/c1-6-21(4)33-40(63)52-34(22(5)54)41(64)49-28(16-31(44)56)37(60)50-29(19-67-66-18-25(43)35(58)47-27(38(61)51-33)15-23-9-11-24(55)12-10-23)42(65)53-13-7-8-30(53)39(62)48-26(14-20(2)3)36(59)46-17-32(45)57/h9-12,20-22,25-30,33-34,54-55H,6-8,13-19,43H2,1-5H3,(H2,44,56)(H2,45,57)(H,46,59)(H,47,58)(H,48,62)(H,49,64)(H,50,60)(H,51,61)(H,52,63)/t21-,22+,25-,26-,27-,28+,29-,30-,33?,34+/m1/s1",ZDRRIRUAESZNIH-JLSAMJFVSA-N,exact DDInter name query,exact_unique,valid,"https://pubchem.ncbi.nlm.nih.gov/rest/pug/compound/name/Urofollitropin/property/Title,ConnectivitySMILES,SMILES,InChI,InChIKey/JSON",2026-09-22
DDInter1905,Urokinase,,,,,,,exact DDInter name query,unmapped,unavailable,"https://pubchem.ncbi.nlm.nih.gov/rest/pug/compound/name/Urokinase/property/Title,ConnectivitySMILES,SMILES,InChI,InChIKey/JSON",2026-09-22
DDInter1906,Ursodeoxycholic acid,31401,Ursodeoxycholic Acid,CC(CCC(=O)O)C1CCC2C1(CCC3C2C(CC4C3(CCC(C4)O)C)O)C,C[C@H](CCC(=O)O)[C@H]1CC[C@@H]2[C@@]1(CC[C@H]3[C@H]2[C@H](C[C@H]4[C@@]3(CC[C@H](C4)O)C)O)C,"InChI=1S/C24H40O4/c1-14(4-7-21(27)28)17-5-6-18-22-19(9-11-24(17,18)3)23(2)10-8-16(25)12-15(23)13-20(22)26/h14-20,22,25-26H,4-13H2,1-3H3,(H,27,28)/t14-,15+,16-,17-,18+,19+,20+,22+,23+,24-/m1/s1",RUDATBOHQWOJDD-UZVSRGJWSA-N,exact DDInter name query,exact_unique,valid,"https://pubchem.ncbi.nlm.nih.gov/rest/pug/compound/name/Ursodeoxycholic%20acid/property/Title,ConnectivitySMILES,SMILES,InChI,InChIKey/JSON",2026-09-22
DDInter1907,Ustekinumab,,,,,,,exact DDInter name query,unmapped,unavailable,"https://pubchem.ncbi.nlm.nih.gov/rest/pug/compound/name/Ustekinumab/property/Title,ConnectivitySMILES,SMILES,InChI,InChIKey/JSON",2026-09-22
DDInter1908,Valaciclovir,135398742,Valacyclovir,CC(C)C(C(=O)OCCOCN1C=NC2=C1N=C(NC2=O)N)N,CC(C)[C@@H](C(=O)OCCOCN1C=NC2=C1N=C(NC2=O)N)N,"InChI=1S/C13H20N6O4/c1-7(2)8(14)12(21)23-4-3-22-6-19-5-16-9-10(19)17-13(15)18-11(9)20/h5,7-8H,3-4,6,14H2,1-2H3,(H3,15,17,18,20)/t8-/m0/s1",HDOVUKNUBWVHOX-QMMMGPOBSA-N,exact DDInter name query,ambiguous,excluded_title_mismatch,"https://pubchem.ncbi.nlm.nih.gov/rest/pug/compound/name/Valaciclovir/property/Title,ConnectivitySMILES,SMILES,InChI,InChIKey/JSON",2026-09-22
DDInter1909,Valbenazine,24795069,Valbenazine,CC(C)CC1CN2CCC3=CC(=C(C=C3C2CC1OC(=O)C(C(C)C)N)OC)OC,CC(C)C[C@@H]1CN2CCC3=CC(=C(C=C3[C@H]2C[C@H]1OC(=O)[C@H](C(C)C)N)OC)OC,"InChI=1S/C24H38N2O4/c1-14(2)9-17-13-26-8-7-16-10-21(28-5)22(29-6)11-18(16)19(26)12-20(17)30-24(27)23(25)15(3)4/h10-11,14-15,17,19-20,23H,7-9,12-13,25H2,1-6H3/t17-,19-,20-,23+/m1/s1",GEJDGVNQKABXKG-CFKGEZKQSA-N,exact DDInter name query,exact_unique,valid,"https://pubchem.ncbi.nlm.nih.gov/rest/pug/compound/name/Valbenazine/property/Title,ConnectivitySMILES,SMILES,InChI,InChIKey/JSON",2026-09-22
DDInter191,Benzylpenicillin (sodium),,,,,,,exact DDInter name query,unmapped,unavailable,"https://pubchem.ncbi.nlm.nih.gov/rest/pug/compound/name/Benzylpenicillin%20%28sodium%29/property/Title,ConnectivitySMILES,SMILES,InChI,InChIKey/JSON",2026-09-22
DDInter1910,Valdecoxib,119607,Valdecoxib,CC1=C(C(=NO1)C2=CC=CC=C2)C3=CC=C(C=C3)S(=O)(=O)N,CC1=C(C(=NO1)C2=CC=CC=C2)C3=CC=C(C=C3)S(=O)(=O)N,"InChI=1S/C16H14N2O3S/c1-11-15(12-7-9-14(10-8-12)22(17,19)20)16(18-21-11)13-5-3-2-4-6-13/h2-10H,1H3,(H2,17,19,20)",LNPDTQAFDNKSHK-UHFFFAOYSA-N,exact DDInter name query,exact_unique,valid,"https://pubchem.ncbi.nlm.nih.gov/rest/pug/compound/name/Valdecoxib/property/Title,ConnectivitySMILES,SMILES,InChI,InChIKey/JSON",2026-09-22
DDInter1911,Valerian,,,,,,,exact DDInter name query,unmapped,unavailable,"https://pubchem.ncbi.nlm.nih.gov/rest/pug/compound/name/Valerian/property/Title,ConnectivitySMILES,SMILES,InChI,InChIKey/JSON",2026-09-22
DDInter1912,Valganciclovir,135413535,Valganciclovir,CC(C)C(C(=O)OCC(CO)OCN1C=NC2=C1N=C(NC2=O)N)N,CC(C)[C@@H](C(=O)OCC(CO)OCN1C=NC2=C1N=C(NC2=O)N)N,"InChI=1S/C14H22N6O5/c1-7(2)9(15)13(23)24-4-8(3-21)25-6-20-5-17-10-11(20)18-14(16)19-12(10)22/h5,7-9,21H,3-4,6,15H2,1-2H3,(H3,16,18,19,22)/t8?,9-/m0/s1",WPVFJKSGQUFQAP-GKAPJAKFSA-N,exact DDInter name query,exact_unique,valid,"https://pubchem.ncbi.nlm.nih.gov/rest/pug/compound/name/Valganciclovir/property/Title,ConnectivitySMILES,SMILES,InChI,InChIKey/JSON",2026-09-22
DDInter1913,Valproic acid,3121,Valproic Acid,CCCC(CCC)C(=O)O,CCCC(CCC)C(=O)O,"InChI=1S/C8H16O2/c1-3-5-7(6-4-2)8(9)10/h7H,3-6H2,1-2H3,(H,9,10)",NIJJYAXOARWZEE-UHFFFAOYSA-N,exact DDInter name query,exact_unique,valid,"https://pubchem.ncbi.nlm.nih.gov/rest/pug/compound/name/Valproic%20acid/property/Title,ConnectivitySMILES,SMILES,InChI,InChIKey/JSON",2026-09-22
DDInter1914,Valrubicin,454216,Valrubicin,CCCCC(=O)OCC(=O)C1(CC(C2=C(C1)C(=C3C(=C2O)C(=O)C4=C(C3=O)C=CC=C4OC)O)OC5CC(C(C(O5)C)O)NC(=O)C(F)(F)F)O,CCCCC(=O)OCC(=O)[C@]1(C[C@@H](C2=C(C1)C(=C3C(=C2O)C(=O)C4=C(C3=O)C=CC=C4OC)O)O[C@H]5C[C@@H]([C@@H]([C@@H](O5)C)O)NC(=O)C(F)(F)F)O,"InChI=1S/C34H36F3NO13/c1-4-5-9-21(40)49-13-20(39)33(47)11-16-24(19(12-33)51-22-10-17(27(41)14(2)50-22)38-32(46)34(35,36)37)31(45)26-25(29(16)43)28(42)15-7-6-8-18(48-3)23(15)30(26)44/h6-8,14,17,19,22,27,41,43,45,47H,4-5,9-13H2,1-3H3,(H,38,46)/t14-,17-,19-,22-,27+,33-/m0/s1",ZOCKGBMQLCSHFP-KQRAQHLDSA-N,exact DDInter name query,exact_unique,valid,"https://pubchem.ncbi.nlm.nih.gov/rest/pug/compound/name/Valrubicin/property/Title,ConnectivitySMILES,SMILES,InChI,InChIKey/JSON",2026-09-22
DDInter1915,Valsartan,60846,Valsartan,CCCCC(=O)N(CC1=CC=C(C=C1)C2=CC=CC=C2C3=NNN=N3)C(C(C)C)C(=O)O,CCCCC(=O)N(CC1=CC=C(C=C1)C2=CC=CC=C2C3=NNN=N3)[C@@H](C(C)C)C(=O)O,"InChI=1S/C24H29N5O3/c1-4-5-10-21(30)29(22(16(2)3)24(31)32)15-17-11-13-18(14-12-17)19-8-6-7-9-20(19)23-25-27-28-26-23/h6-9,11-14,16,22H,4-5,10,15H2,1-3H3,(H,31,32)(H,25,26,27,28)/t22-/m0/s1",ACWBQPMHZXGDFX-QFIPXVFZSA-N,exact DDInter name query,exact_unique,valid,"https://pubchem.ncbi.nlm.nih.gov/rest/pug/compound/name/Valsartan/property/Title,ConnectivitySMILES,SMILES,InChI,InChIKey/JSON",2026-09-22
DDInter1916,Vancomycin,14969,Vancomycin,CC1C(C(CC(O1)OC2C(C(C(OC2OC3=C4C=C5C=C3OC6=C(C=C(C=C6)C(C(C(=O)NC(C(=O)NC5C(=O)NC7C8=CC(=C(C=C8)O)C9=C(C=C(C=C9O)O)C(NC(=O)C(C(C1=CC(=C(O4)C=C1)Cl)O)NC7=O)C(=O)O)CC(=O)N)NC(=O)C(CC(C)C)NC)O)Cl)CO)O)O)(C)N)O,C[C@H]1[C@H]([C@@](C[C@@H](O1)O[C@@H]2[C@H]([C@@H]([C@H](O[C@H]2OC3=C4C=C5C=C3OC6=C(C=C(C=C6)[C@H]([C@H](C(=O)N[C@H](C(=O)N[C@H]5C(=O)N[C@@H]7C8=CC(=C(C=C8)O)C9=C(C=C(C=C9O)O)[C@H](NC(=O)[C@H]([C@@H](C1=CC(=C(O4)C=C1)Cl)O)NC7=O)C(=O)O)CC(=O)N)NC(=O)[C@@H](CC(C)C)NC)O)Cl)CO)O)O)(C)N)O,"InChI=1S/C66H75Cl2N9O24/c1-23(2)12-34(71-5)58(88)76-49-51(83)26-7-10-38(32(67)14-26)97-40-16-28-17-41(55(40)101-65-56(54(86)53(85)42(22-78)99-65)100-44-21-66(4,70)57(87)24(3)96-44)98-39-11-8-27(15-33(39)68)52(84)50-63(93)75-48(64(94)95)31-18-29(79)19-37(81)45(31)30-13-25(6-9-36(30)80)46(60(90)77-50)74-61(91)47(28)73-59(89)35(20-43(69)82)72-62(49)92/h6-11,13-19,23-24,34-35,42,44,46-54,56-57,65,71,78-81,83-87H,12,20-22,70H2,1-5H3,(H2,69,82)(H,72,92)(H,73,89)(H,74,91)(H,75,93)(H,76,88)(H,77,90)(H,94,95)/t24-,34+,35-,42+,44-,46+,47+,48-,49+,50-,51+,52+,53+,54-,56+,57+,65-,66-/m0/s1",MYPYJXKWCTUITO-LYRMYLQWSA-N,exact DDInter name query,exact_unique,valid,"https://pubchem.ncbi.nlm.nih.gov/rest/pug/compound/name/Vancomycin/property/Title,ConnectivitySMILES,SMILES,InChI,InChIKey/JSON",2026-09-22
DDInter1917,Vandetanib,3081361,Vandetanib,CN1CCC(CC1)COC2=C(C=C3C(=C2)N=CN=C3NC4=C(C=C(C=C4)Br)F)OC,CN1CCC(CC1)COC2=C(C=C3C(=C2)N=CN=C3NC4=C(C=C(C=C4)Br)F)OC,"InChI=1S/C22H24BrFN4O2/c1-28-7-5-14(6-8-28)12-30-21-11-19-16(10-20(21)29-2)22(26-13-25-19)27-18-4-3-15(23)9-17(18)24/h3-4,9-11,13-14H,5-8,12H2,1-2H3,(H,25,26,27)",UHTHHESEBZOYNR-UHFFFAOYSA-N,exact DDInter name query,exact_unique,valid,"https://pubchem.ncbi.nlm.nih.gov/rest/pug/compound/name/Vandetanib/property/Title,ConnectivitySMILES,SMILES,InChI,InChIKey/JSON",2026-09-22
DDInter1918,Vardenafil,135400189,Vardenafil,CCCC1=NC(=C2N1N=C(NC2=O)C3=C(C=CC(=C3)S(=O)(=O)N4CCN(CC4)CC)OCC)C,CCCC1=NC(=C2N1N=C(NC2=O)C3=C(C=CC(=C3)S(=O)(=O)N4CCN(CC4)CC)OCC)C,"InChI=1S/C23H32N6O4S/c1-5-8-20-24-16(4)21-23(30)25-22(26-29(20)21)18-15-17(9-10-19(18)33-7-3)34(31,32)28-13-11-27(6-2)12-14-28/h9-10,15H,5-8,11-14H2,1-4H3,(H,25,26,30)",SECKRCOLJRRGGV-UHFFFAOYSA-N,exact DDInter name query,exact_unique,valid,"https://pubchem.ncbi.nlm.nih.gov/rest/pug/compound/name/Vardenafil/property/Title,ConnectivitySMILES,SMILES,InChI,InChIKey/JSON",2026-09-22
DDInter1919,Varenicline,5310966,Varenicline,C1C2CNCC1C3=CC4=NC=CN=C4C=C23,C1[C@@H]2CNC[C@H]1C3=CC4=NC=CN=C4C=C23,"InChI=1S/C13H13N3/c1-2-16-13-5-11-9-3-8(6-14-7-9)10(11)4-12(13)15-1/h1-2,4-5,8-9,14H,3,6-7H2/t8-,9+",JQSHBVHOMNKWFT-DTORHVGOSA-N,exact DDInter name query,exact_unique,valid,"https://pubchem.ncbi.nlm.nih.gov/rest/pug/compound/name/Varenicline/property/Title,ConnectivitySMILES,SMILES,InChI,InChIKey/JSON",2026-09-22
DDInter192,Bepridil,2351,Bepridil,CC(C)COCC(CN(CC1=CC=CC=C1)C2=CC=CC=C2)N3CCCC3,CC(C)COCC(CN(CC1=CC=CC=C1)C2=CC=CC=C2)N3CCCC3,"InChI=1S/C24H34N2O/c1-21(2)19-27-20-24(25-15-9-10-16-25)18-26(23-13-7-4-8-14-23)17-22-11-5-3-6-12-22/h3-8,11-14,21,24H,9-10,15-20H2,1-2H3",UIEATEWHFDRYRU-UHFFFAOYSA-N,exact DDInter name query,exact_unique,valid,"https://pubchem.ncbi.nlm.nih.gov/rest/pug/compound/name/Bepridil/property/Title,ConnectivitySMILES,SMILES,InChI,InChIKey/JSON",2026-09-22
DDInter1920,Varicella Zoster Vaccine (Recombinant),,,,,,,exact DDInter name query,unmapped,unavailable,"https://pubchem.ncbi.nlm.nih.gov/rest/pug/compound/name/Varicella%20Zoster%20Vaccine%20%28Recombinant%29/property/Title,ConnectivitySMILES,SMILES,InChI,InChIKey/JSON",2026-09-22
DDInter1921,Vasopressin,,,,,,,exact DDInter name query,ambiguous,excluded_multiple_candidates,"https://pubchem.ncbi.nlm.nih.gov/rest/pug/compound/name/Vasopressin/property/Title,ConnectivitySMILES,SMILES,InChI,InChIKey/JSON",2026-09-22
DDInter1922,Vecuronium,39765,Vecuronium,CC(=O)OC1CC2CCC3C(C2(CC1N4CCCCC4)C)CCC5(C3CC(C5OC(=O)C)[N+]6(CCCCC6)C)C,CC(=O)O[C@H]1C[C@@H]2CC[C@@H]3[C@@H]([C@]2(C[C@@H]1N4CCCCC4)C)CC[C@]5([C@H]3C[C@@H]([C@@H]5OC(=O)C)[N+]6(CCCCC6)C)C,"InChI=1S/C34H57N2O4/c1-23(37)39-31-20-25-12-13-26-27(34(25,4)22-29(31)35-16-8-6-9-17-35)14-15-33(3)28(26)21-30(32(33)40-24(2)38)36(5)18-10-7-11-19-36/h25-32H,6-22H2,1-5H3/q+1/t25-,26+,27-,28-,29-,30-,31-,32-,33-,34-/m0/s1",BGSZAXLLHYERSY-XQIGCQGXSA-N,exact DDInter name query,exact_unique,valid,"https://pubchem.ncbi.nlm.nih.gov/rest/pug/compound/name/Vecuronium/property/Title,ConnectivitySMILES,SMILES,InChI,InChIKey/JSON",2026-09-22
DDInter1923,Vedolizumab,,,,,,,exact DDInter name query,unmapped,unavailable,"https://pubchem.ncbi.nlm.nih.gov/rest/pug/compound/name/Vedolizumab/property/Title,ConnectivitySMILES,SMILES,InChI,InChIKey/JSON",2026-09-22
DDInter1924,Velpatasvir,67683363,Velpatasvir,CC1CCC(N1C(=O)C(C(C)C)NC(=O)OC)C2=NC3=C(N2)C=CC4=CC5=C(C=C43)OCC6=C5C=CC(=C6)C7=CN=C(N7)C8CC(CN8C(=O)C(C9=CC=CC=C9)NC(=O)OC)COC,C[C@H]1CC[C@H](N1C(=O)[C@H](C(C)C)NC(=O)OC)C2=NC3=C(N2)C=CC4=CC5=C(C=C43)OCC6=C5C=CC(=C6)C7=CN=C(N7)[C@@H]8C[C@@H](CN8C(=O)[C@@H](C9=CC=CC=C9)NC(=O)OC)COC,"InChI=1S/C49H54N8O8/c1-26(2)41(54-48(60)63-5)47(59)57-27(3)12-17-38(57)45-51-36-16-14-30-20-35-33-15-13-31(19-32(33)25-65-40(35)21-34(30)43(36)53-45)37-22-50-44(52-37)39-18-28(24-62-4)23-56(39)46(58)42(55-49(61)64-6)29-10-8-7-9-11-29/h7-11,13-16,19-22,26-28,38-39,41-42H,12,17-18,23-25H2,1-6H3,(H,50,52)(H,51,53)(H,54,60)(H,55,61)/t27-,28-,38-,39-,41-,42+/m0/s1",FHCUMDQMBHQXKK-CDIODLITSA-N,exact DDInter name query,exact_unique,valid,"https://pubchem.ncbi.nlm.nih.gov/rest/pug/compound/name/Velpatasvir/property/Title,ConnectivitySMILES,SMILES,InChI,InChIKey/JSON",2026-09-22
DDInter1925,Vemurafenib,42611257,Vemurafenib,CCCS(=O)(=O)NC1=C(C(=C(C=C1)F)C(=O)C2=CNC3=C2C=C(C=N3)C4=CC=C(C=C4)Cl)F,CCCS(=O)(=O)NC1=C(C(=C(C=C1)F)C(=O)C2=CNC3=C2C=C(C=N3)C4=CC=C(C=C4)Cl)F,"InChI=1S/C23H18ClF2N3O3S/c1-2-9-33(31,32)29-19-8-7-18(25)20(21(19)26)22(30)17-12-28-23-16(17)10-14(11-27-23)13-3-5-15(24)6-4-13/h3-8,10-12,29H,2,9H2,1H3,(H,27,28)",GPXBXXGIAQBQNI-UHFFFAOYSA-N,exact DDInter name query,exact_unique,valid,"https://pubchem.ncbi.nlm.nih.gov/rest/pug/compound/name/Vemurafenib/property/Title,ConnectivitySMILES,SMILES,InChI,InChIKey/JSON",2026-09-22
DDInter1926,Venetoclax,49846579,Venetoclax,CC1(CCC(=C(C1)C2=CC=C(C=C2)Cl)CN3CCN(CC3)C4=CC(=C(C=C4)C(=O)NS(=O)(=O)C5=CC(=C(C=C5)NCC6CCOCC6)[N+](=O)[O-])OC7=CN=C8C(=C7)C=CN8)C,CC1(CCC(=C(C1)C2=CC=C(C=C2)Cl)CN3CCN(CC3)C4=CC(=C(C=C4)C(=O)NS(=O)(=O)C5=CC(=C(C=C5)NCC6CCOCC6)[N+](=O)[O-])OC7=CN=C8C(=C7)C=CN8)C,"InChI=1S/C45H50ClN7O7S/c1-45(2)15-11-33(39(26-45)31-3-5-34(46)6-4-31)29-51-17-19-52(20-18-51)35-7-9-38(42(24-35)60-36-23-32-12-16-47-43(32)49-28-36)44(54)50-61(57,58)37-8-10-40(41(25-37)53(55)56)48-27-30-13-21-59-22-14-30/h3-10,12,16,23-25,28,30,48H,11,13-15,17-22,26-27,29H2,1-2H3,(H,47,49)(H,50,54)",LQBVNQSMGBZMKD-UHFFFAOYSA-N,exact DDInter name query,exact_unique,valid,"https://pubchem.ncbi.nlm.nih.gov/rest/pug/compound/name/Venetoclax/property/Title,ConnectivitySMILES,SMILES,InChI,InChIKey/JSON",2026-09-22
DDInter1927,Venlafaxine,5656,Venlafaxine,CN(C)CC(C1=CC=C(C=C1)OC)C2(CCCCC2)O,CN(C)CC(C1=CC=C(C=C1)OC)C2(CCCCC2)O,"InChI=1S/C17H27NO2/c1-18(2)13-16(17(19)11-5-4-6-12-17)14-7-9-15(20-3)10-8-14/h7-10,16,19H,4-6,11-13H2,1-3H3",PNVNVHUZROJLTJ-UHFFFAOYSA-N,exact DDInter name query,exact_unique,valid,"https://pubchem.ncbi.nlm.nih.gov/rest/pug/compound/name/Venlafaxine/property/Title,ConnectivitySMILES,SMILES,InChI,InChIKey/JSON",2026-09-22
DDInter1928,Verapamil,2520,Verapamil,CC(C)C(CCCN(C)CCC1=CC(=C(C=C1)OC)OC)(C#N)C2=CC(=C(C=C2)OC)OC,CC(C)C(CCCN(C)CCC1=CC(=C(C=C1)OC)OC)(C#N)C2=CC(=C(C=C2)OC)OC,"InChI=1S/C27H38N2O4/c1-20(2)27(19-28,22-10-12-24(31-5)26(18-22)33-7)14-8-15-29(3)16-13-21-9-11-23(30-4)25(17-21)32-6/h9-12,17-18,20H,8,13-16H2,1-7H3",SGTNSNPWRIOYBX-UHFFFAOYSA-N,exact DDInter name query,exact_unique,valid,"https://pubchem.ncbi.nlm.nih.gov/rest/pug/compound/name/Verapamil/property/Title,ConnectivitySMILES,SMILES,InChI,InChIKey/JSON",2026-09-22
DDInter1929,Verteporfin,,,,,,,exact DDInter name query,unmapped,unavailable,"https://pubchem.ncbi.nlm.nih.gov/rest/pug/compound/name/Verteporfin/property/Title,ConnectivitySMILES,SMILES,InChI,InChIKey/JSON",2026-09-22
DDInter193,Berotralstat,137528262,Berotralstat,C1CC1CNC(C2=CC(=C(C=C2)F)NC(=O)C3=CC(=NN3C4=CC=CC(=C4)CN)C(F)(F)F)C5=CC=CC(=C5)C#N,C1CC1CN[C@@H](C2=CC(=C(C=C2)F)NC(=O)C3=CC(=NN3C4=CC=CC(=C4)CN)C(F)(F)F)C5=CC=CC(=C5)C#N,"InChI=1S/C30H26F4N6O/c31-24-10-9-22(28(37-17-18-7-8-18)21-5-1-3-19(11-21)15-35)13-25(24)38-29(41)26-14-27(30(32,33)34)39-40(26)23-6-2-4-20(12-23)16-36/h1-6,9-14,18,28,37H,7-8,16-17,36H2,(H,38,41)/t28-/m1/s1",UXNXMBYCBRBRFD-MUUNZHRXSA-N,exact DDInter name query,exact_unique,valid,"https://pubchem.ncbi.nlm.nih.gov/rest/pug/compound/name/Berotralstat/property/Title,ConnectivitySMILES,SMILES,InChI,InChIKey/JSON",2026-09-22
DDInter1930,Vibegron,44472635,Vibegron,C1CC(NC1CC2=CC=C(C=C2)NC(=O)C3CCC4=NC=CC(=O)N34)C(C5=CC=CC=C5)O,C1C[C@@H](N[C@@H]1CC2=CC=C(C=C2)NC(=O)[C@@H]3CCC4=NC=CC(=O)N34)[C@@H](C5=CC=CC=C5)O,"InChI=1S/C26H28N4O3/c31-24-14-15-27-23-13-12-22(30(23)24)26(33)29-19-8-6-17(7-9-19)16-20-10-11-21(28-20)25(32)18-4-2-1-3-5-18/h1-9,14-15,20-22,25,28,32H,10-13,16H2,(H,29,33)/t20-,21+,22-,25+/m0/s1",DJXRIQMCROIRCZ-XOEOCAAJSA-N,exact DDInter name query,exact_unique,valid,"https://pubchem.ncbi.nlm.nih.gov/rest/pug/compound/name/Vibegron/property/Title,ConnectivitySMILES,SMILES,InChI,InChIKey/JSON",2026-09-22
DDInter1931,Vibrio cholerae CVD 103-HgR strain live antigen,,,,,,,exact DDInter name query,unmapped,unavailable,"https://pubchem.ncbi.nlm.nih.gov/rest/pug/compound/name/Vibrio%20cholerae%20CVD%20103-HgR%20strain%20live%20antigen/property/Title,ConnectivitySMILES,SMILES,InChI,InChIKey/JSON",2026-09-22
DDInter1932,Vibrio cholerae CVD 103-HgR strain live antigen (live),,,,,,,exact DDInter name query,unmapped,unavailable,"https://pubchem.ncbi.nlm.nih.gov/rest/pug/compound/name/Vibrio%20cholerae%20CVD%20103-HgR%20strain%20live%20antigen%20%28live%29/property/Title,ConnectivitySMILES,SMILES,InChI,InChIKey/JSON",2026-09-22
DDInter1933,Vigabatrin,5665,Vigabatrin,C=CC(CCC(=O)O)N,C=CC(CCC(=O)O)N,"InChI=1S/C6H11NO2/c1-2-5(7)3-4-6(8)9/h2,5H,1,3-4,7H2,(H,8,9)",PJDFLNIOAUIZSL-UHFFFAOYSA-N,exact DDInter name query,exact_unique,valid,"https://pubchem.ncbi.nlm.nih.gov/rest/pug/compound/name/Vigabatrin/property/Title,ConnectivitySMILES,SMILES,InChI,InChIKey/JSON",2026-09-22
DDInter1934,Vilanterol,10184665,Vilanterol,C1=CC(=C(C(=C1)Cl)COCCOCCCCCCNCC(C2=CC(=C(C=C2)O)CO)O)Cl,C1=CC(=C(C(=C1)Cl)COCCOCCCCCCNC[C@@H](C2=CC(=C(C=C2)O)CO)O)Cl,"InChI=1S/C24H33Cl2NO5/c25-21-6-5-7-22(26)20(21)17-32-13-12-31-11-4-2-1-3-10-27-15-24(30)18-8-9-23(29)19(14-18)16-28/h5-9,14,24,27-30H,1-4,10-13,15-17H2/t24-/m0/s1",DAFYYTQWSAWIGS-DEOSSOPVSA-N,exact DDInter name query,exact_unique,valid,"https://pubchem.ncbi.nlm.nih.gov/rest/pug/compound/name/Vilanterol/property/Title,ConnectivitySMILES,SMILES,InChI,InChIKey/JSON",2026-09-22
DDInter1935,Vilazodone,6918314,Vilazodone,C1CN(CCN1CCCCC2=CNC3=C2C=C(C=C3)C#N)C4=CC5=C(C=C4)OC(=C5)C(=O)N,C1CN(CCN1CCCCC2=CNC3=C2C=C(C=C3)C#N)C4=CC5=C(C=C4)OC(=C5)C(=O)N,"InChI=1S/C26H27N5O2/c27-16-18-4-6-23-22(13-18)19(17-29-23)3-1-2-8-30-9-11-31(12-10-30)21-5-7-24-20(14-21)15-25(33-24)26(28)32/h4-7,13-15,17,29H,1-3,8-12H2,(H2,28,32)",SGEGOXDYSFKCPT-UHFFFAOYSA-N,exact DDInter name query,exact_unique,valid,"https://pubchem.ncbi.nlm.nih.gov/rest/pug/compound/name/Vilazodone/property/Title,ConnectivitySMILES,SMILES,InChI,InChIKey/JSON",2026-09-22
DDInter1936,Vinblastine,13342,Vinblastine,CCC1(CC2CC(C3=C(CCN(C2)C1)C4=CC=CC=C4N3)(C5=C(C=C6C(=C5)C78CCN9C7C(C=CC9)(C(C(C8N6C)(C(=O)OC)O)OC(=O)C)CC)OC)C(=O)OC)O,CC[C@@]1(C[C@H]2C[C@@](C3=C(CCN(C2)C1)C4=CC=CC=C4N3)(C5=C(C=C6C(=C5)[C@]78CCN9[C@H]7[C@@](C=CC9)([C@H]([C@@]([C@@H]8N6C)(C(=O)OC)O)OC(=O)C)CC)OC)C(=O)OC)O,"InChI=1S/C46H58N4O9/c1-8-42(54)23-28-24-45(40(52)57-6,36-30(15-19-49(25-28)26-42)29-13-10-11-14-33(29)47-36)32-21-31-34(22-35(32)56-5)48(4)38-44(31)17-20-50-18-12-16-43(9-2,37(44)50)39(59-27(3)51)46(38,55)41(53)58-7/h10-14,16,21-22,28,37-39,47,54-55H,8-9,15,17-20,23-26H2,1-7H3/t28-,37-,38+,39+,42-,43+,44+,45-,46-/m0/s1",JXLYSJRDGCGARV-CFWMRBGOSA-N,exact DDInter name query,exact_unique,valid,"https://pubchem.ncbi.nlm.nih.gov/rest/pug/compound/name/Vinblastine/property/Title,ConnectivitySMILES,SMILES,InChI,InChIKey/JSON",2026-09-22
DDInter1937,Vincristine,5978,Vincristine,CCC1(CC2CC(C3=C(CCN(C2)C1)C4=CC=CC=C4N3)(C5=C(C=C6C(=C5)C78CCN9C7C(C=CC9)(C(C(C8N6C=O)(C(=O)OC)O)OC(=O)C)CC)OC)C(=O)OC)O,CC[C@@]1(C[C@@H]2C[C@@](C3=C(CCN(C2)C1)C4=CC=CC=C4N3)(C5=C(C=C6C(=C5)[C@]78CCN9[C@H]7[C@@](C=CC9)([C@H]([C@@]([C@@H]8N6C=O)(C(=O)OC)O)OC(=O)C)CC)OC)C(=O)OC)O,"InChI=1S/C46H56N4O10/c1-7-42(55)22-28-23-45(40(53)58-5,36-30(14-18-48(24-28)25-42)29-12-9-10-13-33(29)47-36)32-20-31-34(21-35(32)57-4)50(26-51)38-44(31)16-19-49-17-11-15-43(8-2,37(44)49)39(60-27(3)52)46(38,56)41(54)59-6/h9-13,15,20-21,26,28,37-39,47,55-56H,7-8,14,16-19,22-25H2,1-6H3/t28-,37+,38-,39-,42+,43-,44-,45+,46+/m1/s1",OGWKCGZFUXNPDA-XQKSVPLYSA-N,exact DDInter name query,exact_unique,valid,"https://pubchem.ncbi.nlm.nih.gov/rest/pug/compound/name/Vincristine/property/Title,ConnectivitySMILES,SMILES,InChI,InChIKey/JSON",2026-09-22
DDInter1938,Vincristine (liposome),,,,,,,exact DDInter name query,unmapped,unavailable,"https://pubchem.ncbi.nlm.nih.gov/rest/pug/compound/name/Vincristine%20%28liposome%29/property/Title,ConnectivitySMILES,SMILES,InChI,InChIKey/JSON",2026-09-22
DDInter1939,Vinorelbine,5311497,Vinorelbine,CCC1=CC2CC(C3=C(CN(C2)C1)C4=CC=CC=C4N3)(C5=C(C=C6C(=C5)C78CCN9C7C(C=CC9)(C(C(C8N6C)(C(=O)OC)O)OC(=O)C)CC)OC)C(=O)OC,CCC1=C[C@H]2C[C@@](C3=C(CN(C2)C1)C4=CC=CC=C4N3)(C5=C(C=C6C(=C5)[C@]78CCN9[C@H]7[C@@](C=CC9)([C@H]([C@@]([C@@H]8N6C)(C(=O)OC)O)OC(=O)C)CC)OC)C(=O)OC,"InChI=1S/C45H54N4O8/c1-8-27-19-28-22-44(40(51)55-6,36-30(25-48(23-27)24-28)29-13-10-11-14-33(29)46-36)32-20-31-34(21-35(32)54-5)47(4)38-43(31)16-18-49-17-12-15-42(9-2,37(43)49)39(57-26(3)50)45(38,53)41(52)56-7/h10-15,19-21,28,37-39,46,53H,8-9,16-18,22-25H2,1-7H3/t28-,37-,38+,39+,42+,43+,44-,45-/m0/s1",GBABOYUKABKIAF-IELIFDKJSA-N,exact DDInter name query,exact_unique,valid,"https://pubchem.ncbi.nlm.nih.gov/rest/pug/compound/name/Vinorelbine/property/Title,ConnectivitySMILES,SMILES,InChI,InChIKey/JSON",2026-09-22
DDInter194,Beta carotene,5280489,Beta-Carotene,CC1=C(C(CCC1)(C)C)C=CC(=CC=CC(=CC=CC=C(C)C=CC=C(C)C=CC2=C(CCCC2(C)C)C)C)C,CC1=C(C(CCC1)(C)C)/C=C/C(=C/C=C/C(=C/C=C/C=C(/C=C/C=C(/C=C/C2=C(CCCC2(C)C)C)\C)\C)/C)/C,"InChI=1S/C40H56/c1-31(19-13-21-33(3)25-27-37-35(5)23-15-29-39(37,7)8)17-11-12-18-32(2)20-14-22-34(4)26-28-38-36(6)24-16-30-40(38,9)10/h11-14,17-22,25-28H,15-16,23-24,29-30H2,1-10H3/b12-11+,19-13+,20-14+,27-25+,28-26+,31-17+,32-18+,33-21+,34-22+",OENHQHLEOONYIE-JLTXGRSLSA-N,exact DDInter name query,ambiguous,excluded_title_mismatch,"https://pubchem.ncbi.nlm.nih.gov/rest/pug/compound/name/Beta%20carotene/property/Title,ConnectivitySMILES,SMILES,InChI,InChIKey/JSON",2026-09-22
DDInter1940,Vismodegib,24776445,Vismodegib,CS(=O)(=O)C1=CC(=C(C=C1)C(=O)NC2=CC(=C(C=C2)Cl)C3=CC=CC=N3)Cl,CS(=O)(=O)C1=CC(=C(C=C1)C(=O)NC2=CC(=C(C=C2)Cl)C3=CC=CC=N3)Cl,"InChI=1S/C19H14Cl2N2O3S/c1-27(25,26)13-6-7-14(17(21)11-13)19(24)23-12-5-8-16(20)15(10-12)18-4-2-3-9-22-18/h2-11H,1H3,(H,23,24)",BPQMGSKTAYIVFO-UHFFFAOYSA-N,exact DDInter name query,exact_unique,valid,"https://pubchem.ncbi.nlm.nih.gov/rest/pug/compound/name/Vismodegib/property/Title,ConnectivitySMILES,SMILES,InChI,InChIKey/JSON",2026-09-22
DDInter1941,Vitamin A,445354,Retinol,CC1=C(C(CCC1)(C)C)C=CC(=CC=CC(=CCO)C)C,CC1=C(C(CCC1)(C)C)/C=C/C(=C/C=C/C(=C/CO)/C)/C,"InChI=1S/C20H30O/c1-16(8-6-9-17(2)13-15-21)11-12-19-18(3)10-7-14-20(19,4)5/h6,8-9,11-13,21H,7,10,14-15H2,1-5H3/b9-6+,12-11+,16-8+,17-13+",FPIPGXGPPPQFEQ-OVSJKPMPSA-N,exact DDInter name query,ambiguous,excluded_title_mismatch,"https://pubchem.ncbi.nlm.nih.gov/rest/pug/compound/name/Vitamin%20A/property/Title,ConnectivitySMILES,SMILES,InChI,InChIKey/JSON",2026-09-22
DDInter1942,Vitamin D,,,,,,,exact DDInter name query,unmapped,unavailable,"https://pubchem.ncbi.nlm.nih.gov/rest/pug/compound/name/Vitamin%20D/property/Title,ConnectivitySMILES,SMILES,InChI,InChIKey/JSON",2026-09-22
DDInter1943,Vitamin E,69540411,Vitamin-E,CC1=C(C2=C(CCC(O2)(C)CCCC(C)CCCC(C)CCCC(C)C)C(=C1O)C)C.C(CC(=O)[O-])C(=O)[O-].[Ca+2],CC1=C(C2=C(CC[C@@](O2)(C)CCC[C@H](C)CCC[C@H](C)CCCC(C)C)C(=C1O)C)C.C(CC(=O)[O-])C(=O)[O-].[Ca+2],"InChI=1S/C29H50O2.C4H6O4.Ca/c1-20(2)12-9-13-21(3)14-10-15-22(4)16-11-18-29(8)19-17-26-25(7)27(30)23(5)24(6)28(26)31-29;5-3(6)1-2-4(7)8;/h20-22,30H,9-19H2,1-8H3;1-2H2,(H,5,6)(H,7,8);/q;;+2/p-2/t21-,22-,29-;;/m1../s1",CXJUMRUCKLZKKB-RQGAJXLPSA-L,exact DDInter name query,ambiguous,excluded_title_mismatch,"https://pubchem.ncbi.nlm.nih.gov/rest/pug/compound/name/Vitamin%20E/property/Title,ConnectivitySMILES,SMILES,InChI,InChIKey/JSON",2026-09-22
DDInter1944,Von Willebrand Factor Human,,,,,,,exact DDInter name query,unmapped,unavailable,"https://pubchem.ncbi.nlm.nih.gov/rest/pug/compound/name/Von%20Willebrand%20Factor%20Human/property/Title,ConnectivitySMILES,SMILES,InChI,InChIKey/JSON",2026-09-22
DDInter1945,Vorapaxar,10077130,Vorapaxar,CCOC(=O)NC1CCC2C(C1)CC3C(C2C=CC4=NC=C(C=C4)C5=CC(=CC=C5)F)C(OC3=O)C,CCOC(=O)N[C@@H]1CC[C@@H]2[C@@H](C1)C[C@@H]3[C@H]([C@H]2/C=C/C4=NC=C(C=C4)C5=CC(=CC=C5)F)[C@H](OC3=O)C,"InChI=1S/C29H33FN2O4/c1-3-35-29(34)32-23-10-11-24-20(14-23)15-26-27(17(2)36-28(26)33)25(24)12-9-22-8-7-19(16-31-22)18-5-4-6-21(30)13-18/h4-9,12-13,16-17,20,23-27H,3,10-11,14-15H2,1-2H3,(H,32,34)/b12-9+/t17-,20+,23-,24-,25+,26-,27+/m1/s1",ZBGXUVOIWDMMJE-QHNZEKIYSA-N,exact DDInter name query,exact_unique,valid,"https://pubchem.ncbi.nlm.nih.gov/rest/pug/compound/name/Vorapaxar/property/Title,ConnectivitySMILES,SMILES,InChI,InChIKey/JSON",2026-09-22
DDInter1946,Voriconazole,71616,Voriconazole,CC(C1=NC=NC=C1F)C(CN2C=NC=N2)(C3=C(C=C(C=C3)F)F)O,C[C@@H](C1=NC=NC=C1F)[C@](CN2C=NC=N2)(C3=C(C=C(C=C3)F)F)O,"InChI=1S/C16H14F3N5O/c1-10(15-14(19)5-20-7-22-15)16(25,6-24-9-21-8-23-24)12-3-2-11(17)4-13(12)18/h2-5,7-10,25H,6H2,1H3/t10-,16+/m0/s1",BCEHBSKCWLPMDN-MGPLVRAMSA-N,exact DDInter name query,exact_unique,valid,"https://pubchem.ncbi.nlm.nih.gov/rest/pug/compound/name/Voriconazole/property/Title,ConnectivitySMILES,SMILES,InChI,InChIKey/JSON",2026-09-22
DDInter1947,Vorinostat,5311,Vorinostat,C1=CC=C(C=C1)NC(=O)CCCCCCC(=O)NO,C1=CC=C(C=C1)NC(=O)CCCCCCC(=O)NO,"InChI=1S/C14H20N2O3/c17-13(15-12-8-4-3-5-9-12)10-6-1-2-7-11-14(18)16-19/h3-5,8-9,19H,1-2,6-7,10-11H2,(H,15,17)(H,16,18)",WAEXFXRVDQXREF-UHFFFAOYSA-N,exact DDInter name query,exact_unique,valid,"https://pubchem.ncbi.nlm.nih.gov/rest/pug/compound/name/Vorinostat/property/Title,ConnectivitySMILES,SMILES,InChI,InChIKey/JSON",2026-09-22
DDInter1948,Vortioxetine,9966051,Vortioxetine,CC1=CC(=C(C=C1)SC2=CC=CC=C2N3CCNCC3)C,CC1=CC(=C(C=C1)SC2=CC=CC=C2N3CCNCC3)C,"InChI=1S/C18H22N2S/c1-14-7-8-17(15(2)13-14)21-18-6-4-3-5-16(18)20-11-9-19-10-12-20/h3-8,13,19H,9-12H2,1-2H3",YQNWZWMKLDQSAC-UHFFFAOYSA-N,exact DDInter name query,exact_unique,valid,"https://pubchem.ncbi.nlm.nih.gov/rest/pug/compound/name/Vortioxetine/property/Title,ConnectivitySMILES,SMILES,InChI,InChIKey/JSON",2026-09-22
DDInter1949,Voxelotor,71602803,Voxelotor,CC(C)N1C(=CC=N1)C2=C(C=CC=N2)COC3=CC=CC(=C3C=O)O,CC(C)N1C(=CC=N1)C2=C(C=CC=N2)COC3=CC=CC(=C3C=O)O,"InChI=1S/C19H19N3O3/c1-13(2)22-16(8-10-21-22)19-14(5-4-9-20-19)12-25-18-7-3-6-17(24)15(18)11-23/h3-11,13,24H,12H2,1-2H3",FWCVZAQENIZVMY-UHFFFAOYSA-N,exact DDInter name query,exact_unique,valid,"https://pubchem.ncbi.nlm.nih.gov/rest/pug/compound/name/Voxelotor/property/Title,ConnectivitySMILES,SMILES,InChI,InChIKey/JSON",2026-09-22
DDInter195,Betamethasone,9782,Betamethasone,CC1CC2C3CCC4=CC(=O)C=CC4(C3(C(CC2(C1(C(=O)CO)O)C)O)F)C,C[C@H]1C[C@H]2[C@@H]3CCC4=CC(=O)C=C[C@@]4([C@]3([C@H](C[C@@]2([C@]1(C(=O)CO)O)C)O)F)C,"InChI=1S/C22H29FO5/c1-12-8-16-15-5-4-13-9-14(25)6-7-19(13,2)21(15,23)17(26)10-20(16,3)22(12,28)18(27)11-24/h6-7,9,12,15-17,24,26,28H,4-5,8,10-11H2,1-3H3/t12-,15-,16-,17-,19-,20-,21-,22-/m0/s1",UREBDLICKHMUKA-DVTGEIKXSA-N,exact DDInter name query,exact_unique,valid,"https://pubchem.ncbi.nlm.nih.gov/rest/pug/compound/name/Betamethasone/property/Title,ConnectivitySMILES,SMILES,InChI,InChIKey/JSON",2026-09-22
DDInter1950,Voxilaprevir,89921642,Voxilaprevir,CCC1C2CN(C1C(=O)NC3(CC3C(F)F)C(=O)NS(=O)(=O)C4(CC4)C)C(=O)C(NC(=O)OC5CC5CCCCC(C6=NC7=C(C=C(C=C7)OC)N=C6O2)(F)F)C(C)(C)C,CC[C@@H]1[C@@H]2CN([C@@H]1C(=O)N[C@@]3(C[C@H]3C(F)F)C(=O)NS(=O)(=O)C4(CC4)C)C(=O)[C@@H](NC(=O)O[C@@H]5C[C@H]5CCCCC(C6=NC7=C(C=C(C=C7)OC)N=C6O2)(F)F)C(C)(C)C,"InChI=1S/C40H52F4N6O9S/c1-7-22-27-19-50(28(22)32(51)48-39(18-23(39)31(41)42)35(53)49-60(55,56)38(5)14-15-38)34(52)30(37(2,3)4)47-36(54)59-26-16-20(26)10-8-9-13-40(43,44)29-33(58-27)46-25-17-21(57-6)11-12-24(25)45-29/h11-12,17,20,22-23,26-28,30-31H,7-10,13-16,18-19H2,1-6H3,(H,47,54)(H,48,51)(H,49,53)/t20-,22-,23+,26-,27+,28+,30-,39-/m1/s1",MZBLZLWXUBZHSL-FZNJKFJKSA-N,exact DDInter name query,exact_unique,valid,"https://pubchem.ncbi.nlm.nih.gov/rest/pug/compound/name/Voxilaprevir/property/Title,ConnectivitySMILES,SMILES,InChI,InChIKey/JSON",2026-09-22
DDInter1951,Warfarin,54678486,Warfarin,CC(=O)CC(C1=CC=CC=C1)C2=C(C3=CC=CC=C3OC2=O)O,CC(=O)CC(C1=CC=CC=C1)C2=C(C3=CC=CC=C3OC2=O)O,"InChI=1S/C19H16O4/c1-12(20)11-15(13-7-3-2-4-8-13)17-18(21)14-9-5-6-10-16(14)23-19(17)22/h2-10,15,21H,11H2,1H3",PJVWKTKQMONHTI-UHFFFAOYSA-N,exact DDInter name query,exact_unique,valid,"https://pubchem.ncbi.nlm.nih.gov/rest/pug/compound/name/Warfarin/property/Title,ConnectivitySMILES,SMILES,InChI,InChIKey/JSON",2026-09-22
DDInter1952,Xylometazoline (nasal),,,,,,,exact DDInter name query,unmapped,unavailable,"https://pubchem.ncbi.nlm.nih.gov/rest/pug/compound/name/Xylometazoline%20%28nasal%29/property/Title,ConnectivitySMILES,SMILES,InChI,InChIKey/JSON",2026-09-22
DDInter1953,Yellow Fever Vaccine,,,,,,,exact DDInter name query,unmapped,unavailable,"https://pubchem.ncbi.nlm.nih.gov/rest/pug/compound/name/Yellow%20Fever%20Vaccine/property/Title,ConnectivitySMILES,SMILES,InChI,InChIKey/JSON",2026-09-22
DDInter1954,Yohimbine,8969,Yohimbine,COC(=O)C1C(CCC2C1CC3C4=C(CCN3C2)C5=CC=CC=C5N4)O,COC(=O)[C@H]1[C@H](CC[C@@H]2[C@@H]1C[C@H]3C4=C(CCN3C2)C5=CC=CC=C5N4)O,"InChI=1S/C21H26N2O3/c1-26-21(25)19-15-10-17-20-14(13-4-2-3-5-16(13)22-20)8-9-23(17)11-12(15)6-7-18(19)24/h2-5,12,15,17-19,22,24H,6-11H2,1H3/t12-,15-,17-,18-,19+/m0/s1",BLGXFZZNTVWLAY-SCYLSFHTSA-N,exact DDInter name query,exact_unique,valid,"https://pubchem.ncbi.nlm.nih.gov/rest/pug/compound/name/Yohimbine/property/Title,ConnectivitySMILES,SMILES,InChI,InChIKey/JSON",2026-09-22
DDInter1955,Zafirlukast,5717,Zafirlukast,CC1=CC=CC=C1S(=O)(=O)NC(=O)C2=CC(=C(C=C2)CC3=CN(C4=C3C=C(C=C4)NC(=O)OC5CCCC5)C)OC,CC1=CC=CC=C1S(=O)(=O)NC(=O)C2=CC(=C(C=C2)CC3=CN(C4=C3C=C(C=C4)NC(=O)OC5CCCC5)C)OC,"InChI=1S/C31H33N3O6S/c1-20-8-4-7-11-29(20)41(37,38)33-30(35)22-13-12-21(28(17-22)39-3)16-23-19-34(2)27-15-14-24(18-26(23)27)32-31(36)40-25-9-5-6-10-25/h4,7-8,11-15,17-19,25H,5-6,9-10,16H2,1-3H3,(H,32,36)(H,33,35)",YEEZWCHGZNKEEK-UHFFFAOYSA-N,exact DDInter name query,exact_unique,valid,"https://pubchem.ncbi.nlm.nih.gov/rest/pug/compound/name/Zafirlukast/property/Title,ConnectivitySMILES,SMILES,InChI,InChIKey/JSON",2026-09-22
DDInter1956,Zalcitabine,24066,Dideoxycytidine,C1CC(OC1CO)N2C=CC(=NC2=O)N,C1C[C@@H](O[C@@H]1CO)N2C=CC(=NC2=O)N,"InChI=1S/C9H13N3O3/c10-7-3-4-12(9(14)11-7)8-2-1-6(5-13)15-8/h3-4,6,8,13H,1-2,5H2,(H2,10,11,14)/t6-,8+/m0/s1",WREGKURFCTUGRC-POYBYMJQSA-N,exact DDInter name query,ambiguous,excluded_title_mismatch,"https://pubchem.ncbi.nlm.nih.gov/rest/pug/compound/name/Zalcitabine/property/Title,ConnectivitySMILES,SMILES,InChI,InChIKey/JSON",2026-09-22
DDInter1957,Zaleplon,5719,Zaleplon,CCN(C1=CC=CC(=C1)C2=CC=NC3=C(C=NN23)C#N)C(=O)C,CCN(C1=CC=CC(=C1)C2=CC=NC3=C(C=NN23)C#N)C(=O)C,"InChI=1S/C17H15N5O/c1-3-21(12(2)23)15-6-4-5-13(9-15)16-7-8-19-17-14(10-18)11-20-22(16)17/h4-9,11H,3H2,1-2H3",HUNXMJYCHXQEGX-UHFFFAOYSA-N,exact DDInter name query,exact_unique,valid,"https://pubchem.ncbi.nlm.nih.gov/rest/pug/compound/name/Zaleplon/property/Title,ConnectivitySMILES,SMILES,InChI,InChIKey/JSON",2026-09-22
DDInter1958,Zanamivir,60855,Zanamivir,CC(=O)NC1C(C=C(OC1C(C(CO)O)O)C(=O)O)N=C(N)N,CC(=O)N[C@@H]1[C@H](C=C(O[C@H]1[C@@H]([C@@H](CO)O)O)C(=O)O)N=C(N)N,"InChI=1S/C12H20N4O7/c1-4(18)15-8-5(16-12(13)14)2-7(11(21)22)23-10(8)9(20)6(19)3-17/h2,5-6,8-10,17,19-20H,3H2,1H3,(H,15,18)(H,21,22)(H4,13,14,16)/t5-,6+,8+,9+,10+/m0/s1",ARAIBEBZBOPLMB-UFGQHTETSA-N,exact DDInter name query,exact_unique,valid,"https://pubchem.ncbi.nlm.nih.gov/rest/pug/compound/name/Zanamivir/property/Title,ConnectivitySMILES,SMILES,InChI,InChIKey/JSON",2026-09-22
DDInter1959,Zanubrutinib,135565884,Zanubrutinib,C=CC(=O)N1CCC(CC1)C2CCNC3=C(C(=NN23)C4=CC=C(C=C4)OC5=CC=CC=C5)C(=O)N,C=CC(=O)N1CCC(CC1)[C@@H]2CCNC3=C(C(=NN23)C4=CC=C(C=C4)OC5=CC=CC=C5)C(=O)N,"InChI=1S/C27H29N5O3/c1-2-23(33)31-16-13-18(14-17-31)22-12-15-29-27-24(26(28)34)25(30-32(22)27)19-8-10-21(11-9-19)35-20-6-4-3-5-7-20/h2-11,18,22,29H,1,12-17H2,(H2,28,34)/t22-/m0/s1",RNOAOAWBMHREKO-QFIPXVFZSA-N,exact DDInter name query,exact_unique,valid,"https://pubchem.ncbi.nlm.nih.gov/rest/pug/compound/name/Zanubrutinib/property/Title,ConnectivitySMILES,SMILES,InChI,InChIKey/JSON",2026-09-22
DDInter196,Betamethasone (topical),,,,,,,exact DDInter name query,unmapped,unavailable,"https://pubchem.ncbi.nlm.nih.gov/rest/pug/compound/name/Betamethasone%20%28topical%29/property/Title,ConnectivitySMILES,SMILES,InChI,InChIKey/JSON",2026-09-22
DDInter1960,Ziconotide,16135415,Ziconotide,CC1C(=O)NC(C(=O)NC2CSSCC3C(=O)NC(C(=O)NC(C(=O)NCC(=O)NC(C(=O)NC(CSSCC(C(=O)NC(CSSCC(C(=O)NC(C(=O)NCC(=O)NC(C(=O)NCC(=O)N1)CCCCN)CCCCN)N)C(=O)NC(C(=O)NCC(=O)NC(C(=O)N3)CO)C(C)O)NC(=O)C(NC(=O)C(NC(=O)C(NC(=O)C(NC(=O)C(NC(=O)C(NC2=O)CO)CCCNC(=N)N)CC(C)C)CCSC)CC4=CC=C(C=C4)O)CC(=O)O)C(=O)N)CCCCN)CO)CCCNC(=N)N)CCCCN,C[C@H]1C(=O)N[C@H](C(=O)N[C@H]2CSSC[C@H]3C(=O)N[C@H](C(=O)N[C@H](C(=O)NCC(=O)N[C@H](C(=O)N[C@@H](CSSC[C@@H](C(=O)N[C@@H](CSSC[C@@H](C(=O)N[C@H](C(=O)NCC(=O)N[C@H](C(=O)NCC(=O)N1)CCCCN)CCCCN)N)C(=O)N[C@H](C(=O)NCC(=O)N[C@H](C(=O)N3)CO)[C@@H](C)O)NC(=O)[C@@H](NC(=O)[C@@H](NC(=O)[C@@H](NC(=O)[C@@H](NC(=O)[C@@H](NC(=O)[C@@H](NC2=O)CO)CCCNC(=N)N)CC(C)C)CCSC)CC4=CC=C(C=C4)O)CC(=O)O)C(=O)N)CCCCN)CO)CCCNC(=N)N)CCCCN,"InChI=1S/C102H172N36O32S7/c1-50(2)34-63-91(161)127-62(26-33-171-5)90(160)129-64(35-53-22-24-54(143)25-23-53)92(162)130-65(36-78(148)149)93(163)135-72-48-175-173-45-69(80(108)150)133-86(156)58(18-8-12-29-105)121-76(146)39-117-85(155)66(41-139)131-88(158)61(21-15-32-114-102(111)112)126-96(166)70-46-176-177-47-71(97(167)132-68(43-141)95(165)125-60(87(157)128-63)20-14-31-113-101(109)110)134-89(159)59(19-9-13-30-106)123-81(151)51(3)119-74(144)37-115-83(153)56(16-6-10-27-103)120-75(145)38-116-84(154)57(17-7-11-28-104)124-82(152)55(107)44-172-174-49-73(137-98(72)168)99(169)138-79(52(4)142)100(170)118-40-77(147)122-67(42-140)94(164)136-70/h22-25,50-52,55-73,79,139-143H,6-21,26-49,103-107H2,1-5H3,(H2,108,150)(H,115,153)(H,116,154)(H,117,155)(H,118,170)(H,119,144)(H,120,145)(H,121,146)(H,122,147)(H,123,151)(H,124,152)(H,125,165)(H,126,166)(H,127,161)(H,128,157)(H,129,160)(H,130,162)(H,131,158)(H,132,167)(H,133,156)(H,134,159)(H,135,163)(H,136,164)(H,137,168)(H,138,169)(H,148,149)(H4,109,110,113)(H4,111,112,114)/t51-,52+,55-,56-,57-,58-,59-,60-,61-,62-,63-,64-,65-,66-,67-,68-,69-,70-,71-,72-,73-,79-/m0/s1",BPKIMPVREBSLAJ-QTBYCLKRSA-N,exact DDInter name query,exact_unique,valid,"https://pubchem.ncbi.nlm.nih.gov/rest/pug/compound/name/Ziconotide/property/Title,ConnectivitySMILES,SMILES,InChI,InChIKey/JSON",2026-09-22
DDInter1961,Zidovudine,35370,Zidovudine,CC1=CN(C(=O)NC1=O)C2CC(C(O2)CO)N=[N+]=[N-],CC1=CN(C(=O)NC1=O)[C@H]2C[C@@H]([C@H](O2)CO)N=[N+]=[N-],"InChI=1S/C10H13N5O4/c1-5-3-15(10(18)12-9(5)17)8-2-6(13-14-11)7(4-16)19-8/h3,6-8,16H,2,4H2,1H3,(H,12,17,18)/t6-,7+,8+/m0/s1",HBOMLICNUCNMMY-XLPZGREQSA-N,exact DDInter name query,exact_unique,valid,"https://pubchem.ncbi.nlm.nih.gov/rest/pug/compound/name/Zidovudine/property/Title,ConnectivitySMILES,SMILES,InChI,InChIKey/JSON",2026-09-22
DDInter1962,Zileuton,60490,Zileuton,CC(C1=CC2=CC=CC=C2S1)N(C(=O)N)O,CC(C1=CC2=CC=CC=C2S1)N(C(=O)N)O,"InChI=1S/C11H12N2O2S/c1-7(13(15)11(12)14)10-6-8-4-2-3-5-9(8)16-10/h2-7,15H,1H3,(H2,12,14)",MWLSOWXNZPKENC-UHFFFAOYSA-N,exact DDInter name query,exact_unique,valid,"https://pubchem.ncbi.nlm.nih.gov/rest/pug/compound/name/Zileuton/property/Title,ConnectivitySMILES,SMILES,InChI,InChIKey/JSON",2026-09-22
DDInter1963,Zinc acetate,11192,Zinc Acetate,CC(=O)[O-].CC(=O)[O-].[Zn+2],CC(=O)[O-].CC(=O)[O-].[Zn+2],"InChI=1S/2C2H4O2.Zn/c2*1-2(3)4;/h2*1H3,(H,3,4);/q;;+2/p-2",DJWUNCQRNNEAKC-UHFFFAOYSA-L,exact DDInter name query,exact_unique,valid,"https://pubchem.ncbi.nlm.nih.gov/rest/pug/compound/name/Zinc%20acetate/property/Title,ConnectivitySMILES,SMILES,InChI,InChIKey/JSON",2026-09-22
DDInter1964,Zinc chloride,5727,Zinc Chloride,Cl[Zn]Cl,Cl[Zn]Cl,InChI=1S/2ClH.Zn/h2*1H;/q;;+2/p-2,JIAARYAFYJHUJI-UHFFFAOYSA-L,exact DDInter name query,exact_unique,valid,"https://pubchem.ncbi.nlm.nih.gov/rest/pug/compound/name/Zinc%20chloride/property/Title,ConnectivitySMILES,SMILES,InChI,InChIKey/JSON",2026-09-22
DDInter1965,Zinc gluconate,443445,Zinc Gluconate,C(C(C(C(C(C(=O)[O-])O)O)O)O)O.C(C(C(C(C(C(=O)[O-])O)O)O)O)O.[Zn+2],C([C@H]([C@H]([C@@H]([C@H](C(=O)[O-])O)O)O)O)O.C([C@H]([C@H]([C@@H]([C@H](C(=O)[O-])O)O)O)O)O.[Zn+2],"InChI=1S/2C6H12O7.Zn/c2*7-1-2(8)3(9)4(10)5(11)6(12)13;/h2*2-5,7-11H,1H2,(H,12,13);/q;;+2/p-2/t2*2-,3-,4+,5-;/m11./s1",WHMDKBIGKVEYHS-IYEMJOQQSA-L,exact DDInter name query,exact_unique,valid,"https://pubchem.ncbi.nlm.nih.gov/rest/pug/compound/name/Zinc%20gluconate/property/Title,ConnectivitySMILES,SMILES,InChI,InChIKey/JSON",2026-09-22
DDInter1966,Zinc sulfate,24424,Zinc Sulfate,[O-]S(=O)(=O)[O-].[Zn+2],[O-]S(=O)(=O)[O-].[Zn+2],"InChI=1S/H2O4S.Zn/c1-5(2,3)4;/h(H2,1,2,3,4);/q;+2/p-2",NWONKYPBYAMBJT-UHFFFAOYSA-L,exact DDInter name query,exact_unique,valid,"https://pubchem.ncbi.nlm.nih.gov/rest/pug/compound/name/Zinc%20sulfate/property/Title,ConnectivitySMILES,SMILES,InChI,InChIKey/JSON",2026-09-22
DDInter1967,Ziprasidone,60854,Ziprasidone,C1CN(CCN1CCC2=C(C=C3C(=C2)CC(=O)N3)Cl)C4=NSC5=CC=CC=C54,C1CN(CCN1CCC2=C(C=C3C(=C2)CC(=O)N3)Cl)C4=NSC5=CC=CC=C54,"InChI=1S/C21H21ClN4OS/c22-17-13-18-15(12-20(27)23-18)11-14(17)5-6-25-7-9-26(10-8-25)21-16-3-1-2-4-19(16)28-24-21/h1-4,11,13H,5-10,12H2,(H,23,27)",MVWVFYHBGMAFLY-UHFFFAOYSA-N,exact DDInter name query,exact_unique,valid,"https://pubchem.ncbi.nlm.nih.gov/rest/pug/compound/name/Ziprasidone/property/Title,ConnectivitySMILES,SMILES,InChI,InChIKey/JSON",2026-09-22
DDInter1968,Zoledronic acid,68740,Zoledronic Acid,C1=CN(C=N1)CC(O)(P(=O)(O)O)P(=O)(O)O,C1=CN(C=N1)CC(O)(P(=O)(O)O)P(=O)(O)O,"InChI=1S/C5H10N2O7P2/c8-5(15(9,10)11,16(12,13)14)3-7-2-1-6-4-7/h1-2,4,8H,3H2,(H2,9,10,11)(H2,12,13,14)",XRASPMIURGNCCH-UHFFFAOYSA-N,exact DDInter name query,exact_unique,valid,"https://pubchem.ncbi.nlm.nih.gov/rest/pug/compound/name/Zoledronic%20acid/property/Title,ConnectivitySMILES,SMILES,InChI,InChIKey/JSON",2026-09-22
DDInter1969,Zolmitriptan,60857,Zolmitriptan,CN(C)CCC1=CNC2=C1C=C(C=C2)CC3COC(=O)N3,CN(C)CCC1=CNC2=C1C=C(C=C2)C[C@H]3COC(=O)N3,"InChI=1S/C16H21N3O2/c1-19(2)6-5-12-9-17-15-4-3-11(8-14(12)15)7-13-10-21-16(20)18-13/h3-4,8-9,13,17H,5-7,10H2,1-2H3,(H,18,20)/t13-/m0/s1",ULSDMUVEXKOYBU-ZDUSSCGKSA-N,exact DDInter name query,exact_unique,valid,"https://pubchem.ncbi.nlm.nih.gov/rest/pug/compound/name/Zolmitriptan/property/Title,ConnectivitySMILES,SMILES,InChI,InChIKey/JSON",2026-09-22
DDInter197,Betaxolol,2369,Betaxolol,CC(C)NCC(COC1=CC=C(C=C1)CCOCC2CC2)O,CC(C)NCC(COC1=CC=C(C=C1)CCOCC2CC2)O,"InChI=1S/C18H29NO3/c1-14(2)19-11-17(20)13-22-18-7-5-15(6-8-18)9-10-21-12-16-3-4-16/h5-8,14,16-17,19-20H,3-4,9-13H2,1-2H3",NWIUTZDMDHAVTP-UHFFFAOYSA-N,exact DDInter name query,exact_unique,valid,"https://pubchem.ncbi.nlm.nih.gov/rest/pug/compound/name/Betaxolol/property/Title,ConnectivitySMILES,SMILES,InChI,InChIKey/JSON",2026-09-22
DDInter1970,Zolpidem,5732,Zolpidem,CC1=CC=C(C=C1)C2=C(N3C=C(C=CC3=N2)C)CC(=O)N(C)C,CC1=CC=C(C=C1)C2=C(N3C=C(C=CC3=N2)C)CC(=O)N(C)C,"InChI=1S/C19H21N3O/c1-13-5-8-15(9-6-13)19-16(11-18(23)21(3)4)22-12-14(2)7-10-17(22)20-19/h5-10,12H,11H2,1-4H3",ZAFYATHCZYHLPB-UHFFFAOYSA-N,exact DDInter name query,exact_unique,valid,"https://pubchem.ncbi.nlm.nih.gov/rest/pug/compound/name/Zolpidem/property/Title,ConnectivitySMILES,SMILES,InChI,InChIKey/JSON",2026-09-22
DDInter1971,Zonisamide,5734,Zonisamide,C1=CC=C2C(=C1)C(=NO2)CS(=O)(=O)N,C1=CC=C2C(=C1)C(=NO2)CS(=O)(=O)N,"InChI=1S/C8H8N2O3S/c9-14(11,12)5-7-6-3-1-2-4-8(6)13-10-7/h1-4H,5H2,(H2,9,11,12)",UBQNRHZMVUUOMG-UHFFFAOYSA-N,exact DDInter name query,exact_unique,valid,"https://pubchem.ncbi.nlm.nih.gov/rest/pug/compound/name/Zonisamide/property/Title,ConnectivitySMILES,SMILES,InChI,InChIKey/JSON",2026-09-22
DDInter1972,Zopiclone,5735,Zopiclone,CN1CCN(CC1)C(=O)OC2C3=NC=CN=C3C(=O)N2C4=NC=C(C=C4)Cl,CN1CCN(CC1)C(=O)OC2C3=NC=CN=C3C(=O)N2C4=NC=C(C=C4)Cl,"InChI=1S/C17H17ClN6O3/c1-22-6-8-23(9-7-22)17(26)27-16-14-13(19-4-5-20-14)15(25)24(16)12-3-2-11(18)10-21-12/h2-5,10,16H,6-9H2,1H3",GBBSUAFBMRNDJC-UHFFFAOYSA-N,exact DDInter name query,exact_unique,valid,"https://pubchem.ncbi.nlm.nih.gov/rest/pug/compound/name/Zopiclone/property/Title,ConnectivitySMILES,SMILES,InChI,InChIKey/JSON",2026-09-22
DDInter198,Betaxolol (ophthalmic),,,,,,,exact DDInter name query,unmapped,unavailable,"https://pubchem.ncbi.nlm.nih.gov/rest/pug/compound/name/Betaxolol%20%28ophthalmic%29/property/Title,ConnectivitySMILES,SMILES,InChI,InChIKey/JSON",2026-09-22
DDInter199,Bethanechol,2370,Bethanechol,CC(C[N+](C)(C)C)OC(=O)N,CC(C[N+](C)(C)C)OC(=O)N,"InChI=1S/C7H16N2O2/c1-6(11-7(8)10)5-9(2,3)4/h6H,5H2,1-4H3,(H-,8,10)/p+1",NZUPCNDJBJXXRF-UHFFFAOYSA-O,exact DDInter name query,exact_unique,valid,"https://pubchem.ncbi.nlm.nih.gov/rest/pug/compound/name/Bethanechol/property/Title,ConnectivitySMILES,SMILES,InChI,InChIKey/JSON",2026-09-22
DDInter2,Abaloparatide,76943386,Abaloparatide,CCC(C)C(C(=O)NC(CCC(=O)N)C(=O)NC(CC(=O)O)C(=O)NC(CC(C)C)C(=O)NC(CCCNC(=N)N)C(=O)NC(CCCNC(=N)N)C(=O)NC(CCCNC(=N)N)C(=O)NC(CCC(=O)O)C(=O)NC(CC(C)C)C(=O)NC(CC(C)C)C(=O)NC(CCC(=O)O)C(=O)NC(CCCCN)C(=O)NC(CC(C)C)C(=O)NC(CC(C)C)C(=O)NC(C)(C)C(=O)NC(CCCCN)C(=O)NC(CC(C)C)C(=O)NC(CC1=CN=CN1)C(=O)NC(C(C)O)C(=O)NC(C)C(=O)N)NC(=O)C(CO)NC(=O)C(CCCCN)NC(=O)CNC(=O)C(CCCCN)NC(=O)C(CC(=O)O)NC(=O)C(CC2=CN=CN2)NC(=O)C(CC(C)C)NC(=O)C(CC(C)C)NC(=O)C(CCC(=O)N)NC(=O)C(CC3=CN=CN3)NC(=O)C(CCC(=O)O)NC(=O)C(CO)NC(=O)C(C(C)C)NC(=O)C(C)N,CC[C@H](C)[C@@H](C(=O)N[C@@H](CCC(=O)N)C(=O)N[C@@H](CC(=O)O)C(=O)N[C@@H](CC(C)C)C(=O)N[C@@H](CCCNC(=N)N)C(=O)N[C@@H](CCCNC(=N)N)C(=O)N[C@@H](CCCNC(=N)N)C(=O)N[C@@H](CCC(=O)O)C(=O)N[C@@H](CC(C)C)C(=O)N[C@@H](CC(C)C)C(=O)N[C@@H](CCC(=O)O)C(=O)N[C@@H](CCCCN)C(=O)N[C@@H](CC(C)C)C(=O)N[C@@H](CC(C)C)C(=O)NC(C)(C)C(=O)N[C@@H](CCCCN)C(=O)N[C@@H](CC(C)C)C(=O)N[C@@H](CC1=CN=CN1)C(=O)N[C@@H]([C@@H](C)O)C(=O)N[C@@H](C)C(=O)N)NC(=O)[C@H](CO)NC(=O)[C@H](CCCCN)NC(=O)CNC(=O)[C@H](CCCCN)NC(=O)[C@H](CC(=O)O)NC(=O)[C@H](CC2=CN=CN2)NC(=O)[C@H](CC(C)C)NC(=O)[C@H](CC(C)C)NC(=O)[C@H](CCC(=O)N)NC(=O)[C@H](CC3=CN=CN3)NC(=O)[C@H](CCC(=O)O)NC(=O)[C@H](CO)NC(=O)[C@H](C(C)C)NC(=O)[C@H](C)N,"InChI=1S/C174H300N56O49/c1-26-93(20)136(228-165(274)126(80-232)224-141(250)101(39-28-32-56-176)200-129(236)78-195-140(249)100(38-27-31-55-175)201-161(270)123(73-133(243)244)223-160(269)121(71-98-76-190-82-197-98)220-158(267)118(68-90(14)15)216-155(264)114(64-86(6)7)213-148(257)107(45-50-127(180)234)207-159(268)120(70-97-75-189-81-196-97)219-151(260)111(49-54-132(241)242)209-164(273)125(79-231)225-167(276)135(92(18)19)227-139(248)94(21)179)168(277)210-108(46-51-128(181)235)149(258)222-124(74-134(245)246)162(271)217-112(62-84(2)3)152(261)205-105(44-37-61-194-173(187)188)143(252)203-103(42-35-59-192-171(183)184)142(251)204-104(43-36-60-193-172(185)186)144(253)206-110(48-53-131(239)240)150(259)214-115(65-87(8)9)154(263)215-113(63-85(4)5)153(262)208-109(47-52-130(237)238)147(256)202-102(40-29-33-57-177)145(254)211-116(66-88(10)11)156(265)218-119(69-91(16)17)166(275)230-174(24,25)170(279)226-106(41-30-34-58-178)146(255)212-117(67-89(12)13)157(266)221-122(72-99-77-191-83-198-99)163(272)229-137(96(23)233)169(278)199-95(22)138(182)247/h75-77,81-96,100-126,135-137,231-233H,26-74,78-80,175-179H2,1-25H3,(H2,180,234)(H2,181,235)(H2,182,247)(H,189,196)(H,190,197)(H,191,198)(H,195,249)(H,199,278)(H,200,236)(H,201,270)(H,202,256)(H,203,252)(H,204,251)(H,205,261)(H,206,253)(H,207,268)(H,208,262)(H,209,273)(H,210,277)(H,211,254)(H,212,255)(H,213,257)(H,214,259)(H,215,263)(H,216,264)(H,217,271)(H,218,265)(H,219,260)(H,220,267)(H,221,266)(H,222,258)(H,223,269)(H,224,250)(H,225,276)(H,226,279)(H,227,248)(H,228,274)(H,229,272)(H,230,275)(H,237,238)(H,239,240)(H,241,242)(H,243,244)(H,245,246)(H4,183,184,192)(H4,185,186,193)(H4,187,188,194)/t93-,94-,95-,96+,100-,101-,102-,103-,104-,105-,106-,107-,108-,109-,110-,111-,112-,113-,114-,115-,116-,117-,118-,119-,120-,121-,122-,123-,124-,125-,126-,135-,136-,137-/m0/s1",BVISQZFBLRSESR-XSCWXTNMSA-N,exact DDInter name query,exact_unique,valid,"https://pubchem.ncbi.nlm.nih.gov/rest/pug/compound/name/Abaloparatide/property/Title,ConnectivitySMILES,SMILES,InChI,InChIKey/JSON",2026-09-22
DDInter20,Acetylsalicylic acid,2244,Aspirin,CC(=O)OC1=CC=CC=C1C(=O)O,CC(=O)OC1=CC=CC=C1C(=O)O,"InChI=1S/C9H8O4/c1-6(10)13-8-5-3-2-4-7(8)9(11)12/h2-5H,1H3,(H,11,12)",BSYNRYMUTXBXSQ-UHFFFAOYSA-N,exact DDInter name query,ambiguous,excluded_title_mismatch,"https://pubchem.ncbi.nlm.nih.gov/rest/pug/compound/name/Acetylsalicylic%20acid/property/Title,ConnectivitySMILES,SMILES,InChI,InChIKey/JSON",2026-09-22
DDInter200,Betrixaban,10275777,Betrixaban,CN(C)C(=N)C1=CC=C(C=C1)C(=O)NC2=C(C=C(C=C2)OC)C(=O)NC3=NC=C(C=C3)Cl,CN(C)C(=N)C1=CC=C(C=C1)C(=O)NC2=C(C=C(C=C2)OC)C(=O)NC3=NC=C(C=C3)Cl,"InChI=1S/C23H22ClN5O3/c1-29(2)21(25)14-4-6-15(7-5-14)22(30)27-19-10-9-17(32-3)12-18(19)23(31)28-20-11-8-16(24)13-26-20/h4-13,25H,1-3H3,(H,27,30)(H,26,28,31)",XHOLNRLADUSQLD-UHFFFAOYSA-N,exact DDInter name query,exact_unique,valid,"https://pubchem.ncbi.nlm.nih.gov/rest/pug/compound/name/Betrixaban/property/Title,ConnectivitySMILES,SMILES,InChI,InChIKey/JSON",2026-09-22
DDInter201,Bevacizumab,,,,,,,exact DDInter name query,unmapped,unavailable,"https://pubchem.ncbi.nlm.nih.gov/rest/pug/compound/name/Bevacizumab/property/Title,ConnectivitySMILES,SMILES,InChI,InChIKey/JSON",2026-09-22
DDInter202,Bexarotene,82146,Bexarotene,CC1=CC2=C(C=C1C(=C)C3=CC=C(C=C3)C(=O)O)C(CCC2(C)C)(C)C,CC1=CC2=C(C=C1C(=C)C3=CC=C(C=C3)C(=O)O)C(CCC2(C)C)(C)C,"InChI=1S/C24H28O2/c1-15-13-20-21(24(5,6)12-11-23(20,3)4)14-19(15)16(2)17-7-9-18(10-8-17)22(25)26/h7-10,13-14H,2,11-12H2,1,3-6H3,(H,25,26)",NAVMQTYZDKMPEU-UHFFFAOYSA-N,exact DDInter name query,exact_unique,valid,"https://pubchem.ncbi.nlm.nih.gov/rest/pug/compound/name/Bexarotene/property/Title,ConnectivitySMILES,SMILES,InChI,InChIKey/JSON",2026-09-22
DDInter203,Bexarotene (topical),,,,,,,exact DDInter name query,unmapped,unavailable,"https://pubchem.ncbi.nlm.nih.gov/rest/pug/compound/name/Bexarotene%20%28topical%29/property/Title,ConnectivitySMILES,SMILES,InChI,InChIKey/JSON",2026-09-22
DDInter204,Bicalutamide,2375,Bicalutamide,CC(CS(=O)(=O)C1=CC=C(C=C1)F)(C(=O)NC2=CC(=C(C=C2)C#N)C(F)(F)F)O,CC(CS(=O)(=O)C1=CC=C(C=C1)F)(C(=O)NC2=CC(=C(C=C2)C#N)C(F)(F)F)O,"InChI=1S/C18H14F4N2O4S/c1-17(26,10-29(27,28)14-6-3-12(19)4-7-14)16(25)24-13-5-2-11(9-23)15(8-13)18(20,21)22/h2-8,26H,10H2,1H3,(H,24,25)",LKJPYSCBVHEWIU-UHFFFAOYSA-N,exact DDInter name query,exact_unique,valid,"https://pubchem.ncbi.nlm.nih.gov/rest/pug/compound/name/Bicalutamide/property/Title,ConnectivitySMILES,SMILES,InChI,InChIKey/JSON",2026-09-22
DDInter205,Bictegravir,90311989,Bictegravir,C1CC2CC1N3C(O2)CN4C=C(C(=O)C(=C4C3=O)O)C(=O)NCC5=C(C=C(C=C5F)F)F,C1C[C@@H]2C[C@H]1N3[C@H](O2)CN4C=C(C(=O)C(=C4C3=O)O)C(=O)NCC5=C(C=C(C=C5F)F)F,"InChI=1S/C21H18F3N3O5/c22-9-3-14(23)12(15(24)4-9)6-25-20(30)13-7-26-8-16-27(10-1-2-11(5-10)32-16)21(31)17(26)19(29)18(13)28/h3-4,7,10-11,16,29H,1-2,5-6,8H2,(H,25,30)/t10-,11+,16+/m0/s1",SOLUWJRYJLAZCX-LYOVBCGYSA-N,exact DDInter name query,exact_unique,valid,"https://pubchem.ncbi.nlm.nih.gov/rest/pug/compound/name/Bictegravir/property/Title,ConnectivitySMILES,SMILES,InChI,InChIKey/JSON",2026-09-22
DDInter206,Bifidobacterium longum infantis,,,,,,,exact DDInter name query,unmapped,unavailable,"https://pubchem.ncbi.nlm.nih.gov/rest/pug/compound/name/Bifidobacterium%20longum%20infantis/property/Title,ConnectivitySMILES,SMILES,InChI,InChIKey/JSON",2026-09-22
DDInter207,Bimatoprost,5311027,Bimatoprost,CCNC(=O)CCCC=CCC1C(CC(C1C=CC(CCC2=CC=CC=C2)O)O)O,CCNC(=O)CCC/C=C\C[C@H]1[C@H](C[C@H]([C@@H]1/C=C/[C@H](CCC2=CC=CC=C2)O)O)O,"InChI=1S/C25H37NO4/c1-2-26-25(30)13-9-4-3-8-12-21-22(24(29)18-23(21)28)17-16-20(27)15-14-19-10-6-5-7-11-19/h3,5-8,10-11,16-17,20-24,27-29H,2,4,9,12-15,18H2,1H3,(H,26,30)/b8-3-,17-16+/t20-,21+,22+,23-,24+/m0/s1",AQOKCDNYWBIDND-FTOWTWDKSA-N,exact DDInter name query,exact_unique,valid,"https://pubchem.ncbi.nlm.nih.gov/rest/pug/compound/name/Bimatoprost/property/Title,ConnectivitySMILES,SMILES,InChI,InChIKey/JSON",2026-09-22
DDInter21,Acitretin,5284513,Acitretin,CC1=CC(=C(C(=C1C=CC(=CC=CC(=CC(=O)O)C)C)C)C)OC,CC1=CC(=C(C(=C1/C=C/C(=C/C=C/C(=C/C(=O)O)/C)/C)C)C)OC,"InChI=1S/C21H26O3/c1-14(8-7-9-15(2)12-21(22)23)10-11-19-16(3)13-20(24-6)18(5)17(19)4/h7-13H,1-6H3,(H,22,23)/b9-7+,11-10+,14-8+,15-12+",IHUNBGSDBOWDMA-AQFIFDHZSA-N,exact DDInter name query,exact_unique,valid,"https://pubchem.ncbi.nlm.nih.gov/rest/pug/compound/name/Acitretin/property/Title,ConnectivitySMILES,SMILES,InChI,InChIKey/JSON",2026-09-22
DDInter210,Binimetinib,10288191,Binimetinib,CN1C=NC2=C1C=C(C(=C2F)NC3=C(C=C(C=C3)Br)F)C(=O)NOCCO,CN1C=NC2=C1C=C(C(=C2F)NC3=C(C=C(C=C3)Br)F)C(=O)NOCCO,"InChI=1S/C17H15BrF2N4O3/c1-24-8-21-16-13(24)7-10(17(26)23-27-5-4-25)15(14(16)20)22-12-3-2-9(18)6-11(12)19/h2-3,6-8,22,25H,4-5H2,1H3,(H,23,26)",ACWZRVQXLIRSDF-UHFFFAOYSA-N,exact DDInter name query,exact_unique,valid,"https://pubchem.ncbi.nlm.nih.gov/rest/pug/compound/name/Binimetinib/property/Title,ConnectivitySMILES,SMILES,InChI,InChIKey/JSON",2026-09-22
DDInter211,Biperiden,2381,Biperiden,C1CCN(CC1)CCC(C2CC3CC2C=C3)(C4=CC=CC=C4)O,C1CCN(CC1)CCC(C2CC3CC2C=C3)(C4=CC=CC=C4)O,"InChI=1S/C21H29NO/c23-21(19-7-3-1-4-8-19,11-14-22-12-5-2-6-13-22)20-16-17-9-10-18(20)15-17/h1,3-4,7-10,17-18,20,23H,2,5-6,11-16H2",YSXKPIUOCJLQIE-UHFFFAOYSA-N,exact DDInter name query,exact_unique,valid,"https://pubchem.ncbi.nlm.nih.gov/rest/pug/compound/name/Biperiden/property/Title,ConnectivitySMILES,SMILES,InChI,InChIKey/JSON",2026-09-22
DDInter212,Bisacodyl,2391,Bisacodyl,CC(=O)OC1=CC=C(C=C1)C(C2=CC=C(C=C2)OC(=O)C)C3=CC=CC=N3,CC(=O)OC1=CC=C(C=C1)C(C2=CC=C(C=C2)OC(=O)C)C3=CC=CC=N3,"InChI=1S/C22H19NO4/c1-15(24)26-19-10-6-17(7-11-19)22(21-5-3-4-14-23-21)18-8-12-20(13-9-18)27-16(2)25/h3-14,22H,1-2H3",KHOITXIGCFIULA-UHFFFAOYSA-N,exact DDInter name query,exact_unique,valid,"https://pubchem.ncbi.nlm.nih.gov/rest/pug/compound/name/Bisacodyl/property/Title,ConnectivitySMILES,SMILES,InChI,InChIKey/JSON",2026-09-22
DDInter213,Bismuth subcitrate potassium,91667825,Bismuth Subcitrate Potassium,C(C(=O)[O-])C(CC(=O)[O-])(C(=O)[O-])[O-].C(C(=O)[O-])C(CC(=O)[O-])(C(=O)[O-])[O-].[K+].[K+].[K+].[K+].[K+].[Bi+3],C(C(=O)[O-])C(CC(=O)[O-])(C(=O)[O-])[O-].C(C(=O)[O-])C(CC(=O)[O-])(C(=O)[O-])[O-].[K+].[K+].[K+].[K+].[K+].[Bi+3],"InChI=1S/2C6H7O7.Bi.5K/c2*7-3(8)1-6(13,5(11)12)2-4(9)10;;;;;;/h2*1-2H2,(H,7,8)(H,9,10)(H,11,12);;;;;;/q2*-1;+3;5*+1/p-6",YDDTTXDPCSCLKY-UHFFFAOYSA-H,exact DDInter name query,exact_unique,valid,"https://pubchem.ncbi.nlm.nih.gov/rest/pug/compound/name/Bismuth%20subcitrate%20potassium/property/Title,ConnectivitySMILES,SMILES,InChI,InChIKey/JSON",2026-09-22
DDInter214,Bismuth subgallate,73415769,Bismuth Subgallate,C1=C(C=C(C(=C1O)[O-])[O-])C(=O)O.[OH-].[Bi+3],C1=C(C=C(C(=C1O)[O-])[O-])C(=O)O.[OH-].[Bi+3],"InChI=1S/C7H6O5.Bi.H2O/c8-4-1-3(7(11)12)2-5(9)6(4)10;;/h1-2,8-10H,(H,11,12);;1H2/q;+3;/p-3",JAONZGLTYYUPCT-UHFFFAOYSA-K,exact DDInter name query,exact_unique,valid,"https://pubchem.ncbi.nlm.nih.gov/rest/pug/compound/name/Bismuth%20subgallate/property/Title,ConnectivitySMILES,SMILES,InChI,InChIKey/JSON",2026-09-22
DDInter215,Bismuth subsalicylate,53629521,Bismuth Subsalicylate,C1=CC=C(C(=C1)C(=O)[O-])[O-].[OH-].[Bi+3],C1=CC=C(C(=C1)C(=O)[O-])[O-].[OH-].[Bi+3],"InChI=1S/C7H6O3.Bi.H2O/c8-6-4-2-1-3-5(6)7(9)10;;/h1-4,8H,(H,9,10);;1H2/q;+3;/p-3",ZREIPSZUJIFJNP-UHFFFAOYSA-K,exact DDInter name query,exact_unique,valid,"https://pubchem.ncbi.nlm.nih.gov/rest/pug/compound/name/Bismuth%20subsalicylate/property/Title,ConnectivitySMILES,SMILES,InChI,InChIKey/JSON",2026-09-22
DDInter216,Bisoprolol,2405,Bisoprolol,CC(C)NCC(COC1=CC=C(C=C1)COCCOC(C)C)O,CC(C)NCC(COC1=CC=C(C=C1)COCCOC(C)C)O,"InChI=1S/C18H31NO4/c1-14(2)19-11-17(20)13-23-18-7-5-16(6-8-18)12-21-9-10-22-15(3)4/h5-8,14-15,17,19-20H,9-13H2,1-4H3",VHYCDWMUTMEGQY-UHFFFAOYSA-N,exact DDInter name query,exact_unique,valid,"https://pubchem.ncbi.nlm.nih.gov/rest/pug/compound/name/Bisoprolol/property/Title,ConnectivitySMILES,SMILES,InChI,InChIKey/JSON",2026-09-22
DDInter217,Bivalirudin,16129704,Bivalirudin,CCC(C)C(C(=O)N1CCCC1C(=O)NC(CCC(=O)O)C(=O)NC(CCC(=O)O)C(=O)NC(CC2=CC=C(C=C2)O)C(=O)NC(CC(C)C)C(=O)O)NC(=O)C(CCC(=O)O)NC(=O)C(CCC(=O)O)NC(=O)C(CC3=CC=CC=C3)NC(=O)C(CC(=O)O)NC(=O)CNC(=O)C(CC(=O)N)NC(=O)CNC(=O)CNC(=O)CNC(=O)CNC(=O)C4CCCN4C(=O)C(CCCNC(=N)N)NC(=O)C5CCCN5C(=O)C(CC6=CC=CC=C6)N,CC[C@H](C)[C@@H](C(=O)N1CCC[C@H]1C(=O)N[C@@H](CCC(=O)O)C(=O)N[C@@H](CCC(=O)O)C(=O)N[C@@H](CC2=CC=C(C=C2)O)C(=O)N[C@@H](CC(C)C)C(=O)O)NC(=O)[C@H](CCC(=O)O)NC(=O)[C@H](CCC(=O)O)NC(=O)[C@H](CC3=CC=CC=C3)NC(=O)[C@H](CC(=O)O)NC(=O)CNC(=O)[C@H](CC(=O)N)NC(=O)CNC(=O)CNC(=O)CNC(=O)CNC(=O)[C@@H]4CCCN4C(=O)[C@H](CCCNC(=N)N)NC(=O)[C@@H]5CCCN5C(=O)[C@@H](CC6=CC=CC=C6)N,"InChI=1S/C98H138N24O33/c1-5-52(4)82(96(153)122-39-15-23-70(122)92(149)114-60(30-34-79(134)135)85(142)111-59(29-33-78(132)133)86(143)116-64(43-55-24-26-56(123)27-25-55)89(146)118-67(97(154)155)40-51(2)3)119-87(144)61(31-35-80(136)137)112-84(141)58(28-32-77(130)131)113-88(145)63(42-54-18-10-7-11-19-54)117-90(147)66(45-81(138)139)110-76(129)50-107-83(140)65(44-71(100)124)109-75(128)49-106-73(126)47-104-72(125)46-105-74(127)48-108-91(148)68-21-13-38-121(68)95(152)62(20-12-36-103-98(101)102)115-93(150)69-22-14-37-120(69)94(151)57(99)41-53-16-8-6-9-17-53/h6-11,16-19,24-27,51-52,57-70,82,123H,5,12-15,20-23,28-50,99H2,1-4H3,(H2,100,124)(H,104,125)(H,105,127)(H,106,126)(H,107,140)(H,108,148)(H,109,128)(H,110,129)(H,111,142)(H,112,141)(H,113,145)(H,114,149)(H,115,150)(H,116,143)(H,117,147)(H,118,146)(H,119,144)(H,130,131)(H,132,133)(H,134,135)(H,136,137)(H,138,139)(H,154,155)(H4,101,102,103)/t52-,57+,58-,59-,60-,61-,62-,63-,64-,65-,66-,67-,68-,69-,70-,82-/m0/s1",OIRCOABEOLEUMC-GEJPAHFPSA-N,exact DDInter name query,exact_unique,valid,"https://pubchem.ncbi.nlm.nih.gov/rest/pug/compound/name/Bivalirudin/property/Title,ConnectivitySMILES,SMILES,InChI,InChIKey/JSON",2026-09-22
DDInter219,Bleomycin,5360373,Bleomycin,CC1=C(N=C(N=C1N)C(CC(=O)N)NCC(C(=O)N)N)C(=O)NC(C(C2=CN=CN2)OC3C(C(C(C(O3)CO)O)O)OC4C(C(C(C(O4)CO)O)OC(=O)N)O)C(=O)NC(C)C(C(C)C(=O)NC(C(C)O)C(=O)NCCC5=NC(=CS5)C6=NC(=CS6)C(=O)NCCC[S+](C)C)O,CC1=C(N=C(N=C1N)[C@H](CC(=O)N)NC[C@@H](C(=O)N)N)C(=O)N[C@@H]([C@H](C2=CN=CN2)OC3C(C(C(C(O3)CO)O)O)OC4C(C(C(C(O4)CO)O)OC(=O)N)O)C(=O)N[C@H](C)[C@H]([C@H](C)C(=O)N[C@@H]([C@@H](C)O)C(=O)NCCC5=NC(=CS5)C6=NC(=CS6)C(=O)NCCC[S+](C)C)O,"InChI=1S/C55H83N17O21S3/c1-20-33(69-46(72-44(20)58)25(12-31(57)76)64-13-24(56)45(59)82)50(86)71-35(41(26-14-61-19-65-26)91-54-43(39(80)37(78)29(15-73)90-54)92-53-40(81)42(93-55(60)88)38(79)30(16-74)89-53)51(87)66-22(3)36(77)21(2)47(83)70-34(23(4)75)49(85)63-10-8-32-67-28(18-94-32)52-68-27(17-95-52)48(84)62-9-7-11-96(5)6/h14,17-19,21-25,29-30,34-43,53-54,64,73-75,77-81H,7-13,15-16,56H2,1-6H3,(H13-,57,58,59,60,61,62,63,65,66,69,70,71,72,76,82,83,84,85,86,87,88)/p+1/t21-,22+,23+,24-,25-,29?,30?,34-,35-,36-,37?,38?,39?,40?,41-,42?,43?,53?,54?/m0/s1",OYVAGSVQBOHSSS-WXFSZRTFSA-O,exact DDInter name query,exact_unique,valid,"https://pubchem.ncbi.nlm.nih.gov/rest/pug/compound/name/Bleomycin/property/Title,ConnectivitySMILES,SMILES,InChI,InChIKey/JSON",2026-09-22
DDInter22,Aclidinium,11434515,Aclidinium,C1C[N+]2(CCC1C(C2)OC(=O)C(C3=CC=CS3)(C4=CC=CS4)O)CCCOC5=CC=CC=C5,C1C[N+]2(CCC1[C@H](C2)OC(=O)C(C3=CC=CS3)(C4=CC=CS4)O)CCCOC5=CC=CC=C5,"InChI=1S/C26H30NO4S2/c28-25(26(29,23-9-4-17-32-23)24-10-5-18-33-24)31-22-19-27(14-11-20(22)12-15-27)13-6-16-30-21-7-2-1-3-8-21/h1-5,7-10,17-18,20,22,29H,6,11-16,19H2/q+1/t20?,22-,27?/m0/s1",ASMXXROZKSBQIH-VITNCHFBSA-N,exact DDInter name query,exact_unique,valid,"https://pubchem.ncbi.nlm.nih.gov/rest/pug/compound/name/Aclidinium/property/Title,ConnectivitySMILES,SMILES,InChI,InChIKey/JSON",2026-09-22
DDInter220,Blinatumomab,,,,,,,exact DDInter name query,unmapped,unavailable,"https://pubchem.ncbi.nlm.nih.gov/rest/pug/compound/name/Blinatumomab/property/Title,ConnectivitySMILES,SMILES,InChI,InChIKey/JSON",2026-09-22
DDInter221,Boceprevir,10324367,Boceprevir,CC1(C2C1C(N(C2)C(=O)C(C(C)(C)C)NC(=O)NC(C)(C)C)C(=O)NC(CC3CCC3)C(=O)C(=O)N)C,CC1([C@@H]2[C@H]1[C@H](N(C2)C(=O)[C@H](C(C)(C)C)NC(=O)NC(C)(C)C)C(=O)NC(CC3CCC3)C(=O)C(=O)N)C,"InChI=1S/C27H45N5O5/c1-25(2,3)20(30-24(37)31-26(4,5)6)23(36)32-13-15-17(27(15,7)8)18(32)22(35)29-16(19(33)21(28)34)12-14-10-9-11-14/h14-18,20H,9-13H2,1-8H3,(H2,28,34)(H,29,35)(H2,30,31,37)/t15-,16?,17-,18-,20+/m0/s1",LHHCSNFAOIFYRV-DOVBMPENSA-N,exact DDInter name query,exact_unique,valid,"https://pubchem.ncbi.nlm.nih.gov/rest/pug/compound/name/Boceprevir/property/Title,ConnectivitySMILES,SMILES,InChI,InChIKey/JSON",2026-09-22
DDInter222,Bortezomib,387447,Bortezomib,B(C(CC(C)C)NC(=O)C(CC1=CC=CC=C1)NC(=O)C2=NC=CN=C2)(O)O,B([C@H](CC(C)C)NC(=O)[C@H](CC1=CC=CC=C1)NC(=O)C2=NC=CN=C2)(O)O,"InChI=1S/C19H25BN4O4/c1-13(2)10-17(20(27)28)24-18(25)15(11-14-6-4-3-5-7-14)23-19(26)16-12-21-8-9-22-16/h3-9,12-13,15,17,27-28H,10-11H2,1-2H3,(H,23,26)(H,24,25)/t15-,17-/m0/s1",GXJABQQUPOEUTA-RDJZCZTQSA-N,exact DDInter name query,exact_unique,valid,"https://pubchem.ncbi.nlm.nih.gov/rest/pug/compound/name/Bortezomib/property/Title,ConnectivitySMILES,SMILES,InChI,InChIKey/JSON",2026-09-22
DDInter223,Bosentan,104865,Bosentan,CC(C)(C)C1=CC=C(C=C1)S(=O)(=O)NC2=C(C(=NC(=N2)C3=NC=CC=N3)OCCO)OC4=CC=CC=C4OC,CC(C)(C)C1=CC=C(C=C1)S(=O)(=O)NC2=C(C(=NC(=N2)C3=NC=CC=N3)OCCO)OC4=CC=CC=C4OC,"InChI=1S/C27H29N5O6S/c1-27(2,3)18-10-12-19(13-11-18)39(34,35)32-23-22(38-21-9-6-5-8-20(21)36-4)26(37-17-16-33)31-25(30-23)24-28-14-7-15-29-24/h5-15,33H,16-17H2,1-4H3,(H,30,31,32)",GJPICJJJRGTNOD-UHFFFAOYSA-N,exact DDInter name query,exact_unique,valid,"https://pubchem.ncbi.nlm.nih.gov/rest/pug/compound/name/Bosentan/property/Title,ConnectivitySMILES,SMILES,InChI,InChIKey/JSON",2026-09-22
DDInter224,Bosutinib,5328940,Bosutinib,CN1CCN(CC1)CCCOC2=C(C=C3C(=C2)N=CC(=C3NC4=CC(=C(C=C4Cl)Cl)OC)C#N)OC,CN1CCN(CC1)CCCOC2=C(C=C3C(=C2)N=CC(=C3NC4=CC(=C(C=C4Cl)Cl)OC)C#N)OC,"InChI=1S/C26H29Cl2N5O3/c1-32-6-8-33(9-7-32)5-4-10-36-25-13-21-18(11-24(25)35-3)26(17(15-29)16-30-21)31-22-14-23(34-2)20(28)12-19(22)27/h11-14,16H,4-10H2,1-3H3,(H,30,31)",UBPYILGKFZZVDX-UHFFFAOYSA-N,exact DDInter name query,exact_unique,valid,"https://pubchem.ncbi.nlm.nih.gov/rest/pug/compound/name/Bosutinib/property/Title,ConnectivitySMILES,SMILES,InChI,InChIKey/JSON",2026-09-22
DDInter225,Botulinum toxin type A,,,,,,,exact DDInter name query,unmapped,unavailable,"https://pubchem.ncbi.nlm.nih.gov/rest/pug/compound/name/Botulinum%20toxin%20type%20A/property/Title,ConnectivitySMILES,SMILES,InChI,InChIKey/JSON",2026-09-22
DDInter226,Botulinum Toxin Type B,,,,,,,exact DDInter name query,unmapped,unavailable,"https://pubchem.ncbi.nlm.nih.gov/rest/pug/compound/name/Botulinum%20Toxin%20Type%20B/property/Title,ConnectivitySMILES,SMILES,InChI,InChIKey/JSON",2026-09-22
DDInter227,Bremelanotide,9941379,Bremelanotide,CCCCC(C(=O)NC1CC(=O)NCCCCC(NC(=O)C(NC(=O)C(NC(=O)C(NC(=O)C(NC1=O)CC2=CN=CN2)CC3=CC=CC=C3)CCCN=C(N)N)CC4=CNC5=CC=CC=C54)C(=O)O)NC(=O)C,CCCC[C@@H](C(=O)N[C@H]1CC(=O)NCCCC[C@H](NC(=O)[C@@H](NC(=O)[C@@H](NC(=O)[C@H](NC(=O)[C@@H](NC1=O)CC2=CN=CN2)CC3=CC=CC=C3)CCCN=C(N)N)CC4=CNC5=CC=CC=C54)C(=O)O)NC(=O)C,"InChI=1S/C50H68N14O10/c1-3-4-16-35(58-29(2)65)43(67)64-41-25-42(66)54-20-11-10-18-37(49(73)74)60-46(70)39(23-31-26-56-34-17-9-8-15-33(31)34)62-44(68)36(19-12-21-55-50(51)52)59-45(69)38(22-30-13-6-5-7-14-30)61-47(71)40(63-48(41)72)24-32-27-53-28-57-32/h5-9,13-15,17,26-28,35-41,56H,3-4,10-12,16,18-25H2,1-2H3,(H,53,57)(H,54,66)(H,58,65)(H,59,69)(H,60,70)(H,61,71)(H,62,68)(H,63,72)(H,64,67)(H,73,74)(H4,51,52,55)/t35-,36-,37-,38+,39-,40-,41-/m0/s1",FFHBJDQSGDNCIV-MFVUMRCOSA-N,exact DDInter name query,exact_unique,valid,"https://pubchem.ncbi.nlm.nih.gov/rest/pug/compound/name/Bremelanotide/property/Title,ConnectivitySMILES,SMILES,InChI,InChIKey/JSON",2026-09-22
DDInter228,Brentuximab vedotin,,,,,,,exact DDInter name query,unmapped,unavailable,"https://pubchem.ncbi.nlm.nih.gov/rest/pug/compound/name/Brentuximab%20vedotin/property/Title,ConnectivitySMILES,SMILES,InChI,InChIKey/JSON",2026-09-22
DDInter229,Bretylium,2431,Bretylium,CC[N+](C)(C)CC1=CC=CC=C1Br,CC[N+](C)(C)CC1=CC=CC=C1Br,"InChI=1S/C11H17BrN/c1-4-13(2,3)9-10-7-5-6-8-11(10)12/h5-8H,4,9H2,1-3H3/q+1",AAQOQKQBGPPFNS-UHFFFAOYSA-N,exact DDInter name query,exact_unique,valid,"https://pubchem.ncbi.nlm.nih.gov/rest/pug/compound/name/Bretylium/property/Title,ConnectivitySMILES,SMILES,InChI,InChIKey/JSON",2026-09-22
DDInter23,Acrivastine,5284514,Acrivastine,CC1=CC=C(C=C1)C(=CCN2CCCC2)C3=CC=CC(=N3)C=CC(=O)O,CC1=CC=C(C=C1)/C(=C\CN2CCCC2)/C3=CC=CC(=N3)/C=C/C(=O)O,"InChI=1S/C22H24N2O2/c1-17-7-9-18(10-8-17)20(13-16-24-14-2-3-15-24)21-6-4-5-19(23-21)11-12-22(25)26/h4-13H,2-3,14-16H2,1H3,(H,25,26)/b12-11+,20-13+",PWACSDKDOHSSQD-IUTFFREVSA-N,exact DDInter name query,exact_unique,valid,"https://pubchem.ncbi.nlm.nih.gov/rest/pug/compound/name/Acrivastine/property/Title,ConnectivitySMILES,SMILES,InChI,InChIKey/JSON",2026-09-22
DDInter230,Brexanolone,92786,Allopregnanolone,CC(=O)C1CCC2C1(CCC3C2CCC4C3(CCC(C4)O)C)C,CC(=O)[C@H]1CC[C@@H]2[C@@]1(CC[C@H]3[C@H]2CC[C@@H]4[C@@]3(CC[C@H](C4)O)C)C,"InChI=1S/C21H34O2/c1-13(22)17-6-7-18-16-5-4-14-12-15(23)8-10-20(14,2)19(16)9-11-21(17,18)3/h14-19,23H,4-12H2,1-3H3/t14-,15+,16-,17+,18-,19-,20-,21+/m0/s1",AURFZBICLPNKBZ-SYBPFIFISA-N,exact DDInter name query,ambiguous,excluded_title_mismatch,"https://pubchem.ncbi.nlm.nih.gov/rest/pug/compound/name/Brexanolone/property/Title,ConnectivitySMILES,SMILES,InChI,InChIKey/JSON",2026-09-22
DDInter231,Brexpiprazole,11978813,Brexpiprazole,C1CN(CCN1CCCCOC2=CC3=C(C=C2)C=CC(=O)N3)C4=C5C=CSC5=CC=C4,C1CN(CCN1CCCCOC2=CC3=C(C=C2)C=CC(=O)N3)C4=C5C=CSC5=CC=C4,"InChI=1S/C25H27N3O2S/c29-25-9-7-19-6-8-20(18-22(19)26-25)30-16-2-1-11-27-12-14-28(15-13-27)23-4-3-5-24-21(23)10-17-31-24/h3-10,17-18H,1-2,11-16H2,(H,26,29)",ZKIAIYBUSXZPLP-UHFFFAOYSA-N,exact DDInter name query,exact_unique,valid,"https://pubchem.ncbi.nlm.nih.gov/rest/pug/compound/name/Brexpiprazole/property/Title,ConnectivitySMILES,SMILES,InChI,InChIKey/JSON",2026-09-22
DDInter232,Brexucabtagene autoleucel,,,,,,,exact DDInter name query,unmapped,unavailable,"https://pubchem.ncbi.nlm.nih.gov/rest/pug/compound/name/Brexucabtagene%20autoleucel/property/Title,ConnectivitySMILES,SMILES,InChI,InChIKey/JSON",2026-09-22
DDInter233,Brigatinib,68165256,Brigatinib,CN1CCN(CC1)C2CCN(CC2)C3=CC(=C(C=C3)NC4=NC=C(C(=N4)NC5=CC=CC=C5P(=O)(C)C)Cl)OC,CN1CCN(CC1)C2CCN(CC2)C3=CC(=C(C=C3)NC4=NC=C(C(=N4)NC5=CC=CC=C5P(=O)(C)C)Cl)OC,"InChI=1S/C29H39ClN7O2P/c1-35-15-17-37(18-16-35)21-11-13-36(14-12-21)22-9-10-24(26(19-22)39-2)33-29-31-20-23(30)28(34-29)32-25-7-5-6-8-27(25)40(3,4)38/h5-10,19-21H,11-18H2,1-4H3,(H2,31,32,33,34)",AILRADAXUVEEIR-UHFFFAOYSA-N,exact DDInter name query,exact_unique,valid,"https://pubchem.ncbi.nlm.nih.gov/rest/pug/compound/name/Brigatinib/property/Title,ConnectivitySMILES,SMILES,InChI,InChIKey/JSON",2026-09-22
DDInter234,Brimonidine,2435,Brimonidine,C1CN=C(N1)NC2=C(C3=NC=CN=C3C=C2)Br,C1CN=C(N1)NC2=C(C3=NC=CN=C3C=C2)Br,"InChI=1S/C11H10BrN5/c12-9-7(17-11-15-5-6-16-11)1-2-8-10(9)14-4-3-13-8/h1-4H,5-6H2,(H2,15,16,17)",XYLJNLCSTIOKRM-UHFFFAOYSA-N,exact DDInter name query,exact_unique,valid,"https://pubchem.ncbi.nlm.nih.gov/rest/pug/compound/name/Brimonidine/property/Title,ConnectivitySMILES,SMILES,InChI,InChIKey/JSON",2026-09-22
DDInter235,Brimonidine (ophthalmic),,,,,,,exact DDInter name query,unmapped,unavailable,"https://pubchem.ncbi.nlm.nih.gov/rest/pug/compound/name/Brimonidine%20%28ophthalmic%29/property/Title,ConnectivitySMILES,SMILES,InChI,InChIKey/JSON",2026-09-22
DDInter236,Brimonidine (topical),,,,,,,exact DDInter name query,unmapped,unavailable,"https://pubchem.ncbi.nlm.nih.gov/rest/pug/compound/name/Brimonidine%20%28topical%29/property/Title,ConnectivitySMILES,SMILES,InChI,InChIKey/JSON",2026-09-22
DDInter237,Brinzolamide,68844,Brinzolamide,CCNC1CN(S(=O)(=O)C2=C1C=C(S2)S(=O)(=O)N)CCCOC,CCN[C@H]1CN(S(=O)(=O)C2=C1C=C(S2)S(=O)(=O)N)CCCOC,"InChI=1S/C12H21N3O5S3/c1-3-14-10-8-15(5-4-6-20-2)23(18,19)12-9(10)7-11(21-12)22(13,16)17/h7,10,14H,3-6,8H2,1-2H3,(H2,13,16,17)/t10-/m0/s1",HCRKCZRJWPKOAR-JTQLQIEISA-N,exact DDInter name query,exact_unique,valid,"https://pubchem.ncbi.nlm.nih.gov/rest/pug/compound/name/Brinzolamide/property/Title,ConnectivitySMILES,SMILES,InChI,InChIKey/JSON",2026-09-22
DDInter238,Brinzolamide (ophthalmic),,,,,,,exact DDInter name query,unmapped,unavailable,"https://pubchem.ncbi.nlm.nih.gov/rest/pug/compound/name/Brinzolamide%20%28ophthalmic%29/property/Title,ConnectivitySMILES,SMILES,InChI,InChIKey/JSON",2026-09-22
DDInter239,Brivaracetam,9837243,Brivaracetam,CCCC1CC(=O)N(C1)C(CC)C(=O)N,CCC[C@@H]1CC(=O)N(C1)[C@@H](CC)C(=O)N,"InChI=1S/C11H20N2O2/c1-3-5-8-6-10(14)13(7-8)9(4-2)11(12)15/h8-9H,3-7H2,1-2H3,(H2,12,15)/t8-,9+/m1/s1",MSYKRHVOOPPJKU-BDAKNGLRSA-N,exact DDInter name query,exact_unique,valid,"https://pubchem.ncbi.nlm.nih.gov/rest/pug/compound/name/Brivaracetam/property/Title,ConnectivitySMILES,SMILES,InChI,InChIKey/JSON",2026-09-22
DDInter24,Activated charcoal,5462310,Carbon,[C],[C],InChI=1S/C,OKTJSMMVPCPJKN-UHFFFAOYSA-N,exact DDInter name query,ambiguous,excluded_title_mismatch,"https://pubchem.ncbi.nlm.nih.gov/rest/pug/compound/name/Activated%20charcoal/property/Title,ConnectivitySMILES,SMILES,InChI,InChIKey/JSON",2026-09-22
DDInter240,Brodalumab,,,,,,,exact DDInter name query,unmapped,unavailable,"https://pubchem.ncbi.nlm.nih.gov/rest/pug/compound/name/Brodalumab/property/Title,ConnectivitySMILES,SMILES,InChI,InChIKey/JSON",2026-09-22
DDInter241,Bromfenac,60726,Bromfenac,C1=CC(=C(C(=C1)C(=O)C2=CC=C(C=C2)Br)N)CC(=O)O,C1=CC(=C(C(=C1)C(=O)C2=CC=C(C=C2)Br)N)CC(=O)O,"InChI=1S/C15H12BrNO3/c16-11-6-4-9(5-7-11)15(20)12-3-1-2-10(14(12)17)8-13(18)19/h1-7H,8,17H2,(H,18,19)",ZBPLOVFIXSTCRZ-UHFFFAOYSA-N,exact DDInter name query,exact_unique,valid,"https://pubchem.ncbi.nlm.nih.gov/rest/pug/compound/name/Bromfenac/property/Title,ConnectivitySMILES,SMILES,InChI,InChIKey/JSON",2026-09-22
DDInter242,Bromfenac (ophthalmic),,,,,,,exact DDInter name query,unmapped,unavailable,"https://pubchem.ncbi.nlm.nih.gov/rest/pug/compound/name/Bromfenac%20%28ophthalmic%29/property/Title,ConnectivitySMILES,SMILES,InChI,InChIKey/JSON",2026-09-22
DDInter243,Bromocriptine,31101,Bromocriptine,CC(C)CC1C(=O)N2CCCC2C3(N1C(=O)C(O3)(C(C)C)NC(=O)C4CN(C5CC6=C(NC7=CC=CC(=C67)C5=C4)Br)C)O,CC(C)C[C@H]1C(=O)N2CCC[C@H]2[C@]3(N1C(=O)[C@](O3)(C(C)C)NC(=O)[C@H]4CN([C@@H]5CC6=C(NC7=CC=CC(=C67)C5=C4)Br)C)O,"InChI=1S/C32H40BrN5O5/c1-16(2)12-24-29(40)37-11-7-10-25(37)32(42)38(24)30(41)31(43-32,17(3)4)35-28(39)18-13-20-19-8-6-9-22-26(19)21(27(33)34-22)14-23(20)36(5)15-18/h6,8-9,13,16-18,23-25,34,42H,7,10-12,14-15H2,1-5H3,(H,35,39)/t18-,23-,24+,25+,31-,32+/m1/s1",OZVBMTJYIDMWIL-AYFBDAFISA-N,exact DDInter name query,exact_unique,valid,"https://pubchem.ncbi.nlm.nih.gov/rest/pug/compound/name/Bromocriptine/property/Title,ConnectivitySMILES,SMILES,InChI,InChIKey/JSON",2026-09-22
DDInter244,Bromotheophylline,11808,Bromotheophylline,CN1C2=C(C(=O)N(C1=O)C)NC(=N2)Br,CN1C2=C(C(=O)N(C1=O)C)NC(=N2)Br,"InChI=1S/C7H7BrN4O2/c1-11-4-3(9-6(8)10-4)5(13)12(2)7(11)14/h1-2H3,(H,9,10)",SKTFQHRVFFOHTQ-UHFFFAOYSA-N,exact DDInter name query,exact_unique,valid,"https://pubchem.ncbi.nlm.nih.gov/rest/pug/compound/name/Bromotheophylline/property/Title,ConnectivitySMILES,SMILES,InChI,InChIKey/JSON",2026-09-22
DDInter245,Brompheniramine,6834,Brompheniramine,CN(C)CCC(C1=CC=C(C=C1)Br)C2=CC=CC=N2,CN(C)CCC(C1=CC=C(C=C1)Br)C2=CC=CC=N2,"InChI=1S/C16H19BrN2/c1-19(2)12-10-15(16-5-3-4-11-18-16)13-6-8-14(17)9-7-13/h3-9,11,15H,10,12H2,1-2H3",ZDIGNSYAACHWNL-UHFFFAOYSA-N,exact DDInter name query,exact_unique,valid,"https://pubchem.ncbi.nlm.nih.gov/rest/pug/compound/name/Brompheniramine/property/Title,ConnectivitySMILES,SMILES,InChI,InChIKey/JSON",2026-09-22
DDInter246,Budesonide,5281004,Budesonide,CCCC1OC2CC3C4CCC5=CC(=O)C=CC5(C4C(CC3(C2(O1)C(=O)CO)C)O)C,CCCC1O[C@@H]2C[C@H]3[C@@H]4CCC5=CC(=O)C=C[C@@]5([C@H]4[C@H](C[C@@]3([C@@]2(O1)C(=O)CO)C)O)C,"InChI=1S/C25H34O6/c1-4-5-21-30-20-11-17-16-7-6-14-10-15(27)8-9-23(14,2)22(16)18(28)12-24(17,3)25(20,31-21)19(29)13-26/h8-10,16-18,20-22,26,28H,4-7,11-13H2,1-3H3/t16-,17-,18-,20+,21?,22+,23-,24-,25+/m0/s1",VOVIALXJUBGFJZ-KWVAZRHASA-N,exact DDInter name query,exact_unique,valid,"https://pubchem.ncbi.nlm.nih.gov/rest/pug/compound/name/Budesonide/property/Title,ConnectivitySMILES,SMILES,InChI,InChIKey/JSON",2026-09-22
DDInter247,Budesonide (nasal),,,,,,,exact DDInter name query,unmapped,unavailable,"https://pubchem.ncbi.nlm.nih.gov/rest/pug/compound/name/Budesonide%20%28nasal%29/property/Title,ConnectivitySMILES,SMILES,InChI,InChIKey/JSON",2026-09-22
DDInter248,Bumetanide,2471,Bumetanide,CCCCNC1=C(C(=CC(=C1)C(=O)O)S(=O)(=O)N)OC2=CC=CC=C2,CCCCNC1=C(C(=CC(=C1)C(=O)O)S(=O)(=O)N)OC2=CC=CC=C2,"InChI=1S/C17H20N2O5S/c1-2-3-9-19-14-10-12(17(20)21)11-15(25(18,22)23)16(14)24-13-7-5-4-6-8-13/h4-8,10-11,19H,2-3,9H2,1H3,(H,20,21)(H2,18,22,23)",MAEIEVLCKWDQJH-UHFFFAOYSA-N,exact DDInter name query,exact_unique,valid,"https://pubchem.ncbi.nlm.nih.gov/rest/pug/compound/name/Bumetanide/property/Title,ConnectivitySMILES,SMILES,InChI,InChIKey/JSON",2026-09-22
DDInter249,Bupivacaine,2474,Bupivacaine (USAN:INN:BAN),CCCCN1CCCCC1C(=O)NC2=C(C=CC=C2C)C,CCCCN1CCCCC1C(=O)NC2=C(C=CC=C2C)C,"InChI=1S/C18H28N2O/c1-4-5-12-20-13-7-6-11-16(20)18(21)19-17-14(2)9-8-10-15(17)3/h8-10,16H,4-7,11-13H2,1-3H3,(H,19,21)",LEBVLXFERQHONN-UHFFFAOYSA-N,exact DDInter name query,ambiguous,excluded_title_mismatch,"https://pubchem.ncbi.nlm.nih.gov/rest/pug/compound/name/Bupivacaine/property/Title,ConnectivitySMILES,SMILES,InChI,InChIKey/JSON",2026-09-22
DDInter25,Acyclovir,135398513,Acyclovir,C1=NC2=C(N1COCCO)N=C(NC2=O)N,C1=NC2=C(N1COCCO)N=C(NC2=O)N,"InChI=1S/C8H11N5O3/c9-8-11-6-5(7(15)12-8)10-3-13(6)4-16-2-1-14/h3,14H,1-2,4H2,(H3,9,11,12,15)",MKUXAQIIEYXACX-UHFFFAOYSA-N,exact DDInter name query,exact_unique,valid,"https://pubchem.ncbi.nlm.nih.gov/rest/pug/compound/name/Acyclovir/property/Title,ConnectivitySMILES,SMILES,InChI,InChIKey/JSON",2026-09-22
DDInter250,Bupivacaine (liposome),,,,,,,exact DDInter name query,unmapped,unavailable,"https://pubchem.ncbi.nlm.nih.gov/rest/pug/compound/name/Bupivacaine%20%28liposome%29/property/Title,ConnectivitySMILES,SMILES,InChI,InChIKey/JSON",2026-09-22
DDInter251,Buprenorphine,644073,Buprenorphine,CC(C)(C)C(C)(C1CC23CCC1(C4C25CCN(C3CC6=C5C(=C(C=C6)O)O4)CC7CC7)OC)O,C[C@]([C@H]1C[C@@]23CC[C@@]1([C@H]4[C@@]25CCN([C@@H]3CC6=C5C(=C(C=C6)O)O4)CC7CC7)OC)(C(C)(C)C)O,"InChI=1S/C29H41NO4/c1-25(2,3)26(4,32)20-15-27-10-11-29(20,33-5)24-28(27)12-13-30(16-17-6-7-17)21(27)14-18-8-9-19(31)23(34-24)22(18)28/h8-9,17,20-21,24,31-32H,6-7,10-16H2,1-5H3/t20-,21-,24-,26+,27-,28+,29-/m1/s1",RMRJXGBAOAMLHD-IHFGGWKQSA-N,exact DDInter name query,exact_unique,valid,"https://pubchem.ncbi.nlm.nih.gov/rest/pug/compound/name/Buprenorphine/property/Title,ConnectivitySMILES,SMILES,InChI,InChIKey/JSON",2026-09-22
DDInter252,Bupropion,444,Bupropion,CC(C(=O)C1=CC(=CC=C1)Cl)NC(C)(C)C,CC(C(=O)C1=CC(=CC=C1)Cl)NC(C)(C)C,"InChI=1S/C13H18ClNO/c1-9(15-13(2,3)4)12(16)10-6-5-7-11(14)8-10/h5-9,15H,1-4H3",SNPPWIUOZRMYNY-UHFFFAOYSA-N,exact DDInter name query,exact_unique,valid,"https://pubchem.ncbi.nlm.nih.gov/rest/pug/compound/name/Bupropion/property/Title,ConnectivitySMILES,SMILES,InChI,InChIKey/JSON",2026-09-22
DDInter253,Burosumab,,,,,,,exact DDInter name query,unmapped,unavailable,"https://pubchem.ncbi.nlm.nih.gov/rest/pug/compound/name/Burosumab/property/Title,ConnectivitySMILES,SMILES,InChI,InChIKey/JSON",2026-09-22
DDInter254,Buspirone,2477,Buspirone,C1CCC2(C1)CC(=O)N(C(=O)C2)CCCCN3CCN(CC3)C4=NC=CC=N4,C1CCC2(C1)CC(=O)N(C(=O)C2)CCCCN3CCN(CC3)C4=NC=CC=N4,"InChI=1S/C21H31N5O2/c27-18-16-21(6-1-2-7-21)17-19(28)26(18)11-4-3-10-24-12-14-25(15-13-24)20-22-8-5-9-23-20/h5,8-9H,1-4,6-7,10-17H2",QWCRAEMEVRGPNT-UHFFFAOYSA-N,exact DDInter name query,exact_unique,valid,"https://pubchem.ncbi.nlm.nih.gov/rest/pug/compound/name/Buspirone/property/Title,ConnectivitySMILES,SMILES,InChI,InChIKey/JSON",2026-09-22
DDInter255,Busulfan,2478,Busulfan,CS(=O)(=O)OCCCCOS(=O)(=O)C,CS(=O)(=O)OCCCCOS(=O)(=O)C,"InChI=1S/C6H14O6S2/c1-13(7,8)11-5-3-4-6-12-14(2,9)10/h3-6H2,1-2H3",COVZYZSDYWQREU-UHFFFAOYSA-N,exact DDInter name query,exact_unique,valid,"https://pubchem.ncbi.nlm.nih.gov/rest/pug/compound/name/Busulfan/property/Title,ConnectivitySMILES,SMILES,InChI,InChIKey/JSON",2026-09-22
DDInter256,Butabarbital,2479,Butabarbital,CCC(C)C1(C(=O)NC(=O)NC1=O)CC,CCC(C)C1(C(=O)NC(=O)NC1=O)CC,"InChI=1S/C10H16N2O3/c1-4-6(3)10(5-2)7(13)11-9(15)12-8(10)14/h6H,4-5H2,1-3H3,(H2,11,12,13,14,15)",ZRIHAIZYIMGOAB-UHFFFAOYSA-N,exact DDInter name query,exact_unique,valid,"https://pubchem.ncbi.nlm.nih.gov/rest/pug/compound/name/Butabarbital/property/Title,ConnectivitySMILES,SMILES,InChI,InChIKey/JSON",2026-09-22
DDInter257,Butalbital,2481,Butalbital,CC(C)CC1(C(=O)NC(=O)NC1=O)CC=C,CC(C)CC1(C(=O)NC(=O)NC1=O)CC=C,"InChI=1S/C11H16N2O3/c1-4-5-11(6-7(2)3)8(14)12-10(16)13-9(11)15/h4,7H,1,5-6H2,2-3H3,(H2,12,13,14,15,16)",UZVHFVZFNXBMQJ-UHFFFAOYSA-N,exact DDInter name query,exact_unique,valid,"https://pubchem.ncbi.nlm.nih.gov/rest/pug/compound/name/Butalbital/property/Title,ConnectivitySMILES,SMILES,InChI,InChIKey/JSON",2026-09-22
DDInter258,Butorphanol,5361092,Butorphanol,C1CCC2(C3CC4=C(C2(C1)CCN3CC5CCC5)C=C(C=C4)O)O,C1CC[C@]2([C@H]3CC4=C([C@]2(C1)CCN3CC5CCC5)C=C(C=C4)O)O,"InChI=1S/C21H29NO2/c23-17-7-6-16-12-19-21(24)9-2-1-8-20(21,18(16)13-17)10-11-22(19)14-15-4-3-5-15/h6-7,13,15,19,23-24H,1-5,8-12,14H2/t19-,20+,21-/m1/s1",IFKLAQQSCNILHL-QHAWAJNXSA-N,exact DDInter name query,exact_unique,valid,"https://pubchem.ncbi.nlm.nih.gov/rest/pug/compound/name/Butorphanol/property/Title,ConnectivitySMILES,SMILES,InChI,InChIKey/JSON",2026-09-22
DDInter259,Cabazitaxel,9854073,Cabazitaxel,CC1=C2C(C(=O)C3(C(CC4C(C3C(C(C2(C)C)(CC1OC(=O)C(C(C5=CC=CC=C5)NC(=O)OC(C)(C)C)O)O)OC(=O)C6=CC=CC=C6)(CO4)OC(=O)C)OC)C)OC,CC1=C2[C@H](C(=O)[C@@]3([C@H](C[C@@H]4[C@]([C@H]3[C@@H]([C@@](C2(C)C)(C[C@@H]1OC(=O)[C@@H]([C@H](C5=CC=CC=C5)NC(=O)OC(C)(C)C)O)O)OC(=O)C6=CC=CC=C6)(CO4)OC(=O)C)OC)C)OC,"InChI=1S/C45H57NO14/c1-24-28(57-39(51)33(48)32(26-17-13-11-14-18-26)46-40(52)60-41(3,4)5)22-45(53)37(58-38(50)27-19-15-12-16-20-27)35-43(8,36(49)34(55-10)31(24)42(45,6)7)29(54-9)21-30-44(35,23-56-30)59-25(2)47/h11-20,28-30,32-35,37,48,53H,21-23H2,1-10H3,(H,46,52)/t28-,29-,30+,32-,33+,34+,35-,37-,43+,44-,45+/m0/s1",BMQGVNUXMIRLCK-OAGWZNDDSA-N,exact DDInter name query,exact_unique,valid,"https://pubchem.ncbi.nlm.nih.gov/rest/pug/compound/name/Cabazitaxel/property/Title,ConnectivitySMILES,SMILES,InChI,InChIKey/JSON",2026-09-22
DDInter26,Acyclovir (topical),,,,,,,exact DDInter name query,unmapped,unavailable,"https://pubchem.ncbi.nlm.nih.gov/rest/pug/compound/name/Acyclovir%20%28topical%29/property/Title,ConnectivitySMILES,SMILES,InChI,InChIKey/JSON",2026-09-22
DDInter260,Cabergoline,54746,Cabergoline,CCNC(=O)N(CCCN(C)C)C(=O)C1CC2C(CC3=CNC4=CC=CC2=C34)N(C1)CC=C,CCNC(=O)N(CCCN(C)C)C(=O)[C@@H]1C[C@H]2[C@@H](CC3=CNC4=CC=CC2=C34)N(C1)CC=C,"InChI=1S/C26H37N5O2/c1-5-11-30-17-19(25(32)31(26(33)27-6-2)13-8-12-29(3)4)14-21-20-9-7-10-22-24(20)18(16-28-22)15-23(21)30/h5,7,9-10,16,19,21,23,28H,1,6,8,11-15,17H2,2-4H3,(H,27,33)/t19-,21-,23-/m1/s1",KORNTPPJEAJQIU-KJXAQDMKSA-N,exact DDInter name query,exact_unique,valid,"https://pubchem.ncbi.nlm.nih.gov/rest/pug/compound/name/Cabergoline/property/Title,ConnectivitySMILES,SMILES,InChI,InChIKey/JSON",2026-09-22
DDInter261,Cabotegravir,54713659,Cabotegravir,CC1COC2N1C(=O)C3=C(C(=O)C(=CN3C2)C(=O)NCC4=C(C=C(C=C4)F)F)O,C[C@H]1CO[C@H]2N1C(=O)C3=C(C(=O)C(=CN3C2)C(=O)NCC4=C(C=C(C=C4)F)F)O,"InChI=1S/C19H17F2N3O5/c1-9-8-29-14-7-23-6-12(16(25)17(26)15(23)19(28)24(9)14)18(27)22-5-10-2-3-11(20)4-13(10)21/h2-4,6,9,14,26H,5,7-8H2,1H3,(H,22,27)/t9-,14+/m0/s1",WCWSTNLSLKSJPK-LKFCYVNXSA-N,exact DDInter name query,exact_unique,valid,"https://pubchem.ncbi.nlm.nih.gov/rest/pug/compound/name/Cabotegravir/property/Title,ConnectivitySMILES,SMILES,InChI,InChIKey/JSON",2026-09-22
DDInter262,Cabozantinib,25102847,Cabozantinib,COC1=CC2=C(C=CN=C2C=C1OC)OC3=CC=C(C=C3)NC(=O)C4(CC4)C(=O)NC5=CC=C(C=C5)F,COC1=CC2=C(C=CN=C2C=C1OC)OC3=CC=C(C=C3)NC(=O)C4(CC4)C(=O)NC5=CC=C(C=C5)F,"InChI=1S/C28H24FN3O5/c1-35-24-15-21-22(16-25(24)36-2)30-14-11-23(21)37-20-9-7-19(8-10-20)32-27(34)28(12-13-28)26(33)31-18-5-3-17(29)4-6-18/h3-11,14-16H,12-13H2,1-2H3,(H,31,33)(H,32,34)",ONIQOQHATWINJY-UHFFFAOYSA-N,exact DDInter name query,exact_unique,valid,"https://pubchem.ncbi.nlm.nih.gov/rest/pug/compound/name/Cabozantinib/property/Title,ConnectivitySMILES,SMILES,InChI,InChIKey/JSON",2026-09-22
DDInter263,Caffeine,2519,Caffeine,CN1C=NC2=C1C(=O)N(C(=O)N2C)C,CN1C=NC2=C1C(=O)N(C(=O)N2C)C,"InChI=1S/C8H10N4O2/c1-10-4-9-6-5(10)7(13)12(3)8(14)11(6)2/h4H,1-3H3",RYYVLZVUVIJVGH-UHFFFAOYSA-N,exact DDInter name query,exact_unique,valid,"https://pubchem.ncbi.nlm.nih.gov/rest/pug/compound/name/Caffeine/property/Title,ConnectivitySMILES,SMILES,InChI,InChIKey/JSON",2026-09-22
DDInter264,Calaspargase pegol,,,,,,,exact DDInter name query,unmapped,unavailable,"https://pubchem.ncbi.nlm.nih.gov/rest/pug/compound/name/Calaspargase%20pegol/property/Title,ConnectivitySMILES,SMILES,InChI,InChIKey/JSON",2026-09-22
DDInter265,Calcifediol,5283731,25-Hydroxyvitamin D3,CC(CCCC(C)(C)O)C1CCC2C1(CCCC2=CC=C3CC(CCC3=C)O)C,C[C@H](CCCC(C)(C)O)[C@H]1CC[C@@H]\2[C@@]1(CCC/C2=C\C=C/3\C[C@H](CCC3=C)O)C,"InChI=1S/C27H44O2/c1-19-10-13-23(28)18-22(19)12-11-21-9-7-17-27(5)24(14-15-25(21)27)20(2)8-6-16-26(3,4)29/h11-12,20,23-25,28-29H,1,6-10,13-18H2,2-5H3/b21-11+,22-12-/t20-,23+,24-,25+,27-/m1/s1",JWUBBDSIWDLEOM-DTOXIADCSA-N,exact DDInter name query,ambiguous,excluded_title_mismatch,"https://pubchem.ncbi.nlm.nih.gov/rest/pug/compound/name/Calcifediol/property/Title,ConnectivitySMILES,SMILES,InChI,InChIKey/JSON",2026-09-22
DDInter266,Calcipotriol,5288783,Calcipotriol,CC(C=CC(C1CC1)O)C2CCC3C2(CCCC3=CC=C4CC(CC(C4=C)O)O)C,C[C@H](/C=C/[C@H](C1CC1)O)[C@H]2CC[C@@H]\3[C@@]2(CCC/C3=C\C=C/4\C[C@H](C[C@@H](C4=C)O)O)C,"InChI=1S/C27H40O3/c1-17(6-13-25(29)20-8-9-20)23-11-12-24-19(5-4-14-27(23,24)3)7-10-21-15-22(28)16-26(30)18(21)2/h6-7,10,13,17,20,22-26,28-30H,2,4-5,8-9,11-12,14-16H2,1,3H3/b13-6+,19-7+,21-10-/t17-,22-,23-,24+,25-,26+,27-/m1/s1",LWQQLNNNIPYSNX-UROSTWAQSA-N,exact DDInter name query,exact_unique,valid,"https://pubchem.ncbi.nlm.nih.gov/rest/pug/compound/name/Calcipotriol/property/Title,ConnectivitySMILES,SMILES,InChI,InChIKey/JSON",2026-09-22
DDInter267,Calcipotriol (topical),,,,,,,exact DDInter name query,unmapped,unavailable,"https://pubchem.ncbi.nlm.nih.gov/rest/pug/compound/name/Calcipotriol%20%28topical%29/property/Title,ConnectivitySMILES,SMILES,InChI,InChIKey/JSON",2026-09-22
DDInter268,Calcitriol,5280453,Calcitriol,CC(CCCC(C)(C)O)C1CCC2C1(CCCC2=CC=C3CC(CC(C3=C)O)O)C,C[C@H](CCCC(C)(C)O)[C@H]1CC[C@@H]\2[C@@]1(CCC/C2=C\C=C/3\C[C@H](C[C@@H](C3=C)O)O)C,"InChI=1S/C27H44O3/c1-18(8-6-14-26(3,4)30)23-12-13-24-20(9-7-15-27(23,24)5)10-11-21-16-22(28)17-25(29)19(21)2/h10-11,18,22-25,28-30H,2,6-9,12-17H2,1,3-5H3/b20-10+,21-11-/t18-,22-,23-,24+,25+,27-/m1/s1",GMRQFYUYWCNGIN-NKMMMXOESA-N,exact DDInter name query,exact_unique,valid,"https://pubchem.ncbi.nlm.nih.gov/rest/pug/compound/name/Calcitriol/property/Title,ConnectivitySMILES,SMILES,InChI,InChIKey/JSON",2026-09-22
DDInter269,Calcitriol (topical),,,,,,,exact DDInter name query,unmapped,unavailable,"https://pubchem.ncbi.nlm.nih.gov/rest/pug/compound/name/Calcitriol%20%28topical%29/property/Title,ConnectivitySMILES,SMILES,InChI,InChIKey/JSON",2026-09-22
DDInter27,Adalimumab,,,,,,,exact DDInter name query,unmapped,unavailable,"https://pubchem.ncbi.nlm.nih.gov/rest/pug/compound/name/Adalimumab/property/Title,ConnectivitySMILES,SMILES,InChI,InChIKey/JSON",2026-09-22
DDInter270,Calcium acetate,6116,Calcium Acetate,CC(=O)[O-].CC(=O)[O-].[Ca+2],CC(=O)[O-].CC(=O)[O-].[Ca+2],"InChI=1S/2C2H4O2.Ca/c2*1-2(3)4;/h2*1H3,(H,3,4);/q;;+2/p-2",VSGNNIFQASZAOI-UHFFFAOYSA-L,exact DDInter name query,exact_unique,valid,"https://pubchem.ncbi.nlm.nih.gov/rest/pug/compound/name/Calcium%20acetate/property/Title,ConnectivitySMILES,SMILES,InChI,InChIKey/JSON",2026-09-22
DDInter271,Calcium carbonate,10112,Calcium Carbonate,C(=O)([O-])[O-].[Ca+2],C(=O)([O-])[O-].[Ca+2],"InChI=1S/CH2O3.Ca/c2-1(3)4;/h(H2,2,3,4);/q;+2/p-2",VTYYLEPIZMXCLO-UHFFFAOYSA-L,exact DDInter name query,exact_unique,valid,"https://pubchem.ncbi.nlm.nih.gov/rest/pug/compound/name/Calcium%20carbonate/property/Title,ConnectivitySMILES,SMILES,InChI,InChIKey/JSON",2026-09-22
DDInter272,Calcium chloride,5284359,Calcium Chloride,[Cl-].[Cl-].[Ca+2],[Cl-].[Cl-].[Ca+2],InChI=1S/Ca.2ClH/h;2*1H/q+2;;/p-2,UXVMQQNJUSDDNG-UHFFFAOYSA-L,exact DDInter name query,exact_unique,valid,"https://pubchem.ncbi.nlm.nih.gov/rest/pug/compound/name/Calcium%20chloride/property/Title,ConnectivitySMILES,SMILES,InChI,InChIKey/JSON",2026-09-22
DDInter273,Calcium citrate,13136,Tricalcium Citrate,C(C(=O)[O-])C(CC(=O)[O-])(C(=O)[O-])O.C(C(=O)[O-])C(CC(=O)[O-])(C(=O)[O-])O.[Ca+2].[Ca+2].[Ca+2],C(C(=O)[O-])C(CC(=O)[O-])(C(=O)[O-])O.C(C(=O)[O-])C(CC(=O)[O-])(C(=O)[O-])O.[Ca+2].[Ca+2].[Ca+2],"InChI=1S/2C6H8O7.3Ca/c2*7-3(8)1-6(13,5(11)12)2-4(9)10;;;/h2*13H,1-2H2,(H,7,8)(H,9,10)(H,11,12);;;/q;;3*+2/p-6",FNAQSUUGMSOBHW-UHFFFAOYSA-H,exact DDInter name query,ambiguous,excluded_title_mismatch,"https://pubchem.ncbi.nlm.nih.gov/rest/pug/compound/name/Calcium%20citrate/property/Title,ConnectivitySMILES,SMILES,InChI,InChIKey/JSON",2026-09-22
DDInter274,Calcium glubionate anhydrous,6093407,Calcium glubionate anhydrous,C(C1C(C(C(C(O1)OC(C(CO)O)C(C(C(=O)[O-])O)O)O)O)O)O.C(C(C(C(C(C(=O)[O-])O)O)O)O)O.[Ca+2],C([C@@H]1[C@@H]([C@@H]([C@H]([C@@H](O1)O[C@H]([C@@H](CO)O)[C@@H]([C@H](C(=O)[O-])O)O)O)O)O)O.C([C@H]([C@H]([C@@H]([C@H](C(=O)[O-])O)O)O)O)O.[Ca+2],"InChI=1S/C12H22O12.C6H12O7.Ca/c13-1-3(15)10(7(18)8(19)11(21)22)24-12-9(20)6(17)5(16)4(2-14)23-12;7-1-2(8)3(9)4(10)5(11)6(12)13;/h3-10,12-20H,1-2H2,(H,21,22);2-5,7-11H,1H2,(H,12,13);/q;;+2/p-2/t3-,4-,5+,6+,7-,8-,9-,10-,12+;2-,3-,4+,5-;/m11./s1",YPCRNBPOUVJVMU-LCGAVOCYSA-L,exact DDInter name query,exact_unique,valid,"https://pubchem.ncbi.nlm.nih.gov/rest/pug/compound/name/Calcium%20glubionate%20anhydrous/property/Title,ConnectivitySMILES,SMILES,InChI,InChIKey/JSON",2026-09-22
DDInter275,Calcium glucoheptonate,62859,Calcium glucoheptonate,C(C(C(C(C(C(C(=O)[O-])O)O)O)O)O)O.C(C(C(C(C(C(C(=O)[O-])O)O)O)O)O)O.[Ca+2],C([C@H]([C@H]([C@@H]([C@H](C(C(=O)[O-])O)O)O)O)O)O.C([C@H]([C@H]([C@@H]([C@H](C(C(=O)[O-])O)O)O)O)O)O.[Ca+2],"InChI=1S/2C7H14O8.Ca/c2*8-1-2(9)3(10)4(11)5(12)6(13)7(14)15;/h2*2-6,8-13H,1H2,(H,14,15);/q;;+2/p-2/t2*2-,3-,4+,5-,6?;/m11./s1",FATUQANACHZLRT-KMRXSBRUSA-L,exact DDInter name query,exact_unique,valid,"https://pubchem.ncbi.nlm.nih.gov/rest/pug/compound/name/Calcium%20glucoheptonate/property/Title,ConnectivitySMILES,SMILES,InChI,InChIKey/JSON",2026-09-22
DDInter276,Calcium gluconate,9290,Calcium Gluconate,C(C(C(C(C(C(=O)[O-])O)O)O)O)O.C(C(C(C(C(C(=O)[O-])O)O)O)O)O.[Ca+2],C([C@H]([C@H]([C@@H]([C@H](C(=O)[O-])O)O)O)O)O.C([C@H]([C@H]([C@@H]([C@H](C(=O)[O-])O)O)O)O)O.[Ca+2],"InChI=1S/2C6H12O7.Ca/c2*7-1-2(8)3(9)4(10)5(11)6(12)13;/h2*2-5,7-11H,1H2,(H,12,13);/q;;+2/p-2/t2*2-,3-,4+,5-;/m11./s1",NEEHYRZPVYRGPP-IYEMJOQQSA-L,exact DDInter name query,exact_unique,valid,"https://pubchem.ncbi.nlm.nih.gov/rest/pug/compound/name/Calcium%20gluconate/property/Title,ConnectivitySMILES,SMILES,InChI,InChIKey/JSON",2026-09-22
DDInter277,Calcium glycerophosphate,62820,Calcium Glycerophosphate,C(C(CO)OP(=O)([O-])[O-])O.[Ca+2],C(C(CO)OP(=O)([O-])[O-])O.[Ca+2],"InChI=1S/C3H9O6P.Ca/c4-1-3(2-5)9-10(6,7)8;/h3-5H,1-2H2,(H2,6,7,8);/q;+2/p-2",UHHRFSOMMCWGSO-UHFFFAOYSA-L,exact DDInter name query,exact_unique,valid,"https://pubchem.ncbi.nlm.nih.gov/rest/pug/compound/name/Calcium%20glycerophosphate/property/Title,ConnectivitySMILES,SMILES,InChI,InChIKey/JSON",2026-09-22
DDInter278,Calcium lactate,13144,Calcium Lactate,CC(C(=O)[O-])O.CC(C(=O)[O-])O.[Ca+2],CC(C(=O)[O-])O.CC(C(=O)[O-])O.[Ca+2],"InChI=1S/2C3H6O3.Ca/c2*1-2(4)3(5)6;/h2*2,4H,1H3,(H,5,6);/q;;+2/p-2",MKJXYGKVIBWPFZ-UHFFFAOYSA-L,exact DDInter name query,exact_unique,valid,"https://pubchem.ncbi.nlm.nih.gov/rest/pug/compound/name/Calcium%20lactate/property/Title,ConnectivitySMILES,SMILES,InChI,InChIKey/JSON",2026-09-22
DDInter279,Calcium Phosphate,24456,Tricalcium Phosphate,[O-]P(=O)([O-])[O-].[O-]P(=O)([O-])[O-].[Ca+2].[Ca+2].[Ca+2],[O-]P(=O)([O-])[O-].[O-]P(=O)([O-])[O-].[Ca+2].[Ca+2].[Ca+2],"InChI=1S/3Ca.2H3O4P/c;;;2*1-5(2,3)4/h;;;2*(H3,1,2,3,4)/q3*+2;;/p-6",QORWJWZARLRLPR-UHFFFAOYSA-H,exact DDInter name query,ambiguous,excluded_title_mismatch,"https://pubchem.ncbi.nlm.nih.gov/rest/pug/compound/name/Calcium%20Phosphate/property/Title,ConnectivitySMILES,SMILES,InChI,InChIKey/JSON",2026-09-22
DDInter28,Adapalene,60164,Adapalene,COC1=C(C=C(C=C1)C2=CC3=C(C=C2)C=C(C=C3)C(=O)O)C45CC6CC(C4)CC(C6)C5,COC1=C(C=C(C=C1)C2=CC3=C(C=C2)C=C(C=C3)C(=O)O)C45CC6CC(C4)CC(C6)C5,"InChI=1S/C28H28O3/c1-31-26-7-6-23(21-2-3-22-12-24(27(29)30)5-4-20(22)11-21)13-25(26)28-14-17-8-18(15-28)10-19(9-17)16-28/h2-7,11-13,17-19H,8-10,14-16H2,1H3,(H,29,30)",LZCDAPDGXCYOEH-UHFFFAOYSA-N,exact DDInter name query,exact_unique,valid,"https://pubchem.ncbi.nlm.nih.gov/rest/pug/compound/name/Adapalene/property/Title,ConnectivitySMILES,SMILES,InChI,InChIKey/JSON",2026-09-22
DDInter280,Canagliflozin,24812758,Canagliflozin,CC1=C(C=C(C=C1)C2C(C(C(C(O2)CO)O)O)O)CC3=CC=C(S3)C4=CC=C(C=C4)F,CC1=C(C=C(C=C1)[C@H]2[C@@H]([C@H]([C@@H]([C@H](O2)CO)O)O)O)CC3=CC=C(S3)C4=CC=C(C=C4)F,"InChI=1S/C24H25FO5S/c1-13-2-3-15(24-23(29)22(28)21(27)19(12-26)30-24)10-16(13)11-18-8-9-20(31-18)14-4-6-17(25)7-5-14/h2-10,19,21-24,26-29H,11-12H2,1H3/t19-,21-,22+,23-,24+/m1/s1",XTNGUQKDFGDXSJ-ZXGKGEBGSA-N,exact DDInter name query,exact_unique,valid,"https://pubchem.ncbi.nlm.nih.gov/rest/pug/compound/name/Canagliflozin/property/Title,ConnectivitySMILES,SMILES,InChI,InChIKey/JSON",2026-09-22
DDInter281,Canakinumab,,,,,,,exact DDInter name query,unmapped,unavailable,"https://pubchem.ncbi.nlm.nih.gov/rest/pug/compound/name/Canakinumab/property/Title,ConnectivitySMILES,SMILES,InChI,InChIKey/JSON",2026-09-22
DDInter282,Candida albicans,,,,,,,exact DDInter name query,unmapped,unavailable,"https://pubchem.ncbi.nlm.nih.gov/rest/pug/compound/name/Candida%20albicans/property/Title,ConnectivitySMILES,SMILES,InChI,InChIKey/JSON",2026-09-22
DDInter283,Cangrelor,9854012,Cangrelor,CSCCNC1=C2C(=NC(=N1)SCCC(F)(F)F)N(C=N2)C3C(C(C(O3)COP(=O)(O)OP(=O)(C(P(=O)(O)O)(Cl)Cl)O)O)O,CSCCNC1=C2C(=NC(=N1)SCCC(F)(F)F)N(C=N2)[C@H]3[C@@H]([C@@H]([C@H](O3)COP(=O)(O)OP(=O)(C(P(=O)(O)O)(Cl)Cl)O)O)O,"InChI=1S/C17H25Cl2F3N5O12P3S2/c1-43-5-3-23-12-9-13(26-15(25-12)44-4-2-16(20,21)22)27(7-24-9)14-11(29)10(28)8(38-14)6-37-42(35,36)39-41(33,34)17(18,19)40(30,31)32/h7-8,10-11,14,28-29H,2-6H2,1H3,(H,33,34)(H,35,36)(H,23,25,26)(H2,30,31,32)/t8-,10-,11-,14-/m1/s1",PAEBIVWUMLRPSK-IDTAVKCVSA-N,exact DDInter name query,exact_unique,valid,"https://pubchem.ncbi.nlm.nih.gov/rest/pug/compound/name/Cangrelor/property/Title,ConnectivitySMILES,SMILES,InChI,InChIKey/JSON",2026-09-22
DDInter284,Cannabidiol,644019,Cannabidiol,CCCCCC1=CC(=C(C(=C1)O)C2C=C(CCC2C(=C)C)C)O,CCCCCC1=CC(=C(C(=C1)O)[C@@H]2C=C(CC[C@H]2C(=C)C)C)O,"InChI=1S/C21H30O2/c1-5-6-7-8-16-12-19(22)21(20(23)13-16)18-11-15(4)9-10-17(18)14(2)3/h11-13,17-18,22-23H,2,5-10H2,1,3-4H3/t17-,18+/m0/s1",QHMBSVQNZZTUGM-ZWKOTPCHSA-N,exact DDInter name query,exact_unique,valid,"https://pubchem.ncbi.nlm.nih.gov/rest/pug/compound/name/Cannabidiol/property/Title,ConnectivitySMILES,SMILES,InChI,InChIKey/JSON",2026-09-22
DDInter285,Capecitabine,60953,Capecitabine,CCCCCOC(=O)NC1=NC(=O)N(C=C1F)C2C(C(C(O2)C)O)O,CCCCCOC(=O)NC1=NC(=O)N(C=C1F)[C@H]2[C@@H]([C@@H]([C@H](O2)C)O)O,"InChI=1S/C15H22FN3O6/c1-3-4-5-6-24-15(23)18-12-9(16)7-19(14(22)17-12)13-11(21)10(20)8(2)25-13/h7-8,10-11,13,20-21H,3-6H2,1-2H3,(H,17,18,22,23)/t8-,10-,11-,13-/m1/s1",GAGWJHPBXLXJQN-UORFTKCHSA-N,exact DDInter name query,exact_unique,valid,"https://pubchem.ncbi.nlm.nih.gov/rest/pug/compound/name/Capecitabine/property/Title,ConnectivitySMILES,SMILES,InChI,InChIKey/JSON",2026-09-22
DDInter286,Caplacizumab,,,,,,,exact DDInter name query,unmapped,unavailable,"https://pubchem.ncbi.nlm.nih.gov/rest/pug/compound/name/Caplacizumab/property/Title,ConnectivitySMILES,SMILES,InChI,InChIKey/JSON",2026-09-22
DDInter287,Capmatinib,25145656,Capmatinib,CNC(=O)C1=C(C=C(C=C1)C2=NN3C(=CN=C3N=C2)CC4=CC5=C(C=C4)N=CC=C5)F,CNC(=O)C1=C(C=C(C=C1)C2=NN3C(=CN=C3N=C2)CC4=CC5=C(C=C4)N=CC=C5)F,"InChI=1S/C23H17FN6O/c1-25-22(31)18-6-5-16(11-19(18)24)21-13-28-23-27-12-17(30(23)29-21)10-14-4-7-20-15(9-14)3-2-8-26-20/h2-9,11-13H,10H2,1H3,(H,25,31)",LIOLIMKSCNQPLV-UHFFFAOYSA-N,exact DDInter name query,exact_unique,valid,"https://pubchem.ncbi.nlm.nih.gov/rest/pug/compound/name/Capmatinib/property/Title,ConnectivitySMILES,SMILES,InChI,InChIKey/JSON",2026-09-22
DDInter288,Capreomycin,3000502,Capreomycin,CC1C(=O)NC(C(=O)NC(=CNC(=O)N)C(=O)NC(C(=O)NCC(C(=O)N1)N)C2CCN=C(N2)N)CNC(=O)CC(CCCN)N.C1CN=C(NC1C2C(=O)NCC(C(=O)NC(C(=O)NC(C(=O)NC(=CNC(=O)N)C(=O)N2)CNC(=O)CC(CCCN)N)CO)N)N,C[C@H]1C(=O)N[C@H](C(=O)N/C(=C/NC(=O)N)/C(=O)N[C@H](C(=O)NC[C@@H](C(=O)N1)N)[C@H]2CCN=C(N2)N)CNC(=O)C[C@H](CCCN)N.C1CN=C(N[C@H]1[C@H]2C(=O)NC[C@@H](C(=O)N[C@H](C(=O)N[C@H](C(=O)N/C(=C/NC(=O)N)/C(=O)N2)CNC(=O)C[C@H](CCCN)N)CO)N)N,"InChI=1S/C25H44N14O8.C25H44N14O7/c26-4-1-2-11(27)6-17(41)32-8-14-20(43)35-15(9-34-25(30)47)21(44)39-18(13-3-5-31-24(29)38-13)23(46)33-7-12(28)19(42)37-16(10-40)22(45)36-14;1-11-19(41)36-15(9-32-17(40)7-12(27)3-2-5-26)21(43)37-16(10-34-25(30)46)22(44)39-18(14-4-6-31-24(29)38-14)23(45)33-8-13(28)20(42)35-11/h9,11-14,16,18,40H,1-8,10,26-28H2,(H,32,41)(H,33,46)(H,35,43)(H,36,45)(H,37,42)(H,39,44)(H3,29,31,38)(H3,30,34,47);10-15,18H,2-9,26-28H2,1H3,(H,32,40)(H,33,45)(H,35,42)(H,36,41)(H,37,43)(H,39,44)(H3,29,31,38)(H3,30,34,46)/b15-9+;16-10+/t11-,12-,13+,14-,16-,18-;11-,12-,13-,14+,15-,18-/m00/s1",VCOPTHOUUNAYKQ-WBTCAYNUSA-N,exact DDInter name query,exact_unique,valid,"https://pubchem.ncbi.nlm.nih.gov/rest/pug/compound/name/Capreomycin/property/Title,ConnectivitySMILES,SMILES,InChI,InChIKey/JSON",2026-09-22
DDInter289,Capromab pendetide,,,,,,,exact DDInter name query,unmapped,unavailable,"https://pubchem.ncbi.nlm.nih.gov/rest/pug/compound/name/Capromab%20pendetide/property/Title,ConnectivitySMILES,SMILES,InChI,InChIKey/JSON",2026-09-22
DDInter29,Adapalene (topical),,,,,,,exact DDInter name query,unmapped,unavailable,"https://pubchem.ncbi.nlm.nih.gov/rest/pug/compound/name/Adapalene%20%28topical%29/property/Title,ConnectivitySMILES,SMILES,InChI,InChIKey/JSON",2026-09-22
DDInter291,Capsicum,,,,,,,exact DDInter name query,unmapped,unavailable,"https://pubchem.ncbi.nlm.nih.gov/rest/pug/compound/name/Capsicum/property/Title,ConnectivitySMILES,SMILES,InChI,InChIKey/JSON",2026-09-22
DDInter292,Captopril,44093,Captopril,CC(CS)C(=O)N1CCCC1C(=O)O,C[C@H](CS)C(=O)N1CCC[C@H]1C(=O)O,"InChI=1S/C9H15NO3S/c1-6(5-14)8(11)10-4-2-3-7(10)9(12)13/h6-7,14H,2-5H2,1H3,(H,12,13)/t6-,7+/m1/s1",FAKRSMQSSFJEIM-RQJHMYQMSA-N,exact DDInter name query,exact_unique,valid,"https://pubchem.ncbi.nlm.nih.gov/rest/pug/compound/name/Captopril/property/Title,ConnectivitySMILES,SMILES,InChI,InChIKey/JSON",2026-09-22
DDInter293,Carbamazepine,2554,Carbamazepine,C1=CC=C2C(=C1)C=CC3=CC=CC=C3N2C(=O)N,C1=CC=C2C(=C1)C=CC3=CC=CC=C3N2C(=O)N,"InChI=1S/C15H12N2O/c16-15(18)17-13-7-3-1-5-11(13)9-10-12-6-2-4-8-14(12)17/h1-10H,(H2,16,18)",FFGPTBGBLSHEPO-UHFFFAOYSA-N,exact DDInter name query,exact_unique,valid,"https://pubchem.ncbi.nlm.nih.gov/rest/pug/compound/name/Carbamazepine/property/Title,ConnectivitySMILES,SMILES,InChI,InChIKey/JSON",2026-09-22
DDInter294,Carbamoylcholine (ophthalmic),,,,,,,exact DDInter name query,unmapped,unavailable,"https://pubchem.ncbi.nlm.nih.gov/rest/pug/compound/name/Carbamoylcholine%20%28ophthalmic%29/property/Title,ConnectivitySMILES,SMILES,InChI,InChIKey/JSON",2026-09-22
DDInter295,Carbenicillin,20824,Carbenicillin,CC1(C(N2C(S1)C(C2=O)NC(=O)C(C3=CC=CC=C3)C(=O)O)C(=O)O)C,CC1([C@@H](N2[C@H](S1)[C@@H](C2=O)NC(=O)C(C3=CC=CC=C3)C(=O)O)C(=O)O)C,"InChI=1S/C17H18N2O6S/c1-17(2)11(16(24)25)19-13(21)10(14(19)26-17)18-12(20)9(15(22)23)8-6-4-3-5-7-8/h3-7,9-11,14H,1-2H3,(H,18,20)(H,22,23)(H,24,25)/t9?,10-,11+,14-/m1/s1",FPPNZSSZRUTDAP-UWFZAAFLSA-N,exact DDInter name query,exact_unique,valid,"https://pubchem.ncbi.nlm.nih.gov/rest/pug/compound/name/Carbenicillin/property/Title,ConnectivitySMILES,SMILES,InChI,InChIKey/JSON",2026-09-22
DDInter297,Carbinoxamine,2564,Carbinoxamine,CN(C)CCOC(C1=CC=C(C=C1)Cl)C2=CC=CC=N2,CN(C)CCOC(C1=CC=C(C=C1)Cl)C2=CC=CC=N2,"InChI=1S/C16H19ClN2O/c1-19(2)11-12-20-16(15-5-3-4-10-18-15)13-6-8-14(17)9-7-13/h3-10,16H,11-12H2,1-2H3",OJFSXZCBGQGRNV-UHFFFAOYSA-N,exact DDInter name query,exact_unique,valid,"https://pubchem.ncbi.nlm.nih.gov/rest/pug/compound/name/Carbinoxamine/property/Title,ConnectivitySMILES,SMILES,InChI,InChIKey/JSON",2026-09-22
DDInter298,Carboplatin,426756,"Platinum(II),1-cyclobutanedicarboxylato)diammine-, cis-",C1CC(C1)(C(=O)O)C(=O)O.[NH2-].[NH2-].[Pt+2],C1CC(C1)(C(=O)O)C(=O)O.[NH2-].[NH2-].[Pt+2],"InChI=1S/C6H8O4.2H2N.Pt/c7-4(8)6(5(9)10)2-1-3-6;;;/h1-3H2,(H,7,8)(H,9,10);2*1H2;/q;2*-1;+2",VSRXQHXAPYXROS-UHFFFAOYSA-N,exact DDInter name query,ambiguous,excluded_title_mismatch,"https://pubchem.ncbi.nlm.nih.gov/rest/pug/compound/name/Carboplatin/property/Title,ConnectivitySMILES,SMILES,InChI,InChIKey/JSON",2026-09-22
DDInter299,Carfilzomib,11556711,Carfilzomib,CC(C)CC(C(=O)C1(CO1)C)NC(=O)C(CC2=CC=CC=C2)NC(=O)C(CC(C)C)NC(=O)C(CCC3=CC=CC=C3)NC(=O)CN4CCOCC4,CC(C)C[C@@H](C(=O)[C@]1(CO1)C)NC(=O)[C@H](CC2=CC=CC=C2)NC(=O)[C@H](CC(C)C)NC(=O)[C@H](CCC3=CC=CC=C3)NC(=O)CN4CCOCC4,"InChI=1S/C40H57N5O7/c1-27(2)22-32(36(47)40(5)26-52-40)42-39(50)34(24-30-14-10-7-11-15-30)44-38(49)33(23-28(3)4)43-37(48)31(17-16-29-12-8-6-9-13-29)41-35(46)25-45-18-20-51-21-19-45/h6-15,27-28,31-34H,16-26H2,1-5H3,(H,41,46)(H,42,50)(H,43,48)(H,44,49)/t31-,32-,33-,34-,40+/m0/s1",BLMPQMFVWMYDKT-NZTKNTHTSA-N,exact DDInter name query,exact_unique,valid,"https://pubchem.ncbi.nlm.nih.gov/rest/pug/compound/name/Carfilzomib/property/Title,ConnectivitySMILES,SMILES,InChI,InChIKey/JSON",2026-09-22
DDInter3,Abametapir (topical),,,,,,,exact DDInter name query,unmapped,unavailable,"https://pubchem.ncbi.nlm.nih.gov/rest/pug/compound/name/Abametapir%20%28topical%29/property/Title,ConnectivitySMILES,SMILES,InChI,InChIKey/JSON",2026-09-22
DDInter30,Adefovir dipivoxil,60871,Adefovir Dipivoxil,CC(C)(C)C(=O)OCOP(=O)(COCCN1C=NC2=C(N=CN=C21)N)OCOC(=O)C(C)(C)C,CC(C)(C)C(=O)OCOP(=O)(COCCN1C=NC2=C(N=CN=C21)N)OCOC(=O)C(C)(C)C,"InChI=1S/C20H32N5O8P/c1-19(2,3)17(26)30-11-32-34(28,33-12-31-18(27)20(4,5)6)13-29-8-7-25-10-24-14-15(21)22-9-23-16(14)25/h9-10H,7-8,11-13H2,1-6H3,(H2,21,22,23)",WOZSCQDILHKSGG-UHFFFAOYSA-N,exact DDInter name query,exact_unique,valid,"https://pubchem.ncbi.nlm.nih.gov/rest/pug/compound/name/Adefovir%20dipivoxil/property/Title,ConnectivitySMILES,SMILES,InChI,InChIKey/JSON",2026-09-22
DDInter300,Cariprazine,11154555,Cariprazine,CN(C)C(=O)NC1CCC(CC1)CCN2CCN(CC2)C3=C(C(=CC=C3)Cl)Cl,CN(C)C(=O)NC1CCC(CC1)CCN2CCN(CC2)C3=C(C(=CC=C3)Cl)Cl,"InChI=1S/C21H32Cl2N4O/c1-25(2)21(28)24-17-8-6-16(7-9-17)10-11-26-12-14-27(15-13-26)19-5-3-4-18(22)20(19)23/h3-5,16-17H,6-15H2,1-2H3,(H,24,28)",KPWSJANDNDDRMB-UHFFFAOYSA-N,exact DDInter name query,exact_unique,valid,"https://pubchem.ncbi.nlm.nih.gov/rest/pug/compound/name/Cariprazine/property/Title,ConnectivitySMILES,SMILES,InChI,InChIKey/JSON",2026-09-22
DDInter301,Carisoprodol,2576,Carisoprodol,CCCC(C)(COC(=O)N)COC(=O)NC(C)C,CCCC(C)(COC(=O)N)COC(=O)NC(C)C,"InChI=1S/C12H24N2O4/c1-5-6-12(4,7-17-10(13)15)8-18-11(16)14-9(2)3/h9H,5-8H2,1-4H3,(H2,13,15)(H,14,16)",OFZCIYFFPZCNJE-UHFFFAOYSA-N,exact DDInter name query,exact_unique,valid,"https://pubchem.ncbi.nlm.nih.gov/rest/pug/compound/name/Carisoprodol/property/Title,ConnectivitySMILES,SMILES,InChI,InChIKey/JSON",2026-09-22
DDInter302,Carmustine,2578,Carmustine,C(CCl)NC(=O)N(CCCl)N=O,C(CCl)NC(=O)N(CCCl)N=O,"InChI=1S/C5H9Cl2N3O2/c6-1-3-8-5(11)10(9-12)4-2-7/h1-4H2,(H,8,11)",DLGOEMSEDOSKAD-UHFFFAOYSA-N,exact DDInter name query,exact_unique,valid,"https://pubchem.ncbi.nlm.nih.gov/rest/pug/compound/name/Carmustine/property/Title,ConnectivitySMILES,SMILES,InChI,InChIKey/JSON",2026-09-22
DDInter303,Carteolol,2583,Carteolol,CC(C)(C)NCC(COC1=CC=CC2=C1CCC(=O)N2)O,CC(C)(C)NCC(COC1=CC=CC2=C1CCC(=O)N2)O,"InChI=1S/C16H24N2O3/c1-16(2,3)17-9-11(19)10-21-14-6-4-5-13-12(14)7-8-15(20)18-13/h4-6,11,17,19H,7-10H2,1-3H3,(H,18,20)",LWAFSWPYPHEXKX-UHFFFAOYSA-N,exact DDInter name query,exact_unique,valid,"https://pubchem.ncbi.nlm.nih.gov/rest/pug/compound/name/Carteolol/property/Title,ConnectivitySMILES,SMILES,InChI,InChIKey/JSON",2026-09-22
DDInter304,Carteolol (ophthalmic),,,,,,,exact DDInter name query,unmapped,unavailable,"https://pubchem.ncbi.nlm.nih.gov/rest/pug/compound/name/Carteolol%20%28ophthalmic%29/property/Title,ConnectivitySMILES,SMILES,InChI,InChIKey/JSON",2026-09-22
DDInter305,Carvedilol,2585,Carvedilol,COC1=CC=CC=C1OCCNCC(COC2=CC=CC3=C2C4=CC=CC=C4N3)O,COC1=CC=CC=C1OCCNCC(COC2=CC=CC3=C2C4=CC=CC=C4N3)O,"InChI=1S/C24H26N2O4/c1-28-21-10-4-5-11-22(21)29-14-13-25-15-17(27)16-30-23-12-6-9-20-24(23)18-7-2-3-8-19(18)26-20/h2-12,17,25-27H,13-16H2,1H3",OGHNVEJMJSYVRP-UHFFFAOYSA-N,exact DDInter name query,exact_unique,valid,"https://pubchem.ncbi.nlm.nih.gov/rest/pug/compound/name/Carvedilol/property/Title,ConnectivitySMILES,SMILES,InChI,InChIKey/JSON",2026-09-22
DDInter306,Caspofungin,16119814,Caspofungin,CCC(C)CC(C)CCCCCCCCC(=O)NC1CC(C(NC(=O)C2C(CCN2C(=O)C(NC(=O)C(NC(=O)C3CC(CN3C(=O)C(NC1=O)C(C)O)O)C(C(C4=CC=C(C=C4)O)O)O)C(CCN)O)O)NCCN)O,CC[C@H](C)C[C@H](C)CCCCCCCCC(=O)N[C@H]1C[C@H]([C@H](NC(=O)[C@@H]2[C@H](CCN2C(=O)[C@@H](NC(=O)[C@@H](NC(=O)[C@@H]3C[C@H](CN3C(=O)[C@@H](NC1=O)[C@@H](C)O)O)[C@@H]([C@H](C4=CC=C(C=C4)O)O)O)[C@@H](CCN)O)O)NCCN)O,"InChI=1S/C52H88N10O15/c1-5-28(2)24-29(3)12-10-8-6-7-9-11-13-39(69)56-34-26-38(68)46(55-22-21-54)60-50(75)43-37(67)19-23-61(43)52(77)41(36(66)18-20-53)58-49(74)42(45(71)44(70)31-14-16-32(64)17-15-31)59-48(73)35-25-33(65)27-62(35)51(76)40(30(4)63)57-47(34)72/h14-17,28-30,33-38,40-46,55,63-68,70-71H,5-13,18-27,53-54H2,1-4H3,(H,56,69)(H,57,72)(H,58,74)(H,59,73)(H,60,75)/t28-,29+,30+,33+,34-,35-,36+,37-,38+,40-,41-,42-,43-,44-,45-,46-/m0/s1",JYIKNQVWKBUSNH-WVDDFWQHSA-N,exact DDInter name query,exact_unique,valid,"https://pubchem.ncbi.nlm.nih.gov/rest/pug/compound/name/Caspofungin/property/Title,ConnectivitySMILES,SMILES,InChI,InChIKey/JSON",2026-09-22
DDInter307,Castor oil,,,,,,,exact DDInter name query,unmapped,unavailable,"https://pubchem.ncbi.nlm.nih.gov/rest/pug/compound/name/Castor%20oil/property/Title,ConnectivitySMILES,SMILES,InChI,InChIKey/JSON",2026-09-22
DDInter308,Cedazuridine,25267009,Cedazuridine,C1CN(C(=O)NC1O)C2C(C(C(O2)CO)O)(F)F,C1CN(C(=O)N[C@@H]1O)[C@H]2C([C@@H]([C@H](O2)CO)O)(F)F,"InChI=1S/C9H14F2N2O5/c10-9(11)6(16)4(3-14)18-7(9)13-2-1-5(15)12-8(13)17/h4-7,14-16H,1-3H2,(H,12,17)/t4-,5-,6-,7-/m1/s1",VUDZSIYXZUYWSC-DBRKOABJSA-N,exact DDInter name query,exact_unique,valid,"https://pubchem.ncbi.nlm.nih.gov/rest/pug/compound/name/Cedazuridine/property/Title,ConnectivitySMILES,SMILES,InChI,InChIKey/JSON",2026-09-22
DDInter309,Cefaclor,51039,Cefaclor,C1C(=C(N2C(S1)C(C2=O)NC(=O)C(C3=CC=CC=C3)N)C(=O)O)Cl,C1C(=C(N2[C@H](S1)[C@@H](C2=O)NC(=O)[C@@H](C3=CC=CC=C3)N)C(=O)O)Cl,"InChI=1S/C15H14ClN3O4S/c16-8-6-24-14-10(13(21)19(14)11(8)15(22)23)18-12(20)9(17)7-4-2-1-3-5-7/h1-5,9-10,14H,6,17H2,(H,18,20)(H,22,23)/t9-,10-,14-/m1/s1",QYIYFLOTGYLRGG-GPCCPHFNSA-N,exact DDInter name query,exact_unique,valid,"https://pubchem.ncbi.nlm.nih.gov/rest/pug/compound/name/Cefaclor/property/Title,ConnectivitySMILES,SMILES,InChI,InChIKey/JSON",2026-09-22
DDInter31,Adenosine,60961,Adenosine,C1=NC(=C2C(=N1)N(C=N2)C3C(C(C(O3)CO)O)O)N,C1=NC(=C2C(=N1)N(C=N2)[C@H]3[C@@H]([C@@H]([C@H](O3)CO)O)O)N,"InChI=1S/C10H13N5O4/c11-8-5-9(13-2-12-8)15(3-14-5)10-7(18)6(17)4(1-16)19-10/h2-4,6-7,10,16-18H,1H2,(H2,11,12,13)/t4-,6-,7-,10-/m1/s1",OIRDTQYFTABQOQ-KQYNXXCUSA-N,exact DDInter name query,exact_unique,valid,"https://pubchem.ncbi.nlm.nih.gov/rest/pug/compound/name/Adenosine/property/Title,ConnectivitySMILES,SMILES,InChI,InChIKey/JSON",2026-09-22
DDInter310,Cefadroxil,47965,Cefadroxil,CC1=C(N2C(C(C2=O)NC(=O)C(C3=CC=C(C=C3)O)N)SC1)C(=O)O,CC1=C(N2[C@@H]([C@@H](C2=O)NC(=O)[C@@H](C3=CC=C(C=C3)O)N)SC1)C(=O)O,"InChI=1S/C16H17N3O5S/c1-7-6-25-15-11(14(22)19(15)12(7)16(23)24)18-13(21)10(17)8-2-4-9(20)5-3-8/h2-5,10-11,15,20H,6,17H2,1H3,(H,18,21)(H,23,24)/t10-,11-,15-/m1/s1",BOEGTKLJZSQCCD-UEKVPHQBSA-N,exact DDInter name query,exact_unique,valid,"https://pubchem.ncbi.nlm.nih.gov/rest/pug/compound/name/Cefadroxil/property/Title,ConnectivitySMILES,SMILES,InChI,InChIKey/JSON",2026-09-22
DDInter311,Cefalotin,6024,Cephalothin,CC(=O)OCC1=C(N2C(C(C2=O)NC(=O)CC3=CC=CS3)SC1)C(=O)O,CC(=O)OCC1=C(N2[C@@H]([C@@H](C2=O)NC(=O)CC3=CC=CS3)SC1)C(=O)O,"InChI=1S/C16H16N2O6S2/c1-8(19)24-6-9-7-26-15-12(14(21)18(15)13(9)16(22)23)17-11(20)5-10-3-2-4-25-10/h2-4,12,15H,5-7H2,1H3,(H,17,20)(H,22,23)/t12-,15-/m1/s1",XIURVHNZVLADCM-IUODEOHRSA-N,exact DDInter name query,ambiguous,excluded_title_mismatch,"https://pubchem.ncbi.nlm.nih.gov/rest/pug/compound/name/Cefalotin/property/Title,ConnectivitySMILES,SMILES,InChI,InChIKey/JSON",2026-09-22
DDInter312,Cefamandole,456255,Cefamandole,CN1C(=NN=N1)SCC2=C(N3C(C(C3=O)NC(=O)C(C4=CC=CC=C4)O)SC2)C(=O)O,CN1C(=NN=N1)SCC2=C(N3[C@@H]([C@@H](C3=O)NC(=O)[C@@H](C4=CC=CC=C4)O)SC2)C(=O)O,"InChI=1S/C18H18N6O5S2/c1-23-18(20-21-22-23)31-8-10-7-30-16-11(15(27)24(16)12(10)17(28)29)19-14(26)13(25)9-5-3-2-4-6-9/h2-6,11,13,16,25H,7-8H2,1H3,(H,19,26)(H,28,29)/t11-,13-,16-/m1/s1",OLVCFLKTBJRLHI-AXAPSJFSSA-N,exact DDInter name query,exact_unique,valid,"https://pubchem.ncbi.nlm.nih.gov/rest/pug/compound/name/Cefamandole/property/Title,ConnectivitySMILES,SMILES,InChI,InChIKey/JSON",2026-09-22
DDInter313,Cefapirin,30699,Cephapirin,CC(=O)OCC1=C(N2C(C(C2=O)NC(=O)CSC3=CC=NC=C3)SC1)C(=O)O,CC(=O)OCC1=C(N2[C@@H]([C@@H](C2=O)NC(=O)CSC3=CC=NC=C3)SC1)C(=O)O,"InChI=1S/C17H17N3O6S2/c1-9(21)26-6-10-7-28-16-13(15(23)20(16)14(10)17(24)25)19-12(22)8-27-11-2-4-18-5-3-11/h2-5,13,16H,6-8H2,1H3,(H,19,22)(H,24,25)/t13-,16-/m1/s1",UQLLWWBDSUHNEB-CZUORRHYSA-N,exact DDInter name query,ambiguous,excluded_title_mismatch,"https://pubchem.ncbi.nlm.nih.gov/rest/pug/compound/name/Cefapirin/property/Title,ConnectivitySMILES,SMILES,InChI,InChIKey/JSON",2026-09-22
DDInter314,Cefazolin,33255,Cefazolin,CC1=NN=C(S1)SCC2=C(N3C(C(C3=O)NC(=O)CN4C=NN=N4)SC2)C(=O)O,CC1=NN=C(S1)SCC2=C(N3[C@@H]([C@@H](C3=O)NC(=O)CN4C=NN=N4)SC2)C(=O)O,"InChI=1S/C14H14N8O4S3/c1-6-17-18-14(29-6)28-4-7-3-27-12-9(11(24)22(12)10(7)13(25)26)16-8(23)2-21-5-15-19-20-21/h5,9,12H,2-4H2,1H3,(H,16,23)(H,25,26)/t9-,12-/m1/s1",MLYYVTUWGNIJIB-BXKDBHETSA-N,exact DDInter name query,exact_unique,valid,"https://pubchem.ncbi.nlm.nih.gov/rest/pug/compound/name/Cefazolin/property/Title,ConnectivitySMILES,SMILES,InChI,InChIKey/JSON",2026-09-22
DDInter315,Cefdinir,6915944,Cefdinir,C=CC1=C(N2C(C(C2=O)NC(=O)C(=NO)C3=CSC(=N3)N)SC1)C(=O)O,C=CC1=C(N2[C@@H]([C@@H](C2=O)NC(=O)/C(=N\O)/C3=CSC(=N3)N)SC1)C(=O)O,"InChI=1S/C14H13N5O5S2/c1-2-5-3-25-12-8(11(21)19(12)9(5)13(22)23)17-10(20)7(18-24)6-4-26-14(15)16-6/h2,4,8,12,24H,1,3H2,(H2,15,16)(H,17,20)(H,22,23)/b18-7-/t8-,12-/m1/s1",RTXOFQZKPXMALH-GHXIOONMSA-N,exact DDInter name query,exact_unique,valid,"https://pubchem.ncbi.nlm.nih.gov/rest/pug/compound/name/Cefdinir/property/Title,ConnectivitySMILES,SMILES,InChI,InChIKey/JSON",2026-09-22
DDInter316,Cefditoren,9870843,Cefditoren,CC1=C(SC=N1)C=CC2=C(N3C(C(C3=O)NC(=O)C(=NOC)C4=CSC(=N4)N)SC2)C(=O)O,CC1=C(SC=N1)/C=C\C2=C(N3[C@@H]([C@@H](C3=O)NC(=O)/C(=N\OC)/C4=CSC(=N4)N)SC2)C(=O)O,"InChI=1S/C19H18N6O5S3/c1-8-11(33-7-21-8)4-3-9-5-31-17-13(16(27)25(17)14(9)18(28)29)23-15(26)12(24-30-2)10-6-32-19(20)22-10/h3-4,6-7,13,17H,5H2,1-2H3,(H2,20,22)(H,23,26)(H,28,29)/b4-3-,24-12-/t13-,17-/m1/s1",KMIPKYQIOVAHOP-YLGJWRNMSA-N,exact DDInter name query,exact_unique,valid,"https://pubchem.ncbi.nlm.nih.gov/rest/pug/compound/name/Cefditoren/property/Title,ConnectivitySMILES,SMILES,InChI,InChIKey/JSON",2026-09-22
DDInter317,Cefepime,5479537,Cefepime,C[N+]1(CCCC1)CC2=C(N3C(C(C3=O)NC(=O)C(=NOC)C4=CSC(=N4)N)SC2)C(=O)[O-],C[N+]1(CCCC1)CC2=C(N3[C@@H]([C@@H](C3=O)NC(=O)/C(=N\OC)/C4=CSC(=N4)N)SC2)C(=O)[O-],"InChI=1S/C19H24N6O5S2/c1-25(5-3-4-6-25)7-10-8-31-17-13(16(27)24(17)14(10)18(28)29)22-15(26)12(23-30-2)11-9-32-19(20)21-11/h9,13,17H,3-8H2,1-2H3,(H3-,20,21,22,26,28,29)/b23-12-/t13-,17-/m1/s1",HVFLCNVBZFFHBT-ZKDACBOMSA-N,exact DDInter name query,exact_unique,valid,"https://pubchem.ncbi.nlm.nih.gov/rest/pug/compound/name/Cefepime/property/Title,ConnectivitySMILES,SMILES,InChI,InChIKey/JSON",2026-09-22
DDInter318,Cefiderocol,77843966,Cefiderocol,CC(C)(C(=O)O)ON=C(C1=CSC(=N1)N)C(=O)NC2C3N(C2=O)C(=C(CS3)C[N+]4(CCCC4)CCNC(=O)C5=C(C(=C(C=C5)O)O)Cl)C(=O)[O-],CC(C)(C(=O)O)O/N=C(/C1=CSC(=N1)N)\C(=O)N[C@H]2[C@@H]3N(C2=O)C(=C(CS3)C[N+]4(CCCC4)CCNC(=O)C5=C(C(=C(C=C5)O)O)Cl)C(=O)[O-],"InChI=1S/C30H34ClN7O10S2/c1-30(2,28(46)47)48-36-19(16-13-50-29(32)34-16)24(42)35-20-25(43)37-21(27(44)45)14(12-49-26(20)37)11-38(8-3-4-9-38)10-7-33-23(41)15-5-6-17(39)22(40)18(15)31/h5-6,13,20,26H,3-4,7-12H2,1-2H3,(H7-,32,33,34,35,36,39,40,41,42,44,45,46,47)/t20-,26-/m1/s1",DBPPRLRVDVJOCL-FQRUVTKNSA-N,exact DDInter name query,exact_unique,valid,"https://pubchem.ncbi.nlm.nih.gov/rest/pug/compound/name/Cefiderocol/property/Title,ConnectivitySMILES,SMILES,InChI,InChIKey/JSON",2026-09-22
DDInter319,Cefixime,5362065,Cefixime,C=CC1=C(N2C(C(C2=O)NC(=O)C(=NOCC(=O)O)C3=CSC(=N3)N)SC1)C(=O)O,C=CC1=C(N2[C@@H]([C@@H](C2=O)NC(=O)/C(=N\OCC(=O)O)/C3=CSC(=N3)N)SC1)C(=O)O,"InChI=1S/C16H15N5O7S2/c1-2-6-4-29-14-10(13(25)21(14)11(6)15(26)27)19-12(24)9(20-28-3-8(22)23)7-5-30-16(17)18-7/h2,5,10,14H,1,3-4H2,(H2,17,18)(H,19,24)(H,22,23)(H,26,27)/b20-9-/t10-,14-/m1/s1",OKBVVJOGVLARMR-QSWIMTSFSA-N,exact DDInter name query,exact_unique,valid,"https://pubchem.ncbi.nlm.nih.gov/rest/pug/compound/name/Cefixime/property/Title,ConnectivitySMILES,SMILES,InChI,InChIKey/JSON",2026-09-22
DDInter32,Afatinib,10184653,Afatinib,CN(C)CC=CC(=O)NC1=C(C=C2C(=C1)C(=NC=N2)NC3=CC(=C(C=C3)F)Cl)OC4CCOC4,CN(C)C/C=C/C(=O)NC1=C(C=C2C(=C1)C(=NC=N2)NC3=CC(=C(C=C3)F)Cl)O[C@H]4CCOC4,"InChI=1S/C24H25ClFN5O3/c1-31(2)8-3-4-23(32)30-21-11-17-20(12-22(21)34-16-7-9-33-13-16)27-14-28-24(17)29-15-5-6-19(26)18(25)10-15/h3-6,10-12,14,16H,7-9,13H2,1-2H3,(H,30,32)(H,27,28,29)/b4-3+/t16-/m0/s1",ULXXDDBFHOBEHA-CWDCEQMOSA-N,exact DDInter name query,exact_unique,valid,"https://pubchem.ncbi.nlm.nih.gov/rest/pug/compound/name/Afatinib/property/Title,ConnectivitySMILES,SMILES,InChI,InChIKey/JSON",2026-09-22
DDInter320,Cefmetazole,42008,Cefmetazole,CN1C(=NN=N1)SCC2=C(N3C(C(C3=O)(NC(=O)CSCC#N)OC)SC2)C(=O)O,CN1C(=NN=N1)SCC2=C(N3[C@@H]([C@@](C3=O)(NC(=O)CSCC#N)OC)SC2)C(=O)O,"InChI=1S/C15H17N7O5S3/c1-21-14(18-19-20-21)30-6-8-5-29-13-15(27-2,17-9(23)7-28-4-3-16)12(26)22(13)10(8)11(24)25/h13H,4-7H2,1-2H3,(H,17,23)(H,24,25)/t13-,15+/m1/s1",SNBUBQHDYVFSQF-HIFRSBDPSA-N,exact DDInter name query,exact_unique,valid,"https://pubchem.ncbi.nlm.nih.gov/rest/pug/compound/name/Cefmetazole/property/Title,ConnectivitySMILES,SMILES,InChI,InChIKey/JSON",2026-09-22
DDInter321,Cefonicid,43594,Cefonicid,C1C(=C(N2C(S1)C(C2=O)NC(=O)C(C3=CC=CC=C3)O)C(=O)O)CSC4=NN=NN4CS(=O)(=O)O,C1C(=C(N2[C@H](S1)[C@@H](C2=O)NC(=O)[C@@H](C3=CC=CC=C3)O)C(=O)O)CSC4=NN=NN4CS(=O)(=O)O,"InChI=1S/C18H18N6O8S3/c25-13(9-4-2-1-3-5-9)14(26)19-11-15(27)24-12(17(28)29)10(6-33-16(11)24)7-34-18-20-21-22-23(18)8-35(30,31)32/h1-5,11,13,16,25H,6-8H2,(H,19,26)(H,28,29)(H,30,31,32)/t11-,13-,16-/m1/s1",DYAIAHUQIPBDIP-AXAPSJFSSA-N,exact DDInter name query,exact_unique,valid,"https://pubchem.ncbi.nlm.nih.gov/rest/pug/compound/name/Cefonicid/property/Title,ConnectivitySMILES,SMILES,InChI,InChIKey/JSON",2026-09-22
DDInter322,Cefoperazone,44187,Cefoperazone,CCN1CCN(C(=O)C1=O)C(=O)NC(C2=CC=C(C=C2)O)C(=O)NC3C4N(C3=O)C(=C(CS4)CSC5=NN=NN5C)C(=O)O,CCN1CCN(C(=O)C1=O)C(=O)N[C@H](C2=CC=C(C=C2)O)C(=O)N[C@H]3[C@@H]4N(C3=O)C(=C(CS4)CSC5=NN=NN5C)C(=O)O,"InChI=1S/C25H27N9O8S2/c1-3-32-8-9-33(21(39)20(32)38)24(42)27-15(12-4-6-14(35)7-5-12)18(36)26-16-19(37)34-17(23(40)41)13(10-43-22(16)34)11-44-25-28-29-30-31(25)2/h4-7,15-16,22,35H,3,8-11H2,1-2H3,(H,26,36)(H,27,42)(H,40,41)/t15-,16-,22-/m1/s1",GCFBRXLSHGKWDP-XCGNWRKASA-N,exact DDInter name query,exact_unique,valid,"https://pubchem.ncbi.nlm.nih.gov/rest/pug/compound/name/Cefoperazone/property/Title,ConnectivitySMILES,SMILES,InChI,InChIKey/JSON",2026-09-22
DDInter323,Cefotaxime,5742673,Cefotaxime,CC(=O)OCC1=C(N2C(C(C2=O)NC(=O)C(=NOC)C3=CSC(=N3)N)SC1)C(=O)O,CC(=O)OCC1=C(N2[C@@H]([C@@H](C2=O)NC(=O)/C(=N\OC)/C3=CSC(=N3)N)SC1)C(=O)O,"InChI=1S/C16H17N5O7S2/c1-6(22)28-3-7-4-29-14-10(13(24)21(14)11(7)15(25)26)19-12(23)9(20-27-2)8-5-30-16(17)18-8/h5,10,14H,3-4H2,1-2H3,(H2,17,18)(H,19,23)(H,25,26)/b20-9-/t10-,14-/m1/s1",GPRBEKHLDVQUJE-QSWIMTSFSA-N,exact DDInter name query,exact_unique,valid,"https://pubchem.ncbi.nlm.nih.gov/rest/pug/compound/name/Cefotaxime/property/Title,ConnectivitySMILES,SMILES,InChI,InChIKey/JSON",2026-09-22
DDInter324,Cefotetan,53025,Cefotetan,CN1C(=NN=N1)SCC2=C(N3C(C(C3=O)(NC(=O)C4SC(=C(C(=O)N)C(=O)O)S4)OC)SC2)C(=O)O,CN1C(=NN=N1)SCC2=C(N3[C@@H]([C@@](C3=O)(NC(=O)C4SC(=C(C(=O)N)C(=O)O)S4)OC)SC2)C(=O)O,"InChI=1S/C17H17N7O8S4/c1-23-16(20-21-22-23)34-4-5-3-33-15-17(32-2,14(31)24(15)7(5)11(29)30)19-9(26)13-35-12(36-13)6(8(18)25)10(27)28/h13,15H,3-4H2,1-2H3,(H2,18,25)(H,19,26)(H,27,28)(H,29,30)/t13?,15-,17+/m1/s1",SRZNHPXWXCNNDU-RHBCBLIFSA-N,exact DDInter name query,exact_unique,valid,"https://pubchem.ncbi.nlm.nih.gov/rest/pug/compound/name/Cefotetan/property/Title,ConnectivitySMILES,SMILES,InChI,InChIKey/JSON",2026-09-22
DDInter325,Cefoxitin,441199,Cefoxitin,COC1(C2N(C1=O)C(=C(CS2)COC(=O)N)C(=O)O)NC(=O)CC3=CC=CS3,CO[C@@]1([C@@H]2N(C1=O)C(=C(CS2)COC(=O)N)C(=O)O)NC(=O)CC3=CC=CS3,"InChI=1S/C16H17N3O7S2/c1-25-16(18-10(20)5-9-3-2-4-27-9)13(23)19-11(12(21)22)8(6-26-15(17)24)7-28-14(16)19/h2-4,14H,5-7H2,1H3,(H2,17,24)(H,18,20)(H,21,22)/t14-,16+/m1/s1",WZOZEZRFJCJXNZ-ZBFHGGJFSA-N,exact DDInter name query,exact_unique,valid,"https://pubchem.ncbi.nlm.nih.gov/rest/pug/compound/name/Cefoxitin/property/Title,ConnectivitySMILES,SMILES,InChI,InChIKey/JSON",2026-09-22
DDInter326,Cefpodoxime,6335986,Cefpodoxime,COCC1=C(N2C(C(C2=O)NC(=O)C(=NOC)C3=CSC(=N3)N)SC1)C(=O)O,COCC1=C(N2[C@@H]([C@@H](C2=O)NC(=O)/C(=N\OC)/C3=CSC(=N3)N)SC1)C(=O)O,"InChI=1S/C15H17N5O6S2/c1-25-3-6-4-27-13-9(12(22)20(13)10(6)14(23)24)18-11(21)8(19-26-2)7-5-28-15(16)17-7/h5,9,13H,3-4H2,1-2H3,(H2,16,17)(H,18,21)(H,23,24)/b19-8-/t9-,13-/m1/s1",WYUSVOMTXWRGEK-HBWVYFAYSA-N,exact DDInter name query,exact_unique,valid,"https://pubchem.ncbi.nlm.nih.gov/rest/pug/compound/name/Cefpodoxime/property/Title,ConnectivitySMILES,SMILES,InChI,InChIKey/JSON",2026-09-22
DDInter327,Cefprozil,62977,Cefprozil,CC=CC1=C(N2C(C(C2=O)NC(=O)C(C3=CC=C(C=C3)O)N)SC1)C(=O)O,CC=CC1=C(N2[C@@H]([C@@H](C2=O)NC(=O)[C@@H](C3=CC=C(C=C3)O)N)SC1)C(=O)O,"InChI=1S/C18H19N3O5S/c1-2-3-10-8-27-17-13(16(24)21(17)14(10)18(25)26)20-15(23)12(19)9-4-6-11(22)7-5-9/h2-7,12-13,17,22H,8,19H2,1H3,(H,20,23)(H,25,26)/t12-,13-,17-/m1/s1",WDLWHQDACQUCJR-PBFPGSCMSA-N,exact DDInter name query,exact_unique,valid,"https://pubchem.ncbi.nlm.nih.gov/rest/pug/compound/name/Cefprozil/property/Title,ConnectivitySMILES,SMILES,InChI,InChIKey/JSON",2026-09-22
DDInter328,Cefradine,38103,Cephradine,CC1=C(N2C(C(C2=O)NC(=O)C(C3=CCC=CC3)N)SC1)C(=O)O,CC1=C(N2[C@@H]([C@@H](C2=O)NC(=O)[C@@H](C3=CCC=CC3)N)SC1)C(=O)O,"InChI=1S/C16H19N3O4S/c1-8-7-24-15-11(14(21)19(15)12(8)16(22)23)18-13(20)10(17)9-5-3-2-4-6-9/h2-3,6,10-11,15H,4-5,7,17H2,1H3,(H,18,20)(H,22,23)/t10-,11-,15-/m1/s1",RDLPVSKMFDYCOR-UEKVPHQBSA-N,exact DDInter name query,ambiguous,excluded_title_mismatch,"https://pubchem.ncbi.nlm.nih.gov/rest/pug/compound/name/Cefradine/property/Title,ConnectivitySMILES,SMILES,InChI,InChIKey/JSON",2026-09-22
DDInter329,Ceftaroline fosamil,9852981,"Pyridinium, 4-(2-(((6R,7R)-2-carboxy-7-(((2Z)-2-(ethoxyimino)-2-(5-(phosphonoamino)-1,2,4-thiadiazol-3-yl)acetyl)amino)-8-oxo-5-thia-1-azabicyclo(4.2.0)oct-2-en-3-yl)thio)-4-thiazolyl)-1-methyl-, inner salt",CCON=C(C1=NSC(=N1)NP(=O)(O)O)C(=O)NC2C3N(C2=O)C(=C(CS3)SC4=NC(=CS4)C5=CC=[N+](C=C5)C)C(=O)[O-],CCO/N=C(/C1=NSC(=N1)NP(=O)(O)O)\C(=O)N[C@H]2[C@@H]3N(C2=O)C(=C(CS3)SC4=NC(=CS4)C5=CC=[N+](C=C5)C)C(=O)[O-],"InChI=1S/C22H21N8O8PS4/c1-3-38-26-13(16-25-21(43-28-16)27-39(35,36)37)17(31)24-14-18(32)30-15(20(33)34)12(9-40-19(14)30)42-22-23-11(8-41-22)10-4-6-29(2)7-5-10/h4-8,14,19H,3,9H2,1-2H3,(H4-,24,25,27,28,31,33,34,35,36,37)/b26-13-/t14-,19-/m1/s1",ZCCUWMICIWSJIX-NQJJCJBVSA-N,exact DDInter name query,ambiguous,excluded_title_mismatch,"https://pubchem.ncbi.nlm.nih.gov/rest/pug/compound/name/Ceftaroline%20fosamil/property/Title,ConnectivitySMILES,SMILES,InChI,InChIKey/JSON",2026-09-22
DDInter33,Aflibercept,,,,,,,exact DDInter name query,unmapped,unavailable,"https://pubchem.ncbi.nlm.nih.gov/rest/pug/compound/name/Aflibercept/property/Title,ConnectivitySMILES,SMILES,InChI,InChIKey/JSON",2026-09-22
DDInter330,Ceftazidime,5481173,Ceftazidime,CC(C)(C(=O)O)ON=C(C1=CSC(=N1)N)C(=O)NC2C3N(C2=O)C(=C(CS3)C[N+]4=CC=CC=C4)C(=O)[O-],CC(C)(C(=O)O)O/N=C(/C1=CSC(=N1)N)\C(=O)N[C@H]2[C@@H]3N(C2=O)C(=C(CS3)C[N+]4=CC=CC=C4)C(=O)[O-],"InChI=1S/C22H22N6O7S2/c1-22(2,20(33)34)35-26-13(12-10-37-21(23)24-12)16(29)25-14-17(30)28-15(19(31)32)11(9-36-18(14)28)8-27-6-4-3-5-7-27/h3-7,10,14,18H,8-9H2,1-2H3,(H4-,23,24,25,29,31,32,33,34)/b26-13-/t14-,18-/m1/s1",ORFOPKXBNMVMKC-DWVKKRMSSA-N,exact DDInter name query,exact_unique,valid,"https://pubchem.ncbi.nlm.nih.gov/rest/pug/compound/name/Ceftazidime/property/Title,ConnectivitySMILES,SMILES,InChI,InChIKey/JSON",2026-09-22
DDInter331,Ceftibuten,5282242,Ceftibuten,C1C=C(N2C(S1)C(C2=O)NC(=O)C(=CCC(=O)O)C3=CSC(=N3)N)C(=O)O,C1C=C(N2[C@H](S1)[C@@H](C2=O)NC(=O)/C(=C\CC(=O)O)/C3=CSC(=N3)N)C(=O)O,"InChI=1S/C15H14N4O6S2/c16-15-17-7(5-27-15)6(1-2-9(20)21)11(22)18-10-12(23)19-8(14(24)25)3-4-26-13(10)19/h1,3,5,10,13H,2,4H2,(H2,16,17)(H,18,22)(H,20,21)(H,24,25)/b6-1-/t10-,13-/m1/s1",UNJFKXSSGBWRBZ-BJCIPQKHSA-N,exact DDInter name query,exact_unique,valid,"https://pubchem.ncbi.nlm.nih.gov/rest/pug/compound/name/Ceftibuten/property/Title,ConnectivitySMILES,SMILES,InChI,InChIKey/JSON",2026-09-22
DDInter332,Ceftizoxime,6533629,Ceftizoxime,CON=C(C1=CSC(=N1)N)C(=O)NC2C3N(C2=O)C(=CCS3)C(=O)O,CO/N=C(/C1=CSC(=N1)N)\C(=O)N[C@H]2[C@@H]3N(C2=O)C(=CCS3)C(=O)O,"InChI=1S/C13H13N5O5S2/c1-23-17-7(5-4-25-13(14)15-5)9(19)16-8-10(20)18-6(12(21)22)2-3-24-11(8)18/h2,4,8,11H,3H2,1H3,(H2,14,15)(H,16,19)(H,21,22)/b17-7-/t8-,11-/m1/s1",NNULBSISHYWZJU-LLKWHZGFSA-N,exact DDInter name query,exact_unique,valid,"https://pubchem.ncbi.nlm.nih.gov/rest/pug/compound/name/Ceftizoxime/property/Title,ConnectivitySMILES,SMILES,InChI,InChIKey/JSON",2026-09-22
DDInter333,Ceftolozane,53234134,Ceftolozane,CC(C)(C(=O)O)ON=C(C1=NSC(=N1)N)C(=O)NC2C3N(C2=O)C(=C(CS3)C[N+]4=CC(=C(N4C)N)NC(=O)NCCN)C(=O)[O-],CC(C)(C(=O)O)O/N=C(/C1=NSC(=N1)N)\C(=O)N[C@H]2[C@@H]3N(C2=O)C(=C(CS3)C[N+]4=CC(=C(N4C)N)NC(=O)NCCN)C(=O)[O-],"InChI=1S/C23H30N12O8S2/c1-23(2,20(40)41)43-31-11(15-30-21(26)45-32-15)16(36)29-12-17(37)35-13(19(38)39)9(8-44-18(12)35)6-34-7-10(14(25)33(34)3)28-22(42)27-5-4-24/h7,12,18,25H,4-6,8,24H2,1-3H3,(H7,26,27,28,29,30,32,36,38,39,40,41,42)/b31-11-/t12-,18-/m1/s1",JHFNIHVVXRKLEF-DCZLAGFPSA-N,exact DDInter name query,exact_unique,valid,"https://pubchem.ncbi.nlm.nih.gov/rest/pug/compound/name/Ceftolozane/property/Title,ConnectivitySMILES,SMILES,InChI,InChIKey/JSON",2026-09-22
DDInter334,Ceftriaxone,5479530,Ceftriaxone,CN1C(=NC(=O)C(=O)N1)SCC2=C(N3C(C(C3=O)NC(=O)C(=NOC)C4=CSC(=N4)N)SC2)C(=O)O,CN1C(=NC(=O)C(=O)N1)SCC2=C(N3[C@@H]([C@@H](C3=O)NC(=O)/C(=N\OC)/C4=CSC(=N4)N)SC2)C(=O)O,"InChI=1S/C18H18N8O7S3/c1-25-18(22-12(28)13(29)23-25)36-4-6-3-34-15-9(14(30)26(15)10(6)16(31)32)21-11(27)8(24-33-2)7-5-35-17(19)20-7/h5,9,15H,3-4H2,1-2H3,(H2,19,20)(H,21,27)(H,23,29)(H,31,32)/b24-8-/t9-,15-/m1/s1",VAAUVRVFOQPIGI-SPQHTLEESA-N,exact DDInter name query,exact_unique,valid,"https://pubchem.ncbi.nlm.nih.gov/rest/pug/compound/name/Ceftriaxone/property/Title,ConnectivitySMILES,SMILES,InChI,InChIKey/JSON",2026-09-22
DDInter335,Cefuroxime,5479529,Cefuroxime,CON=C(C1=CC=CO1)C(=O)NC2C3N(C2=O)C(=C(CS3)COC(=O)N)C(=O)O,CO/N=C(/C1=CC=CO1)\C(=O)N[C@H]2[C@@H]3N(C2=O)C(=C(CS3)COC(=O)N)C(=O)O,"InChI=1S/C16H16N4O8S/c1-26-19-9(8-3-2-4-27-8)12(21)18-10-13(22)20-11(15(23)24)7(5-28-16(17)25)6-29-14(10)20/h2-4,10,14H,5-6H2,1H3,(H2,17,25)(H,18,21)(H,23,24)/b19-9-/t10-,14-/m1/s1",JFPVXVDWJQMJEE-IZRZKJBUSA-N,exact DDInter name query,exact_unique,valid,"https://pubchem.ncbi.nlm.nih.gov/rest/pug/compound/name/Cefuroxime/property/Title,ConnectivitySMILES,SMILES,InChI,InChIKey/JSON",2026-09-22
DDInter336,Celecoxib,2662,Celecoxib,CC1=CC=C(C=C1)C2=CC(=NN2C3=CC=C(C=C3)S(=O)(=O)N)C(F)(F)F,CC1=CC=C(C=C1)C2=CC(=NN2C3=CC=C(C=C3)S(=O)(=O)N)C(F)(F)F,"InChI=1S/C17H14F3N3O2S/c1-11-2-4-12(5-3-11)15-10-16(17(18,19)20)22-23(15)13-6-8-14(9-7-13)26(21,24)25/h2-10H,1H3,(H2,21,24,25)",RZEKVGVHFLEQIL-UHFFFAOYSA-N,exact DDInter name query,exact_unique,valid,"https://pubchem.ncbi.nlm.nih.gov/rest/pug/compound/name/Celecoxib/property/Title,ConnectivitySMILES,SMILES,InChI,InChIKey/JSON",2026-09-22
DDInter337,Cemiplimab,,,,,,,exact DDInter name query,unmapped,unavailable,"https://pubchem.ncbi.nlm.nih.gov/rest/pug/compound/name/Cemiplimab/property/Title,ConnectivitySMILES,SMILES,InChI,InChIKey/JSON",2026-09-22
DDInter338,Cenobamate,11962412,Cenobamate,C1=CC=C(C(=C1)C(CN2N=CN=N2)OC(=O)N)Cl,C1=CC=C(C(=C1)[C@H](CN2N=CN=N2)OC(=O)N)Cl,"InChI=1S/C10H10ClN5O2/c11-8-4-2-1-3-7(8)9(18-10(12)17)5-16-14-6-13-15-16/h1-4,6,9H,5H2,(H2,12,17)/t9-/m0/s1",GFHAXPJGXSQLPT-VIFPVBQESA-N,exact DDInter name query,exact_unique,valid,"https://pubchem.ncbi.nlm.nih.gov/rest/pug/compound/name/Cenobamate/property/Title,ConnectivitySMILES,SMILES,InChI,InChIKey/JSON",2026-09-22
DDInter339,Cephalexin,27447,Cephalexin,CC1=C(N2C(C(C2=O)NC(=O)C(C3=CC=CC=C3)N)SC1)C(=O)O,CC1=C(N2[C@@H]([C@@H](C2=O)NC(=O)[C@@H](C3=CC=CC=C3)N)SC1)C(=O)O,"InChI=1S/C16H17N3O4S/c1-8-7-24-15-11(14(21)19(15)12(8)16(22)23)18-13(20)10(17)9-5-3-2-4-6-9/h2-6,10-11,15H,7,17H2,1H3,(H,18,20)(H,22,23)/t10-,11-,15-/m1/s1",ZAIPMKNFIOOWCQ-UEKVPHQBSA-N,exact DDInter name query,exact_unique,valid,"https://pubchem.ncbi.nlm.nih.gov/rest/pug/compound/name/Cephalexin/property/Title,ConnectivitySMILES,SMILES,InChI,InChIKey/JSON",2026-09-22
DDInter34,Agalsidase beta,,,,,,,exact DDInter name query,unmapped,unavailable,"https://pubchem.ncbi.nlm.nih.gov/rest/pug/compound/name/Agalsidase%20beta/property/Title,ConnectivitySMILES,SMILES,InChI,InChIKey/JSON",2026-09-22
DDInter340,Ceritinib,57379345,Ceritinib,CC1=CC(=C(C=C1C2CCNCC2)OC(C)C)NC3=NC=C(C(=N3)NC4=CC=CC=C4S(=O)(=O)C(C)C)Cl,CC1=CC(=C(C=C1C2CCNCC2)OC(C)C)NC3=NC=C(C(=N3)NC4=CC=CC=C4S(=O)(=O)C(C)C)Cl,"InChI=1S/C28H36ClN5O3S/c1-17(2)37-25-15-21(20-10-12-30-13-11-20)19(5)14-24(25)33-28-31-16-22(29)27(34-28)32-23-8-6-7-9-26(23)38(35,36)18(3)4/h6-9,14-18,20,30H,10-13H2,1-5H3,(H2,31,32,33,34)",VERWOWGGCGHDQE-UHFFFAOYSA-N,exact DDInter name query,exact_unique,valid,"https://pubchem.ncbi.nlm.nih.gov/rest/pug/compound/name/Ceritinib/property/Title,ConnectivitySMILES,SMILES,InChI,InChIKey/JSON",2026-09-22
DDInter341,Cerivastatin,446156,Cerivastatin,CC(C)C1=C(C(=C(C(=N1)C(C)C)COC)C2=CC=C(C=C2)F)C=CC(CC(CC(=O)O)O)O,CC(C)C1=C(C(=C(C(=N1)C(C)C)COC)C2=CC=C(C=C2)F)/C=C/[C@H](C[C@H](CC(=O)O)O)O,"InChI=1S/C26H34FNO5/c1-15(2)25-21(11-10-19(29)12-20(30)13-23(31)32)24(17-6-8-18(27)9-7-17)22(14-33-5)26(28-25)16(3)4/h6-11,15-16,19-20,29-30H,12-14H2,1-5H3,(H,31,32)/b11-10+/t19-,20-/m1/s1",SEERZIQQUAZTOL-ANMDKAQQSA-N,exact DDInter name query,exact_unique,valid,"https://pubchem.ncbi.nlm.nih.gov/rest/pug/compound/name/Cerivastatin/property/Title,ConnectivitySMILES,SMILES,InChI,InChIKey/JSON",2026-09-22
DDInter342,Certolizumab pegol,,,,,,,exact DDInter name query,unmapped,unavailable,"https://pubchem.ncbi.nlm.nih.gov/rest/pug/compound/name/Certolizumab%20pegol/property/Title,ConnectivitySMILES,SMILES,InChI,InChIKey/JSON",2026-09-22
DDInter343,Cetirizine,2678,Cetirizine,C1CN(CCN1CCOCC(=O)O)C(C2=CC=CC=C2)C3=CC=C(C=C3)Cl,C1CN(CCN1CCOCC(=O)O)C(C2=CC=CC=C2)C3=CC=C(C=C3)Cl,"InChI=1S/C21H25ClN2O3/c22-19-8-6-18(7-9-19)21(17-4-2-1-3-5-17)24-12-10-23(11-13-24)14-15-27-16-20(25)26/h1-9,21H,10-16H2,(H,25,26)",ZKLPARSLTMPFCP-UHFFFAOYSA-N,exact DDInter name query,exact_unique,valid,"https://pubchem.ncbi.nlm.nih.gov/rest/pug/compound/name/Cetirizine/property/Title,ConnectivitySMILES,SMILES,InChI,InChIKey/JSON",2026-09-22
DDInter344,Cetuximab,,,,,,,exact DDInter name query,unmapped,unavailable,"https://pubchem.ncbi.nlm.nih.gov/rest/pug/compound/name/Cetuximab/property/Title,ConnectivitySMILES,SMILES,InChI,InChIKey/JSON",2026-09-22
DDInter345,Cetylpyridinium (topical),,,,,,,exact DDInter name query,unmapped,unavailable,"https://pubchem.ncbi.nlm.nih.gov/rest/pug/compound/name/Cetylpyridinium%20%28topical%29/property/Title,ConnectivitySMILES,SMILES,InChI,InChIKey/JSON",2026-09-22
DDInter346,Cevimeline,25137844,Cevimeline,CC1OC2(CN3CCC2CC3)CS1,CC1O[C@]2(CN3CCC2CC3)CS1,"InChI=1S/C10H17NOS/c1-8-12-10(7-13-8)6-11-4-2-9(10)3-5-11/h8-9H,2-7H2,1H3/t8?,10-/m1/s1",WUTYZMFRCNBCHQ-LHIURRSHSA-N,exact DDInter name query,exact_unique,valid,"https://pubchem.ncbi.nlm.nih.gov/rest/pug/compound/name/Cevimeline/property/Title,ConnectivitySMILES,SMILES,InChI,InChIKey/JSON",2026-09-22
DDInter347,Chamomile,,,,,,,exact DDInter name query,unmapped,unavailable,"https://pubchem.ncbi.nlm.nih.gov/rest/pug/compound/name/Chamomile/property/Title,ConnectivitySMILES,SMILES,InChI,InChIKey/JSON",2026-09-22
DDInter348,Chenodeoxycholic acid,10133,Chenodeoxycholic Acid,CC(CCC(=O)O)C1CCC2C1(CCC3C2C(CC4C3(CCC(C4)O)C)O)C,C[C@H](CCC(=O)O)[C@H]1CC[C@@H]2[C@@]1(CC[C@H]3[C@H]2[C@@H](C[C@H]4[C@@]3(CC[C@H](C4)O)C)O)C,"InChI=1S/C24H40O4/c1-14(4-7-21(27)28)17-5-6-18-22-19(9-11-24(17,18)3)23(2)10-8-16(25)12-15(23)13-20(22)26/h14-20,22,25-26H,4-13H2,1-3H3,(H,27,28)/t14-,15+,16-,17-,18+,19+,20-,22+,23+,24-/m1/s1",RUDATBOHQWOJDD-BSWAIDMHSA-N,exact DDInter name query,exact_unique,valid,"https://pubchem.ncbi.nlm.nih.gov/rest/pug/compound/name/Chenodeoxycholic%20acid/property/Title,ConnectivitySMILES,SMILES,InChI,InChIKey/JSON",2026-09-22
DDInter349,Chloral hydrate,2707,Chloral Hydrate,C(C(Cl)(Cl)Cl)(O)O,C(C(Cl)(Cl)Cl)(O)O,"InChI=1S/C2H3Cl3O2/c3-2(4,5)1(6)7/h1,6-7H",RNFNDJAIBTYOQL-UHFFFAOYSA-N,exact DDInter name query,exact_unique,valid,"https://pubchem.ncbi.nlm.nih.gov/rest/pug/compound/name/Chloral%20hydrate/property/Title,ConnectivitySMILES,SMILES,InChI,InChIKey/JSON",2026-09-22
DDInter35,Albendazole,2082,Albendazole,CCCSC1=CC2=C(C=C1)N=C(N2)NC(=O)OC,CCCSC1=CC2=C(C=C1)N=C(N2)NC(=O)OC,"InChI=1S/C12H15N3O2S/c1-3-6-18-8-4-5-9-10(7-8)14-11(13-9)15-12(16)17-2/h4-5,7H,3,6H2,1-2H3,(H2,13,14,15,16)",HXHWSAZORRCQMX-UHFFFAOYSA-N,exact DDInter name query,exact_unique,valid,"https://pubchem.ncbi.nlm.nih.gov/rest/pug/compound/name/Albendazole/property/Title,ConnectivitySMILES,SMILES,InChI,InChIKey/JSON",2026-09-22
DDInter350,Chlorambucil,2708,Chlorambucil,C1=CC(=CC=C1CCCC(=O)O)N(CCCl)CCCl,C1=CC(=CC=C1CCCC(=O)O)N(CCCl)CCCl,"InChI=1S/C14H19Cl2NO2/c15-8-10-17(11-9-16)13-6-4-12(5-7-13)2-1-3-14(18)19/h4-7H,1-3,8-11H2,(H,18,19)",JCKYGMPEJWAADB-UHFFFAOYSA-N,exact DDInter name query,exact_unique,valid,"https://pubchem.ncbi.nlm.nih.gov/rest/pug/compound/name/Chlorambucil/property/Title,ConnectivitySMILES,SMILES,InChI,InChIKey/JSON",2026-09-22
DDInter351,Chloramphenicol,5959,Chloramphenicol,C1=CC(=CC=C1C(C(CO)NC(=O)C(Cl)Cl)O)[N+](=O)[O-],C1=CC(=CC=C1[C@H]([C@@H](CO)NC(=O)C(Cl)Cl)O)[N+](=O)[O-],"InChI=1S/C11H12Cl2N2O5/c12-10(13)11(18)14-8(5-16)9(17)6-1-3-7(4-2-6)15(19)20/h1-4,8-10,16-17H,5H2,(H,14,18)/t8-,9-/m1/s1",WIIZWVCIJKGZOK-RKDXNWHRSA-N,exact DDInter name query,exact_unique,valid,"https://pubchem.ncbi.nlm.nih.gov/rest/pug/compound/name/Chloramphenicol/property/Title,ConnectivitySMILES,SMILES,InChI,InChIKey/JSON",2026-09-22
DDInter352,Chloramphenicol (ophthalmic),,,,,,,exact DDInter name query,unmapped,unavailable,"https://pubchem.ncbi.nlm.nih.gov/rest/pug/compound/name/Chloramphenicol%20%28ophthalmic%29/property/Title,ConnectivitySMILES,SMILES,InChI,InChIKey/JSON",2026-09-22
DDInter353,Chloramphenicol (otic),,,,,,,exact DDInter name query,unmapped,unavailable,"https://pubchem.ncbi.nlm.nih.gov/rest/pug/compound/name/Chloramphenicol%20%28otic%29/property/Title,ConnectivitySMILES,SMILES,InChI,InChIKey/JSON",2026-09-22
DDInter354,Chlorcyclizine,2710,Chlorcyclizine,CN1CCN(CC1)C(C2=CC=CC=C2)C3=CC=C(C=C3)Cl,CN1CCN(CC1)C(C2=CC=CC=C2)C3=CC=C(C=C3)Cl,"InChI=1S/C18H21ClN2/c1-20-11-13-21(14-12-20)18(15-5-3-2-4-6-15)16-7-9-17(19)10-8-16/h2-10,18H,11-14H2,1H3",WFNAKBGANONZEQ-UHFFFAOYSA-N,exact DDInter name query,exact_unique,valid,"https://pubchem.ncbi.nlm.nih.gov/rest/pug/compound/name/Chlorcyclizine/property/Title,ConnectivitySMILES,SMILES,InChI,InChIKey/JSON",2026-09-22
DDInter355,Chlordiazepoxide,2712,"7-Chloro-2-(methylimino)-5-phenyl-2,3-dihydro-4H-1,4-benzodiazepin-4-ol",CN=C1CN(C(=C2C=C(C=CC2=N1)Cl)C3=CC=CC=C3)O,CN=C1CN(C(=C2C=C(C=CC2=N1)Cl)C3=CC=CC=C3)O,"InChI=1S/C16H14ClN3O/c1-18-15-10-20(21)16(11-5-3-2-4-6-11)13-9-12(17)7-8-14(13)19-15/h2-9,21H,10H2,1H3",BUCORZSTKDOEKQ-UHFFFAOYSA-N,exact DDInter name query,ambiguous,excluded_title_mismatch,"https://pubchem.ncbi.nlm.nih.gov/rest/pug/compound/name/Chlordiazepoxide/property/Title,ConnectivitySMILES,SMILES,InChI,InChIKey/JSON",2026-09-22
DDInter356,Chlorhexidine,9552079,Chlorhexidine,C1=CC(=CC=C1NC(=NC(=NCCCCCCN=C(N)N=C(N)NC2=CC=C(C=C2)Cl)N)N)Cl,C1=CC(=CC=C1N/C(=N/C(=NCCCCCCN=C(/N=C(/NC2=CC=C(C=C2)Cl)\N)N)N)/N)Cl,"InChI=1S/C22H30Cl2N10/c23-15-5-9-17(10-6-15)31-21(27)33-19(25)29-13-3-1-2-4-14-30-20(26)34-22(28)32-18-11-7-16(24)8-12-18/h5-12H,1-4,13-14H2,(H5,25,27,29,31,33)(H5,26,28,30,32,34)",GHXZTYHSJHQHIJ-UHFFFAOYSA-N,exact DDInter name query,exact_unique,valid,"https://pubchem.ncbi.nlm.nih.gov/rest/pug/compound/name/Chlorhexidine/property/Title,ConnectivitySMILES,SMILES,InChI,InChIKey/JSON",2026-09-22
DDInter357,Chlormezanone,2717,Chlormezanone,CN1C(S(=O)(=O)CCC1=O)C2=CC=C(C=C2)Cl,CN1C(S(=O)(=O)CCC1=O)C2=CC=C(C=C2)Cl,"InChI=1S/C11H12ClNO3S/c1-13-10(14)6-7-17(15,16)11(13)8-2-4-9(12)5-3-8/h2-5,11H,6-7H2,1H3",WEQAYVWKMWHEJO-UHFFFAOYSA-N,exact DDInter name query,exact_unique,valid,"https://pubchem.ncbi.nlm.nih.gov/rest/pug/compound/name/Chlormezanone/property/Title,ConnectivitySMILES,SMILES,InChI,InChIKey/JSON",2026-09-22
DDInter358,Chloroprocaine,8612,Chloroprocaine,CCN(CC)CCOC(=O)C1=C(C=C(C=C1)N)Cl,CCN(CC)CCOC(=O)C1=C(C=C(C=C1)N)Cl,"InChI=1S/C13H19ClN2O2/c1-3-16(4-2)7-8-18-13(17)11-6-5-10(15)9-12(11)14/h5-6,9H,3-4,7-8,15H2,1-2H3",VDANGULDQQJODZ-UHFFFAOYSA-N,exact DDInter name query,exact_unique,valid,"https://pubchem.ncbi.nlm.nih.gov/rest/pug/compound/name/Chloroprocaine/property/Title,ConnectivitySMILES,SMILES,InChI,InChIKey/JSON",2026-09-22
DDInter359,Chloroquine,2719,Chloroquine,CCN(CC)CCCC(C)NC1=C2C=CC(=CC2=NC=C1)Cl,CCN(CC)CCCC(C)NC1=C2C=CC(=CC2=NC=C1)Cl,"InChI=1S/C18H26ClN3/c1-4-22(5-2)12-6-7-14(3)21-17-10-11-20-18-13-15(19)8-9-16(17)18/h8-11,13-14H,4-7,12H2,1-3H3,(H,20,21)",WHTVZRBIWZFKQO-UHFFFAOYSA-N,exact DDInter name query,exact_unique,valid,"https://pubchem.ncbi.nlm.nih.gov/rest/pug/compound/name/Chloroquine/property/Title,ConnectivitySMILES,SMILES,InChI,InChIKey/JSON",2026-09-22
DDInter36,Albiglutide,122173812,Albiglutide,CCC(C)C(C(=O)NC(C)C(=O)NC(CC1=CNC2=CC=CC=C21)C(=O)NC(CC(C)C)C(=O)NC(C(C)C)C(=O)NC(CCCCN)C(=O)NCC(=O)NC(CCCNC(=N)N)C(=O)O)NC(=O)C(CC3=CC=CC=C3)NC(=O)C(CCC(=O)O)NC(=O)C(CCCCN)NC(=O)C(C)NC(=O)C(C)NC(=O)C(CCC(=O)N)NC(=O)CNC(=O)C(CCC(=O)O)NC(=O)C(CC(C)C)NC(=O)C(CC4=CC=C(C=C4)O)NC(=O)C(CO)NC(=O)C(CO)NC(=O)C(C(C)C)NC(=O)C(CC(=O)O)NC(=O)C(CO)NC(=O)C(C(C)O)NC(=O)C(CC5=CC=CC=C5)NC(=O)C(C(C)O)NC(=O)CNC(=O)C(CCC(=O)O)NC(=O)CNC(=O)C(CC6=CNC=N6)N,CC[C@H](C)[C@@H](C(=O)N[C@@H](C)C(=O)N[C@@H](CC1=CNC2=CC=CC=C21)C(=O)N[C@@H](CC(C)C)C(=O)N[C@@H](C(C)C)C(=O)N[C@@H](CCCCN)C(=O)NCC(=O)N[C@@H](CCCNC(=N)N)C(=O)O)NC(=O)[C@H](CC3=CC=CC=C3)NC(=O)[C@H](CCC(=O)O)NC(=O)[C@H](CCCCN)NC(=O)[C@H](C)NC(=O)[C@H](C)NC(=O)[C@H](CCC(=O)N)NC(=O)CNC(=O)[C@H](CCC(=O)O)NC(=O)[C@H](CC(C)C)NC(=O)[C@H](CC4=CC=C(C=C4)O)NC(=O)[C@H](CO)NC(=O)[C@H](CO)NC(=O)[C@H](C(C)C)NC(=O)[C@H](CC(=O)O)NC(=O)[C@H](CO)NC(=O)[C@H]([C@@H](C)O)NC(=O)[C@H](CC5=CC=CC=C5)NC(=O)[C@H]([C@@H](C)O)NC(=O)CNC(=O)[C@H](CCC(=O)O)NC(=O)CNC(=O)[C@H](CC6=CNC=N6)N,"InChI=1S/C148H223N39O46/c1-16-76(10)119(144(229)165-79(13)124(209)173-103(59-85-62-157-90-35-24-23-34-88(85)90)134(219)175-99(55-73(4)5)135(220)184-117(74(6)7)142(227)172-91(36-25-27-51-149)126(211)159-66-111(197)168-97(147(232)233)38-29-53-156-148(153)154)186-136(221)101(56-82-30-19-17-20-31-82)176-131(216)96(46-50-115(203)204)171-130(215)92(37-26-28-52-150)169-123(208)78(12)163-122(207)77(11)164-129(214)95(43-47-108(152)194)167-110(196)65-160-128(213)94(45-49-114(201)202)170-132(217)98(54-72(2)3)174-133(218)100(58-84-39-41-87(193)42-40-84)177-139(224)105(68-188)180-141(226)107(70-190)181-143(228)118(75(8)9)185-138(223)104(61-116(205)206)178-140(225)106(69-189)182-146(231)121(81(15)192)187-137(222)102(57-83-32-21-18-22-33-83)179-145(230)120(80(14)191)183-112(198)67-161-127(212)93(44-48-113(199)200)166-109(195)64-158-125(210)89(151)60-86-63-155-71-162-86/h17-24,30-35,39-42,62-63,71-81,89,91-107,117-121,157,188-193H,16,25-29,36-38,43-61,64-70,149-151H2,1-15H3,(H2,152,194)(H,155,162)(H,158,210)(H,159,211)(H,160,213)(H,161,212)(H,163,207)(H,164,214)(H,165,229)(H,166,195)(H,167,196)(H,168,197)(H,169,208)(H,170,217)(H,171,215)(H,172,227)(H,173,209)(H,174,218)(H,175,219)(H,176,216)(H,177,224)(H,178,225)(H,179,230)(H,180,226)(H,181,228)(H,182,231)(H,183,198)(H,184,220)(H,185,223)(H,186,221)(H,187,222)(H,199,200)(H,201,202)(H,203,204)(H,205,206)(H,232,233)(H4,153,154,156)/t76-,77-,78-,79-,80+,81+,89-,91-,92-,93-,94-,95-,96-,97-,98-,99-,100-,101-,102-,103-,104-,105-,106-,107-,117-,118-,119-,120-,121-/m0/s1",OGWAVGNOAMXIIM-VTAHJYCESA-N,exact DDInter name query,exact_unique,valid,"https://pubchem.ncbi.nlm.nih.gov/rest/pug/compound/name/Albiglutide/property/Title,ConnectivitySMILES,SMILES,InChI,InChIKey/JSON",2026-09-22
DDInter360,Chlorothiazide,2720,Chlorothiazide,C1=C2C(=CC(=C1Cl)S(=O)(=O)N)S(=O)(=O)N=CN2,C1=C2C(=CC(=C1Cl)S(=O)(=O)N)S(=O)(=O)N=CN2,"InChI=1S/C7H6ClN3O4S2/c8-4-1-5-7(2-6(4)16(9,12)13)17(14,15)11-3-10-5/h1-3H,(H,10,11)(H2,9,12,13)",JBMKAUGHUNFTOL-UHFFFAOYSA-N,exact DDInter name query,exact_unique,valid,"https://pubchem.ncbi.nlm.nih.gov/rest/pug/compound/name/Chlorothiazide/property/Title,ConnectivitySMILES,SMILES,InChI,InChIKey/JSON",2026-09-22
DDInter361,Chlorphenesin,7697,Chlorphenesin,C1=CC(=CC=C1OCC(CO)O)Cl,C1=CC(=CC=C1OCC(CO)O)Cl,"InChI=1S/C9H11ClO3/c10-7-1-3-9(4-2-7)13-6-8(12)5-11/h1-4,8,11-12H,5-6H2",MXOAEAUPQDYUQM-UHFFFAOYSA-N,exact DDInter name query,exact_unique,valid,"https://pubchem.ncbi.nlm.nih.gov/rest/pug/compound/name/Chlorphenesin/property/Title,ConnectivitySMILES,SMILES,InChI,InChIKey/JSON",2026-09-22
DDInter362,Chlorpheniramine,2725,(+-)-Chlorpheniramine,CN(C)CCC(C1=CC=C(C=C1)Cl)C2=CC=CC=N2,CN(C)CCC(C1=CC=C(C=C1)Cl)C2=CC=CC=N2,"InChI=1S/C16H19ClN2/c1-19(2)12-10-15(16-5-3-4-11-18-16)13-6-8-14(17)9-7-13/h3-9,11,15H,10,12H2,1-2H3",SOYKEARSMXGVTM-UHFFFAOYSA-N,exact DDInter name query,ambiguous,excluded_title_mismatch,"https://pubchem.ncbi.nlm.nih.gov/rest/pug/compound/name/Chlorpheniramine/property/Title,ConnectivitySMILES,SMILES,InChI,InChIKey/JSON",2026-09-22
DDInter363,Chlorpromazine,2726,Chlorpromazine,CN(C)CCCN1C2=CC=CC=C2SC3=C1C=C(C=C3)Cl,CN(C)CCCN1C2=CC=CC=C2SC3=C1C=C(C=C3)Cl,"InChI=1S/C17H19ClN2S/c1-19(2)10-5-11-20-14-6-3-4-7-16(14)21-17-9-8-13(18)12-15(17)20/h3-4,6-9,12H,5,10-11H2,1-2H3",ZPEIMTDSQAKGNT-UHFFFAOYSA-N,exact DDInter name query,exact_unique,valid,"https://pubchem.ncbi.nlm.nih.gov/rest/pug/compound/name/Chlorpromazine/property/Title,ConnectivitySMILES,SMILES,InChI,InChIKey/JSON",2026-09-22
DDInter364,Chlorpropamide,2727,Chlorpropamide,CCCNC(=O)NS(=O)(=O)C1=CC=C(C=C1)Cl,CCCNC(=O)NS(=O)(=O)C1=CC=C(C=C1)Cl,"InChI=1S/C10H13ClN2O3S/c1-2-7-12-10(14)13-17(15,16)9-5-3-8(11)4-6-9/h3-6H,2,7H2,1H3,(H2,12,13,14)",RKWGIWYCVPQPMF-UHFFFAOYSA-N,exact DDInter name query,exact_unique,valid,"https://pubchem.ncbi.nlm.nih.gov/rest/pug/compound/name/Chlorpropamide/property/Title,ConnectivitySMILES,SMILES,InChI,InChIKey/JSON",2026-09-22
DDInter365,Chlorthalidone,2732,Chlorthalidone,C1=CC=C2C(=C1)C(=O)NC2(C3=CC(=C(C=C3)Cl)S(=O)(=O)N)O,C1=CC=C2C(=C1)C(=O)NC2(C3=CC(=C(C=C3)Cl)S(=O)(=O)N)O,"InChI=1S/C14H11ClN2O4S/c15-11-6-5-8(7-12(11)22(16,20)21)14(19)10-4-2-1-3-9(10)13(18)17-14/h1-7,19H,(H,17,18)(H2,16,20,21)",JIVPVXMEBJLZRO-UHFFFAOYSA-N,exact DDInter name query,exact_unique,valid,"https://pubchem.ncbi.nlm.nih.gov/rest/pug/compound/name/Chlorthalidone/property/Title,ConnectivitySMILES,SMILES,InChI,InChIKey/JSON",2026-09-22
DDInter366,Chlorzoxazone,2733,Chlorzoxazone,C1=CC2=C(C=C1Cl)NC(=O)O2,C1=CC2=C(C=C1Cl)NC(=O)O2,"InChI=1S/C7H4ClNO2/c8-4-1-2-6-5(3-4)9-7(10)11-6/h1-3H,(H,9,10)",TZFWDZFKRBELIQ-UHFFFAOYSA-N,exact DDInter name query,exact_unique,valid,"https://pubchem.ncbi.nlm.nih.gov/rest/pug/compound/name/Chlorzoxazone/property/Title,ConnectivitySMILES,SMILES,InChI,InChIKey/JSON",2026-09-22
DDInter367,Cholecalciferol,5280795,Vitamin D3,CC(C)CCCC(C)C1CCC2C1(CCCC2=CC=C3CC(CCC3=C)O)C,C[C@H](CCCC(C)C)[C@H]1CC[C@@H]\2[C@@]1(CCC/C2=C\C=C/3\C[C@H](CCC3=C)O)C,"InChI=1S/C27H44O/c1-19(2)8-6-9-21(4)25-15-16-26-22(10-7-17-27(25,26)5)12-13-23-18-24(28)14-11-20(23)3/h12-13,19,21,24-26,28H,3,6-11,14-18H2,1-2,4-5H3/b22-12+,23-13-/t21-,24+,25-,26+,27-/m1/s1",QYSXJUFSXHHAJI-YRZJJWOYSA-N,exact DDInter name query,ambiguous,excluded_title_mismatch,"https://pubchem.ncbi.nlm.nih.gov/rest/pug/compound/name/Cholecalciferol/property/Title,ConnectivitySMILES,SMILES,InChI,InChIKey/JSON",2026-09-22
DDInter368,Cholestyramine,,,,,,,exact DDInter name query,unmapped,unavailable,"https://pubchem.ncbi.nlm.nih.gov/rest/pug/compound/name/Cholestyramine/property/Title,ConnectivitySMILES,SMILES,InChI,InChIKey/JSON",2026-09-22
DDInter369,Cholic Acid,221493,Cholic Acid,CC(CCC(=O)O)C1CCC2C1(C(CC3C2C(CC4C3(CCC(C4)O)C)O)O)C,C[C@H](CCC(=O)O)[C@H]1CC[C@@H]2[C@@]1([C@H](C[C@H]3[C@H]2[C@@H](C[C@H]4[C@@]3(CC[C@H](C4)O)C)O)O)C,"InChI=1S/C24H40O5/c1-13(4-7-21(28)29)16-5-6-17-22-18(12-20(27)24(16,17)3)23(2)9-8-15(25)10-14(23)11-19(22)26/h13-20,22,25-27H,4-12H2,1-3H3,(H,28,29)/t13-,14+,15-,16-,17+,18+,19-,20+,22+,23+,24-/m1/s1",BHQCQFFYRZLCQQ-OELDTZBJSA-N,exact DDInter name query,exact_unique,valid,"https://pubchem.ncbi.nlm.nih.gov/rest/pug/compound/name/Cholic%20Acid/property/Title,ConnectivitySMILES,SMILES,InChI,InChIKey/JSON",2026-09-22
DDInter37,Alclometasone (topical),,,,,,,exact DDInter name query,unmapped,unavailable,"https://pubchem.ncbi.nlm.nih.gov/rest/pug/compound/name/Alclometasone%20%28topical%29/property/Title,ConnectivitySMILES,SMILES,InChI,InChIKey/JSON",2026-09-22
DDInter370,Choline salicylate,54686350,Choline Salicylate,C[N+](C)(C)CCO.C1=CC=C(C(=C1)C(=O)O)[O-],C[N+](C)(C)CCO.C1=CC=C(C(=C1)C(=O)O)[O-],"InChI=1S/C7H6O3.C5H14NO/c8-6-4-2-1-3-5(6)7(9)10;1-6(2,3)4-5-7/h1-4,8H,(H,9,10);7H,4-5H2,1-3H3/q;+1/p-1",UDKCHVLMFQVBAA-UHFFFAOYSA-M,exact DDInter name query,exact_unique,valid,"https://pubchem.ncbi.nlm.nih.gov/rest/pug/compound/name/Choline%20salicylate/property/Title,ConnectivitySMILES,SMILES,InChI,InChIKey/JSON",2026-09-22
DDInter371,Chondroitin sulfate,24766,Chondroitin Sulfate,CC(=O)NC1C(C(C(OC1O)OS(=O)(=O)O)O)OC2C(C(C(C(O2)C(=O)O)O)O)O,CC(=O)N[C@@H]1[C@H]([C@H]([C@H](O[C@H]1O)OS(=O)(=O)O)O)O[C@H]2[C@@H]([C@H]([C@@H]([C@H](O2)C(=O)O)O)O)O,"InChI=1S/C13H21NO15S/c1-2(15)14-3-8(7(19)13(28-11(3)22)29-30(23,24)25)26-12-6(18)4(16)5(17)9(27-12)10(20)21/h3-9,11-13,16-19,22H,1H3,(H,14,15)(H,20,21)(H,23,24,25)/t3-,4+,5+,6-,7-,8-,9+,11-,12-,13-/m1/s1",KXKPYJOVDUMHGS-OSRGNVMNSA-N,exact DDInter name query,exact_unique,valid,"https://pubchem.ncbi.nlm.nih.gov/rest/pug/compound/name/Chondroitin%20sulfate/property/Title,ConnectivitySMILES,SMILES,InChI,InChIKey/JSON",2026-09-22
DDInter372,Chorionic Gonadotropin (Human),,,,,,,exact DDInter name query,unmapped,unavailable,"https://pubchem.ncbi.nlm.nih.gov/rest/pug/compound/name/Chorionic%20Gonadotropin%20%28Human%29/property/Title,ConnectivitySMILES,SMILES,InChI,InChIKey/JSON",2026-09-22
DDInter373,Chromic chloride,24808,Chromium chloride (crcl3),Cl[Cr](Cl)Cl,Cl[Cr](Cl)Cl,InChI=1S/3ClH.Cr/h3*1H;/q;;;+3/p-3,QSWDMMVNRMROPK-UHFFFAOYSA-K,exact DDInter name query,ambiguous,excluded_title_mismatch,"https://pubchem.ncbi.nlm.nih.gov/rest/pug/compound/name/Chromic%20chloride/property/Title,ConnectivitySMILES,SMILES,InChI,InChIKey/JSON",2026-09-22
DDInter374,Chromium picolinate,151932,Chromium(III) picolinate,C1=CC=NC(=C1)C(=O)[O-].C1=CC=NC(=C1)C(=O)[O-].C1=CC=NC(=C1)C(=O)[O-].[Cr+3],C1=CC=NC(=C1)C(=O)[O-].C1=CC=NC(=C1)C(=O)[O-].C1=CC=NC(=C1)C(=O)[O-].[Cr+3],"InChI=1S/3C6H5NO2.Cr/c3*8-6(9)5-3-1-2-4-7-5;/h3*1-4H,(H,8,9);/q;;;+3/p-3",CBDQOLKNTOMMTL-UHFFFAOYSA-K,exact DDInter name query,ambiguous,excluded_title_mismatch,"https://pubchem.ncbi.nlm.nih.gov/rest/pug/compound/name/Chromium%20picolinate/property/Title,ConnectivitySMILES,SMILES,InChI,InChIKey/JSON",2026-09-22
DDInter375,Ciclesonide,6918155,Ciclesonide,CC(C)C(=O)OCC(=O)C12C(CC3C1(CC(C4C3CCC5=CC(=O)C=CC45C)O)C)OC(O2)C6CCCCC6,CC(C)C(=O)OCC(=O)[C@@]12[C@@H](C[C@@H]3[C@@]1(C[C@@H]([C@H]4[C@H]3CCC5=CC(=O)C=C[C@]45C)O)C)O[C@H](O2)C6CCCCC6,"InChI=1S/C32H44O7/c1-18(2)28(36)37-17-25(35)32-26(38-29(39-32)19-8-6-5-7-9-19)15-23-22-11-10-20-14-21(33)12-13-30(20,3)27(22)24(34)16-31(23,32)4/h12-14,18-19,22-24,26-27,29,34H,5-11,15-17H2,1-4H3/t22-,23-,24-,26+,27+,29+,30-,31-,32+/m0/s1",LUKZNWIVRBCLON-GXOBDPJESA-N,exact DDInter name query,exact_unique,valid,"https://pubchem.ncbi.nlm.nih.gov/rest/pug/compound/name/Ciclesonide/property/Title,ConnectivitySMILES,SMILES,InChI,InChIKey/JSON",2026-09-22
DDInter376,Ciclesonide (nasal),,,,,,,exact DDInter name query,unmapped,unavailable,"https://pubchem.ncbi.nlm.nih.gov/rest/pug/compound/name/Ciclesonide%20%28nasal%29/property/Title,ConnectivitySMILES,SMILES,InChI,InChIKey/JSON",2026-09-22
DDInter377,Ciclopirox,2749,Ciclopirox,CC1=CC(=O)N(C(=C1)C2CCCCC2)O,CC1=CC(=O)N(C(=C1)C2CCCCC2)O,"InChI=1S/C12H17NO2/c1-9-7-11(13(15)12(14)8-9)10-5-3-2-4-6-10/h7-8,10,15H,2-6H2,1H3",SCKYRAXSEDYPSA-UHFFFAOYSA-N,exact DDInter name query,exact_unique,valid,"https://pubchem.ncbi.nlm.nih.gov/rest/pug/compound/name/Ciclopirox/property/Title,ConnectivitySMILES,SMILES,InChI,InChIKey/JSON",2026-09-22
DDInter378,Cidofovir,60613,Cidofovir,C1=CN(C(=O)N=C1N)CC(CO)OCP(=O)(O)O,C1=CN(C(=O)N=C1N)C[C@@H](CO)OCP(=O)(O)O,"InChI=1S/C8H14N3O6P/c9-7-1-2-11(8(13)10-7)3-6(4-12)17-5-18(14,15)16/h1-2,6,12H,3-5H2,(H2,9,10,13)(H2,14,15,16)/t6-/m0/s1",VWFCHDSQECPREK-LURJTMIESA-N,exact DDInter name query,exact_unique,valid,"https://pubchem.ncbi.nlm.nih.gov/rest/pug/compound/name/Cidofovir/property/Title,ConnectivitySMILES,SMILES,InChI,InChIKey/JSON",2026-09-22
DDInter379,Cilostazol,2754,Cilostazol,C1CCC(CC1)N2C(=NN=N2)CCCCOC3=CC4=C(C=C3)NC(=O)CC4,C1CCC(CC1)N2C(=NN=N2)CCCCOC3=CC4=C(C=C3)NC(=O)CC4,"InChI=1S/C20H27N5O2/c26-20-12-9-15-14-17(10-11-18(15)21-20)27-13-5-4-8-19-22-23-24-25(19)16-6-2-1-3-7-16/h10-11,14,16H,1-9,12-13H2,(H,21,26)",RRGUKTPIGVIEKM-UHFFFAOYSA-N,exact DDInter name query,exact_unique,valid,"https://pubchem.ncbi.nlm.nih.gov/rest/pug/compound/name/Cilostazol/property/Title,ConnectivitySMILES,SMILES,InChI,InChIKey/JSON",2026-09-22
DDInter38,Aldesleukin,,,,,,,exact DDInter name query,unmapped,unavailable,"https://pubchem.ncbi.nlm.nih.gov/rest/pug/compound/name/Aldesleukin/property/Title,ConnectivitySMILES,SMILES,InChI,InChIKey/JSON",2026-09-22
DDInter380,Cimetidine,2756,Cimetidine,CC1=C(N=CN1)CSCCNC(=NC)NC#N,CC1=C(N=CN1)CSCCNC(=NC)NC#N,"InChI=1S/C10H16N6S/c1-8-9(16-7-15-8)5-17-4-3-13-10(12-2)14-6-11/h7H,3-5H2,1-2H3,(H,15,16)(H2,12,13,14)",AQIXAKUUQRKLND-UHFFFAOYSA-N,exact DDInter name query,exact_unique,valid,"https://pubchem.ncbi.nlm.nih.gov/rest/pug/compound/name/Cimetidine/property/Title,ConnectivitySMILES,SMILES,InChI,InChIKey/JSON",2026-09-22
DDInter381,Cinacalcet,156419,Cinacalcet,CC(C1=CC=CC2=CC=CC=C21)NCCCC3=CC(=CC=C3)C(F)(F)F,C[C@H](C1=CC=CC2=CC=CC=C21)NCCCC3=CC(=CC=C3)C(F)(F)F,"InChI=1S/C22H22F3N/c1-16(20-13-5-10-18-9-2-3-12-21(18)20)26-14-6-8-17-7-4-11-19(15-17)22(23,24)25/h2-5,7,9-13,15-16,26H,6,8,14H2,1H3/t16-/m1/s1",VDHAWDNDOKGFTD-MRXNPFEDSA-N,exact DDInter name query,exact_unique,valid,"https://pubchem.ncbi.nlm.nih.gov/rest/pug/compound/name/Cinacalcet/property/Title,ConnectivitySMILES,SMILES,InChI,InChIKey/JSON",2026-09-22
DDInter382,Cinchocaine (topical),,,,,,,exact DDInter name query,unmapped,unavailable,"https://pubchem.ncbi.nlm.nih.gov/rest/pug/compound/name/Cinchocaine%20%28topical%29/property/Title,ConnectivitySMILES,SMILES,InChI,InChIKey/JSON",2026-09-22
DDInter383,Cinoxacin,2762,Cinoxacin,CCN1C2=CC3=C(C=C2C(=O)C(=N1)C(=O)O)OCO3,CCN1C2=CC3=C(C=C2C(=O)C(=N1)C(=O)O)OCO3,"InChI=1S/C12H10N2O5/c1-2-14-7-4-9-8(18-5-19-9)3-6(7)11(15)10(13-14)12(16)17/h3-4H,2,5H2,1H3,(H,16,17)",VDUWPHTZYNWKRN-UHFFFAOYSA-N,exact DDInter name query,exact_unique,valid,"https://pubchem.ncbi.nlm.nih.gov/rest/pug/compound/name/Cinoxacin/property/Title,ConnectivitySMILES,SMILES,InChI,InChIKey/JSON",2026-09-22
DDInter384,Ciprofloxacin,2764,Ciprofloxacin,C1CC1N2C=C(C(=O)C3=CC(=C(C=C32)N4CCNCC4)F)C(=O)O,C1CC1N2C=C(C(=O)C3=CC(=C(C=C32)N4CCNCC4)F)C(=O)O,"InChI=1S/C17H18FN3O3/c18-13-7-11-14(8-15(13)20-5-3-19-4-6-20)21(10-1-2-10)9-12(16(11)22)17(23)24/h7-10,19H,1-6H2,(H,23,24)",MYSWGUAQZAJSOK-UHFFFAOYSA-N,exact DDInter name query,exact_unique,valid,"https://pubchem.ncbi.nlm.nih.gov/rest/pug/compound/name/Ciprofloxacin/property/Title,ConnectivitySMILES,SMILES,InChI,InChIKey/JSON",2026-09-22
DDInter385,Cisapride,6917698,Cisapride,COC1CN(CCC1NC(=O)C2=CC(=C(C=C2OC)N)Cl)CCCOC3=CC=C(C=C3)F,CO[C@H]1CN(CC[C@H]1NC(=O)C2=CC(=C(C=C2OC)N)Cl)CCCOC3=CC=C(C=C3)F,"InChI=1S/C23H29ClFN3O4/c1-30-21-13-19(26)18(24)12-17(21)23(29)27-20-8-10-28(14-22(20)31-2)9-3-11-32-16-6-4-15(25)5-7-16/h4-7,12-13,20,22H,3,8-11,14,26H2,1-2H3,(H,27,29)/t20-,22+/m1/s1",DCSUBABJRXZOMT-IRLDBZIGSA-N,exact DDInter name query,exact_unique,valid,"https://pubchem.ncbi.nlm.nih.gov/rest/pug/compound/name/Cisapride/property/Title,ConnectivitySMILES,SMILES,InChI,InChIKey/JSON",2026-09-22
DDInter386,Cisatracurium,62887,Cisatracurium,C[N+]1(CCC2=CC(=C(C=C2C1CC3=CC(=C(C=C3)OC)OC)OC)OC)CCC(=O)OCCCCCOC(=O)CC[N+]4(CCC5=CC(=C(C=C5C4CC6=CC(=C(C=C6)OC)OC)OC)OC)C,C[N@@+]1(CCC2=CC(=C(C=C2[C@H]1CC3=CC(=C(C=C3)OC)OC)OC)OC)CCC(=O)OCCCCCOC(=O)CC[N@+]4(CCC5=CC(=C(C=C5[C@H]4CC6=CC(=C(C=C6)OC)OC)OC)OC)C,"InChI=1S/C53H72N2O12/c1-54(22-18-38-32-48(62-7)50(64-9)34-40(38)42(54)28-36-14-16-44(58-3)46(30-36)60-5)24-20-52(56)66-26-12-11-13-27-67-53(57)21-25-55(2)23-19-39-33-49(63-8)51(65-10)35-41(39)43(55)29-37-15-17-45(59-4)47(31-37)61-6/h14-17,30-35,42-43H,11-13,18-29H2,1-10H3/q+2/t42-,43-,54-,55-/m1/s1",YXSLJKQTIDHPOT-LJCJQEJUSA-N,exact DDInter name query,exact_unique,valid,"https://pubchem.ncbi.nlm.nih.gov/rest/pug/compound/name/Cisatracurium/property/Title,ConnectivitySMILES,SMILES,InChI,InChIKey/JSON",2026-09-22
DDInter387,Cisplatin,5702198,azane;dichloroplatinum,N.N.Cl[Pt]Cl,N.N.Cl[Pt]Cl,InChI=1S/2ClH.2H3N.Pt/h2*1H;2*1H3;/q;;;;+2/p-2,LXZZYRPGZAFOLE-UHFFFAOYSA-L,exact DDInter name query,ambiguous,excluded_title_mismatch,"https://pubchem.ncbi.nlm.nih.gov/rest/pug/compound/name/Cisplatin/property/Title,ConnectivitySMILES,SMILES,InChI,InChIKey/JSON",2026-09-22
DDInter388,Citalopram,2771,Citalopram,CN(C)CCCC1(C2=C(CO1)C=C(C=C2)C#N)C3=CC=C(C=C3)F,CN(C)CCCC1(C2=C(CO1)C=C(C=C2)C#N)C3=CC=C(C=C3)F,"InChI=1S/C20H21FN2O/c1-23(2)11-3-10-20(17-5-7-18(21)8-6-17)19-9-4-15(13-22)12-16(19)14-24-20/h4-9,12H,3,10-11,14H2,1-2H3",WSEQXVZVJXJVFP-UHFFFAOYSA-N,exact DDInter name query,exact_unique,valid,"https://pubchem.ncbi.nlm.nih.gov/rest/pug/compound/name/Citalopram/property/Title,ConnectivitySMILES,SMILES,InChI,InChIKey/JSON",2026-09-22
DDInter39,Alectinib,49806720,Alectinib,CCC1=CC2=C(C=C1N3CCC(CC3)N4CCOCC4)C(C5=C(C2=O)C6=C(N5)C=C(C=C6)C#N)(C)C,CCC1=CC2=C(C=C1N3CCC(CC3)N4CCOCC4)C(C5=C(C2=O)C6=C(N5)C=C(C=C6)C#N)(C)C,"InChI=1S/C30H34N4O2/c1-4-20-16-23-24(17-26(20)34-9-7-21(8-10-34)33-11-13-36-14-12-33)30(2,3)29-27(28(23)35)22-6-5-19(18-31)15-25(22)32-29/h5-6,15-17,21,32H,4,7-14H2,1-3H3",KDGFLJKFZUIJMX-UHFFFAOYSA-N,exact DDInter name query,exact_unique,valid,"https://pubchem.ncbi.nlm.nih.gov/rest/pug/compound/name/Alectinib/property/Title,ConnectivitySMILES,SMILES,InChI,InChIKey/JSON",2026-09-22
DDInter390,Citric acid,311,Citric Acid,C(C(=O)O)C(CC(=O)O)(C(=O)O)O,C(C(=O)O)C(CC(=O)O)(C(=O)O)O,"InChI=1S/C6H8O7/c7-3(8)1-6(13,5(11)12)2-4(9)10/h13H,1-2H2,(H,7,8)(H,9,10)(H,11,12)",KRKNYBCHXYNGOX-UHFFFAOYSA-N,exact DDInter name query,exact_unique,valid,"https://pubchem.ncbi.nlm.nih.gov/rest/pug/compound/name/Citric%20acid/property/Title,ConnectivitySMILES,SMILES,InChI,InChIKey/JSON",2026-09-22
DDInter391,Citrus bioflavonoids,,,,,,,exact DDInter name query,unmapped,unavailable,"https://pubchem.ncbi.nlm.nih.gov/rest/pug/compound/name/Citrus%20bioflavonoids/property/Title,ConnectivitySMILES,SMILES,InChI,InChIKey/JSON",2026-09-22
DDInter392,Cladribine,20279,Cladribine,C1C(C(OC1N2C=NC3=C(N=C(N=C32)Cl)N)CO)O,C1[C@@H]([C@H](O[C@H]1N2C=NC3=C(N=C(N=C32)Cl)N)CO)O,"InChI=1S/C10H12ClN5O3/c11-10-14-8(12)7-9(15-10)16(3-13-7)6-1-4(18)5(2-17)19-6/h3-6,17-18H,1-2H2,(H2,12,14,15)/t4-,5+,6+/m0/s1",PTOAARAWEBMLNO-KVQBGUIXSA-N,exact DDInter name query,exact_unique,valid,"https://pubchem.ncbi.nlm.nih.gov/rest/pug/compound/name/Cladribine/property/Title,ConnectivitySMILES,SMILES,InChI,InChIKey/JSON",2026-09-22
DDInter393,Clarithromycin,84029,Clarithromycin,CCC1C(C(C(C(=O)C(CC(C(C(C(C(C(=O)O1)C)OC2CC(C(C(O2)C)O)(C)OC)C)OC3C(C(CC(O3)C)N(C)C)O)(C)OC)C)C)O)(C)O,CC[C@@H]1[C@@]([C@@H]([C@H](C(=O)[C@@H](C[C@@]([C@@H]([C@H]([C@@H]([C@H](C(=O)O1)C)O[C@H]2C[C@@]([C@H]([C@@H](O2)C)O)(C)OC)C)O[C@H]3[C@@H]([C@H](C[C@H](O3)C)N(C)C)O)(C)OC)C)C)O)(C)O,"InChI=1S/C38H69NO13/c1-15-26-38(10,45)31(42)21(4)28(40)19(2)17-37(9,47-14)33(52-35-29(41)25(39(11)12)16-20(3)48-35)22(5)30(23(6)34(44)50-26)51-27-18-36(8,46-13)32(43)24(7)49-27/h19-27,29-33,35,41-43,45H,15-18H2,1-14H3/t19-,20-,21+,22+,23-,24+,25+,26-,27+,29-,30+,31-,32+,33-,35+,36-,37-,38-/m1/s1",AGOYDEPGAOXOCK-KCBOHYOISA-N,exact DDInter name query,exact_unique,valid,"https://pubchem.ncbi.nlm.nih.gov/rest/pug/compound/name/Clarithromycin/property/Title,ConnectivitySMILES,SMILES,InChI,InChIKey/JSON",2026-09-22
DDInter394,Clavulanic acid,5280980,Clavulanic Acid,C1C2N(C1=O)C(C(=CCO)O2)C(=O)O,C1[C@@H]2N(C1=O)[C@H](/C(=C/CO)/O2)C(=O)O,"InChI=1S/C8H9NO5/c10-2-1-4-7(8(12)13)9-5(11)3-6(9)14-4/h1,6-7,10H,2-3H2,(H,12,13)/b4-1-/t6-,7-/m1/s1",HZZVJAQRINQKSD-PBFISZAISA-N,exact DDInter name query,exact_unique,valid,"https://pubchem.ncbi.nlm.nih.gov/rest/pug/compound/name/Clavulanic%20acid/property/Title,ConnectivitySMILES,SMILES,InChI,InChIKey/JSON",2026-09-22
DDInter395,Clemastine,26987,Clemastine,CC(C1=CC=CC=C1)(C2=CC=C(C=C2)Cl)OCCC3CCCN3C,C[C@@](C1=CC=CC=C1)(C2=CC=C(C=C2)Cl)OCC[C@H]3CCCN3C,"InChI=1S/C21H26ClNO/c1-21(17-7-4-3-5-8-17,18-10-12-19(22)13-11-18)24-16-14-20-9-6-15-23(20)2/h3-5,7-8,10-13,20H,6,9,14-16H2,1-2H3/t20-,21-/m1/s1",YNNUSGIPVFPVBX-NHCUHLMSSA-N,exact DDInter name query,exact_unique,valid,"https://pubchem.ncbi.nlm.nih.gov/rest/pug/compound/name/Clemastine/property/Title,ConnectivitySMILES,SMILES,InChI,InChIKey/JSON",2026-09-22
DDInter396,Clevidipine,153994,"3,5-Pyridinedicarboxylic acid, 4-(2,3-dichlorophenyl)-1,4-dihydro-2,6-dimethyl-, 3-methyl 5-((1-oxobutoxy)methyl) ester",CCCC(=O)OCOC(=O)C1=C(NC(=C(C1C2=C(C(=CC=C2)Cl)Cl)C(=O)OC)C)C,CCCC(=O)OCOC(=O)C1=C(NC(=C(C1C2=C(C(=CC=C2)Cl)Cl)C(=O)OC)C)C,"InChI=1S/C21H23Cl2NO6/c1-5-7-15(25)29-10-30-21(27)17-12(3)24-11(2)16(20(26)28-4)18(17)13-8-6-9-14(22)19(13)23/h6,8-9,18,24H,5,7,10H2,1-4H3",KPBZROQVTHLCDU-UHFFFAOYSA-N,exact DDInter name query,ambiguous,excluded_title_mismatch,"https://pubchem.ncbi.nlm.nih.gov/rest/pug/compound/name/Clevidipine/property/Title,ConnectivitySMILES,SMILES,InChI,InChIKey/JSON",2026-09-22
DDInter397,Clidinium,2784,Clidinium,C[N+]12CCC(CC1)C(C2)OC(=O)C(C3=CC=CC=C3)(C4=CC=CC=C4)O,C[N+]12CCC(CC1)C(C2)OC(=O)C(C3=CC=CC=C3)(C4=CC=CC=C4)O,"InChI=1S/C22H26NO3/c1-23-14-12-17(13-15-23)20(16-23)26-21(24)22(25,18-8-4-2-5-9-18)19-10-6-3-7-11-19/h2-11,17,20,25H,12-16H2,1H3/q+1",HOOSGZJRQIVJSZ-UHFFFAOYSA-N,exact DDInter name query,exact_unique,valid,"https://pubchem.ncbi.nlm.nih.gov/rest/pug/compound/name/Clidinium/property/Title,ConnectivitySMILES,SMILES,InChI,InChIKey/JSON",2026-09-22
DDInter398,Clindamycin,446598,Clindamycin,CCCC1CC(N(C1)C)C(=O)NC(C2C(C(C(C(O2)SC)O)O)O)C(C)Cl,CCC[C@@H]1C[C@H](N(C1)C)C(=O)N[C@@H]([C@@H]2[C@@H]([C@@H]([C@H]([C@H](O2)SC)O)O)O)[C@H](C)Cl,"InChI=1S/C18H33ClN2O5S/c1-5-6-10-7-11(21(3)8-10)17(25)20-12(9(2)19)16-14(23)13(22)15(24)18(26-16)27-4/h9-16,18,22-24H,5-8H2,1-4H3,(H,20,25)/t9-,10+,11-,12+,13-,14+,15+,16+,18+/m0/s1",KDLRVYVGXIQJDK-AWPVFWJPSA-N,exact DDInter name query,exact_unique,valid,"https://pubchem.ncbi.nlm.nih.gov/rest/pug/compound/name/Clindamycin/property/Title,ConnectivitySMILES,SMILES,InChI,InChIKey/JSON",2026-09-22
DDInter399,Clindamycin (topical),,,,,,,exact DDInter name query,unmapped,unavailable,"https://pubchem.ncbi.nlm.nih.gov/rest/pug/compound/name/Clindamycin%20%28topical%29/property/Title,ConnectivitySMILES,SMILES,InChI,InChIKey/JSON",2026-09-22
DDInter4,Abarelix,16131215,Abarelix,CC(C)CC(C(=O)NC(CCCCNC(C)C)C(=O)N1CCCC1C(=O)NC(C)C(=O)N)NC(=O)C(CC(=O)N)NC(=O)C(CC2=CC=C(C=C2)O)N(C)C(=O)C(CO)NC(=O)C(CC3=CN=CC=C3)NC(=O)C(CC4=CC=C(C=C4)Cl)NC(=O)C(CC5=CC6=CC=CC=C6C=C5)NC(=O)C,C[C@H](C(=O)N)NC(=O)[C@@H]1CCCN1C(=O)[C@H](CCCCNC(C)C)NC(=O)[C@H](CC(C)C)NC(=O)[C@@H](CC(=O)N)NC(=O)[C@H](CC2=CC=C(C=C2)O)N(C)C(=O)[C@H](CO)NC(=O)[C@@H](CC3=CN=CC=C3)NC(=O)[C@@H](CC4=CC=C(C=C4)Cl)NC(=O)[C@@H](CC5=CC6=CC=CC=C6C=C5)NC(=O)C,"InChI=1S/C72H95ClN14O14/c1-41(2)32-54(64(93)80-53(17-10-11-30-77-42(3)4)72(101)87-31-13-18-60(87)69(98)78-43(5)63(75)92)81-68(97)58(38-62(74)91)84-70(99)61(37-46-22-27-52(90)28-23-46)86(7)71(100)59(40-88)85-67(96)57(36-48-14-12-29-76-39-48)83-66(95)56(34-45-20-25-51(73)26-21-45)82-65(94)55(79-44(6)89)35-47-19-24-49-15-8-9-16-50(49)33-47/h8-9,12,14-16,19-29,33,39,41-43,53-61,77,88,90H,10-11,13,17-18,30-32,34-38,40H2,1-7H3,(H2,74,91)(H2,75,92)(H,78,98)(H,79,89)(H,80,93)(H,81,97)(H,82,94)(H,83,95)(H,84,99)(H,85,96)/t43-,53+,54+,55-,56-,57-,58-,59+,60+,61+/m1/s1",AIWRTTMUVOZGPW-HSPKUQOVSA-N,exact DDInter name query,exact_unique,valid,"https://pubchem.ncbi.nlm.nih.gov/rest/pug/compound/name/Abarelix/property/Title,ConnectivitySMILES,SMILES,InChI,InChIKey/JSON",2026-09-22
DDInter40,Alefacept,,,,,,,exact DDInter name query,unmapped,unavailable,"https://pubchem.ncbi.nlm.nih.gov/rest/pug/compound/name/Alefacept/property/Title,ConnectivitySMILES,SMILES,InChI,InChIKey/JSON",2026-09-22
DDInter400,Clioquinol (topical),,,,,,,exact DDInter name query,unmapped,unavailable,"https://pubchem.ncbi.nlm.nih.gov/rest/pug/compound/name/Clioquinol%20%28topical%29/property/Title,ConnectivitySMILES,SMILES,InChI,InChIKey/JSON",2026-09-22
DDInter401,Clobazam,2789,Clobazam,CN1C(=O)CC(=O)N(C2=C1C=CC(=C2)Cl)C3=CC=CC=C3,CN1C(=O)CC(=O)N(C2=C1C=CC(=C2)Cl)C3=CC=CC=C3,"InChI=1S/C16H13ClN2O2/c1-18-13-8-7-11(17)9-14(13)19(16(21)10-15(18)20)12-5-3-2-4-6-12/h2-9H,10H2,1H3",CXOXHMZGEKVPMT-UHFFFAOYSA-N,exact DDInter name query,exact_unique,valid,"https://pubchem.ncbi.nlm.nih.gov/rest/pug/compound/name/Clobazam/property/Title,ConnectivitySMILES,SMILES,InChI,InChIKey/JSON",2026-09-22
DDInter402,Clobetasol,5311051,Clobetasol,CC1CC2C3CCC4=CC(=O)C=CC4(C3(C(CC2(C1(C(=O)CCl)O)C)O)F)C,C[C@H]1C[C@H]2[C@@H]3CCC4=CC(=O)C=C[C@@]4([C@]3([C@H](C[C@@]2([C@]1(C(=O)CCl)O)C)O)F)C,"InChI=1S/C22H28ClFO4/c1-12-8-16-15-5-4-13-9-14(25)6-7-19(13,2)21(15,24)17(26)10-20(16,3)22(12,28)18(27)11-23/h6-7,9,12,15-17,26,28H,4-5,8,10-11H2,1-3H3/t12-,15-,16-,17-,19-,20-,21-,22-/m0/s1",FCSHDIVRCWTZOX-DVTGEIKXSA-N,exact DDInter name query,exact_unique,valid,"https://pubchem.ncbi.nlm.nih.gov/rest/pug/compound/name/Clobetasol/property/Title,ConnectivitySMILES,SMILES,InChI,InChIKey/JSON",2026-09-22
DDInter403,Clobetasol (topical),,,,,,,exact DDInter name query,unmapped,unavailable,"https://pubchem.ncbi.nlm.nih.gov/rest/pug/compound/name/Clobetasol%20%28topical%29/property/Title,ConnectivitySMILES,SMILES,InChI,InChIKey/JSON",2026-09-22
DDInter404,Clocortolone (topical),,,,,,,exact DDInter name query,unmapped,unavailable,"https://pubchem.ncbi.nlm.nih.gov/rest/pug/compound/name/Clocortolone%20%28topical%29/property/Title,ConnectivitySMILES,SMILES,InChI,InChIKey/JSON",2026-09-22
DDInter405,Clofarabine,119182,Clofarabine,C1=NC2=C(N=C(N=C2N1C3C(C(C(O3)CO)O)F)Cl)N,C1=NC2=C(N=C(N=C2N1[C@H]3[C@H]([C@@H]([C@H](O3)CO)O)F)Cl)N,"InChI=1S/C10H11ClFN5O3/c11-10-15-7(13)5-8(16-10)17(2-14-5)9-4(12)6(19)3(1-18)20-9/h2-4,6,9,18-19H,1H2,(H2,13,15,16)/t3-,4+,6-,9-/m1/s1",WDDPHFBMKLOVOX-AYQXTPAHSA-N,exact DDInter name query,exact_unique,valid,"https://pubchem.ncbi.nlm.nih.gov/rest/pug/compound/name/Clofarabine/property/Title,ConnectivitySMILES,SMILES,InChI,InChIKey/JSON",2026-09-22
DDInter406,Clofazimine,2794,Clofazimine,CC(C)N=C1C=C2C(=NC3=CC=CC=C3N2C4=CC=C(C=C4)Cl)C=C1NC5=CC=C(C=C5)Cl,CC(C)N=C1C=C2C(=NC3=CC=CC=C3N2C4=CC=C(C=C4)Cl)C=C1NC5=CC=C(C=C5)Cl,"InChI=1S/C27H22Cl2N4/c1-17(2)30-24-16-27-25(15-23(24)31-20-11-7-18(28)8-12-20)32-22-5-3-4-6-26(22)33(27)21-13-9-19(29)10-14-21/h3-17,31H,1-2H3",WDQPAMHFFCXSNU-UHFFFAOYSA-N,exact DDInter name query,exact_unique,valid,"https://pubchem.ncbi.nlm.nih.gov/rest/pug/compound/name/Clofazimine/property/Title,ConnectivitySMILES,SMILES,InChI,InChIKey/JSON",2026-09-22
DDInter407,Clofedanol,2795,Chlophedianol,CN(C)CCC(C1=CC=CC=C1)(C2=CC=CC=C2Cl)O,CN(C)CCC(C1=CC=CC=C1)(C2=CC=CC=C2Cl)O,"InChI=1S/C17H20ClNO/c1-19(2)13-12-17(20,14-8-4-3-5-9-14)15-10-6-7-11-16(15)18/h3-11,20H,12-13H2,1-2H3",WRCHFMBCVFFYEQ-UHFFFAOYSA-N,exact DDInter name query,ambiguous,excluded_title_mismatch,"https://pubchem.ncbi.nlm.nih.gov/rest/pug/compound/name/Clofedanol/property/Title,ConnectivitySMILES,SMILES,InChI,InChIKey/JSON",2026-09-22
DDInter408,Clofibrate,2796,Clofibrate,CCOC(=O)C(C)(C)OC1=CC=C(C=C1)Cl,CCOC(=O)C(C)(C)OC1=CC=C(C=C1)Cl,"InChI=1S/C12H15ClO3/c1-4-15-11(14)12(2,3)16-10-7-5-9(13)6-8-10/h5-8H,4H2,1-3H3",KNHUKKLJHYUCFP-UHFFFAOYSA-N,exact DDInter name query,exact_unique,valid,"https://pubchem.ncbi.nlm.nih.gov/rest/pug/compound/name/Clofibrate/property/Title,ConnectivitySMILES,SMILES,InChI,InChIKey/JSON",2026-09-22
DDInter409,Clomifene,,,,,,,exact DDInter name query,ambiguous,excluded_multiple_candidates,"https://pubchem.ncbi.nlm.nih.gov/rest/pug/compound/name/Clomifene/property/Title,ConnectivitySMILES,SMILES,InChI,InChIKey/JSON",2026-09-22
DDInter41,Alemtuzumab,,,,,,,exact DDInter name query,unmapped,unavailable,"https://pubchem.ncbi.nlm.nih.gov/rest/pug/compound/name/Alemtuzumab/property/Title,ConnectivitySMILES,SMILES,InChI,InChIKey/JSON",2026-09-22
DDInter410,Clomipramine,2801,Clomipramine,CN(C)CCCN1C2=CC=CC=C2CCC3=C1C=C(C=C3)Cl,CN(C)CCCN1C2=CC=CC=C2CCC3=C1C=C(C=C3)Cl,"InChI=1S/C19H23ClN2/c1-21(2)12-5-13-22-18-7-4-3-6-15(18)8-9-16-10-11-17(20)14-19(16)22/h3-4,6-7,10-11,14H,5,8-9,12-13H2,1-2H3",GDLIGKIOYRNHDA-UHFFFAOYSA-N,exact DDInter name query,exact_unique,valid,"https://pubchem.ncbi.nlm.nih.gov/rest/pug/compound/name/Clomipramine/property/Title,ConnectivitySMILES,SMILES,InChI,InChIKey/JSON",2026-09-22
DDInter411,Clonazepam,2802,Clonazepam,C1C(=O)NC2=C(C=C(C=C2)[N+](=O)[O-])C(=N1)C3=CC=CC=C3Cl,C1C(=O)NC2=C(C=C(C=C2)[N+](=O)[O-])C(=N1)C3=CC=CC=C3Cl,"InChI=1S/C15H10ClN3O3/c16-12-4-2-1-3-10(12)15-11-7-9(19(21)22)5-6-13(11)18-14(20)8-17-15/h1-7H,8H2,(H,18,20)",DGBIGWXXNGSACT-UHFFFAOYSA-N,exact DDInter name query,exact_unique,valid,"https://pubchem.ncbi.nlm.nih.gov/rest/pug/compound/name/Clonazepam/property/Title,ConnectivitySMILES,SMILES,InChI,InChIKey/JSON",2026-09-22
DDInter412,Clonidine,2803,Clonidine,C1CN=C(N1)NC2=C(C=CC=C2Cl)Cl,C1CN=C(N1)NC2=C(C=CC=C2Cl)Cl,"InChI=1S/C9H9Cl2N3/c10-6-2-1-3-7(11)8(6)14-9-12-4-5-13-9/h1-3H,4-5H2,(H2,12,13,14)",GJSURZIOUXUGAL-UHFFFAOYSA-N,exact DDInter name query,exact_unique,valid,"https://pubchem.ncbi.nlm.nih.gov/rest/pug/compound/name/Clonidine/property/Title,ConnectivitySMILES,SMILES,InChI,InChIKey/JSON",2026-09-22
DDInter413,Clopidogrel,60606,Clopidogrel,COC(=O)C(C1=CC=CC=C1Cl)N2CCC3=C(C2)C=CS3,COC(=O)[C@H](C1=CC=CC=C1Cl)N2CCC3=C(C2)C=CS3,"InChI=1S/C16H16ClNO2S/c1-20-16(19)15(12-4-2-3-5-13(12)17)18-8-6-14-11(10-18)7-9-21-14/h2-5,7,9,15H,6,8,10H2,1H3/t15-/m0/s1",GKTWGGQPFAXNFI-HNNXBMFYSA-N,exact DDInter name query,exact_unique,valid,"https://pubchem.ncbi.nlm.nih.gov/rest/pug/compound/name/Clopidogrel/property/Title,ConnectivitySMILES,SMILES,InChI,InChIKey/JSON",2026-09-22
DDInter414,Clorazepic acid,2809,Clorazepate,C1=CC=C(C=C1)C2=NC(C(=O)NC3=C2C=C(C=C3)Cl)C(=O)O,C1=CC=C(C=C1)C2=NC(C(=O)NC3=C2C=C(C=C3)Cl)C(=O)O,"InChI=1S/C16H11ClN2O3/c17-10-6-7-12-11(8-10)13(9-4-2-1-3-5-9)19-14(16(21)22)15(20)18-12/h1-8,14H,(H,18,20)(H,21,22)",XDDJGVMJFWAHJX-UHFFFAOYSA-N,exact DDInter name query,ambiguous,excluded_title_mismatch,"https://pubchem.ncbi.nlm.nih.gov/rest/pug/compound/name/Clorazepic%20acid/property/Title,ConnectivitySMILES,SMILES,InChI,InChIKey/JSON",2026-09-22
DDInter415,Clostridium tetani toxoid antigen (formaldehyde inactivated),,,,,,,exact DDInter name query,unmapped,unavailable,"https://pubchem.ncbi.nlm.nih.gov/rest/pug/compound/name/Clostridium%20tetani%20toxoid%20antigen%20%28formaldehyde%20inactivated%29/property/Title,ConnectivitySMILES,SMILES,InChI,InChIKey/JSON",2026-09-22
DDInter416,Clotrimazole,2812,Clotrimazole,C1=CC=C(C=C1)C(C2=CC=CC=C2)(C3=CC=CC=C3Cl)N4C=CN=C4,C1=CC=C(C=C1)C(C2=CC=CC=C2)(C3=CC=CC=C3Cl)N4C=CN=C4,"InChI=1S/C22H17ClN2/c23-21-14-8-7-13-20(21)22(25-16-15-24-17-25,18-9-3-1-4-10-18)19-11-5-2-6-12-19/h1-17H",VNFPBHJOKIVQEB-UHFFFAOYSA-N,exact DDInter name query,exact_unique,valid,"https://pubchem.ncbi.nlm.nih.gov/rest/pug/compound/name/Clotrimazole/property/Title,ConnectivitySMILES,SMILES,InChI,InChIKey/JSON",2026-09-22
DDInter417,Clove,,,,,,,exact DDInter name query,unmapped,unavailable,"https://pubchem.ncbi.nlm.nih.gov/rest/pug/compound/name/Clove/property/Title,ConnectivitySMILES,SMILES,InChI,InChIKey/JSON",2026-09-22
DDInter418,Cloxacillin,6098,Cloxacillin,CC1=C(C(=NO1)C2=CC=CC=C2Cl)C(=O)NC3C4N(C3=O)C(C(S4)(C)C)C(=O)O,CC1=C(C(=NO1)C2=CC=CC=C2Cl)C(=O)N[C@H]3[C@@H]4N(C3=O)[C@H](C(S4)(C)C)C(=O)O,"InChI=1S/C19H18ClN3O5S/c1-8-11(12(22-28-8)9-6-4-5-7-10(9)20)15(24)21-13-16(25)23-14(18(26)27)19(2,3)29-17(13)23/h4-7,13-14,17H,1-3H3,(H,21,24)(H,26,27)/t13-,14+,17-/m1/s1",LQOLIRLGBULYKD-JKIFEVAISA-N,exact DDInter name query,exact_unique,valid,"https://pubchem.ncbi.nlm.nih.gov/rest/pug/compound/name/Cloxacillin/property/Title,ConnectivitySMILES,SMILES,InChI,InChIKey/JSON",2026-09-22
DDInter419,Clozapine,135398737,Clozapine,CN1CCN(CC1)C2=NC3=C(C=CC(=C3)Cl)NC4=CC=CC=C42,CN1CCN(CC1)C2=NC3=C(C=CC(=C3)Cl)NC4=CC=CC=C42,"InChI=1S/C18H19ClN4/c1-22-8-10-23(11-9-22)18-14-4-2-3-5-15(14)20-16-7-6-13(19)12-17(16)21-18/h2-7,12,20H,8-11H2,1H3",QZUDBNBUXVUHMW-UHFFFAOYSA-N,exact DDInter name query,exact_unique,valid,"https://pubchem.ncbi.nlm.nih.gov/rest/pug/compound/name/Clozapine/property/Title,ConnectivitySMILES,SMILES,InChI,InChIKey/JSON",2026-09-22
DDInter42,Alendronic acid,2088,Alendronic Acid,C(CC(O)(P(=O)(O)O)P(=O)(O)O)CN,C(CC(O)(P(=O)(O)O)P(=O)(O)O)CN,"InChI=1S/C4H13NO7P2/c5-3-1-2-4(6,13(7,8)9)14(10,11)12/h6H,1-3,5H2,(H2,7,8,9)(H2,10,11,12)",OGSPWJRAVKPPFI-UHFFFAOYSA-N,exact DDInter name query,exact_unique,valid,"https://pubchem.ncbi.nlm.nih.gov/rest/pug/compound/name/Alendronic%20acid/property/Title,ConnectivitySMILES,SMILES,InChI,InChIKey/JSON",2026-09-22
DDInter420,Coagulation Factor IX Human,,,,,,,exact DDInter name query,unmapped,unavailable,"https://pubchem.ncbi.nlm.nih.gov/rest/pug/compound/name/Coagulation%20Factor%20IX%20Human/property/Title,ConnectivitySMILES,SMILES,InChI,InChIKey/JSON",2026-09-22
DDInter421,Coagulation factor VIIa Recombinant Human,,,,,,,exact DDInter name query,unmapped,unavailable,"https://pubchem.ncbi.nlm.nih.gov/rest/pug/compound/name/Coagulation%20factor%20VIIa%20Recombinant%20Human/property/Title,ConnectivitySMILES,SMILES,InChI,InChIKey/JSON",2026-09-22
DDInter422,Coagulation factor X human,,,,,,,exact DDInter name query,unmapped,unavailable,"https://pubchem.ncbi.nlm.nih.gov/rest/pug/compound/name/Coagulation%20factor%20X%20human/property/Title,ConnectivitySMILES,SMILES,InChI,InChIKey/JSON",2026-09-22
DDInter423,Coal tar (topical),,,,,,,exact DDInter name query,unmapped,unavailable,"https://pubchem.ncbi.nlm.nih.gov/rest/pug/compound/name/Coal%20tar%20%28topical%29/property/Title,ConnectivitySMILES,SMILES,InChI,InChIKey/JSON",2026-09-22
DDInter424,Cobicistat,25151504,Cobicistat,CC(C)C1=NC(=CS1)CN(C)C(=O)NC(CCN2CCOCC2)C(=O)NC(CCC(CC3=CC=CC=C3)NC(=O)OCC4=CN=CS4)CC5=CC=CC=C5,CC(C)C1=NC(=CS1)CN(C)C(=O)N[C@@H](CCN2CCOCC2)C(=O)N[C@H](CC[C@H](CC3=CC=CC=C3)NC(=O)OCC4=CN=CS4)CC5=CC=CC=C5,"InChI=1S/C40H53N7O5S2/c1-29(2)38-43-34(27-53-38)25-46(3)39(49)45-36(16-17-47-18-20-51-21-19-47)37(48)42-32(22-30-10-6-4-7-11-30)14-15-33(23-31-12-8-5-9-13-31)44-40(50)52-26-35-24-41-28-54-35/h4-13,24,27-29,32-33,36H,14-23,25-26H2,1-3H3,(H,42,48)(H,44,50)(H,45,49)/t32-,33-,36+/m1/s1",ZCIGNRJZKPOIKD-CQXVEOKZSA-N,exact DDInter name query,exact_unique,valid,"https://pubchem.ncbi.nlm.nih.gov/rest/pug/compound/name/Cobicistat/property/Title,ConnectivitySMILES,SMILES,InChI,InChIKey/JSON",2026-09-22
DDInter425,Cobimetinib,16222096,Cobimetinib,C1CCNC(C1)C2(CN(C2)C(=O)C3=C(C(=C(C=C3)F)F)NC4=C(C=C(C=C4)I)F)O,C1CCN[C@@H](C1)C2(CN(C2)C(=O)C3=C(C(=C(C=C3)F)F)NC4=C(C=C(C=C4)I)F)O,"InChI=1S/C21H21F3IN3O2/c22-14-6-5-13(19(18(14)24)27-16-7-4-12(25)9-15(16)23)20(29)28-10-21(30,11-28)17-3-1-2-8-26-17/h4-7,9,17,26-27,30H,1-3,8,10-11H2/t17-/m0/s1",BSMCAPRUBJMWDF-KRWDZBQOSA-N,exact DDInter name query,exact_unique,valid,"https://pubchem.ncbi.nlm.nih.gov/rest/pug/compound/name/Cobimetinib/property/Title,ConnectivitySMILES,SMILES,InChI,InChIKey/JSON",2026-09-22
DDInter426,Cocaine (nasal),,,,,,,exact DDInter name query,unmapped,unavailable,"https://pubchem.ncbi.nlm.nih.gov/rest/pug/compound/name/Cocaine%20%28nasal%29/property/Title,ConnectivitySMILES,SMILES,InChI,InChIKey/JSON",2026-09-22
DDInter427,Cocaine (topical),,,,,,,exact DDInter name query,unmapped,unavailable,"https://pubchem.ncbi.nlm.nih.gov/rest/pug/compound/name/Cocaine%20%28topical%29/property/Title,ConnectivitySMILES,SMILES,InChI,InChIKey/JSON",2026-09-22
DDInter428,Coccidioides immitis spherule,,,,,,,exact DDInter name query,unmapped,unavailable,"https://pubchem.ncbi.nlm.nih.gov/rest/pug/compound/name/Coccidioides%20immitis%20spherule/property/Title,ConnectivitySMILES,SMILES,InChI,InChIKey/JSON",2026-09-22
DDInter429,Codeine,5284371,Codeine,CN1CCC23C4C1CC5=C2C(=C(C=C5)OC)OC3C(C=C4)O,CN1CC[C@]23[C@@H]4[C@H]1CC5=C2C(=C(C=C5)OC)O[C@H]3[C@H](C=C4)O,"InChI=1S/C18H21NO3/c1-19-8-7-18-11-4-5-13(20)17(18)22-16-14(21-2)6-3-10(15(16)18)9-12(11)19/h3-6,11-13,17,20H,7-9H2,1-2H3/t11-,12+,13-,17-,18-/m0/s1",OROGSEYTTFOCAN-DNJOTXNNSA-N,exact DDInter name query,exact_unique,valid,"https://pubchem.ncbi.nlm.nih.gov/rest/pug/compound/name/Codeine/property/Title,ConnectivitySMILES,SMILES,InChI,InChIKey/JSON",2026-09-22
DDInter43,Alfentanil,51263,Alfentanil,CCC(=O)N(C1=CC=CC=C1)C2(CCN(CC2)CCN3C(=O)N(N=N3)CC)COC,CCC(=O)N(C1=CC=CC=C1)C2(CCN(CC2)CCN3C(=O)N(N=N3)CC)COC,"InChI=1S/C21H32N6O3/c1-4-19(28)27(18-9-7-6-8-10-18)21(17-30-3)11-13-24(14-12-21)15-16-26-20(29)25(5-2)22-23-26/h6-10H,4-5,11-17H2,1-3H3",IDBPHNDTYPBSNI-UHFFFAOYSA-N,exact DDInter name query,exact_unique,valid,"https://pubchem.ncbi.nlm.nih.gov/rest/pug/compound/name/Alfentanil/property/Title,ConnectivitySMILES,SMILES,InChI,InChIKey/JSON",2026-09-22
DDInter430,Coenzyme M,598,Mercaptoethanesulfonic acid,C(CS(=O)(=O)O)S,C(CS(=O)(=O)O)S,"InChI=1S/C2H6O3S2/c3-7(4,5)2-1-6/h6H,1-2H2,(H,3,4,5)",ZNEWHQLOPFWXOF-UHFFFAOYSA-N,exact DDInter name query,ambiguous,excluded_title_mismatch,"https://pubchem.ncbi.nlm.nih.gov/rest/pug/compound/name/Coenzyme%20M/property/Title,ConnectivitySMILES,SMILES,InChI,InChIKey/JSON",2026-09-22
DDInter431,Colchicine,6167,Colchicine,CC(=O)NC1CCC2=CC(=C(C(=C2C3=CC=C(C(=O)C=C13)OC)OC)OC)OC,CC(=O)N[C@H]1CCC2=CC(=C(C(=C2C3=CC=C(C(=O)C=C13)OC)OC)OC)OC,"InChI=1S/C22H25NO6/c1-12(24)23-16-8-6-13-10-19(27-3)21(28-4)22(29-5)20(13)14-7-9-18(26-2)17(25)11-15(14)16/h7,9-11,16H,6,8H2,1-5H3,(H,23,24)/t16-/m0/s1",IAKHMKGGTNLKSZ-INIZCTEOSA-N,exact DDInter name query,exact_unique,valid,"https://pubchem.ncbi.nlm.nih.gov/rest/pug/compound/name/Colchicine/property/Title,ConnectivitySMILES,SMILES,InChI,InChIKey/JSON",2026-09-22
DDInter432,Colesevelam,,,,,,,exact DDInter name query,unmapped,unavailable,"https://pubchem.ncbi.nlm.nih.gov/rest/pug/compound/name/Colesevelam/property/Title,ConnectivitySMILES,SMILES,InChI,InChIKey/JSON",2026-09-22
DDInter433,Colestipol,,,,,,,exact DDInter name query,unmapped,unavailable,"https://pubchem.ncbi.nlm.nih.gov/rest/pug/compound/name/Colestipol/property/Title,ConnectivitySMILES,SMILES,InChI,InChIKey/JSON",2026-09-22
DDInter434,Colistimethate,,,,,,,exact DDInter name query,unmapped,unavailable,"https://pubchem.ncbi.nlm.nih.gov/rest/pug/compound/name/Colistimethate/property/Title,ConnectivitySMILES,SMILES,InChI,InChIKey/JSON",2026-09-22
DDInter435,Collagenase clostridium histolyticum,,,,,,,exact DDInter name query,unmapped,unavailable,"https://pubchem.ncbi.nlm.nih.gov/rest/pug/compound/name/Collagenase%20clostridium%20histolyticum/property/Title,ConnectivitySMILES,SMILES,InChI,InChIKey/JSON",2026-09-22
DDInter436,Collagenase clostridium histolyticum (topical),,,,,,,exact DDInter name query,unmapped,unavailable,"https://pubchem.ncbi.nlm.nih.gov/rest/pug/compound/name/Collagenase%20clostridium%20histolyticum%20%28topical%29/property/Title,ConnectivitySMILES,SMILES,InChI,InChIKey/JSON",2026-09-22
DDInter437,Conestat alfa,,,,,,,exact DDInter name query,unmapped,unavailable,"https://pubchem.ncbi.nlm.nih.gov/rest/pug/compound/name/Conestat%20alfa/property/Title,ConnectivitySMILES,SMILES,InChI,InChIKey/JSON",2026-09-22
DDInter438,Conivaptan,151171,Conivaptan,CC1=NC2=C(N1)CCN(C3=CC=CC=C32)C(=O)C4=CC=C(C=C4)NC(=O)C5=CC=CC=C5C6=CC=CC=C6,CC1=NC2=C(N1)CCN(C3=CC=CC=C32)C(=O)C4=CC=C(C=C4)NC(=O)C5=CC=CC=C5C6=CC=CC=C6,"InChI=1S/C32H26N4O2/c1-21-33-28-19-20-36(29-14-8-7-13-27(29)30(28)34-21)32(38)23-15-17-24(18-16-23)35-31(37)26-12-6-5-11-25(26)22-9-3-2-4-10-22/h2-18H,19-20H2,1H3,(H,33,34)(H,35,37)",IKENVDNFQMCRTR-UHFFFAOYSA-N,exact DDInter name query,exact_unique,valid,"https://pubchem.ncbi.nlm.nih.gov/rest/pug/compound/name/Conivaptan/property/Title,ConnectivitySMILES,SMILES,InChI,InChIKey/JSON",2026-09-22
DDInter439,Conjugated estrogens,45357473,"Estrogens, Conjugated",CC12CCC3C(C1CCC2=O)CCC4=C3C=CC(=C4)OS(=O)(=O)[O-].[Na+],C[C@]12CCC3C(C1CCC2=O)CCC4=C3C=CC(=C4)OS(=O)(=O)[O-].[Na+],"InChI=1S/C18H22O5S.Na/c1-18-9-8-14-13-5-3-12(23-24(20,21)22)10-11(13)2-4-15(14)16(18)6-7-17(18)19;/h3,5,10,14-16H,2,4,6-9H2,1H3,(H,20,21,22);/q;+1/p-1/t14?,15?,16?,18-;/m0./s1",VUCAHVBMSFIGAI-TWCWWGPMSA-M,exact DDInter name query,ambiguous,excluded_title_mismatch,"https://pubchem.ncbi.nlm.nih.gov/rest/pug/compound/name/Conjugated%20estrogens/property/Title,ConnectivitySMILES,SMILES,InChI,InChIKey/JSON",2026-09-22
DDInter44,Alfuzosin,2092,Alfuzosin,CN(CCCNC(=O)C1CCCO1)C2=NC3=CC(=C(C=C3C(=N2)N)OC)OC,CN(CCCNC(=O)C1CCCO1)C2=NC3=CC(=C(C=C3C(=N2)N)OC)OC,"InChI=1S/C19H27N5O4/c1-24(8-5-7-21-18(25)14-6-4-9-28-14)19-22-13-11-16(27-3)15(26-2)10-12(13)17(20)23-19/h10-11,14H,4-9H2,1-3H3,(H,21,25)(H2,20,22,23)",WNMJYKCGWZFFKR-UHFFFAOYSA-N,exact DDInter name query,exact_unique,valid,"https://pubchem.ncbi.nlm.nih.gov/rest/pug/compound/name/Alfuzosin/property/Title,ConnectivitySMILES,SMILES,InChI,InChIKey/JSON",2026-09-22
DDInter440,Conjugated estrogens (topical),,,,,,,exact DDInter name query,unmapped,unavailable,"https://pubchem.ncbi.nlm.nih.gov/rest/pug/compound/name/Conjugated%20estrogens%20%28topical%29/property/Title,ConnectivitySMILES,SMILES,InChI,InChIKey/JSON",2026-09-22
DDInter441,Copanlisib,135565596,Copanlisib,COC1=C(C=CC2=C3NCCN3C(=NC(=O)C4=CN=C(N=C4)N)N=C21)OCCCN5CCOCC5,COC1=C(C=CC2=C3NCCN3C(=NC(=O)C4=CN=C(N=C4)N)N=C21)OCCCN5CCOCC5,"InChI=1S/C23H28N8O4/c1-33-19-17(35-10-2-6-30-8-11-34-12-9-30)4-3-16-18(19)28-23(31-7-5-25-20(16)31)29-21(32)15-13-26-22(24)27-14-15/h3-4,13-14,25H,2,5-12H2,1H3,(H2,24,26,27)",MWYDSXOGIBMAET-UHFFFAOYSA-N,exact DDInter name query,exact_unique,valid,"https://pubchem.ncbi.nlm.nih.gov/rest/pug/compound/name/Copanlisib/property/Title,ConnectivitySMILES,SMILES,InChI,InChIKey/JSON",2026-09-22
DDInter442,Copper gluconate,10692,"Bis(D-gluconato-kappaO1,kappaO2)copper",C(C(C(C(C(C(=O)[O-])O)O)O)O)O.C(C(C(C(C(C(=O)[O-])O)O)O)O)O.[Cu+2],C([C@H]([C@H]([C@@H]([C@H](C(=O)[O-])O)O)O)O)O.C([C@H]([C@H]([C@@H]([C@H](C(=O)[O-])O)O)O)O)O.[Cu+2],"InChI=1S/2C6H12O7.Cu/c2*7-1-2(8)3(9)4(10)5(11)6(12)13;/h2*2-5,7-11H,1H2,(H,12,13);/q;;+2/p-2/t2*2-,3-,4+,5-;/m11./s1",OCUCCJIRFHNWBP-IYEMJOQQSA-L,exact DDInter name query,ambiguous,excluded_title_mismatch,"https://pubchem.ncbi.nlm.nih.gov/rest/pug/compound/name/Copper%20gluconate/property/Title,ConnectivitySMILES,SMILES,InChI,InChIKey/JSON",2026-09-22
DDInter443,Copper oxodotreotide Cu-64,124220636,Copper Cu 64 Dotatate,CC(C1C(=O)NC(CSSCC(C(=O)NC(C(=O)NC(C(=O)NC(C(=O)N1)CCCCN)CC2=CNC3=CC=CC=C32)CC4=CC=C(C=C4)O)NC(=O)C(CC5=CC=CC=C5)NC(=O)CN6CCN(CCN(CCN(CC6)CC(=O)[O-])CC(=O)[O-])CC(=O)O)C(=O)NC(C(C)O)C(=O)O)O.[Cu+2],C[C@H]([C@H]1C(=O)N[C@@H](CSSC[C@@H](C(=O)N[C@H](C(=O)N[C@@H](C(=O)N[C@H](C(=O)N1)CCCCN)CC2=CNC3=CC=CC=C32)CC4=CC=C(C=C4)O)NC(=O)[C@@H](CC5=CC=CC=C5)NC(=O)CN6CCN(CCN(CCN(CC6)CC(=O)[O-])CC(=O)[O-])CC(=O)O)C(=O)N[C@@H]([C@@H](C)O)C(=O)O)O.[64Cu+2],"InChI=1S/C65H90N14O19S2.Cu/c1-38(80)56-64(96)73-51(63(95)75-57(39(2)81)65(97)98)37-100-99-36-50(72-59(91)47(28-40-10-4-3-5-11-40)68-52(83)32-76-20-22-77(33-53(84)85)24-26-79(35-55(88)89)27-25-78(23-21-76)34-54(86)87)62(94)70-48(29-41-15-17-43(82)18-16-41)60(92)71-49(30-42-31-67-45-13-7-6-12-44(42)45)61(93)69-46(58(90)74-56)14-8-9-19-66;/h3-7,10-13,15-18,31,38-39,46-51,56-57,67,80-82H,8-9,14,19-30,32-37,66H2,1-2H3,(H,68,83)(H,69,93)(H,70,94)(H,71,92)(H,72,91)(H,73,96)(H,74,90)(H,75,95)(H,84,85)(H,86,87)(H,88,89)(H,97,98);/q;+2/p-2/t38-,39-,46+,47-,48+,49-,50+,51+,56+,57+;/m1./s1/i;1+0",IJRLLVFQGCCPPI-NVGRTJHCSA-L,exact DDInter name query,ambiguous,excluded_title_mismatch,"https://pubchem.ncbi.nlm.nih.gov/rest/pug/compound/name/Copper%20oxodotreotide%20Cu-64/property/Title,ConnectivitySMILES,SMILES,InChI,InChIKey/JSON",2026-09-22
DDInter445,Corticotropin,16132265,Corticotropin,CC(C)CC(C(=O)NC(CCC(=O)O)C(=O)NC(CC1=CC=CC=C1)C(=O)O)NC(=O)C2CCCN2C(=O)C(CC3=CC=CC=C3)NC(=O)C(C)NC(=O)C(CCC(=O)O)NC(=O)C(C)NC(=O)C(CO)NC(=O)C(CCC(=O)O)NC(=O)C(CC(=O)O)NC(=O)C(CCC(=O)O)NC(=O)C(C)NC(=O)CNC(=O)C(CC(=O)N)NC(=O)C4CCCN4C(=O)C(CC5=CC=C(C=C5)O)NC(=O)C(C(C)C)NC(=O)C(CCCCN)NC(=O)C(C(C)C)NC(=O)C6CCCN6C(=O)C(CCCNC(=N)N)NC(=O)C(CCCNC(=N)N)NC(=O)C(CCCCN)NC(=O)C(CCCCN)NC(=O)CNC(=O)C(C(C)C)NC(=O)C7CCCN7C(=O)C(CCCCN)NC(=O)CNC(=O)C(CC8=CNC9=CC=CC=C98)NC(=O)C(CCCNC(=N)N)NC(=O)C(CC1=CC=CC=C1)NC(=O)C(CC1=CN=CN1)NC(=O)C(CCC(=O)O)NC(=O)C(CCSC)NC(=O)C(CO)NC(=O)C(CC1=CC=C(C=C1)O)NC(=O)C(CO)N,C[C@@H](C(=O)N[C@@H](CCC(=O)O)C(=O)N[C@@H](CC(=O)O)C(=O)N[C@@H](CCC(=O)O)C(=O)N[C@@H](CO)C(=O)N[C@@H](C)C(=O)N[C@@H](CCC(=O)O)C(=O)N[C@@H](C)C(=O)N[C@@H](CC1=CC=CC=C1)C(=O)N2CCC[C@H]2C(=O)N[C@@H](CC(C)C)C(=O)N[C@@H](CCC(=O)O)C(=O)N[C@@H](CC3=CC=CC=C3)C(=O)O)NC(=O)CNC(=O)[C@H](CC(=O)N)NC(=O)[C@@H]4CCCN4C(=O)[C@H](CC5=CC=C(C=C5)O)NC(=O)[C@H](C(C)C)NC(=O)[C@H](CCCCN)NC(=O)[C@H](C(C)C)NC(=O)[C@@H]6CCCN6C(=O)[C@H](CCCNC(=N)N)NC(=O)[C@H](CCCNC(=N)N)NC(=O)[C@H](CCCCN)NC(=O)[C@H](CCCCN)NC(=O)CNC(=O)[C@H](C(C)C)NC(=O)[C@@H]7CCCN7C(=O)[C@H](CCCCN)NC(=O)CNC(=O)[C@H](CC8=CNC9=CC=CC=C98)NC(=O)[C@H](CCCNC(=N)N)NC(=O)[C@H](CC1=CC=CC=C1)NC(=O)[C@H](CC1=CN=CN1)NC(=O)[C@H](CCC(=O)O)NC(=O)[C@H](CCSC)NC(=O)[C@H](CO)NC(=O)[C@H](CC1=CC=C(C=C1)O)NC(=O)[C@H](CO)N,"InChI=1S/C207H308N56O58S/c1-108(2)89-140(186(302)240-135(69-74-163(279)280)182(298)254-149(204(320)321)94-117-43-20-15-21-44-117)250-193(309)152-54-35-86-262(152)202(318)147(92-116-41-18-14-19-42-116)252-171(287)114(11)230-175(291)132(66-71-160(273)274)234-170(286)113(10)231-191(307)150(105-265)255-183(299)136(70-75-164(281)282)241-190(306)146(98-165(283)284)249-180(296)133(67-72-161(275)276)235-169(285)112(9)229-157(270)101-225-174(290)145(97-156(213)269)251-194(310)153-55-36-87-263(153)203(319)148(93-119-60-64-123(268)65-61-119)253-199(315)167(110(5)6)257-185(301)129(49-26-30-79-210)243-198(314)168(111(7)8)259-196(312)155-57-38-85-261(155)201(317)139(53-34-83-223-207(218)219)244-178(294)130(51-32-81-221-205(214)215)237-177(293)128(48-25-29-78-209)236-176(292)127(47-24-28-77-208)232-158(271)103-227-197(313)166(109(3)4)258-195(311)154-56-37-84-260(154)200(316)138(50-27-31-80-211)233-159(272)102-226-173(289)143(95-120-99-224-126-46-23-22-45-124(120)126)247-179(295)131(52-33-82-222-206(216)217)238-187(303)142(90-115-39-16-13-17-40-115)246-189(305)144(96-121-100-220-107-228-121)248-181(297)134(68-73-162(277)278)239-184(300)137(76-88-322-12)242-192(308)151(106-266)256-188(304)141(245-172(288)125(212)104-264)91-118-58-62-122(267)63-59-118/h13-23,39-46,58-65,99-100,107-114,125,127-155,166-168,224,264-268H,24-38,47-57,66-98,101-106,208-212H2,1-12H3,(H2,213,269)(H,220,228)(H,225,290)(H,226,289)(H,227,313)(H,229,270)(H,230,291)(H,231,307)(H,232,271)(H,233,272)(H,234,286)(H,235,285)(H,236,292)(H,237,293)(H,238,303)(H,239,300)(H,240,302)(H,241,306)(H,242,308)(H,243,314)(H,244,294)(H,245,288)(H,246,305)(H,247,295)(H,248,297)(H,249,296)(H,250,309)(H,251,310)(H,252,287)(H,253,315)(H,254,298)(H,255,299)(H,256,304)(H,257,301)(H,258,311)(H,259,312)(H,273,274)(H,275,276)(H,277,278)(H,279,280)(H,281,282)(H,283,284)(H,320,321)(H4,214,215,221)(H4,216,217,222)(H4,218,219,223)/t112-,113-,114-,125-,127-,128-,129-,130-,131-,132-,133-,134-,135-,136-,137-,138-,139-,140-,141-,142-,143-,144-,145-,146-,147-,148-,149-,150-,151-,152-,153-,154-,155-,166-,167-,168-/m0/s1",IDLFZVILOHSSID-OVLDLUHVSA-N,exact DDInter name query,exact_unique,valid,"https://pubchem.ncbi.nlm.nih.gov/rest/pug/compound/name/Corticotropin/property/Title,ConnectivitySMILES,SMILES,InChI,InChIKey/JSON",2026-09-22
DDInter446,Cranberry,,,,,,,exact DDInter name query,unmapped,unavailable,"https://pubchem.ncbi.nlm.nih.gov/rest/pug/compound/name/Cranberry/property/Title,ConnectivitySMILES,SMILES,InChI,InChIKey/JSON",2026-09-22
DDInter447,Creatine,586,Creatine,CN(CC(=O)O)C(=N)N,CN(CC(=O)O)C(=N)N,"InChI=1S/C4H9N3O2/c1-7(4(5)6)2-3(8)9/h2H2,1H3,(H3,5,6)(H,8,9)",CVSVTCORWBXHQV-UHFFFAOYSA-N,exact DDInter name query,exact_unique,valid,"https://pubchem.ncbi.nlm.nih.gov/rest/pug/compound/name/Creatine/property/Title,ConnectivitySMILES,SMILES,InChI,InChIKey/JSON",2026-09-22
DDInter448,Crizotinib,11626560,Crizotinib,CC(C1=C(C=CC(=C1Cl)F)Cl)OC2=C(N=CC(=C2)C3=CN(N=C3)C4CCNCC4)N,C[C@H](C1=C(C=CC(=C1Cl)F)Cl)OC2=C(N=CC(=C2)C3=CN(N=C3)C4CCNCC4)N,"InChI=1S/C21H22Cl2FN5O/c1-12(19-16(22)2-3-17(24)20(19)23)30-18-8-13(9-27-21(18)25)14-10-28-29(11-14)15-4-6-26-7-5-15/h2-3,8-12,15,26H,4-7H2,1H3,(H2,25,27)/t12-/m1/s1",KTEIFNKAUNYNJU-GFCCVEGCSA-N,exact DDInter name query,exact_unique,valid,"https://pubchem.ncbi.nlm.nih.gov/rest/pug/compound/name/Crizotinib/property/Title,ConnectivitySMILES,SMILES,InChI,InChIKey/JSON",2026-09-22
DDInter449,Cromoglicic acid,2882,Cromolyn,C1=CC2=C(C(=C1)OCC(COC3=CC=CC4=C3C(=O)C=C(O4)C(=O)O)O)C(=O)C=C(O2)C(=O)O,C1=CC2=C(C(=C1)OCC(COC3=CC=CC4=C3C(=O)C=C(O4)C(=O)O)O)C(=O)C=C(O2)C(=O)O,"InChI=1S/C23H16O11/c24-11(9-31-14-3-1-5-16-20(14)12(25)7-18(33-16)22(27)28)10-32-15-4-2-6-17-21(15)13(26)8-19(34-17)23(29)30/h1-8,11,24H,9-10H2,(H,27,28)(H,29,30)",IMZMKUWMOSJXDT-UHFFFAOYSA-N,exact DDInter name query,ambiguous,excluded_title_mismatch,"https://pubchem.ncbi.nlm.nih.gov/rest/pug/compound/name/Cromoglicic%20acid/property/Title,ConnectivitySMILES,SMILES,InChI,InChIKey/JSON",2026-09-22
DDInter45,Alimemazine,5574,(+-)-Trimeprazine,CC(CN1C2=CC=CC=C2SC3=CC=CC=C31)CN(C)C,CC(CN1C2=CC=CC=C2SC3=CC=CC=C31)CN(C)C,"InChI=1S/C18H22N2S/c1-14(12-19(2)3)13-20-15-8-4-6-10-17(15)21-18-11-7-5-9-16(18)20/h4-11,14H,12-13H2,1-3H3",ZZHLYYDVIOPZBE-UHFFFAOYSA-N,exact DDInter name query,ambiguous,excluded_title_mismatch,"https://pubchem.ncbi.nlm.nih.gov/rest/pug/compound/name/Alimemazine/property/Title,ConnectivitySMILES,SMILES,InChI,InChIKey/JSON",2026-09-22
DDInter451,Cyanocobalamin,166596686,Cyanocobalamin,CC1=CC2=C(C=C1C)[N+](=CN2)C3C(C(C(O3)CO)OP(=O)(O)OC(C)CNC(=O)CCC4(C(C5C6(C(C(C(=N6)C(=C7C(C(C(=CC8=NC(=C(C4=N5)C)C(C8(C)C)CCC(=N)[O-])N7)CCC(=N)[O-])(C)CC(=O)N)C)CCC(=N)[O-])(C)CC(=O)N)C)CC(=O)N)C)O.[C]#N.[Co+2],CC1=CC2=C(C=C1C)[N+](=CN2)[C@@H]3[C@@H]([C@@H]([C@H](O3)CO)OP(=O)(O)O[C@H](C)CNC(=O)CC[C@@]4([C@H]([C@@H]5[C@]6([C@@]([C@@H](C(=N6)/C(=C\7/[C@@]([C@@H](/C(=C/C8=N/C(=C(\C4=N5)/C)/[C@H](C8(C)C)CCC(=N)[O-])/N7)CCC(=N)[O-])(C)CC(=O)N)/C)CCC(=N)[O-])(C)CC(=O)N)C)CC(=O)N)C)O.[C]#N.[Co+2],"InChI=1S/C62H90N13O14P.CN.Co/c1-29-20-39-40(21-30(29)2)75(28-70-39)57-52(84)53(41(27-76)87-57)89-90(85,86)88-31(3)26-69-49(83)18-19-59(8)37(22-46(66)80)56-62(11)61(10,25-48(68)82)36(14-17-45(65)79)51(74-62)33(5)55-60(9,24-47(67)81)34(12-15-43(63)77)38(71-55)23-42-58(6,7)35(13-16-44(64)78)50(72-42)32(4)54(59)73-56;1-2;/h20-21,23,28,31,34-37,41,52-53,56-57,76,84H,12-19,22,24-27H2,1-11H3,(H15,63,64,65,66,67,68,69,71,72,73,74,77,78,79,80,81,82,83,85,86);;/q;;+2/p-2/t31-,34-,35-,36-,37+,41-,52-,53-,56-,57+,59-,60+,61+,62+;;/m1../s1",RMRCNWBMXRMIRW-WZHZPDAFSA-L,exact DDInter name query,exact_unique,valid,"https://pubchem.ncbi.nlm.nih.gov/rest/pug/compound/name/Cyanocobalamin/property/Title,ConnectivitySMILES,SMILES,InChI,InChIKey/JSON",2026-09-22
DDInter452,Cyclandelate,2893,Cyclandelate,CC1CC(CC(C1)(C)C)OC(=O)C(C2=CC=CC=C2)O,CC1CC(CC(C1)(C)C)OC(=O)C(C2=CC=CC=C2)O,"InChI=1S/C17H24O3/c1-12-9-14(11-17(2,3)10-12)20-16(19)15(18)13-7-5-4-6-8-13/h4-8,12,14-15,18H,9-11H2,1-3H3",WZHCOOQXZCIUNC-UHFFFAOYSA-N,exact DDInter name query,exact_unique,valid,"https://pubchem.ncbi.nlm.nih.gov/rest/pug/compound/name/Cyclandelate/property/Title,ConnectivitySMILES,SMILES,InChI,InChIKey/JSON",2026-09-22
DDInter453,Cyclizine,6726,Cyclizine,CN1CCN(CC1)C(C2=CC=CC=C2)C3=CC=CC=C3,CN1CCN(CC1)C(C2=CC=CC=C2)C3=CC=CC=C3,"InChI=1S/C18H22N2/c1-19-12-14-20(15-13-19)18(16-8-4-2-5-9-16)17-10-6-3-7-11-17/h2-11,18H,12-15H2,1H3",UVKZSORBKUEBAZ-UHFFFAOYSA-N,exact DDInter name query,exact_unique,valid,"https://pubchem.ncbi.nlm.nih.gov/rest/pug/compound/name/Cyclizine/property/Title,ConnectivitySMILES,SMILES,InChI,InChIKey/JSON",2026-09-22
DDInter454,Cyclobenzaprine,2895,Cyclobenzaprine,CN(C)CCC=C1C2=CC=CC=C2C=CC3=CC=CC=C31,CN(C)CCC=C1C2=CC=CC=C2C=CC3=CC=CC=C31,"InChI=1S/C20H21N/c1-21(2)15-7-12-20-18-10-5-3-8-16(18)13-14-17-9-4-6-11-19(17)20/h3-6,8-14H,7,15H2,1-2H3",JURKNVYFZMSNLP-UHFFFAOYSA-N,exact DDInter name query,exact_unique,valid,"https://pubchem.ncbi.nlm.nih.gov/rest/pug/compound/name/Cyclobenzaprine/property/Title,ConnectivitySMILES,SMILES,InChI,InChIKey/JSON",2026-09-22
DDInter455,Cyclopentolate (ophthalmic),,,,,,,exact DDInter name query,unmapped,unavailable,"https://pubchem.ncbi.nlm.nih.gov/rest/pug/compound/name/Cyclopentolate%20%28ophthalmic%29/property/Title,ConnectivitySMILES,SMILES,InChI,InChIKey/JSON",2026-09-22
DDInter456,Cyclophosphamide,2907,Cyclophosphamide,C1CNP(=O)(OC1)N(CCCl)CCCl,C1CNP(=O)(OC1)N(CCCl)CCCl,"InChI=1S/C7H15Cl2N2O2P/c8-2-5-11(6-3-9)14(12)10-4-1-7-13-14/h1-7H2,(H,10,12)",CMSMOCZEIVJLDB-UHFFFAOYSA-N,exact DDInter name query,exact_unique,valid,"https://pubchem.ncbi.nlm.nih.gov/rest/pug/compound/name/Cyclophosphamide/property/Title,ConnectivitySMILES,SMILES,InChI,InChIKey/JSON",2026-09-22
DDInter457,Cycloserine,6234,Cycloserine,C1C(C(=O)NO1)N,C1[C@H](C(=O)NO1)N,"InChI=1S/C3H6N2O2/c4-2-1-7-5-3(2)6/h2H,1,4H2,(H,5,6)/t2-/m1/s1",DYDCUQKUCUHJBH-UWTATZPHSA-N,exact DDInter name query,exact_unique,valid,"https://pubchem.ncbi.nlm.nih.gov/rest/pug/compound/name/Cycloserine/property/Title,ConnectivitySMILES,SMILES,InChI,InChIKey/JSON",2026-09-22
DDInter458,Cyclosporine,5284373,Cyclosporin A,CCC1C(=O)N(CC(=O)N(C(C(=O)NC(C(=O)N(C(C(=O)NC(C(=O)NC(C(=O)N(C(C(=O)N(C(C(=O)N(C(C(=O)N(C(C(=O)N1)C(C(C)CC=CC)O)C)C(C)C)C)CC(C)C)C)CC(C)C)C)C)C)CC(C)C)C)C(C)C)CC(C)C)C)C,CC[C@H]1C(=O)N(CC(=O)N([C@H](C(=O)N[C@H](C(=O)N([C@H](C(=O)N[C@H](C(=O)N[C@@H](C(=O)N([C@H](C(=O)N([C@H](C(=O)N([C@H](C(=O)N([C@H](C(=O)N1)[C@@H]([C@H](C)C/C=C/C)O)C)C(C)C)C)CC(C)C)C)CC(C)C)C)C)C)CC(C)C)C)C(C)C)CC(C)C)C)C,"InChI=1S/C62H111N11O12/c1-25-27-28-40(15)52(75)51-56(79)65-43(26-2)58(81)67(18)33-48(74)68(19)44(29-34(3)4)55(78)66-49(38(11)12)61(84)69(20)45(30-35(5)6)54(77)63-41(16)53(76)64-42(17)57(80)70(21)46(31-36(7)8)59(82)71(22)47(32-37(9)10)60(83)72(23)50(39(13)14)62(85)73(51)24/h25,27,34-47,49-52,75H,26,28-33H2,1-24H3,(H,63,77)(H,64,76)(H,65,79)(H,66,78)/b27-25+/t40-,41+,42-,43+,44+,45+,46+,47+,49+,50+,51+,52-/m1/s1",PMATZTZNYRCHOR-CGLBZJNRSA-N,exact DDInter name query,ambiguous,excluded_title_mismatch,"https://pubchem.ncbi.nlm.nih.gov/rest/pug/compound/name/Cyclosporine/property/Title,ConnectivitySMILES,SMILES,InChI,InChIKey/JSON",2026-09-22
DDInter459,Cyproheptadine,2913,Cyproheptadine,CN1CCC(=C2C3=CC=CC=C3C=CC4=CC=CC=C42)CC1,CN1CCC(=C2C3=CC=CC=C3C=CC4=CC=CC=C42)CC1,"InChI=1S/C21H21N/c1-22-14-12-18(13-15-22)21-19-8-4-2-6-16(19)10-11-17-7-3-5-9-20(17)21/h2-11H,12-15H2,1H3",JJCFRYNCJDLXIK-UHFFFAOYSA-N,exact DDInter name query,exact_unique,valid,"https://pubchem.ncbi.nlm.nih.gov/rest/pug/compound/name/Cyproheptadine/property/Title,ConnectivitySMILES,SMILES,InChI,InChIKey/JSON",2026-09-22
DDInter46,Aliskiren,5493444,Aliskiren,CC(C)C(CC1=CC(=C(C=C1)OC)OCCCOC)CC(C(CC(C(C)C)C(=O)NCC(C)(C)C(=O)N)O)N,CC(C)[C@@H](CC1=CC(=C(C=C1)OC)OCCCOC)C[C@@H]([C@H](C[C@@H](C(C)C)C(=O)NCC(C)(C)C(=O)N)O)N,"InChI=1S/C30H53N3O6/c1-19(2)22(14-21-10-11-26(38-8)27(15-21)39-13-9-12-37-7)16-24(31)25(34)17-23(20(3)4)28(35)33-18-30(5,6)29(32)36/h10-11,15,19-20,22-25,34H,9,12-14,16-18,31H2,1-8H3,(H2,32,36)(H,33,35)/t22-,23-,24-,25-/m0/s1",UXOWGYHJODZGMF-QORCZRPOSA-N,exact DDInter name query,exact_unique,valid,"https://pubchem.ncbi.nlm.nih.gov/rest/pug/compound/name/Aliskiren/property/Title,ConnectivitySMILES,SMILES,InChI,InChIKey/JSON",2026-09-22
DDInter460,Cytarabine,6253,Cytarabine,C1=CN(C(=O)N=C1N)C2C(C(C(O2)CO)O)O,C1=CN(C(=O)N=C1N)[C@H]2[C@H]([C@@H]([C@H](O2)CO)O)O,"InChI=1S/C9H13N3O5/c10-5-1-2-12(9(16)11-5)8-7(15)6(14)4(3-13)17-8/h1-2,4,6-8,13-15H,3H2,(H2,10,11,16)/t4-,6-,7+,8-/m1/s1",UHDGCWIWMRVCDJ-CCXZUQQUSA-N,exact DDInter name query,exact_unique,valid,"https://pubchem.ncbi.nlm.nih.gov/rest/pug/compound/name/Cytarabine/property/Title,ConnectivitySMILES,SMILES,InChI,InChIKey/JSON",2026-09-22
DDInter461,Cytarabine (liposomal),,,,,,,exact DDInter name query,unmapped,unavailable,"https://pubchem.ncbi.nlm.nih.gov/rest/pug/compound/name/Cytarabine%20%28liposomal%29/property/Title,ConnectivitySMILES,SMILES,InChI,InChIKey/JSON",2026-09-22
DDInter462,Dabrafenib,44462760,Dabrafenib,CC(C)(C)C1=NC(=C(S1)C2=NC(=NC=C2)N)C3=C(C(=CC=C3)NS(=O)(=O)C4=C(C=CC=C4F)F)F,CC(C)(C)C1=NC(=C(S1)C2=NC(=NC=C2)N)C3=C(C(=CC=C3)NS(=O)(=O)C4=C(C=CC=C4F)F)F,"InChI=1S/C23H20F3N5O2S2/c1-23(2,3)21-30-18(19(34-21)16-10-11-28-22(27)29-16)12-6-4-9-15(17(12)26)31-35(32,33)20-13(24)7-5-8-14(20)25/h4-11,31H,1-3H3,(H2,27,28,29)",BFSMGDJOXZAERB-UHFFFAOYSA-N,exact DDInter name query,exact_unique,valid,"https://pubchem.ncbi.nlm.nih.gov/rest/pug/compound/name/Dabrafenib/property/Title,ConnectivitySMILES,SMILES,InChI,InChIKey/JSON",2026-09-22
DDInter463,Dacarbazine,135398738,Dacarbazine,CN(C)N=NC1=C(NC=N1)C(=O)N,CN(C)/N=N/C1=C(NC=N1)C(=O)N,"InChI=1S/C6H10N6O/c1-12(2)11-10-6-4(5(7)13)8-3-9-6/h3H,1-2H3,(H2,7,13)(H,8,9)/b11-10+",FDKXTQMXEQVLRF-ZHACJKMWSA-N,exact DDInter name query,exact_unique,valid,"https://pubchem.ncbi.nlm.nih.gov/rest/pug/compound/name/Dacarbazine/property/Title,ConnectivitySMILES,SMILES,InChI,InChIKey/JSON",2026-09-22
DDInter464,Daclatasvir,25154714,Daclatasvir,CC(C)C(C(=O)N1CCCC1C2=NC=C(N2)C3=CC=C(C=C3)C4=CC=C(C=C4)C5=CN=C(N5)C6CCCN6C(=O)C(C(C)C)NC(=O)OC)NC(=O)OC,CC(C)[C@@H](C(=O)N1CCC[C@H]1C2=NC=C(N2)C3=CC=C(C=C3)C4=CC=C(C=C4)C5=CN=C(N5)[C@@H]6CCCN6C(=O)[C@H](C(C)C)NC(=O)OC)NC(=O)OC,"InChI=1S/C40H50N8O6/c1-23(2)33(45-39(51)53-5)37(49)47-19-7-9-31(47)35-41-21-29(43-35)27-15-11-25(12-16-27)26-13-17-28(18-14-26)30-22-42-36(44-30)32-10-8-20-48(32)38(50)34(24(3)4)46-40(52)54-6/h11-18,21-24,31-34H,7-10,19-20H2,1-6H3,(H,41,43)(H,42,44)(H,45,51)(H,46,52)/t31-,32-,33-,34-/m0/s1",FKRSSPOQAMALKA-CUPIEXAXSA-N,exact DDInter name query,exact_unique,valid,"https://pubchem.ncbi.nlm.nih.gov/rest/pug/compound/name/Daclatasvir/property/Title,ConnectivitySMILES,SMILES,InChI,InChIKey/JSON",2026-09-22
DDInter465,Dacomitinib,11511120,Dacomitinib,COC1=C(C=C2C(=C1)N=CN=C2NC3=CC(=C(C=C3)F)Cl)NC(=O)C=CCN4CCCCC4,COC1=C(C=C2C(=C1)N=CN=C2NC3=CC(=C(C=C3)F)Cl)NC(=O)/C=C/CN4CCCCC4,"InChI=1S/C24H25ClFN5O2/c1-33-22-14-20-17(24(28-15-27-20)29-16-7-8-19(26)18(25)12-16)13-21(22)30-23(32)6-5-11-31-9-3-2-4-10-31/h5-8,12-15H,2-4,9-11H2,1H3,(H,30,32)(H,27,28,29)/b6-5+",LVXJQMNHJWSHET-AATRIKPKSA-N,exact DDInter name query,exact_unique,valid,"https://pubchem.ncbi.nlm.nih.gov/rest/pug/compound/name/Dacomitinib/property/Title,ConnectivitySMILES,SMILES,InChI,InChIKey/JSON",2026-09-22
DDInter466,Dactinomycin,457193,Dactinomycin,CC1C(C(=O)NC(C(=O)N2CCCC2C(=O)N(CC(=O)N(C(C(=O)O1)C(C)C)C)C)C(C)C)NC(=O)C3=C4C(=C(C=C3)C)OC5=C(C(=O)C(=C(C5=N4)C(=O)NC6C(OC(=O)C(N(C(=O)CN(C(=O)C7CCCN7C(=O)C(NC6=O)C(C)C)C)C)C(C)C)C)N)C,C[C@@H]1[C@@H](C(=O)N[C@@H](C(=O)N2CCC[C@H]2C(=O)N(CC(=O)N([C@H](C(=O)O1)C(C)C)C)C)C(C)C)NC(=O)C3=C4C(=C(C=C3)C)OC5=C(C(=O)C(=C(C5=N4)C(=O)N[C@H]6[C@H](OC(=O)[C@@H](N(C(=O)CN(C(=O)[C@@H]7CCCN7C(=O)[C@H](NC6=O)C(C)C)C)C)C(C)C)C)N)C,"InChI=1S/C62H86N12O16/c1-27(2)42-59(84)73-23-17-19-36(73)57(82)69(13)25-38(75)71(15)48(29(5)6)61(86)88-33(11)44(55(80)65-42)67-53(78)35-22-21-31(9)51-46(35)64-47-40(41(63)50(77)32(10)52(47)90-51)54(79)68-45-34(12)89-62(87)49(30(7)8)72(16)39(76)26-70(14)58(83)37-20-18-24-74(37)60(85)43(28(3)4)66-56(45)81/h21-22,27-30,33-34,36-37,42-45,48-49H,17-20,23-26,63H2,1-16H3,(H,65,80)(H,66,81)(H,67,78)(H,68,79)/t33-,34-,36+,37+,42-,43-,44+,45+,48+,49+/m1/s1",RJURFGZVJUQBHK-IIXSONLDSA-N,exact DDInter name query,exact_unique,valid,"https://pubchem.ncbi.nlm.nih.gov/rest/pug/compound/name/Dactinomycin/property/Title,ConnectivitySMILES,SMILES,InChI,InChIKey/JSON",2026-09-22
DDInter467,Dalbavancin,16134627,Dalbavancin,CC(C)CCCCCCCCC(=O)NC1C(C(C(OC1OC2=C3C=C4C=C2OC5=C(C=C(C=C5)C(C6C(=O)NC(C7=C(C(=CC(=C7)O)OC8C(C(C(C(O8)CO)O)O)O)C9=C(C=CC(=C9)C(C(=O)N6)NC(=O)C4NC(=O)C1C2=C(C(=CC(=C2)OC2=C(C=CC(=C2)C(C(=O)NC(CC2=CC=C(O3)C=C2)C(=O)N1)NC)O)O)Cl)O)C(=O)NCCCN(C)C)O)Cl)C(=O)O)O)O,CC(C)CCCCCCCCC(=O)N[C@@H]1[C@H]([C@@H]([C@H](O[C@H]1OC2=C3C=C4C=C2OC5=C(C=C(C=C5)[C@H]([C@H]6C(=O)N[C@@H](C7=C(C(=CC(=C7)O)O[C@@H]8[C@H]([C@H]([C@@H]([C@H](O8)CO)O)O)O)C9=C(C=CC(=C9)[C@H](C(=O)N6)NC(=O)[C@@H]4NC(=O)[C@@H]1C2=C(C(=CC(=C2)OC2=C(C=CC(=C2)[C@H](C(=O)N[C@H](CC2=CC=C(O3)C=C2)C(=O)N1)NC)O)O)Cl)O)C(=O)NCCCN(C)C)O)Cl)C(=O)O)O)O,"InChI=1S/C88H100Cl2N10O28/c1-38(2)13-10-8-6-7-9-11-14-61(106)94-70-73(109)75(111)78(86(120)121)128-87(70)127-77-58-31-43-32-59(77)124-55-24-19-42(29-50(55)89)71(107)69-85(119)98-67(80(114)92-25-12-26-100(4)5)48-33-44(102)34-57(125-88-76(112)74(110)72(108)60(37-101)126-88)62(48)47-28-40(17-22-52(47)103)65(82(116)99-69)95-83(117)66(43)96-84(118)68-49-35-46(36-54(105)63(49)90)123-56-30-41(18-23-53(56)104)64(91-3)81(115)93-51(79(113)97-68)27-39-15-20-45(122-58)21-16-39/h15-24,28-36,38,51,60,64-76,78,87-88,91,101-105,107-112H,6-14,25-27,37H2,1-5H3,(H,92,114)(H,93,115)(H,94,106)(H,95,117)(H,96,118)(H,97,113)(H,98,119)(H,99,116)(H,120,121)/t51-,60-,64-,65-,66-,67+,68+,69+,70-,71-,72-,73-,74+,75+,76+,78+,87-,88+/m1/s1",KGPGQDLTDHGEGT-SZUNQUCBSA-N,exact DDInter name query,exact_unique,valid,"https://pubchem.ncbi.nlm.nih.gov/rest/pug/compound/name/Dalbavancin/property/Title,ConnectivitySMILES,SMILES,InChI,InChIKey/JSON",2026-09-22
DDInter468,Dalfampridine,1727,4-Aminopyridine,C1=CN=CC=C1N,C1=CN=CC=C1N,"InChI=1S/C5H6N2/c6-5-1-3-7-4-2-5/h1-4H,(H2,6,7)",NUKYPUAOHBNCPY-UHFFFAOYSA-N,exact DDInter name query,ambiguous,excluded_title_mismatch,"https://pubchem.ncbi.nlm.nih.gov/rest/pug/compound/name/Dalfampridine/property/Title,ConnectivitySMILES,SMILES,InChI,InChIKey/JSON",2026-09-22
DDInter469,Dalfopristin,6323289,Dalfopristin,CCN(CC)CCS(=O)(=O)C1CCN2C1C(=O)OC(C(C=CC(=O)NCC=CC(=CC(CC(=O)CC3=NC(=CO3)C2=O)O)C)C)C(C)C,CCN(CC)CCS(=O)(=O)[C@@H]1CCN2[C@H]1C(=O)O[C@@H]([C@@H](/C=C/C(=O)NC/C=C/C(=C/[C@H](CC(=O)CC3=NC(=CO3)C2=O)O)/C)C)C(C)C,"InChI=1S/C34H50N4O9S/c1-7-37(8-2)16-17-48(44,45)28-13-15-38-31(28)34(43)47-32(22(3)4)24(6)11-12-29(41)35-14-9-10-23(5)18-25(39)19-26(40)20-30-36-27(21-46-30)33(38)42/h9-12,18,21-22,24-25,28,31-32,39H,7-8,13-17,19-20H2,1-6H3,(H,35,41)/b10-9+,12-11+,23-18+/t24-,25-,28-,31-,32-/m1/s1",SUYRLXYYZQTJHF-VMBLUXKRSA-N,exact DDInter name query,exact_unique,valid,"https://pubchem.ncbi.nlm.nih.gov/rest/pug/compound/name/Dalfopristin/property/Title,ConnectivitySMILES,SMILES,InChI,InChIKey/JSON",2026-09-22
DDInter47,Alitretinoin (topical),,,,,,,exact DDInter name query,unmapped,unavailable,"https://pubchem.ncbi.nlm.nih.gov/rest/pug/compound/name/Alitretinoin%20%28topical%29/property/Title,ConnectivitySMILES,SMILES,InChI,InChIKey/JSON",2026-09-22
DDInter470,Dalteparin,,,,,,,exact DDInter name query,unmapped,unavailable,"https://pubchem.ncbi.nlm.nih.gov/rest/pug/compound/name/Dalteparin/property/Title,ConnectivitySMILES,SMILES,InChI,InChIKey/JSON",2026-09-22
DDInter471,Danaparoid,,,,,,,exact DDInter name query,unmapped,unavailable,"https://pubchem.ncbi.nlm.nih.gov/rest/pug/compound/name/Danaparoid/property/Title,ConnectivitySMILES,SMILES,InChI,InChIKey/JSON",2026-09-22
DDInter472,Danazol,28417,Danazol,CC12CCC3C(C1CCC2(C#C)O)CCC4=CC5=C(CC34C)C=NO5,C[C@]12CC[C@H]3[C@H]([C@@H]1CC[C@]2(C#C)O)CCC4=CC5=C(C[C@]34C)C=NO5,"InChI=1S/C22H27NO2/c1-4-22(24)10-8-18-16-6-5-15-11-19-14(13-23-25-19)12-20(15,2)17(16)7-9-21(18,22)3/h1,11,13,16-18,24H,5-10,12H2,2-3H3/t16-,17+,18+,20+,21+,22+/m1/s1",POZRVZJJTULAOH-LHZXLZLDSA-N,exact DDInter name query,exact_unique,valid,"https://pubchem.ncbi.nlm.nih.gov/rest/pug/compound/name/Danazol/property/Title,ConnectivitySMILES,SMILES,InChI,InChIKey/JSON",2026-09-22
DDInter473,Dantrolene,6914273,Dantrolene,C1C(=O)NC(=O)N1N=CC2=CC=C(O2)C3=CC=C(C=C3)[N+](=O)[O-],C1C(=O)NC(=O)N1/N=C/C2=CC=C(O2)C3=CC=C(C=C3)[N+](=O)[O-],"InChI=1S/C14H10N4O5/c19-13-8-17(14(20)16-13)15-7-11-5-6-12(23-11)9-1-3-10(4-2-9)18(21)22/h1-7H,8H2,(H,16,19,20)/b15-7+",OZOMQRBLCMDCEG-VIZOYTHASA-N,exact DDInter name query,exact_unique,valid,"https://pubchem.ncbi.nlm.nih.gov/rest/pug/compound/name/Dantrolene/property/Title,ConnectivitySMILES,SMILES,InChI,InChIKey/JSON",2026-09-22
DDInter474,Dapagliflozin,9887712,Dapagliflozin,CCOC1=CC=C(C=C1)CC2=C(C=CC(=C2)C3C(C(C(C(O3)CO)O)O)O)Cl,CCOC1=CC=C(C=C1)CC2=C(C=CC(=C2)[C@H]3[C@@H]([C@H]([C@@H]([C@H](O3)CO)O)O)O)Cl,"InChI=1S/C21H25ClO6/c1-2-27-15-6-3-12(4-7-15)9-14-10-13(5-8-16(14)22)21-20(26)19(25)18(24)17(11-23)28-21/h3-8,10,17-21,23-26H,2,9,11H2,1H3/t17-,18-,19+,20-,21+/m1/s1",JVHXJTBJCFBINQ-ADAARDCZSA-N,exact DDInter name query,exact_unique,valid,"https://pubchem.ncbi.nlm.nih.gov/rest/pug/compound/name/Dapagliflozin/property/Title,ConnectivitySMILES,SMILES,InChI,InChIKey/JSON",2026-09-22
DDInter475,Dapsone,2955,Dapsone,C1=CC(=CC=C1N)S(=O)(=O)C2=CC=C(C=C2)N,C1=CC(=CC=C1N)S(=O)(=O)C2=CC=C(C=C2)N,"InChI=1S/C12H12N2O2S/c13-9-1-5-11(6-2-9)17(15,16)12-7-3-10(14)4-8-12/h1-8H,13-14H2",MQJKPEGWNLWLTK-UHFFFAOYSA-N,exact DDInter name query,exact_unique,valid,"https://pubchem.ncbi.nlm.nih.gov/rest/pug/compound/name/Dapsone/property/Title,ConnectivitySMILES,SMILES,InChI,InChIKey/JSON",2026-09-22
DDInter476,Dapsone (topical),,,,,,,exact DDInter name query,unmapped,unavailable,"https://pubchem.ncbi.nlm.nih.gov/rest/pug/compound/name/Dapsone%20%28topical%29/property/Title,ConnectivitySMILES,SMILES,InChI,InChIKey/JSON",2026-09-22
DDInter477,Daptomycin,21585658,Daptomycin,CCCCCCCCCC(=O)NC(CC1=CNC2=CC=CC=C21)C(=O)NC(CC(=O)N)C(=O)NC(CC(=O)O)C(=O)NC3C(OC(=O)C(NC(=O)C(NC(=O)C(NC(=O)CNC(=O)C(NC(=O)C(NC(=O)C(NC(=O)C(NC(=O)CNC3=O)CCCN)CC(=O)O)C)CC(=O)O)CO)C(C)CC(=O)O)CC(=O)C4=CC=CC=C4N)C,CCCCCCCCCC(=O)N[C@@H](CC1=CNC2=CC=CC=C21)C(=O)N[C@H](CC(=O)N)C(=O)N[C@@H](CC(=O)O)C(=O)N[C@H]3[C@H](OC(=O)[C@@H](NC(=O)[C@@H](NC(=O)[C@H](NC(=O)CNC(=O)[C@@H](NC(=O)[C@H](NC(=O)[C@@H](NC(=O)[C@@H](NC(=O)CNC3=O)CCCN)CC(=O)O)C)CC(=O)O)CO)[C@H](C)CC(=O)O)CC(=O)C4=CC=CC=C4N)C,"InChI=1S/C72H101N17O26/c1-5-6-7-8-9-10-11-22-53(93)81-44(25-38-31-76-42-20-15-13-17-39(38)42)66(108)84-45(27-52(75)92)67(109)86-48(30-59(102)103)68(110)89-61-37(4)115-72(114)49(26-51(91)40-18-12-14-19-41(40)74)87-71(113)60(35(2)24-56(96)97)88-69(111)50(34-90)82-55(95)32-77-63(105)46(28-57(98)99)83-62(104)36(3)79-65(107)47(29-58(100)101)85-64(106)43(21-16-23-73)80-54(94)33-78-70(61)112/h12-15,17-20,31,35-37,43-50,60-61,76,90H,5-11,16,21-30,32-34,73-74H2,1-4H3,(H2,75,92)(H,77,105)(H,78,112)(H,79,107)(H,80,94)(H,81,93)(H,82,95)(H,83,104)(H,84,108)(H,85,106)(H,86,109)(H,87,113)(H,88,111)(H,89,110)(H,96,97)(H,98,99)(H,100,101)(H,102,103)/t35-,36-,37-,43+,44+,45-,46+,47+,48+,49+,50-,60+,61+/m1/s1",DOAKLVKFURWEDJ-QCMAZARJSA-N,exact DDInter name query,exact_unique,valid,"https://pubchem.ncbi.nlm.nih.gov/rest/pug/compound/name/Daptomycin/property/Title,ConnectivitySMILES,SMILES,InChI,InChIKey/JSON",2026-09-22
DDInter478,Daratumumab,,,,,,,exact DDInter name query,unmapped,unavailable,"https://pubchem.ncbi.nlm.nih.gov/rest/pug/compound/name/Daratumumab/property/Title,ConnectivitySMILES,SMILES,InChI,InChIKey/JSON",2026-09-22
DDInter479,Darbepoetin alfa,,,,,,,exact DDInter name query,unmapped,unavailable,"https://pubchem.ncbi.nlm.nih.gov/rest/pug/compound/name/Darbepoetin%20alfa/property/Title,ConnectivitySMILES,SMILES,InChI,InChIKey/JSON",2026-09-22
DDInter48,Allopurinol,135401907,Allopurinol,C1=NNC2=C1C(=O)NC=N2,C1=NNC2=C1C(=O)NC=N2,"InChI=1S/C5H4N4O/c10-5-3-1-8-9-4(3)6-2-7-5/h1-2H,(H2,6,7,8,9,10)",OFCNXPDARWKPPY-UHFFFAOYSA-N,exact DDInter name query,exact_unique,valid,"https://pubchem.ncbi.nlm.nih.gov/rest/pug/compound/name/Allopurinol/property/Title,ConnectivitySMILES,SMILES,InChI,InChIKey/JSON",2026-09-22
DDInter480,Darifenacin,444031,Darifenacin,C1CN(CC1C(C2=CC=CC=C2)(C3=CC=CC=C3)C(=O)N)CCC4=CC5=C(C=C4)OCC5,C1CN(C[C@@H]1C(C2=CC=CC=C2)(C3=CC=CC=C3)C(=O)N)CCC4=CC5=C(C=C4)OCC5,"InChI=1S/C28H30N2O2/c29-27(31)28(23-7-3-1-4-8-23,24-9-5-2-6-10-24)25-14-17-30(20-25)16-13-21-11-12-26-22(19-21)15-18-32-26/h1-12,19,25H,13-18,20H2,(H2,29,31)/t25-/m1/s1",HXGBXQDTNZMWGS-RUZDIDTESA-N,exact DDInter name query,exact_unique,valid,"https://pubchem.ncbi.nlm.nih.gov/rest/pug/compound/name/Darifenacin/property/Title,ConnectivitySMILES,SMILES,InChI,InChIKey/JSON",2026-09-22
DDInter481,Darolutamide,67171867,Darolutamide,CC(CN1C=CC(=N1)C2=CC(=C(C=C2)C#N)Cl)NC(=O)C3=NNC(=C3)C(C)O,C[C@@H](CN1C=CC(=N1)C2=CC(=C(C=C2)C#N)Cl)NC(=O)C3=NNC(=C3)C(C)O,"InChI=1S/C19H19ClN6O2/c1-11(22-19(28)18-8-17(12(2)27)23-24-18)10-26-6-5-16(25-26)13-3-4-14(9-21)15(20)7-13/h3-8,11-12,27H,10H2,1-2H3,(H,22,28)(H,23,24)/t11-,12?/m0/s1",BLIJXOOIHRSQRB-PXYINDEMSA-N,exact DDInter name query,exact_unique,valid,"https://pubchem.ncbi.nlm.nih.gov/rest/pug/compound/name/Darolutamide/property/Title,ConnectivitySMILES,SMILES,InChI,InChIKey/JSON",2026-09-22
DDInter482,Darunavir,213039,Darunavir,CC(C)CN(CC(C(CC1=CC=CC=C1)NC(=O)OC2COC3C2CCO3)O)S(=O)(=O)C4=CC=C(C=C4)N,CC(C)CN(C[C@H]([C@H](CC1=CC=CC=C1)NC(=O)O[C@H]2CO[C@@H]3[C@H]2CCO3)O)S(=O)(=O)C4=CC=C(C=C4)N,"InChI=1S/C27H37N3O7S/c1-18(2)15-30(38(33,34)21-10-8-20(28)9-11-21)16-24(31)23(14-19-6-4-3-5-7-19)29-27(32)37-25-17-36-26-22(25)12-13-35-26/h3-11,18,22-26,31H,12-17,28H2,1-2H3,(H,29,32)/t22-,23-,24+,25-,26+/m0/s1",CJBJHOAVZSMMDJ-HEXNFIEUSA-N,exact DDInter name query,exact_unique,valid,"https://pubchem.ncbi.nlm.nih.gov/rest/pug/compound/name/Darunavir/property/Title,ConnectivitySMILES,SMILES,InChI,InChIKey/JSON",2026-09-22
DDInter483,Dasabuvir,56640146,Dasabuvir,CC(C)(C)C1=CC(=CC(=C1OC)C2=CC3=C(C=C2)C=C(C=C3)NS(=O)(=O)C)N4C=CC(=O)NC4=O,CC(C)(C)C1=CC(=CC(=C1OC)C2=CC3=C(C=C2)C=C(C=C3)NS(=O)(=O)C)N4C=CC(=O)NC4=O,"InChI=1S/C26H27N3O5S/c1-26(2,3)22-15-20(29-11-10-23(30)27-25(29)31)14-21(24(22)34-4)18-7-6-17-13-19(28-35(5,32)33)9-8-16(17)12-18/h6-15,28H,1-5H3,(H,27,30,31)",NBRBXGKOEOGLOI-UHFFFAOYSA-N,exact DDInter name query,exact_unique,valid,"https://pubchem.ncbi.nlm.nih.gov/rest/pug/compound/name/Dasabuvir/property/Title,ConnectivitySMILES,SMILES,InChI,InChIKey/JSON",2026-09-22
DDInter484,Dasatinib,3062316,Dasatinib,CC1=C(C(=CC=C1)Cl)NC(=O)C2=CN=C(S2)NC3=CC(=NC(=N3)C)N4CCN(CC4)CCO,CC1=C(C(=CC=C1)Cl)NC(=O)C2=CN=C(S2)NC3=CC(=NC(=N3)C)N4CCN(CC4)CCO,"InChI=1S/C22H26ClN7O2S/c1-14-4-3-5-16(23)20(14)28-21(32)17-13-24-22(33-17)27-18-12-19(26-15(2)25-18)30-8-6-29(7-9-30)10-11-31/h3-5,12-13,31H,6-11H2,1-2H3,(H,28,32)(H,24,25,26,27)",ZBNZXTGUTAYRHI-UHFFFAOYSA-N,exact DDInter name query,exact_unique,valid,"https://pubchem.ncbi.nlm.nih.gov/rest/pug/compound/name/Dasatinib/property/Title,ConnectivitySMILES,SMILES,InChI,InChIKey/JSON",2026-09-22
DDInter485,Daunorubicin,30323,Daunorubicin,CC1C(C(CC(O1)OC2CC(CC3=C2C(=C4C(=C3O)C(=O)C5=C(C4=O)C(=CC=C5)OC)O)(C(=O)C)O)N)O,C[C@H]1[C@H]([C@H](C[C@@H](O1)O[C@H]2C[C@@](CC3=C2C(=C4C(=C3O)C(=O)C5=C(C4=O)C(=CC=C5)OC)O)(C(=O)C)O)N)O,"InChI=1S/C27H29NO10/c1-10-22(30)14(28)7-17(37-10)38-16-9-27(35,11(2)29)8-13-19(16)26(34)21-20(24(13)32)23(31)12-5-4-6-15(36-3)18(12)25(21)33/h4-6,10,14,16-17,22,30,32,34-35H,7-9,28H2,1-3H3/t10-,14-,16-,17-,22+,27-/m0/s1",STQGQHZAVUOBTE-VGBVRHCVSA-N,exact DDInter name query,exact_unique,valid,"https://pubchem.ncbi.nlm.nih.gov/rest/pug/compound/name/Daunorubicin/property/Title,ConnectivitySMILES,SMILES,InChI,InChIKey/JSON",2026-09-22
DDInter486,Daunorubicin (liposomal),,,,,,,exact DDInter name query,unmapped,unavailable,"https://pubchem.ncbi.nlm.nih.gov/rest/pug/compound/name/Daunorubicin%20%28liposomal%29/property/Title,ConnectivitySMILES,SMILES,InChI,InChIKey/JSON",2026-09-22
DDInter487,Decitabine,451668,5-Aza-2'-deoxycytidine,C1C(C(OC1N2C=NC(=NC2=O)N)CO)O,C1[C@@H]([C@H](O[C@H]1N2C=NC(=NC2=O)N)CO)O,"InChI=1S/C8H12N4O4/c9-7-10-3-12(8(15)11-7)6-1-4(14)5(2-13)16-6/h3-6,13-14H,1-2H2,(H2,9,11,15)/t4-,5+,6+/m0/s1",XAUDJQYHKZQPEU-KVQBGUIXSA-N,exact DDInter name query,ambiguous,excluded_title_mismatch,"https://pubchem.ncbi.nlm.nih.gov/rest/pug/compound/name/Decitabine/property/Title,ConnectivitySMILES,SMILES,InChI,InChIKey/JSON",2026-09-22
DDInter488,Deferasirox,214348,Deferasirox,C1=CC=C(C(=C1)C2=NN(C(=N2)C3=CC=CC=C3O)C4=CC=C(C=C4)C(=O)O)O,C1=CC=C(C(=C1)C2=NN(C(=N2)C3=CC=CC=C3O)C4=CC=C(C=C4)C(=O)O)O,"InChI=1S/C21H15N3O4/c25-17-7-3-1-5-15(17)19-22-20(16-6-2-4-8-18(16)26)24(23-19)14-11-9-13(10-12-14)21(27)28/h1-12,25-26H,(H,27,28)",BOFQWVMAQOTZIW-UHFFFAOYSA-N,exact DDInter name query,exact_unique,valid,"https://pubchem.ncbi.nlm.nih.gov/rest/pug/compound/name/Deferasirox/property/Title,ConnectivitySMILES,SMILES,InChI,InChIKey/JSON",2026-09-22
DDInter489,Deferiprone,2972,Deferiprone,CC1=C(C(=O)C=CN1C)O,CC1=C(C(=O)C=CN1C)O,"InChI=1S/C7H9NO2/c1-5-7(10)6(9)3-4-8(5)2/h3-4,10H,1-2H3",TZXKOCQBRNJULO-UHFFFAOYSA-N,exact DDInter name query,exact_unique,valid,"https://pubchem.ncbi.nlm.nih.gov/rest/pug/compound/name/Deferiprone/property/Title,ConnectivitySMILES,SMILES,InChI,InChIKey/JSON",2026-09-22
DDInter49,Almotriptan,123606,Almotriptan,CN(C)CCC1=CNC2=C1C=C(C=C2)CS(=O)(=O)N3CCCC3,CN(C)CCC1=CNC2=C1C=C(C=C2)CS(=O)(=O)N3CCCC3,"InChI=1S/C17H25N3O2S/c1-19(2)10-7-15-12-18-17-6-5-14(11-16(15)17)13-23(21,22)20-8-3-4-9-20/h5-6,11-12,18H,3-4,7-10,13H2,1-2H3",WKEMJKQOLOHJLZ-UHFFFAOYSA-N,exact DDInter name query,exact_unique,valid,"https://pubchem.ncbi.nlm.nih.gov/rest/pug/compound/name/Almotriptan/property/Title,ConnectivitySMILES,SMILES,InChI,InChIKey/JSON",2026-09-22
DDInter490,Deferoxamine,2973,Deferoxamine,CC(=O)N(CCCCCNC(=O)CCC(=O)N(CCCCCNC(=O)CCC(=O)N(CCCCCN)O)O)O,CC(=O)N(CCCCCNC(=O)CCC(=O)N(CCCCCNC(=O)CCC(=O)N(CCCCCN)O)O)O,"InChI=1S/C25H48N6O8/c1-21(32)29(37)18-9-3-6-16-27-22(33)12-14-25(36)31(39)20-10-4-7-17-28-23(34)11-13-24(35)30(38)19-8-2-5-15-26/h37-39H,2-20,26H2,1H3,(H,27,33)(H,28,34)",UBQYURCVBFRUQT-UHFFFAOYSA-N,exact DDInter name query,exact_unique,valid,"https://pubchem.ncbi.nlm.nih.gov/rest/pug/compound/name/Deferoxamine/property/Title,ConnectivitySMILES,SMILES,InChI,InChIKey/JSON",2026-09-22
DDInter491,Defibrotide,,,,,,,exact DDInter name query,unmapped,unavailable,"https://pubchem.ncbi.nlm.nih.gov/rest/pug/compound/name/Defibrotide/property/Title,ConnectivitySMILES,SMILES,InChI,InChIKey/JSON",2026-09-22
DDInter492,Deflazacort,189821,Deflazacort,CC1=NC2(C(O1)CC3C2(CC(C4C3CCC5=CC(=O)C=CC45C)O)C)C(=O)COC(=O)C,CC1=N[C@@]2([C@H](O1)C[C@@H]3[C@@]2(C[C@@H]([C@H]4[C@H]3CCC5=CC(=O)C=C[C@]45C)O)C)C(=O)COC(=O)C,"InChI=1S/C25H31NO6/c1-13-26-25(20(30)12-31-14(2)27)21(32-13)10-18-17-6-5-15-9-16(28)7-8-23(15,3)22(17)19(29)11-24(18,25)4/h7-9,17-19,21-22,29H,5-6,10-12H2,1-4H3/t17-,18-,19-,21+,22+,23-,24-,25+/m0/s1",FBHSPRKOSMHSIF-GRMWVWQJSA-N,exact DDInter name query,exact_unique,valid,"https://pubchem.ncbi.nlm.nih.gov/rest/pug/compound/name/Deflazacort/property/Title,ConnectivitySMILES,SMILES,InChI,InChIKey/JSON",2026-09-22
DDInter493,Degarelix,16136245,Degarelix,CC(C)CC(C(=O)NC(CCCCNC(C)C)C(=O)N1CCCC1C(=O)NC(C)C(=O)N)NC(=O)C(CC2=CC=C(C=C2)NC(=O)N)NC(=O)C(CC3=CC=C(C=C3)NC(=O)C4CC(=O)NC(=O)N4)NC(=O)C(CO)NC(=O)C(CC5=CN=CC=C5)NC(=O)C(CC6=CC=C(C=C6)Cl)NC(=O)C(CC7=CC8=CC=CC=C8C=C7)NC(=O)C,C[C@H](C(=O)N)NC(=O)[C@@H]1CCCN1C(=O)[C@H](CCCCNC(C)C)NC(=O)[C@H](CC(C)C)NC(=O)[C@@H](CC2=CC=C(C=C2)NC(=O)N)NC(=O)[C@H](CC3=CC=C(C=C3)NC(=O)[C@@H]4CC(=O)NC(=O)N4)NC(=O)[C@H](CO)NC(=O)[C@@H](CC5=CN=CC=C5)NC(=O)[C@@H](CC6=CC=C(C=C6)Cl)NC(=O)[C@@H](CC7=CC8=CC=CC=C8C=C7)NC(=O)C,"InChI=1S/C82H103ClN18O16/c1-45(2)35-60(72(107)92-59(16-9-10-33-87-46(3)4)80(115)101-34-12-17-68(101)79(114)88-47(5)70(84)105)93-74(109)63(38-51-23-30-58(31-24-51)91-81(85)116)95-76(111)64(39-50-21-28-57(29-22-50)90-71(106)66-42-69(104)100-82(117)99-66)97-78(113)67(44-102)98-77(112)65(41-53-13-11-32-86-43-53)96-75(110)62(37-49-19-26-56(83)27-20-49)94-73(108)61(89-48(6)103)40-52-18-25-54-14-7-8-15-55(54)36-52/h7-8,11,13-15,18-32,36,43,45-47,59-68,87,102H,9-10,12,16-17,33-35,37-42,44H2,1-6H3,(H2,84,105)(H,88,114)(H,89,103)(H,90,106)(H,92,107)(H,93,109)(H,94,108)(H,95,111)(H,96,110)(H,97,113)(H,98,112)(H3,85,91,116)(H2,99,100,104,117)/t47-,59+,60+,61-,62-,63-,64+,65-,66+,67+,68+/m1/s1",MEUCPCLKGZSHTA-XYAYPHGZSA-N,exact DDInter name query,exact_unique,valid,"https://pubchem.ncbi.nlm.nih.gov/rest/pug/compound/name/Degarelix/property/Title,ConnectivitySMILES,SMILES,InChI,InChIKey/JSON",2026-09-22
DDInter494,Dehydrocholic acid,6674,Dehydrocholic Acid,CC(CCC(=O)O)C1CCC2C1(C(=O)CC3C2C(=O)CC4C3(CCC(=O)C4)C)C,C[C@H](CCC(=O)O)[C@H]1CC[C@@H]2[C@@]1(C(=O)C[C@H]3[C@H]2C(=O)C[C@H]4[C@@]3(CCC(=O)C4)C)C,"InChI=1S/C24H34O5/c1-13(4-7-21(28)29)16-5-6-17-22-18(12-20(27)24(16,17)3)23(2)9-8-15(25)10-14(23)11-19(22)26/h13-14,16-18,22H,4-12H2,1-3H3,(H,28,29)/t13-,14+,16-,17+,18+,22+,23+,24-/m1/s1",OHXPGWPVLFPUSM-KLRNGDHRSA-N,exact DDInter name query,exact_unique,valid,"https://pubchem.ncbi.nlm.nih.gov/rest/pug/compound/name/Dehydrocholic%20acid/property/Title,ConnectivitySMILES,SMILES,InChI,InChIKey/JSON",2026-09-22
DDInter495,Delafloxacin,487101,Delafloxacin,C1C(CN1C2=C(C=C3C(=C2Cl)N(C=C(C3=O)C(=O)O)C4=C(C=C(C(=N4)N)F)F)F)O,C1C(CN1C2=C(C=C3C(=C2Cl)N(C=C(C3=O)C(=O)O)C4=C(C=C(C(=N4)N)F)F)F)O,"InChI=1S/C18H12ClF3N4O4/c19-12-13-7(1-9(20)14(12)25-3-6(27)4-25)15(28)8(18(29)30)5-26(13)17-11(22)2-10(21)16(23)24-17/h1-2,5-6,27H,3-4H2,(H2,23,24)(H,29,30)",DYDCPNMLZGFQTM-UHFFFAOYSA-N,exact DDInter name query,exact_unique,valid,"https://pubchem.ncbi.nlm.nih.gov/rest/pug/compound/name/Delafloxacin/property/Title,ConnectivitySMILES,SMILES,InChI,InChIKey/JSON",2026-09-22
DDInter496,Delavirdine,5625,Delavirdine,CC(C)NC1=C(N=CC=C1)N2CCN(CC2)C(=O)C3=CC4=C(N3)C=CC(=C4)NS(=O)(=O)C,CC(C)NC1=C(N=CC=C1)N2CCN(CC2)C(=O)C3=CC4=C(N3)C=CC(=C4)NS(=O)(=O)C,"InChI=1S/C22H28N6O3S/c1-15(2)24-19-5-4-8-23-21(19)27-9-11-28(12-10-27)22(29)20-14-16-13-17(26-32(3,30)31)6-7-18(16)25-20/h4-8,13-15,24-26H,9-12H2,1-3H3",WHBIGIKBNXZKFE-UHFFFAOYSA-N,exact DDInter name query,exact_unique,valid,"https://pubchem.ncbi.nlm.nih.gov/rest/pug/compound/name/Delavirdine/property/Title,ConnectivitySMILES,SMILES,InChI,InChIKey/JSON",2026-09-22
DDInter497,Demecarium (ophthalmic),,,,,,,exact DDInter name query,unmapped,unavailable,"https://pubchem.ncbi.nlm.nih.gov/rest/pug/compound/name/Demecarium%20%28ophthalmic%29/property/Title,ConnectivitySMILES,SMILES,InChI,InChIKey/JSON",2026-09-22
DDInter498,Demeclocycline,54680690,Demeclocycline,CN(C)C1C2CC3C(C4=C(C=CC(=C4C(=C3C(=O)C2(C(=C(C1=O)C(=O)N)O)O)O)O)Cl)O,CN(C)[C@H]1[C@@H]2C[C@@H]3[C@@H](C4=C(C=CC(=C4C(=C3C(=O)[C@@]2(C(=C(C1=O)C(=O)N)O)O)O)O)Cl)O,"InChI=1S/C21H21ClN2O8/c1-24(2)14-7-5-6-10(16(27)12-9(25)4-3-8(22)11(12)15(6)26)18(29)21(7,32)19(30)13(17(14)28)20(23)31/h3-4,6-7,14-15,25-27,30,32H,5H2,1-2H3,(H2,23,31)/t6-,7-,14-,15-,21-/m0/s1",GUXHBMASAHGULD-SEYHBJAFSA-N,exact DDInter name query,exact_unique,valid,"https://pubchem.ncbi.nlm.nih.gov/rest/pug/compound/name/Demeclocycline/property/Title,ConnectivitySMILES,SMILES,InChI,InChIKey/JSON",2026-09-22
DDInter499,Denileukin diftitox,,,,,,,exact DDInter name query,unmapped,unavailable,"https://pubchem.ncbi.nlm.nih.gov/rest/pug/compound/name/Denileukin%20diftitox/property/Title,ConnectivitySMILES,SMILES,InChI,InChIKey/JSON",2026-09-22
DDInter5,Abatacept,,,,,,,exact DDInter name query,unmapped,unavailable,"https://pubchem.ncbi.nlm.nih.gov/rest/pug/compound/name/Abatacept/property/Title,ConnectivitySMILES,SMILES,InChI,InChIKey/JSON",2026-09-22
DDInter50,Aloe Vera Leaf,,,,,,,exact DDInter name query,unmapped,unavailable,"https://pubchem.ncbi.nlm.nih.gov/rest/pug/compound/name/Aloe%20Vera%20Leaf/property/Title,ConnectivitySMILES,SMILES,InChI,InChIKey/JSON",2026-09-22
DDInter500,Denosumab,,,,,,,exact DDInter name query,unmapped,unavailable,"https://pubchem.ncbi.nlm.nih.gov/rest/pug/compound/name/Denosumab/property/Title,ConnectivitySMILES,SMILES,InChI,InChIKey/JSON",2026-09-22
DDInter501,Deoxycholic acid,222528,Deoxycholic Acid,CC(CCC(=O)O)C1CCC2C1(C(CC3C2CCC4C3(CCC(C4)O)C)O)C,C[C@H](CCC(=O)O)[C@H]1CC[C@@H]2[C@@]1([C@H](C[C@H]3[C@H]2CC[C@H]4[C@@]3(CC[C@H](C4)O)C)O)C,"InChI=1S/C24H40O4/c1-14(4-9-22(27)28)18-7-8-19-17-6-5-15-12-16(25)10-11-23(15,2)20(17)13-21(26)24(18,19)3/h14-21,25-26H,4-13H2,1-3H3,(H,27,28)/t14-,15-,16-,17+,18-,19+,20+,21+,23+,24-/m1/s1",KXGVEGMKQFWNSR-LLQZFEROSA-N,exact DDInter name query,exact_unique,valid,"https://pubchem.ncbi.nlm.nih.gov/rest/pug/compound/name/Deoxycholic%20acid/property/Title,ConnectivitySMILES,SMILES,InChI,InChIKey/JSON",2026-09-22
DDInter502,Deserpidine,8550,Deserpidine,COC1C(CC2CN3CCC4=C(C3CC2C1C(=O)OC)NC5=CC=CC=C45)OC(=O)C6=CC(=C(C(=C6)OC)OC)OC,CO[C@H]1[C@@H](C[C@@H]2CN3CCC4=C([C@H]3C[C@@H]2[C@@H]1C(=O)OC)NC5=CC=CC=C45)OC(=O)C6=CC(=C(C(=C6)OC)OC)OC,"InChI=1S/C32H38N2O8/c1-37-24-12-17(13-25(38-2)29(24)39-3)31(35)42-26-14-18-16-34-11-10-20-19-8-6-7-9-22(19)33-28(20)23(34)15-21(18)27(30(26)40-4)32(36)41-5/h6-9,12-13,18,21,23,26-27,30,33H,10-11,14-16H2,1-5H3/t18-,21+,23-,26-,27+,30+/m1/s1",CVBMAZKKCSYWQR-WCGOZPBSSA-N,exact DDInter name query,exact_unique,valid,"https://pubchem.ncbi.nlm.nih.gov/rest/pug/compound/name/Deserpidine/property/Title,ConnectivitySMILES,SMILES,InChI,InChIKey/JSON",2026-09-22
DDInter503,Desflurane,42113,Desflurane,C(C(F)(F)F)(OC(F)F)F,C(C(F)(F)F)(OC(F)F)F,"InChI=1S/C3H2F6O/c4-1(3(7,8)9)10-2(5)6/h1-2H",DPYMFVXJLLWWEU-UHFFFAOYSA-N,exact DDInter name query,exact_unique,valid,"https://pubchem.ncbi.nlm.nih.gov/rest/pug/compound/name/Desflurane/property/Title,ConnectivitySMILES,SMILES,InChI,InChIKey/JSON",2026-09-22
DDInter504,Desipramine,2995,Desipramine,CNCCCN1C2=CC=CC=C2CCC3=CC=CC=C31,CNCCCN1C2=CC=CC=C2CCC3=CC=CC=C31,"InChI=1S/C18H22N2/c1-19-13-6-14-20-17-9-4-2-7-15(17)11-12-16-8-3-5-10-18(16)20/h2-5,7-10,19H,6,11-14H2,1H3",HCYAFALTSJYZDH-UHFFFAOYSA-N,exact DDInter name query,exact_unique,valid,"https://pubchem.ncbi.nlm.nih.gov/rest/pug/compound/name/Desipramine/property/Title,ConnectivitySMILES,SMILES,InChI,InChIKey/JSON",2026-09-22
DDInter505,Desirudin,16129703,Desirudin,CCC(C)C1C(=O)NC(C(=O)NCC(=O)NC(C(=O)NC(C(=O)NCC(=O)NC(C(=O)NC(C(=O)NC(C(=O)NC(C(=O)NC(CSSCC2C(=O)NCC(=O)NC(C(=O)NCC(=O)NC(C(=O)NC(C(=O)NC(CSSCC(C(=O)NC(C(=O)NCC(=O)NC(C(=O)NC(C(=O)NC(C(=O)N2)C(C)C)CC(=O)N)CO)CCC(=O)O)NC(=O)C(CC(C)C)NC(=O)C3CSSCC(C(=O)NC(C(=O)NC(C(=O)NC(C(=O)NCC(=O)NC(C(=O)NC(C(=O)NC(C(=O)N3)CC(C)C)CC(=O)N)CCC(=O)N)CO)CCC(=O)O)C(C)O)NC(=O)C(CC(=O)O)NC(=O)C(C(C)O)NC(=O)C(CC4=CC=C(C=C4)O)NC(=O)C(C(C)C)NC(=O)C(C(C)C)N)C(=O)N1)CCCCN)CC(=O)N)CCC(=O)N)C(=O)NC(C(C)C)C(=O)NC(C(C)O)C(=O)NCC(=O)NC(CCC(=O)O)C(=O)NCC(=O)NC(C(C)O)C(=O)N5CCCC5C(=O)NC(CCCCN)C(=O)N6CCCC6C(=O)NC(CCC(=O)N)C(=O)NC(CO)C(=O)NC(CC7=CN=CN7)C(=O)NC(CC(=O)N)C(=O)NC(CC(=O)O)C(=O)NCC(=O)NC(CC(=O)O)C(=O)NC(CC8=CC=CC=C8)C(=O)NC(CCC(=O)O)C(=O)NC(CCC(=O)O)C(=O)NC(C(C)CC)C(=O)N9CCCC9C(=O)NC(CCC(=O)O)C(=O)NC(CCC(=O)O)C(=O)NC(CC1=CC=C(C=C1)O)C(=O)NC(CC(C)C)C(=O)NC(CCC(=O)N)C(=O)O)CCC(=O)N)CC(=O)N)CCCCN)CCC(=O)O)CC(=O)O)CO)CC(C)C,CC[C@H](C)[C@H]1C(=O)N[C@H](C(=O)NCC(=O)N[C@H](C(=O)N[C@H](C(=O)NCC(=O)N[C@H](C(=O)N[C@H](C(=O)N[C@H](C(=O)N[C@H](C(=O)N[C@@H](CSSC[C@H]2C(=O)NCC(=O)N[C@H](C(=O)NCC(=O)N[C@H](C(=O)N[C@H](C(=O)N[C@@H](CSSC[C@@H](C(=O)N[C@H](C(=O)NCC(=O)N[C@H](C(=O)N[C@H](C(=O)N[C@H](C(=O)N2)C(C)C)CC(=O)N)CO)CCC(=O)O)NC(=O)[C@H](CC(C)C)NC(=O)[C@@H]3CSSC[C@@H](C(=O)N[C@H](C(=O)N[C@H](C(=O)N[C@H](C(=O)NCC(=O)N[C@H](C(=O)N[C@H](C(=O)N[C@H](C(=O)N3)CC(C)C)CC(=O)N)CCC(=O)N)CO)CCC(=O)O)[C@@H](C)O)NC(=O)[C@H](CC(=O)O)NC(=O)[C@H]([C@@H](C)O)NC(=O)[C@H](CC4=CC=C(C=C4)O)NC(=O)[C@H](C(C)C)NC(=O)[C@H](C(C)C)N)C(=O)N1)CCCCN)CC(=O)N)CCC(=O)N)C(=O)N[C@@H](C(C)C)C(=O)N[C@@H]([C@@H](C)O)C(=O)NCC(=O)N[C@@H](CCC(=O)O)C(=O)NCC(=O)N[C@@H]([C@@H](C)O)C(=O)N5CCC[C@H]5C(=O)N[C@@H](CCCCN)C(=O)N6CCC[C@H]6C(=O)N[C@@H](CCC(=O)N)C(=O)N[C@@H](CO)C(=O)N[C@@H](CC7=CN=CN7)C(=O)N[C@@H](CC(=O)N)C(=O)N[C@@H](CC(=O)O)C(=O)NCC(=O)N[C@@H](CC(=O)O)C(=O)N[C@@H](CC8=CC=CC=C8)C(=O)N[C@@H](CCC(=O)O)C(=O)N[C@@H](CCC(=O)O)C(=O)N[C@@H]([C@@H](C)CC)C(=O)N9CCC[C@H]9C(=O)N[C@@H](CCC(=O)O)C(=O)N[C@@H](CCC(=O)O)C(=O)N[C@@H](CC1=CC=C(C=C1)O)C(=O)N[C@@H](CC(C)C)C(=O)N[C@@H](CCC(=O)N)C(=O)O)CCC(=O)N)CC(=O)N)CCCCN)CCC(=O)O)CC(=O)O)CO)CC(C)C,"InChI=1S/C287H440N80O110S6/c1-25-133(19)226-281(470)345-161(87-125(3)4)235(424)306-111-208(395)320-180(116-370)266(455)344-175(101-219(415)416)237(426)307-105-202(389)316-151(62-75-212(401)402)242(431)321-145(41-30-33-81-288)240(429)339-170(96-197(297)384)258(447)326-152(57-70-193(293)380)249(438)351-185(121-481-478-118-182-239(428)310-107-201(388)313-147(55-68-191(291)378)232(421)303-108-205(392)317-169(95-196(296)383)257(446)322-146(42-31-34-82-289)241(430)350-186(271(460)360-226)122-482-479-119-183(268(457)323-149(61-74-211(399)400)234(423)304-110-207(394)319-179(115-369)265(454)342-173(99-200(300)387)264(453)357-223(130(13)14)279(468)355-182)352-253(442)164(90-128(9)10)335-269(458)184-120-480-483-123-187(354-262(451)177(103-221(419)420)347-283(472)230(137(23)374)362-263(452)167(93-141-49-53-144(377)54-50-141)346-278(467)224(131(15)16)359-276(465)222(301)129(11)12)272(461)363-229(136(22)373)282(471)330-157(66-79-216(409)410)248(437)348-178(114-368)238(427)309-106-203(390)315-150(56-69-192(292)379)243(432)340-171(97-198(298)385)259(448)334-163(89-127(7)8)252(441)353-184)270(459)358-225(132(17)18)280(469)364-228(135(21)372)277(466)311-112-204(391)314-148(60-73-210(397)398)233(422)305-113-209(396)356-231(138(24)375)286(475)367-86-38-46-190(367)275(464)331-159(43-32-35-83-290)284(473)365-84-36-44-188(365)273(462)328-153(58-71-194(294)381)247(436)349-181(117-371)267(456)338-168(94-142-104-302-124-312-142)256(445)341-172(98-199(299)386)260(449)343-174(100-218(413)414)236(425)308-109-206(393)318-176(102-220(417)418)261(450)337-165(91-139-39-28-27-29-40-139)254(443)327-154(63-76-213(403)404)244(433)325-158(67-80-217(411)412)250(439)361-227(134(20)26-2)285(474)366-85-37-45-189(366)274(463)329-156(65-78-215(407)408)245(434)324-155(64-77-214(405)406)246(435)336-166(92-140-47-51-143(376)52-48-140)255(444)333-162(88-126(5)6)251(440)332-160(287(476)477)59-72-195(295)382/h27-29,39-40,47-54,104,124-138,145-190,222-231,368-377H,25-26,30-38,41-46,55-103,105-123,288-290,301H2,1-24H3,(H2,291,378)(H2,292,379)(H2,293,380)(H2,294,381)(H2,295,382)(H2,296,383)(H2,297,384)(H2,298,385)(H2,299,386)(H2,300,387)(H,302,312)(H,303,421)(H,304,423)(H,305,422)(H,306,424)(H,307,426)(H,308,425)(H,309,427)(H,310,428)(H,311,466)(H,313,388)(H,314,391)(H,315,390)(H,316,389)(H,317,392)(H,318,393)(H,319,394)(H,320,395)(H,321,431)(H,322,446)(H,323,457)(H,324,434)(H,325,433)(H,326,447)(H,327,443)(H,328,462)(H,329,463)(H,330,471)(H,331,464)(H,332,440)(H,333,444)(H,334,448)(H,335,458)(H,336,435)(H,337,450)(H,338,456)(H,339,429)(H,340,432)(H,341,445)(H,342,454)(H,343,449)(H,344,455)(H,345,470)(H,346,467)(H,347,472)(H,348,437)(H,349,436)(H,350,430)(H,351,438)(H,352,442)(H,353,441)(H,354,451)(H,355,468)(H,356,396)(H,357,453)(H,358,459)(H,359,465)(H,360,460)(H,361,439)(H,362,452)(H,363,461)(H,364,469)(H,397,398)(H,399,400)(H,401,402)(H,403,404)(H,405,406)(H,407,408)(H,409,410)(H,411,412)(H,413,414)(H,415,416)(H,417,418)(H,419,420)(H,476,477)/t133-,134-,135+,136+,137+,138+,145-,146-,147-,148-,149-,150-,151-,152-,153-,154-,155-,156-,157-,158-,159-,160-,161-,162-,163-,164-,165-,166-,167-,168-,169-,170-,171-,172-,173-,174-,175-,176-,177-,178-,179-,180-,181-,182-,183-,184-,185-,186-,187-,188-,189-,190-,222-,223-,224-,225-,226-,227-,228-,229-,230-,231-/m0/s1",XYWBJDRHGNULKG-OUMQNGNKSA-N,exact DDInter name query,exact_unique,valid,"https://pubchem.ncbi.nlm.nih.gov/rest/pug/compound/name/Desirudin/property/Title,ConnectivitySMILES,SMILES,InChI,InChIKey/JSON",2026-09-22
DDInter506,Desloratadine,124087,Desloratadine,C1CC2=C(C=CC(=C2)Cl)C(=C3CCNCC3)C4=C1C=CC=N4,C1CC2=C(C=CC(=C2)Cl)C(=C3CCNCC3)C4=C1C=CC=N4,"InChI=1S/C19H19ClN2/c20-16-5-6-17-15(12-16)4-3-14-2-1-9-22-19(14)18(17)13-7-10-21-11-8-13/h1-2,5-6,9,12,21H,3-4,7-8,10-11H2",JAUOIFJMECXRGI-UHFFFAOYSA-N,exact DDInter name query,exact_unique,valid,"https://pubchem.ncbi.nlm.nih.gov/rest/pug/compound/name/Desloratadine/property/Title,ConnectivitySMILES,SMILES,InChI,InChIKey/JSON",2026-09-22
DDInter507,Desmopressin,5311065,Desmopressin,C1CC(N(C1)C(=O)C2CSSCCC(=O)NC(C(=O)NC(C(=O)NC(C(=O)NC(C(=O)N2)CC(=O)N)CCC(=O)N)CC3=CC=CC=C3)CC4=CC=C(C=C4)O)C(=O)NC(CCCN=C(N)N)C(=O)NCC(=O)N,C1C[C@H](N(C1)C(=O)[C@@H]2CSSCCC(=O)N[C@H](C(=O)N[C@H](C(=O)N[C@H](C(=O)N[C@H](C(=O)N2)CC(=O)N)CCC(=O)N)CC3=CC=CC=C3)CC4=CC=C(C=C4)O)C(=O)N[C@H](CCCN=C(N)N)C(=O)NCC(=O)N,"InChI=1S/C46H64N14O12S2/c47-35(62)15-14-29-40(67)58-32(22-36(48)63)43(70)59-33(45(72)60-18-5-9-34(60)44(71)56-28(8-4-17-52-46(50)51)39(66)53-23-37(49)64)24-74-73-19-16-38(65)54-30(21-26-10-12-27(61)13-11-26)41(68)57-31(42(69)55-29)20-25-6-2-1-3-7-25/h1-3,6-7,10-13,28-34,61H,4-5,8-9,14-24H2,(H2,47,62)(H2,48,63)(H2,49,64)(H,53,66)(H,54,65)(H,55,69)(H,56,71)(H,57,68)(H,58,67)(H,59,70)(H4,50,51,52)/t28-,29+,30+,31+,32+,33+,34+/m1/s1",NFLWUMRGJYTJIN-PNIOQBSNSA-N,exact DDInter name query,exact_unique,valid,"https://pubchem.ncbi.nlm.nih.gov/rest/pug/compound/name/Desmopressin/property/Title,ConnectivitySMILES,SMILES,InChI,InChIKey/JSON",2026-09-22
DDInter508,Desogestrel,40973,Desogestrel,CCC12CC(=C)C3C(C1CCC2(C#C)O)CCC4=CCCCC34,CC[C@]12CC(=C)[C@H]3[C@H]([C@@H]1CC[C@]2(C#C)O)CCC4=CCCC[C@H]34,"InChI=1S/C22H30O/c1-4-21-14-15(3)20-17-9-7-6-8-16(17)10-11-18(20)19(21)12-13-22(21,23)5-2/h2,8,17-20,23H,3-4,6-7,9-14H2,1H3/t17-,18-,19-,20+,21-,22-/m0/s1",RPLCPCMSCLEKRS-BPIQYHPVSA-N,exact DDInter name query,exact_unique,valid,"https://pubchem.ncbi.nlm.nih.gov/rest/pug/compound/name/Desogestrel/property/Title,ConnectivitySMILES,SMILES,InChI,InChIKey/JSON",2026-09-22
DDInter509,Desonide (topical),,,,,,,exact DDInter name query,unmapped,unavailable,"https://pubchem.ncbi.nlm.nih.gov/rest/pug/compound/name/Desonide%20%28topical%29/property/Title,ConnectivitySMILES,SMILES,InChI,InChIKey/JSON",2026-09-22
DDInter51,Alogliptin,11450633,Alogliptin,CN1C(=O)C=C(N(C1=O)CC2=CC=CC=C2C#N)N3CCCC(C3)N,CN1C(=O)C=C(N(C1=O)CC2=CC=CC=C2C#N)N3CCC[C@H](C3)N,"InChI=1S/C18H21N5O2/c1-21-17(24)9-16(22-8-4-7-15(20)12-22)23(18(21)25)11-14-6-3-2-5-13(14)10-19/h2-3,5-6,9,15H,4,7-8,11-12,20H2,1H3/t15-/m1/s1",ZSBOMTDTBDDKMP-OAHLLOKOSA-N,exact DDInter name query,exact_unique,valid,"https://pubchem.ncbi.nlm.nih.gov/rest/pug/compound/name/Alogliptin/property/Title,ConnectivitySMILES,SMILES,InChI,InChIKey/JSON",2026-09-22
DDInter510,Desoximetasone (topical),,,,,,,exact DDInter name query,unmapped,unavailable,"https://pubchem.ncbi.nlm.nih.gov/rest/pug/compound/name/Desoximetasone%20%28topical%29/property/Title,ConnectivitySMILES,SMILES,InChI,InChIKey/JSON",2026-09-22
DDInter511,Desvenlafaxine,125017,Desvenlafaxine,CN(C)CC(C1=CC=C(C=C1)O)C2(CCCCC2)O,CN(C)CC(C1=CC=C(C=C1)O)C2(CCCCC2)O,"InChI=1S/C16H25NO2/c1-17(2)12-15(13-6-8-14(18)9-7-13)16(19)10-4-3-5-11-16/h6-9,15,18-19H,3-5,10-12H2,1-2H3",KYYIDSXMWOZKMP-UHFFFAOYSA-N,exact DDInter name query,exact_unique,valid,"https://pubchem.ncbi.nlm.nih.gov/rest/pug/compound/name/Desvenlafaxine/property/Title,ConnectivitySMILES,SMILES,InChI,InChIKey/JSON",2026-09-22
DDInter512,Deutetrabenazine,73442840,Deutetrabenazine,CC(C)CC1CN2CCC3=CC(=C(C=C3C2CC1=O)OC)OC,[2H]C([2H])([2H])OC1=C(C=C2[C@@H]3CC(=O)[C@H](CN3CCC2=C1)CC(C)C)OC([2H])([2H])[2H],"InChI=1S/C19H27NO3/c1-12(2)7-14-11-20-6-5-13-8-18(22-3)19(23-4)9-15(13)16(20)10-17(14)21/h8-9,12,14,16H,5-7,10-11H2,1-4H3/t14-,16-/m0/s1/i3D3,4D3",MKJIEFSOBYUXJB-WEZHFFAMSA-N,exact DDInter name query,exact_unique,valid,"https://pubchem.ncbi.nlm.nih.gov/rest/pug/compound/name/Deutetrabenazine/property/Title,ConnectivitySMILES,SMILES,InChI,InChIKey/JSON",2026-09-22
DDInter513,Dexamethasone,5743,Dexamethasone,CC1CC2C3CCC4=CC(=O)C=CC4(C3(C(CC2(C1(C(=O)CO)O)C)O)F)C,C[C@@H]1C[C@H]2[C@@H]3CCC4=CC(=O)C=C[C@@]4([C@]3([C@H](C[C@@]2([C@]1(C(=O)CO)O)C)O)F)C,"InChI=1S/C22H29FO5/c1-12-8-16-15-5-4-13-9-14(25)6-7-19(13,2)21(15,23)17(26)10-20(16,3)22(12,28)18(27)11-24/h6-7,9,12,15-17,24,26,28H,4-5,8,10-11H2,1-3H3/t12-,15+,16+,17+,19+,20+,21+,22+/m1/s1",UREBDLICKHMUKA-CXSFZGCWSA-N,exact DDInter name query,exact_unique,valid,"https://pubchem.ncbi.nlm.nih.gov/rest/pug/compound/name/Dexamethasone/property/Title,ConnectivitySMILES,SMILES,InChI,InChIKey/JSON",2026-09-22
DDInter514,Dexamethasone (nasal),,,,,,,exact DDInter name query,unmapped,unavailable,"https://pubchem.ncbi.nlm.nih.gov/rest/pug/compound/name/Dexamethasone%20%28nasal%29/property/Title,ConnectivitySMILES,SMILES,InChI,InChIKey/JSON",2026-09-22
DDInter515,Dexamethasone (ophthalmic),,,,,,,exact DDInter name query,unmapped,unavailable,"https://pubchem.ncbi.nlm.nih.gov/rest/pug/compound/name/Dexamethasone%20%28ophthalmic%29/property/Title,ConnectivitySMILES,SMILES,InChI,InChIKey/JSON",2026-09-22
DDInter516,Dexamethasone (topical),,,,,,,exact DDInter name query,unmapped,unavailable,"https://pubchem.ncbi.nlm.nih.gov/rest/pug/compound/name/Dexamethasone%20%28topical%29/property/Title,ConnectivitySMILES,SMILES,InChI,InChIKey/JSON",2026-09-22
DDInter517,Dexbrompheniramine,16960,Dexbrompheniramine,CN(C)CCC(C1=CC=C(C=C1)Br)C2=CC=CC=N2,CN(C)CC[C@@H](C1=CC=C(C=C1)Br)C2=CC=CC=N2,"InChI=1S/C16H19BrN2/c1-19(2)12-10-15(16-5-3-4-11-18-16)13-6-8-14(17)9-7-13/h3-9,11,15H,10,12H2,1-2H3/t15-/m0/s1",ZDIGNSYAACHWNL-HNNXBMFYSA-N,exact DDInter name query,exact_unique,valid,"https://pubchem.ncbi.nlm.nih.gov/rest/pug/compound/name/Dexbrompheniramine/property/Title,ConnectivitySMILES,SMILES,InChI,InChIKey/JSON",2026-09-22
DDInter518,Dexfenfluramine,66265,Dexfenfluramine,CCNC(C)CC1=CC(=CC=C1)C(F)(F)F,CCN[C@@H](C)CC1=CC(=CC=C1)C(F)(F)F,"InChI=1S/C12H16F3N/c1-3-16-9(2)7-10-5-4-6-11(8-10)12(13,14)15/h4-6,8-9,16H,3,7H2,1-2H3/t9-/m0/s1",DBGIVFWFUFKIQN-VIFPVBQESA-N,exact DDInter name query,exact_unique,valid,"https://pubchem.ncbi.nlm.nih.gov/rest/pug/compound/name/Dexfenfluramine/property/Title,ConnectivitySMILES,SMILES,InChI,InChIKey/JSON",2026-09-22
DDInter519,Dexlansoprazole,9578005,Dexlansoprazole,CC1=C(C=CN=C1CS(=O)C2=NC3=CC=CC=C3N2)OCC(F)(F)F,CC1=C(C=CN=C1C[S@@](=O)C2=NC3=CC=CC=C3N2)OCC(F)(F)F,"InChI=1S/C16H14F3N3O2S/c1-10-13(20-7-6-14(10)24-9-16(17,18)19)8-25(23)15-21-11-4-2-3-5-12(11)22-15/h2-7H,8-9H2,1H3,(H,21,22)/t25-/m1/s1",MJIHNNLFOKEZEW-RUZDIDTESA-N,exact DDInter name query,exact_unique,valid,"https://pubchem.ncbi.nlm.nih.gov/rest/pug/compound/name/Dexlansoprazole/property/Title,ConnectivitySMILES,SMILES,InChI,InChIKey/JSON",2026-09-22
DDInter52,Alosetron,2099,Alosetron,CC1=C(N=CN1)CN2CCC3=C(C2=O)C4=CC=CC=C4N3C,CC1=C(N=CN1)CN2CCC3=C(C2=O)C4=CC=CC=C4N3C,"InChI=1S/C17H18N4O/c1-11-13(19-10-18-11)9-21-8-7-15-16(17(21)22)12-5-3-4-6-14(12)20(15)2/h3-6,10H,7-9H2,1-2H3,(H,18,19)",JSWZEAMFRNKZNL-UHFFFAOYSA-N,exact DDInter name query,exact_unique,valid,"https://pubchem.ncbi.nlm.nih.gov/rest/pug/compound/name/Alosetron/property/Title,ConnectivitySMILES,SMILES,InChI,InChIKey/JSON",2026-09-22
DDInter520,Dexmedetomidine,5311068,Dexmedetomidine,CC1=C(C(=CC=C1)C(C)C2=CN=CN2)C,CC1=C(C(=CC=C1)[C@H](C)C2=CN=CN2)C,"InChI=1S/C13H16N2/c1-9-5-4-6-12(10(9)2)11(3)13-7-14-8-15-13/h4-8,11H,1-3H3,(H,14,15)/t11-/m0/s1",CUHVIMMYOGQXCV-NSHDSACASA-N,exact DDInter name query,exact_unique,valid,"https://pubchem.ncbi.nlm.nih.gov/rest/pug/compound/name/Dexmedetomidine/property/Title,ConnectivitySMILES,SMILES,InChI,InChIKey/JSON",2026-09-22
DDInter521,Dexmethylphenidate,154101,Dexmethylphenidate,COC(=O)C(C1CCCCN1)C2=CC=CC=C2,COC(=O)[C@@H]([C@H]1CCCCN1)C2=CC=CC=C2,"InChI=1S/C14H19NO2/c1-17-14(16)13(11-7-3-2-4-8-11)12-9-5-6-10-15-12/h2-4,7-8,12-13,15H,5-6,9-10H2,1H3/t12-,13-/m1/s1",DUGOZIWVEXMGBE-CHWSQXEVSA-N,exact DDInter name query,exact_unique,valid,"https://pubchem.ncbi.nlm.nih.gov/rest/pug/compound/name/Dexmethylphenidate/property/Title,ConnectivitySMILES,SMILES,InChI,InChIKey/JSON",2026-09-22
DDInter522,Dexrazoxane,71384,Dexrazoxane,CC(CN1CC(=O)NC(=O)C1)N2CC(=O)NC(=O)C2,C[C@@H](CN1CC(=O)NC(=O)C1)N2CC(=O)NC(=O)C2,"InChI=1S/C11H16N4O4/c1-7(15-5-10(18)13-11(19)6-15)2-14-3-8(16)12-9(17)4-14/h7H,2-6H2,1H3,(H,12,16,17)(H,13,18,19)/t7-/m0/s1",BMKDZUISNHGIBY-ZETCQYMHSA-N,exact DDInter name query,exact_unique,valid,"https://pubchem.ncbi.nlm.nih.gov/rest/pug/compound/name/Dexrazoxane/property/Title,ConnectivitySMILES,SMILES,InChI,InChIKey/JSON",2026-09-22
DDInter523,Dextran (-1),,,,,,,exact DDInter name query,unmapped,unavailable,"https://pubchem.ncbi.nlm.nih.gov/rest/pug/compound/name/Dextran%20%28-1%29/property/Title,ConnectivitySMILES,SMILES,InChI,InChIKey/JSON",2026-09-22
DDInter524,Dextran (high molecular weight),,,,,,,exact DDInter name query,unmapped,unavailable,"https://pubchem.ncbi.nlm.nih.gov/rest/pug/compound/name/Dextran%20%28high%20molecular%20weight%29/property/Title,ConnectivitySMILES,SMILES,InChI,InChIKey/JSON",2026-09-22
DDInter525,Dextran (low molecular weight),,,,,,,exact DDInter name query,unmapped,unavailable,"https://pubchem.ncbi.nlm.nih.gov/rest/pug/compound/name/Dextran%20%28low%20molecular%20weight%29/property/Title,ConnectivitySMILES,SMILES,InChI,InChIKey/JSON",2026-09-22
DDInter526,Dextroamphetamine,5826,Dextroamphetamine,CC(CC1=CC=CC=C1)N,C[C@@H](CC1=CC=CC=C1)N,"InChI=1S/C9H13N/c1-8(10)7-9-5-3-2-4-6-9/h2-6,8H,7,10H2,1H3/t8-/m0/s1",KWTSXDURSIMDCE-QMMMGPOBSA-N,exact DDInter name query,exact_unique,valid,"https://pubchem.ncbi.nlm.nih.gov/rest/pug/compound/name/Dextroamphetamine/property/Title,ConnectivitySMILES,SMILES,InChI,InChIKey/JSON",2026-09-22
DDInter527,Dextromethorphan,5360696,Dextromethorphan,CN1CCC23CCCCC2C1CC4=C3C=C(C=C4)OC,CN1CC[C@@]23CCCC[C@@H]2[C@@H]1CC4=C3C=C(C=C4)OC,"InChI=1S/C18H25NO/c1-19-10-9-18-8-4-3-5-15(18)17(19)11-13-6-7-14(20-2)12-16(13)18/h6-7,12,15,17H,3-5,8-11H2,1-2H3/t15-,17+,18+/m1/s1",MKXZASYAUGDDCJ-NJAFHUGGSA-N,exact DDInter name query,exact_unique,valid,"https://pubchem.ncbi.nlm.nih.gov/rest/pug/compound/name/Dextromethorphan/property/Title,ConnectivitySMILES,SMILES,InChI,InChIKey/JSON",2026-09-22
DDInter528,Dextropropoxyphene,10100,Propoxyphene,CCC(=O)OC(CC1=CC=CC=C1)(C2=CC=CC=C2)C(C)CN(C)C,CCC(=O)O[C@](CC1=CC=CC=C1)(C2=CC=CC=C2)[C@H](C)CN(C)C,"InChI=1S/C22H29NO2/c1-5-21(24)25-22(18(2)17-23(3)4,20-14-10-7-11-15-20)16-19-12-8-6-9-13-19/h6-15,18H,5,16-17H2,1-4H3/t18-,22+/m1/s1",XLMALTXPSGQGBX-GCJKJVERSA-N,exact DDInter name query,ambiguous,excluded_title_mismatch,"https://pubchem.ncbi.nlm.nih.gov/rest/pug/compound/name/Dextropropoxyphene/property/Title,ConnectivitySMILES,SMILES,InChI,InChIKey/JSON",2026-09-22
DDInter529,"Dextrose, unspecified form",,,,,,,exact DDInter name query,unmapped,unavailable,"https://pubchem.ncbi.nlm.nih.gov/rest/pug/compound/name/Dextrose%2C%20unspecified%20form/property/Title,ConnectivitySMILES,SMILES,InChI,InChIKey/JSON",2026-09-22
DDInter53,Alpelisib,56649450,Alpelisib,CC1=C(SC(=N1)NC(=O)N2CCCC2C(=O)N)C3=CC(=NC=C3)C(C)(C)C(F)(F)F,CC1=C(SC(=N1)NC(=O)N2CCC[C@H]2C(=O)N)C3=CC(=NC=C3)C(C)(C)C(F)(F)F,"InChI=1S/C19H22F3N5O2S/c1-10-14(11-6-7-24-13(9-11)18(2,3)19(20,21)22)30-16(25-10)26-17(29)27-8-4-5-12(27)15(23)28/h6-7,9,12H,4-5,8H2,1-3H3,(H2,23,28)(H,25,26,29)/t12-/m0/s1",STUWGJZDJHPWGZ-LBPRGKRZSA-N,exact DDInter name query,exact_unique,valid,"https://pubchem.ncbi.nlm.nih.gov/rest/pug/compound/name/Alpelisib/property/Title,ConnectivitySMILES,SMILES,InChI,InChIKey/JSON",2026-09-22
DDInter530,Dextrothyroxine,8730,D-Thyroxine,C1=C(C=C(C(=C1I)OC2=CC(=C(C(=C2)I)O)I)I)CC(C(=O)O)N,C1=C(C=C(C(=C1I)OC2=CC(=C(C(=C2)I)O)I)I)C[C@H](C(=O)O)N,"InChI=1S/C15H11I4NO4/c16-8-4-7(5-9(17)13(8)21)24-14-10(18)1-6(2-11(14)19)3-12(20)15(22)23/h1-2,4-5,12,21H,3,20H2,(H,22,23)/t12-/m1/s1",XUIIKFGFIJCVMT-GFCCVEGCSA-N,exact DDInter name query,ambiguous,excluded_title_mismatch,"https://pubchem.ncbi.nlm.nih.gov/rest/pug/compound/name/Dextrothyroxine/property/Title,ConnectivitySMILES,SMILES,InChI,InChIKey/JSON",2026-09-22
DDInter531,Dezocine,3033053,Dezocine,CC12CCCCCC(C1N)CC3=C2C=C(C=C3)O,C[C@]12CCCCC[C@H]([C@@H]1N)CC3=C2C=C(C=C3)O,"InChI=1S/C16H23NO/c1-16-8-4-2-3-5-12(15(16)17)9-11-6-7-13(18)10-14(11)16/h6-7,10,12,15,18H,2-5,8-9,17H2,1H3/t12-,15-,16+/m0/s1",VTMVHDZWSFQSQP-VBNZEHGJSA-N,exact DDInter name query,exact_unique,valid,"https://pubchem.ncbi.nlm.nih.gov/rest/pug/compound/name/Dezocine/property/Title,ConnectivitySMILES,SMILES,InChI,InChIKey/JSON",2026-09-22
DDInter532,Diamorphine,5462328,Heroin,CC(=O)OC1C=CC2C3CC4=C5C2(C1OC5=C(C=C4)OC(=O)C)CCN3C,CC(=O)O[C@H]1C=C[C@H]2[C@H]3CC4=C5[C@]2([C@H]1OC5=C(C=C4)OC(=O)C)CCN3C,"InChI=1S/C21H23NO5/c1-11(23)25-16-6-4-13-10-15-14-5-7-17(26-12(2)24)20-21(14,8-9-22(15)3)18(13)19(16)27-20/h4-7,14-15,17,20H,8-10H2,1-3H3/t14-,15+,17-,20-,21-/m0/s1",GVGLGOZIDCSQPN-PVHGPHFFSA-N,exact DDInter name query,ambiguous,excluded_title_mismatch,"https://pubchem.ncbi.nlm.nih.gov/rest/pug/compound/name/Diamorphine/property/Title,ConnectivitySMILES,SMILES,InChI,InChIKey/JSON",2026-09-22
DDInter533,Diatrizoate,2140,Diatrizoate,CC(=O)NC1=C(C(=C(C(=C1I)C(=O)O)I)NC(=O)C)I,CC(=O)NC1=C(C(=C(C(=C1I)C(=O)O)I)NC(=O)C)I,"InChI=1S/C11H9I3N2O4/c1-3(17)15-9-6(12)5(11(19)20)7(13)10(8(9)14)16-4(2)18/h1-2H3,(H,15,17)(H,16,18)(H,19,20)",YVPYQUNUQOZFHG-UHFFFAOYSA-N,exact DDInter name query,exact_unique,valid,"https://pubchem.ncbi.nlm.nih.gov/rest/pug/compound/name/Diatrizoate/property/Title,ConnectivitySMILES,SMILES,InChI,InChIKey/JSON",2026-09-22
DDInter534,Diazepam,3016,Diazepam,CN1C(=O)CN=C(C2=C1C=CC(=C2)Cl)C3=CC=CC=C3,CN1C(=O)CN=C(C2=C1C=CC(=C2)Cl)C3=CC=CC=C3,"InChI=1S/C16H13ClN2O/c1-19-14-8-7-12(17)9-13(14)16(18-10-15(19)20)11-5-3-2-4-6-11/h2-9H,10H2,1H3",AAOVKJBEBIDNHE-UHFFFAOYSA-N,exact DDInter name query,exact_unique,valid,"https://pubchem.ncbi.nlm.nih.gov/rest/pug/compound/name/Diazepam/property/Title,ConnectivitySMILES,SMILES,InChI,InChIKey/JSON",2026-09-22
DDInter535,Diazoxide,3019,Diazoxide,CC1=NS(=O)(=O)C2=C(N1)C=CC(=C2)Cl,CC1=NS(=O)(=O)C2=C(N1)C=CC(=C2)Cl,"InChI=1S/C8H7ClN2O2S/c1-5-10-7-3-2-6(9)4-8(7)14(12,13)11-5/h2-4H,1H3,(H,10,11)",GDLBFKVLRPITMI-UHFFFAOYSA-N,exact DDInter name query,exact_unique,valid,"https://pubchem.ncbi.nlm.nih.gov/rest/pug/compound/name/Diazoxide/property/Title,ConnectivitySMILES,SMILES,InChI,InChIKey/JSON",2026-09-22
DDInter536,Dichloralphenazone,10188,Dichloralphenazone,CC1=CC(=O)N(N1C)C2=CC=CC=C2.C(C(Cl)(Cl)Cl)(O)O.C(C(Cl)(Cl)Cl)(O)O,CC1=CC(=O)N(N1C)C2=CC=CC=C2.C(C(Cl)(Cl)Cl)(O)O.C(C(Cl)(Cl)Cl)(O)O,"InChI=1S/C11H12N2O.2C2H3Cl3O2/c1-9-8-11(14)13(12(9)2)10-6-4-3-5-7-10;2*3-2(4,5)1(6)7/h3-8H,1-2H3;2*1,6-7H",ATKXDQOHNICLQW-UHFFFAOYSA-N,exact DDInter name query,exact_unique,valid,"https://pubchem.ncbi.nlm.nih.gov/rest/pug/compound/name/Dichloralphenazone/property/Title,ConnectivitySMILES,SMILES,InChI,InChIKey/JSON",2026-09-22
DDInter537,Diclofenac,3033,Diclofenac,C1=CC=C(C(=C1)CC(=O)O)NC2=C(C=CC=C2Cl)Cl,C1=CC=C(C(=C1)CC(=O)O)NC2=C(C=CC=C2Cl)Cl,"InChI=1S/C14H11Cl2NO2/c15-10-5-3-6-11(16)14(10)17-12-7-2-1-4-9(12)8-13(18)19/h1-7,17H,8H2,(H,18,19)",DCOPUUMXTXDBNB-UHFFFAOYSA-N,exact DDInter name query,exact_unique,valid,"https://pubchem.ncbi.nlm.nih.gov/rest/pug/compound/name/Diclofenac/property/Title,ConnectivitySMILES,SMILES,InChI,InChIKey/JSON",2026-09-22
DDInter538,Diclofenac (ophthalmic),,,,,,,exact DDInter name query,unmapped,unavailable,"https://pubchem.ncbi.nlm.nih.gov/rest/pug/compound/name/Diclofenac%20%28ophthalmic%29/property/Title,ConnectivitySMILES,SMILES,InChI,InChIKey/JSON",2026-09-22
DDInter539,Diclofenac (topical),,,,,,,exact DDInter name query,unmapped,unavailable,"https://pubchem.ncbi.nlm.nih.gov/rest/pug/compound/name/Diclofenac%20%28topical%29/property/Title,ConnectivitySMILES,SMILES,InChI,InChIKey/JSON",2026-09-22
DDInter54,Alprazolam,2118,Alprazolam,CC1=NN=C2N1C3=C(C=C(C=C3)Cl)C(=NC2)C4=CC=CC=C4,CC1=NN=C2N1C3=C(C=C(C=C3)Cl)C(=NC2)C4=CC=CC=C4,"InChI=1S/C17H13ClN4/c1-11-20-21-16-10-19-17(12-5-3-2-4-6-12)14-9-13(18)7-8-15(14)22(11)16/h2-9H,10H2,1H3",VREFGVBLTWBCJP-UHFFFAOYSA-N,exact DDInter name query,exact_unique,valid,"https://pubchem.ncbi.nlm.nih.gov/rest/pug/compound/name/Alprazolam/property/Title,ConnectivitySMILES,SMILES,InChI,InChIKey/JSON",2026-09-22
DDInter540,Diclofenamide,3038,Dichlorphenamide,C1=C(C=C(C(=C1S(=O)(=O)N)Cl)Cl)S(=O)(=O)N,C1=C(C=C(C(=C1S(=O)(=O)N)Cl)Cl)S(=O)(=O)N,"InChI=1S/C6H6Cl2N2O4S2/c7-4-1-3(15(9,11)12)2-5(6(4)8)16(10,13)14/h1-2H,(H2,9,11,12)(H2,10,13,14)",GJQPMPFPNINLKP-UHFFFAOYSA-N,exact DDInter name query,ambiguous,excluded_title_mismatch,"https://pubchem.ncbi.nlm.nih.gov/rest/pug/compound/name/Diclofenamide/property/Title,ConnectivitySMILES,SMILES,InChI,InChIKey/JSON",2026-09-22
DDInter541,Dicloxacillin,18381,Dicloxacillin,CC1=C(C(=NO1)C2=C(C=CC=C2Cl)Cl)C(=O)NC3C4N(C3=O)C(C(S4)(C)C)C(=O)O,CC1=C(C(=NO1)C2=C(C=CC=C2Cl)Cl)C(=O)N[C@H]3[C@@H]4N(C3=O)[C@H](C(S4)(C)C)C(=O)O,"InChI=1S/C19H17Cl2N3O5S/c1-7-10(12(23-29-7)11-8(20)5-4-6-9(11)21)15(25)22-13-16(26)24-14(18(27)28)19(2,3)30-17(13)24/h4-6,13-14,17H,1-3H3,(H,22,25)(H,27,28)/t13-,14+,17-/m1/s1",YFAGHNZHGGCZAX-JKIFEVAISA-N,exact DDInter name query,exact_unique,valid,"https://pubchem.ncbi.nlm.nih.gov/rest/pug/compound/name/Dicloxacillin/property/Title,ConnectivitySMILES,SMILES,InChI,InChIKey/JSON",2026-09-22
DDInter542,Dicoumarol,54676038,Dicoumarol,C1=CC=C2C(=C1)C(=C(C(=O)O2)CC3=C(C4=CC=CC=C4OC3=O)O)O,C1=CC=C2C(=C1)C(=C(C(=O)O2)CC3=C(C4=CC=CC=C4OC3=O)O)O,"InChI=1S/C19H12O6/c20-16-10-5-1-3-7-14(10)24-18(22)12(16)9-13-17(21)11-6-2-4-8-15(11)25-19(13)23/h1-8,20-21H,9H2",DOBMPNYZJYQDGZ-UHFFFAOYSA-N,exact DDInter name query,exact_unique,valid,"https://pubchem.ncbi.nlm.nih.gov/rest/pug/compound/name/Dicoumarol/property/Title,ConnectivitySMILES,SMILES,InChI,InChIKey/JSON",2026-09-22
DDInter543,Dicyclomine,3042,Dicyclomine,CCN(CC)CCOC(=O)C1(CCCCC1)C2CCCCC2,CCN(CC)CCOC(=O)C1(CCCCC1)C2CCCCC2,"InChI=1S/C19H35NO2/c1-3-20(4-2)15-16-22-18(21)19(13-9-6-10-14-19)17-11-7-5-8-12-17/h17H,3-16H2,1-2H3",CURUTKGFNZGFSE-UHFFFAOYSA-N,exact DDInter name query,exact_unique,valid,"https://pubchem.ncbi.nlm.nih.gov/rest/pug/compound/name/Dicyclomine/property/Title,ConnectivitySMILES,SMILES,InChI,InChIKey/JSON",2026-09-22
DDInter544,Didanosine,135398739,Didanosine,C1CC(OC1CO)N2C=NC3=C2N=CNC3=O,C1C[C@@H](O[C@@H]1CO)N2C=NC3=C2N=CNC3=O,"InChI=1S/C10H12N4O3/c15-3-6-1-2-7(17-6)14-5-13-8-9(14)11-4-12-10(8)16/h4-7,15H,1-3H2,(H,11,12,16)/t6-,7+/m0/s1",BXZVVICBKDXVGW-NKWVEPMBSA-N,exact DDInter name query,exact_unique,valid,"https://pubchem.ncbi.nlm.nih.gov/rest/pug/compound/name/Didanosine/property/Title,ConnectivitySMILES,SMILES,InChI,InChIKey/JSON",2026-09-22
DDInter545,Dienestrol (topical),,,,,,,exact DDInter name query,unmapped,unavailable,"https://pubchem.ncbi.nlm.nih.gov/rest/pug/compound/name/Dienestrol%20%28topical%29/property/Title,ConnectivitySMILES,SMILES,InChI,InChIKey/JSON",2026-09-22
DDInter546,Dienogest,68861,Dienogest,CC12CCC3=C4CCC(=O)C=C4CCC3C1CCC2(CC#N)O,C[C@]12CCC3=C4CCC(=O)C=C4CC[C@H]3[C@@H]1CC[C@]2(CC#N)O,"InChI=1S/C20H25NO2/c1-19-8-6-16-15-5-3-14(22)12-13(15)2-4-17(16)18(19)7-9-20(19,23)10-11-21/h12,17-18,23H,2-10H2,1H3/t17-,18+,19+,20-/m1/s1",AZFLJNIPTRTECV-FUMNGEBKSA-N,exact DDInter name query,exact_unique,valid,"https://pubchem.ncbi.nlm.nih.gov/rest/pug/compound/name/Dienogest/property/Title,ConnectivitySMILES,SMILES,InChI,InChIKey/JSON",2026-09-22
DDInter547,Diethylpropion,7029,Diethylpropion,CCN(CC)C(C)C(=O)C1=CC=CC=C1,CCN(CC)C(C)C(=O)C1=CC=CC=C1,"InChI=1S/C13H19NO/c1-4-14(5-2)11(3)13(15)12-9-7-6-8-10-12/h6-11H,4-5H2,1-3H3",XXEPPPIWZFICOJ-UHFFFAOYSA-N,exact DDInter name query,exact_unique,valid,"https://pubchem.ncbi.nlm.nih.gov/rest/pug/compound/name/Diethylpropion/property/Title,ConnectivitySMILES,SMILES,InChI,InChIKey/JSON",2026-09-22
DDInter548,Diethylstilbestrol,448537,Diethylstilbestrol,CCC(=C(CC)C1=CC=C(C=C1)O)C2=CC=C(C=C2)O,CC/C(=C(/CC)\C1=CC=C(C=C1)O)/C2=CC=C(C=C2)O,"InChI=1S/C18H20O2/c1-3-17(13-5-9-15(19)10-6-13)18(4-2)14-7-11-16(20)12-8-14/h5-12,19-20H,3-4H2,1-2H3/b18-17+",RGLYKWWBQGJZGM-ISLYRVAYSA-N,exact DDInter name query,exact_unique,valid,"https://pubchem.ncbi.nlm.nih.gov/rest/pug/compound/name/Diethylstilbestrol/property/Title,ConnectivitySMILES,SMILES,InChI,InChIKey/JSON",2026-09-22
DDInter549,Difenoxin,34328,Difenoxin,C1CN(CCC1(C2=CC=CC=C2)C(=O)O)CCC(C#N)(C3=CC=CC=C3)C4=CC=CC=C4,C1CN(CCC1(C2=CC=CC=C2)C(=O)O)CCC(C#N)(C3=CC=CC=C3)C4=CC=CC=C4,"InChI=1S/C28H28N2O2/c29-22-28(24-12-6-2-7-13-24,25-14-8-3-9-15-25)18-21-30-19-16-27(17-20-30,26(31)32)23-10-4-1-5-11-23/h1-15H,16-21H2,(H,31,32)",UFIVBRCCIRTJTN-UHFFFAOYSA-N,exact DDInter name query,exact_unique,valid,"https://pubchem.ncbi.nlm.nih.gov/rest/pug/compound/name/Difenoxin/property/Title,ConnectivitySMILES,SMILES,InChI,InChIKey/JSON",2026-09-22
DDInter55,Alprostadil,5280723,Alprostadil,CCCCCC(C=CC1C(CC(=O)C1CCCCCCC(=O)O)O)O,CCCCC[C@@H](/C=C/[C@H]1[C@@H](CC(=O)[C@@H]1CCCCCCC(=O)O)O)O,"InChI=1S/C20H34O5/c1-2-3-6-9-15(21)12-13-17-16(18(22)14-19(17)23)10-7-4-5-8-11-20(24)25/h12-13,15-17,19,21,23H,2-11,14H2,1H3,(H,24,25)/b13-12+/t15-,16+,17+,19+/m0/s1",GMVPRGQOIOIIMI-DWKJAMRDSA-N,exact DDInter name query,exact_unique,valid,"https://pubchem.ncbi.nlm.nih.gov/rest/pug/compound/name/Alprostadil/property/Title,ConnectivitySMILES,SMILES,InChI,InChIKey/JSON",2026-09-22
DDInter550,Diflorasone (topical),,,,,,,exact DDInter name query,unmapped,unavailable,"https://pubchem.ncbi.nlm.nih.gov/rest/pug/compound/name/Diflorasone%20%28topical%29/property/Title,ConnectivitySMILES,SMILES,InChI,InChIKey/JSON",2026-09-22
DDInter551,Diflunisal,3059,Diflunisal,C1=CC(=C(C=C1C2=C(C=C(C=C2)F)F)C(=O)O)O,C1=CC(=C(C=C1C2=C(C=C(C=C2)F)F)C(=O)O)O,"InChI=1S/C13H8F2O3/c14-8-2-3-9(11(15)6-8)7-1-4-12(16)10(5-7)13(17)18/h1-6,16H,(H,17,18)",HUPFGZXOMWLGNK-UHFFFAOYSA-N,exact DDInter name query,exact_unique,valid,"https://pubchem.ncbi.nlm.nih.gov/rest/pug/compound/name/Diflunisal/property/Title,ConnectivitySMILES,SMILES,InChI,InChIKey/JSON",2026-09-22
DDInter552,Difluprednate (ophthalmic),,,,,,,exact DDInter name query,unmapped,unavailable,"https://pubchem.ncbi.nlm.nih.gov/rest/pug/compound/name/Difluprednate%20%28ophthalmic%29/property/Title,ConnectivitySMILES,SMILES,InChI,InChIKey/JSON",2026-09-22
DDInter553,Digitoxin,441207,Digitoxin,CC1C(C(CC(O1)OC2C(OC(CC2O)OC3C(OC(CC3O)OC4CCC5(C(C4)CCC6C5CCC7(C6(CCC7C8=CC(=O)OC8)O)C)C)C)C)O)O,C[C@@H]1[C@H]([C@H](C[C@@H](O1)O[C@@H]2[C@H](O[C@H](C[C@@H]2O)O[C@@H]3[C@H](O[C@H](C[C@@H]3O)O[C@H]4CC[C@]5([C@@H](C4)CC[C@@H]6[C@@H]5CC[C@]7([C@@]6(CC[C@@H]7C8=CC(=O)OC8)O)C)C)C)C)O)O,"InChI=1S/C41H64O13/c1-20-36(46)29(42)16-34(49-20)53-38-22(3)51-35(18-31(38)44)54-37-21(2)50-33(17-30(37)43)52-25-8-11-39(4)24(15-25)6-7-28-27(39)9-12-40(5)26(10-13-41(28,40)47)23-14-32(45)48-19-23/h14,20-22,24-31,33-38,42-44,46-47H,6-13,15-19H2,1-5H3/t20-,21-,22-,24-,25+,26-,27+,28-,29+,30+,31+,33+,34+,35+,36-,37-,38-,39+,40-,41+/m1/s1",WDJUZGPOPHTGOT-XUDUSOBPSA-N,exact DDInter name query,exact_unique,valid,"https://pubchem.ncbi.nlm.nih.gov/rest/pug/compound/name/Digitoxin/property/Title,ConnectivitySMILES,SMILES,InChI,InChIKey/JSON",2026-09-22
DDInter554,Digoxin,2724385,Digoxin,CC1C(C(CC(O1)OC2C(OC(CC2O)OC3C(OC(CC3O)OC4CCC5(C(C4)CCC6C5CC(C7(C6(CCC7C8=CC(=O)OC8)O)C)O)C)C)C)O)O,C[C@@H]1[C@H]([C@H](C[C@@H](O1)O[C@@H]2[C@H](O[C@H](C[C@@H]2O)O[C@@H]3[C@H](O[C@H](C[C@@H]3O)O[C@H]4CC[C@]5([C@@H](C4)CC[C@@H]6[C@@H]5C[C@H]([C@]7([C@@]6(CC[C@@H]7C8=CC(=O)OC8)O)C)O)C)C)C)O)O,"InChI=1S/C41H64O14/c1-19-36(47)28(42)15-34(50-19)54-38-21(3)52-35(17-30(38)44)55-37-20(2)51-33(16-29(37)43)53-24-8-10-39(4)23(13-24)6-7-26-27(39)14-31(45)40(5)25(9-11-41(26,40)48)22-12-32(46)49-18-22/h12,19-21,23-31,33-38,42-45,47-48H,6-11,13-18H2,1-5H3/t19-,20-,21-,23-,24+,25-,26-,27+,28+,29+,30+,31-,33+,34+,35+,36-,37-,38-,39+,40+,41+/m1/s1",LTMHDMANZUZIPE-PUGKRICDSA-N,exact DDInter name query,exact_unique,valid,"https://pubchem.ncbi.nlm.nih.gov/rest/pug/compound/name/Digoxin/property/Title,ConnectivitySMILES,SMILES,InChI,InChIKey/JSON",2026-09-22
DDInter555,Digoxin Immune Fab (Ovine),,,,,,,exact DDInter name query,unmapped,unavailable,"https://pubchem.ncbi.nlm.nih.gov/rest/pug/compound/name/Digoxin%20Immune%20Fab%20%28Ovine%29/property/Title,ConnectivitySMILES,SMILES,InChI,InChIKey/JSON",2026-09-22
DDInter556,Dihydrocodeine,5284543,Dihydrocodeine,CN1CCC23C4C1CC5=C2C(=C(C=C5)OC)OC3C(CC4)O,CN1CC[C@]23[C@@H]4[C@H]1CC5=C2C(=C(C=C5)OC)O[C@H]3[C@H](CC4)O,"InChI=1S/C18H23NO3/c1-19-8-7-18-11-4-5-13(20)17(18)22-16-14(21-2)6-3-10(15(16)18)9-12(11)19/h3,6,11-13,17,20H,4-5,7-9H2,1-2H3/t11-,12+,13-,17-,18-/m0/s1",RBOXVHNMENFORY-DNJOTXNNSA-N,exact DDInter name query,exact_unique,valid,"https://pubchem.ncbi.nlm.nih.gov/rest/pug/compound/name/Dihydrocodeine/property/Title,ConnectivitySMILES,SMILES,InChI,InChIKey/JSON",2026-09-22
DDInter557,Dihydroergotamine,10531,Dihydroergotamine,CC1(C(=O)N2C(C(=O)N3CCCC3C2(O1)O)CC4=CC=CC=C4)NC(=O)C5CC6C(CC7=CNC8=CC=CC6=C78)N(C5)C,C[C@@]1(C(=O)N2[C@H](C(=O)N3CCC[C@H]3[C@@]2(O1)O)CC4=CC=CC=C4)NC(=O)[C@@H]5C[C@H]6[C@@H](CC7=CNC8=CC=CC6=C78)N(C5)C,"InChI=1S/C33H37N5O5/c1-32(35-29(39)21-15-23-22-10-6-11-24-28(22)20(17-34-24)16-25(23)36(2)18-21)31(41)38-26(14-19-8-4-3-5-9-19)30(40)37-13-7-12-27(37)33(38,42)43-32/h3-6,8-11,17,21,23,25-27,34,42H,7,12-16,18H2,1-2H3,(H,35,39)/t21-,23-,25-,26+,27+,32-,33+/m1/s1",LUZRJRNZXALNLM-JGRZULCMSA-N,exact DDInter name query,exact_unique,valid,"https://pubchem.ncbi.nlm.nih.gov/rest/pug/compound/name/Dihydroergotamine/property/Title,ConnectivitySMILES,SMILES,InChI,InChIKey/JSON",2026-09-22
DDInter558,Dihydrotachysterol,5311071,Dihydrotachysterol,CC1CCC(CC1=CC=C2CCCC3(C2CCC3C(C)C=CC(C)C(C)C)C)O,C[C@H]\1CC[C@@H](C/C1=C\C=C\2/CCC[C@]3([C@H]2CC[C@@H]3[C@H](C)/C=C/[C@H](C)C(C)C)C)O,"InChI=1S/C28H46O/c1-19(2)20(3)9-10-22(5)26-15-16-27-23(8-7-17-28(26,27)6)12-13-24-18-25(29)14-11-21(24)4/h9-10,12-13,19-22,25-27,29H,7-8,11,14-18H2,1-6H3/b10-9+,23-12+,24-13+/t20-,21-,22+,25-,26+,27-,28+/m0/s1",ILYCWAKSDCYMBB-OPCMSESCSA-N,exact DDInter name query,exact_unique,valid,"https://pubchem.ncbi.nlm.nih.gov/rest/pug/compound/name/Dihydrotachysterol/property/Title,ConnectivitySMILES,SMILES,InChI,InChIKey/JSON",2026-09-22
DDInter559,Diiodohydroxyquinoline,3728,"5,7-Diiodo-8-hydroxyquinoline",C1=CC2=C(C(=C(C=C2I)I)O)N=C1,C1=CC2=C(C(=C(C=C2I)I)O)N=C1,"InChI=1S/C9H5I2NO/c10-6-4-7(11)9(13)8-5(6)2-1-3-12-8/h1-4,13H",UXZFQZANDVDGMM-UHFFFAOYSA-N,exact DDInter name query,ambiguous,excluded_title_mismatch,"https://pubchem.ncbi.nlm.nih.gov/rest/pug/compound/name/Diiodohydroxyquinoline/property/Title,ConnectivitySMILES,SMILES,InChI,InChIKey/JSON",2026-09-22
DDInter56,Alteplase,,,,,,,exact DDInter name query,unmapped,unavailable,"https://pubchem.ncbi.nlm.nih.gov/rest/pug/compound/name/Alteplase/property/Title,ConnectivitySMILES,SMILES,InChI,InChIKey/JSON",2026-09-22
DDInter561,Diltiazem,39186,Diltiazem,CC(=O)OC1C(SC2=CC=CC=C2N(C1=O)CCN(C)C)C3=CC=C(C=C3)OC,CC(=O)O[C@@H]1[C@@H](SC2=CC=CC=C2N(C1=O)CCN(C)C)C3=CC=C(C=C3)OC,"InChI=1S/C22H26N2O4S/c1-15(25)28-20-21(16-9-11-17(27-4)12-10-16)29-19-8-6-5-7-18(19)24(22(20)26)14-13-23(2)3/h5-12,20-21H,13-14H2,1-4H3/t20-,21+/m1/s1",HSUGRBWQSSZJOP-RTWAWAEBSA-N,exact DDInter name query,exact_unique,valid,"https://pubchem.ncbi.nlm.nih.gov/rest/pug/compound/name/Diltiazem/property/Title,ConnectivitySMILES,SMILES,InChI,InChIKey/JSON",2026-09-22
DDInter562,Dimenhydrinate,10660,Dimenhydrinate,CN1C2=C(C(=O)N(C1=O)C)NC(=N2)Cl.CN(C)CCOC(C1=CC=CC=C1)C2=CC=CC=C2,CN1C2=C(C(=O)N(C1=O)C)NC(=N2)Cl.CN(C)CCOC(C1=CC=CC=C1)C2=CC=CC=C2,"InChI=1S/C17H21NO.C7H7ClN4O2/c1-18(2)13-14-19-17(15-9-5-3-6-10-15)16-11-7-4-8-12-16;1-11-4-3(9-6(8)10-4)5(13)12(2)7(11)14/h3-12,17H,13-14H2,1-2H3;1-2H3,(H,9,10)",NFLLKCVHYJRNRH-UHFFFAOYSA-N,exact DDInter name query,exact_unique,valid,"https://pubchem.ncbi.nlm.nih.gov/rest/pug/compound/name/Dimenhydrinate/property/Title,ConnectivitySMILES,SMILES,InChI,InChIKey/JSON",2026-09-22
DDInter563,Dimercaprol,3080,Dimercaprol,C(C(CS)S)O,C(C(CS)S)O,"InChI=1S/C3H8OS2/c4-1-3(6)2-5/h3-6H,1-2H2",WQABCVAJNWAXTE-UHFFFAOYSA-N,exact DDInter name query,exact_unique,valid,"https://pubchem.ncbi.nlm.nih.gov/rest/pug/compound/name/Dimercaprol/property/Title,ConnectivitySMILES,SMILES,InChI,InChIKey/JSON",2026-09-22
DDInter564,Dimethyl fumarate,637568,Dimethyl Fumarate,COC(=O)C=CC(=O)OC,COC(=O)/C=C/C(=O)OC,"InChI=1S/C6H8O4/c1-9-5(7)3-4-6(8)10-2/h3-4H,1-2H3/b4-3+",LDCRTTXIJACKKU-ONEGZZNKSA-N,exact DDInter name query,exact_unique,valid,"https://pubchem.ncbi.nlm.nih.gov/rest/pug/compound/name/Dimethyl%20fumarate/property/Title,ConnectivitySMILES,SMILES,InChI,InChIKey/JSON",2026-09-22
DDInter567,Dinoprostone (topical),,,,,,,exact DDInter name query,unmapped,unavailable,"https://pubchem.ncbi.nlm.nih.gov/rest/pug/compound/name/Dinoprostone%20%28topical%29/property/Title,ConnectivitySMILES,SMILES,InChI,InChIKey/JSON",2026-09-22
DDInter568,Dinutuximab,,,,,,,exact DDInter name query,unmapped,unavailable,"https://pubchem.ncbi.nlm.nih.gov/rest/pug/compound/name/Dinutuximab/property/Title,ConnectivitySMILES,SMILES,InChI,InChIKey/JSON",2026-09-22
DDInter569,Diphenhydramine,3100,Diphenhydramine,CN(C)CCOC(C1=CC=CC=C1)C2=CC=CC=C2,CN(C)CCOC(C1=CC=CC=C1)C2=CC=CC=C2,"InChI=1S/C17H21NO/c1-18(2)13-14-19-17(15-9-5-3-6-10-15)16-11-7-4-8-12-16/h3-12,17H,13-14H2,1-2H3",ZZVUWRFHKOJYTH-UHFFFAOYSA-N,exact DDInter name query,exact_unique,valid,"https://pubchem.ncbi.nlm.nih.gov/rest/pug/compound/name/Diphenhydramine/property/Title,ConnectivitySMILES,SMILES,InChI,InChIKey/JSON",2026-09-22
DDInter57,Altretamine,2123,Altretamine,CN(C)C1=NC(=NC(=N1)N(C)C)N(C)C,CN(C)C1=NC(=NC(=N1)N(C)C)N(C)C,InChI=1S/C9H18N6/c1-13(2)7-10-8(14(3)4)12-9(11-7)15(5)6/h1-6H3,UUVWYPNAQBNQJQ-UHFFFAOYSA-N,exact DDInter name query,exact_unique,valid,"https://pubchem.ncbi.nlm.nih.gov/rest/pug/compound/name/Altretamine/property/Title,ConnectivitySMILES,SMILES,InChI,InChIKey/JSON",2026-09-22
DDInter570,Diphenhydramine (topical),,,,,,,exact DDInter name query,unmapped,unavailable,"https://pubchem.ncbi.nlm.nih.gov/rest/pug/compound/name/Diphenhydramine%20%28topical%29/property/Title,ConnectivitySMILES,SMILES,InChI,InChIKey/JSON",2026-09-22
DDInter571,Diphenoxylate,13505,Diphenoxylate,CCOC(=O)C1(CCN(CC1)CCC(C#N)(C2=CC=CC=C2)C3=CC=CC=C3)C4=CC=CC=C4,CCOC(=O)C1(CCN(CC1)CCC(C#N)(C2=CC=CC=C2)C3=CC=CC=C3)C4=CC=CC=C4,"InChI=1S/C30H32N2O2/c1-2-34-28(33)29(25-12-6-3-7-13-25)18-21-32(22-19-29)23-20-30(24-31,26-14-8-4-9-15-26)27-16-10-5-11-17-27/h3-17H,2,18-23H2,1H3",HYPPXZBJBPSRLK-UHFFFAOYSA-N,exact DDInter name query,exact_unique,valid,"https://pubchem.ncbi.nlm.nih.gov/rest/pug/compound/name/Diphenoxylate/property/Title,ConnectivitySMILES,SMILES,InChI,InChIKey/JSON",2026-09-22
DDInter572,Dipivefrin (ophthalmic),,,,,,,exact DDInter name query,unmapped,unavailable,"https://pubchem.ncbi.nlm.nih.gov/rest/pug/compound/name/Dipivefrin%20%28ophthalmic%29/property/Title,ConnectivitySMILES,SMILES,InChI,InChIKey/JSON",2026-09-22
DDInter573,Dipyridamole,3108,Dipyridamole,C1CCN(CC1)C2=NC(=NC3=C2N=C(N=C3N4CCCCC4)N(CCO)CCO)N(CCO)CCO,C1CCN(CC1)C2=NC(=NC3=C2N=C(N=C3N4CCCCC4)N(CCO)CCO)N(CCO)CCO,"InChI=1S/C24H40N8O4/c33-15-11-31(12-16-34)23-26-20-19(21(27-23)29-7-3-1-4-8-29)25-24(32(13-17-35)14-18-36)28-22(20)30-9-5-2-6-10-30/h33-36H,1-18H2",IZEKFCXSFNUWAM-UHFFFAOYSA-N,exact DDInter name query,exact_unique,valid,"https://pubchem.ncbi.nlm.nih.gov/rest/pug/compound/name/Dipyridamole/property/Title,ConnectivitySMILES,SMILES,InChI,InChIKey/JSON",2026-09-22
DDInter574,Diroximel fumarate,73330464,Diroximel Fumarate,COC(=O)C=CC(=O)OCCN1C(=O)CCC1=O,COC(=O)/C=C/C(=O)OCCN1C(=O)CCC1=O,"InChI=1S/C11H13NO6/c1-17-10(15)4-5-11(16)18-7-6-12-8(13)2-3-9(12)14/h4-5H,2-3,6-7H2,1H3/b5-4+",YIMYDTCOUQIDMT-SNAWJCMRSA-N,exact DDInter name query,exact_unique,valid,"https://pubchem.ncbi.nlm.nih.gov/rest/pug/compound/name/Diroximel%20fumarate/property/Title,ConnectivitySMILES,SMILES,InChI,InChIKey/JSON",2026-09-22
DDInter575,Disopyramide,3114,Disopyramide,CC(C)N(CCC(C1=CC=CC=C1)(C2=CC=CC=N2)C(=O)N)C(C)C,CC(C)N(CCC(C1=CC=CC=C1)(C2=CC=CC=N2)C(=O)N)C(C)C,"InChI=1S/C21H29N3O/c1-16(2)24(17(3)4)15-13-21(20(22)25,18-10-6-5-7-11-18)19-12-8-9-14-23-19/h5-12,14,16-17H,13,15H2,1-4H3,(H2,22,25)",UVTNFZQICZKOEM-UHFFFAOYSA-N,exact DDInter name query,exact_unique,valid,"https://pubchem.ncbi.nlm.nih.gov/rest/pug/compound/name/Disopyramide/property/Title,ConnectivitySMILES,SMILES,InChI,InChIKey/JSON",2026-09-22
DDInter576,Disulfiram,3117,Disulfiram,CCN(CC)C(=S)SSC(=S)N(CC)CC,CCN(CC)C(=S)SSC(=S)N(CC)CC,"InChI=1S/C10H20N2S4/c1-5-11(6-2)9(13)15-16-10(14)12(7-3)8-4/h5-8H2,1-4H3",AUZONCFQVSMFAP-UHFFFAOYSA-N,exact DDInter name query,exact_unique,valid,"https://pubchem.ncbi.nlm.nih.gov/rest/pug/compound/name/Disulfiram/property/Title,ConnectivitySMILES,SMILES,InChI,InChIKey/JSON",2026-09-22
DDInter577,Dobutamine,36811,Dobutamine,CC(CCC1=CC=C(C=C1)O)NCCC2=CC(=C(C=C2)O)O,CC(CCC1=CC=C(C=C1)O)NCCC2=CC(=C(C=C2)O)O,"InChI=1S/C18H23NO3/c1-13(2-3-14-4-7-16(20)8-5-14)19-11-10-15-6-9-17(21)18(22)12-15/h4-9,12-13,19-22H,2-3,10-11H2,1H3",JRWZLRBJNMZMFE-UHFFFAOYSA-N,exact DDInter name query,exact_unique,valid,"https://pubchem.ncbi.nlm.nih.gov/rest/pug/compound/name/Dobutamine/property/Title,ConnectivitySMILES,SMILES,InChI,InChIKey/JSON",2026-09-22
DDInter578,Docetaxel,148124,Docetaxel,CC1=C2C(C(=O)C3(C(CC4C(C3C(C(C2(C)C)(CC1OC(=O)C(C(C5=CC=CC=C5)NC(=O)OC(C)(C)C)O)O)OC(=O)C6=CC=CC=C6)(CO4)OC(=O)C)O)C)O,CC1=C2[C@H](C(=O)[C@@]3([C@H](C[C@@H]4[C@]([C@H]3[C@@H]([C@@](C2(C)C)(C[C@@H]1OC(=O)[C@@H]([C@H](C5=CC=CC=C5)NC(=O)OC(C)(C)C)O)O)OC(=O)C6=CC=CC=C6)(CO4)OC(=O)C)O)C)O,"InChI=1S/C43H53NO14/c1-22-26(55-37(51)32(48)30(24-15-11-9-12-16-24)44-38(52)58-39(3,4)5)20-43(53)35(56-36(50)25-17-13-10-14-18-25)33-41(8,34(49)31(47)29(22)40(43,6)7)27(46)19-28-42(33,21-54-28)57-23(2)45/h9-18,26-28,30-33,35,46-48,53H,19-21H2,1-8H3,(H,44,52)/t26-,27-,28+,30-,31+,32+,33-,35-,41+,42-,43+/m0/s1",ZDZOTLJHXYCWBA-VCVYQWHSSA-N,exact DDInter name query,exact_unique,valid,"https://pubchem.ncbi.nlm.nih.gov/rest/pug/compound/name/Docetaxel/property/Title,ConnectivitySMILES,SMILES,InChI,InChIKey/JSON",2026-09-22
DDInter579,Docusate,11339,Docusate,CCCCC(CC)COC(=O)CC(C(=O)OCC(CC)CCCC)S(=O)(=O)O,CCCCC(CC)COC(=O)CC(C(=O)OCC(CC)CCCC)S(=O)(=O)O,"InChI=1S/C20H38O7S/c1-5-9-11-16(7-3)14-26-19(21)13-18(28(23,24)25)20(22)27-15-17(8-4)12-10-6-2/h16-18H,5-15H2,1-4H3,(H,23,24,25)",HNSDLXPSAYFUHK-UHFFFAOYSA-N,exact DDInter name query,exact_unique,valid,"https://pubchem.ncbi.nlm.nih.gov/rest/pug/compound/name/Docusate/property/Title,ConnectivitySMILES,SMILES,InChI,InChIKey/JSON",2026-09-22
DDInter58,Aluminum hydroxide,10176082,Aluminum Hydroxide,[OH-].[OH-].[OH-].[Al+3],[OH-].[OH-].[OH-].[Al+3],InChI=1S/Al.3H2O/h;3*1H2/q+3;;;/p-3,WNROFYMDJYEPJX-UHFFFAOYSA-K,exact DDInter name query,exact_unique,valid,"https://pubchem.ncbi.nlm.nih.gov/rest/pug/compound/name/Aluminum%20hydroxide/property/Title,ConnectivitySMILES,SMILES,InChI,InChIKey/JSON",2026-09-22
DDInter580,Dofetilide,71329,Dofetilide,CN(CCC1=CC=C(C=C1)NS(=O)(=O)C)CCOC2=CC=C(C=C2)NS(=O)(=O)C,CN(CCC1=CC=C(C=C1)NS(=O)(=O)C)CCOC2=CC=C(C=C2)NS(=O)(=O)C,"InChI=1S/C19H27N3O5S2/c1-22(13-12-16-4-6-17(7-5-16)20-28(2,23)24)14-15-27-19-10-8-18(9-11-19)21-29(3,25)26/h4-11,20-21H,12-15H2,1-3H3",IXTMWRCNAAVVAI-UHFFFAOYSA-N,exact DDInter name query,exact_unique,valid,"https://pubchem.ncbi.nlm.nih.gov/rest/pug/compound/name/Dofetilide/property/Title,ConnectivitySMILES,SMILES,InChI,InChIKey/JSON",2026-09-22
DDInter581,Dolasetron,3033818,Dolasetron,C1C2CC3CC(CC1N3CC2=O)OC(=O)C4=CNC5=CC=CC=C54,C1[C@@H]2CC(C[C@H]3N2CC(=O)C1C3)OC(=O)C4=CNC5=CC=CC=C54,"InChI=1S/C19H20N2O3/c22-18-10-21-12-5-11(18)6-13(21)8-14(7-12)24-19(23)16-9-20-17-4-2-1-3-15(16)17/h1-4,9,11-14,20H,5-8,10H2/t11?,12-,13+,14?",UKTAZPQNNNJVKR-AKJUYKBHSA-N,exact DDInter name query,exact_unique,valid,"https://pubchem.ncbi.nlm.nih.gov/rest/pug/compound/name/Dolasetron/property/Title,ConnectivitySMILES,SMILES,InChI,InChIKey/JSON",2026-09-22
DDInter582,Dolutegravir,54726191,Dolutegravir,CC1CCOC2N1C(=O)C3=C(C(=O)C(=CN3C2)C(=O)NCC4=C(C=C(C=C4)F)F)O,C[C@@H]1CCO[C@@H]2N1C(=O)C3=C(C(=O)C(=CN3C2)C(=O)NCC4=C(C=C(C=C4)F)F)O,"InChI=1S/C20H19F2N3O5/c1-10-4-5-30-15-9-24-8-13(17(26)18(27)16(24)20(29)25(10)15)19(28)23-7-11-2-3-12(21)6-14(11)22/h2-3,6,8,10,15,27H,4-5,7,9H2,1H3,(H,23,28)/t10-,15+/m1/s1",RHWKPHLQXYSBKR-BMIGLBTASA-N,exact DDInter name query,exact_unique,valid,"https://pubchem.ncbi.nlm.nih.gov/rest/pug/compound/name/Dolutegravir/property/Title,ConnectivitySMILES,SMILES,InChI,InChIKey/JSON",2026-09-22
DDInter583,Donepezil,3152,Donepezil,COC1=C(C=C2C(=C1)CC(C2=O)CC3CCN(CC3)CC4=CC=CC=C4)OC,COC1=C(C=C2C(=C1)CC(C2=O)CC3CCN(CC3)CC4=CC=CC=C4)OC,"InChI=1S/C24H29NO3/c1-27-22-14-19-13-20(24(26)21(19)15-23(22)28-2)12-17-8-10-25(11-9-17)16-18-6-4-3-5-7-18/h3-7,14-15,17,20H,8-13,16H2,1-2H3",ADEBPBSSDYVVLD-UHFFFAOYSA-N,exact DDInter name query,exact_unique,valid,"https://pubchem.ncbi.nlm.nih.gov/rest/pug/compound/name/Donepezil/property/Title,ConnectivitySMILES,SMILES,InChI,InChIKey/JSON",2026-09-22
DDInter584,Dopamine,681,Dopamine,C1=CC(=C(C=C1CCN)O)O,C1=CC(=C(C=C1CCN)O)O,"InChI=1S/C8H11NO2/c9-4-3-6-1-2-7(10)8(11)5-6/h1-2,5,10-11H,3-4,9H2",VYFYYTLLBUKUHU-UHFFFAOYSA-N,exact DDInter name query,exact_unique,valid,"https://pubchem.ncbi.nlm.nih.gov/rest/pug/compound/name/Dopamine/property/Title,ConnectivitySMILES,SMILES,InChI,InChIKey/JSON",2026-09-22
DDInter585,Doravirine,58460047,Doravirine,CN1C(=NNC1=O)CN2C=CC(=C(C2=O)OC3=CC(=CC(=C3)C#N)Cl)C(F)(F)F,CN1C(=NNC1=O)CN2C=CC(=C(C2=O)OC3=CC(=CC(=C3)C#N)Cl)C(F)(F)F,"InChI=1S/C17H11ClF3N5O3/c1-25-13(23-24-16(25)28)8-26-3-2-12(17(19,20)21)14(15(26)27)29-11-5-9(7-22)4-10(18)6-11/h2-6H,8H2,1H3,(H,24,28)",ZIAOVIPSKUPPQW-UHFFFAOYSA-N,exact DDInter name query,exact_unique,valid,"https://pubchem.ncbi.nlm.nih.gov/rest/pug/compound/name/Doravirine/property/Title,ConnectivitySMILES,SMILES,InChI,InChIKey/JSON",2026-09-22
DDInter586,Doripenem,73303,Doripenem,CC1C2C(C(=O)N2C(=C1SC3CC(NC3)CNS(=O)(=O)N)C(=O)O)C(C)O,C[C@@H]1[C@@H]2[C@H](C(=O)N2C(=C1S[C@H]3C[C@H](NC3)CNS(=O)(=O)N)C(=O)O)[C@@H](C)O,"InChI=1S/C15H24N4O6S2/c1-6-11-10(7(2)20)14(21)19(11)12(15(22)23)13(6)26-9-3-8(17-5-9)4-18-27(16,24)25/h6-11,17-18,20H,3-5H2,1-2H3,(H,22,23)(H2,16,24,25)/t6-,7-,8+,9+,10-,11-/m1/s1",AVAACINZEOAHHE-VFZPANTDSA-N,exact DDInter name query,exact_unique,valid,"https://pubchem.ncbi.nlm.nih.gov/rest/pug/compound/name/Doripenem/property/Title,ConnectivitySMILES,SMILES,InChI,InChIKey/JSON",2026-09-22
DDInter587,Dornase alfa,,,,,,,exact DDInter name query,unmapped,unavailable,"https://pubchem.ncbi.nlm.nih.gov/rest/pug/compound/name/Dornase%20alfa/property/Title,ConnectivitySMILES,SMILES,InChI,InChIKey/JSON",2026-09-22
DDInter588,Dorzolamide (ophthalmic),,,,,,,exact DDInter name query,unmapped,unavailable,"https://pubchem.ncbi.nlm.nih.gov/rest/pug/compound/name/Dorzolamide%20%28ophthalmic%29/property/Title,ConnectivitySMILES,SMILES,InChI,InChIKey/JSON",2026-09-22
DDInter589,Dotatate,11170867,Dotatate,CC(C1C(=O)NC(CSSCC(C(=O)NC(C(=O)NC(C(=O)NC(C(=O)N1)CCCCN)CC2=CNC3=CC=CC=C32)CC4=CC=C(C=C4)O)NC(=O)C(CC5=CC=CC=C5)NC(=O)CN6CCN(CCN(CCN(CC6)CC(=O)O)CC(=O)O)CC(=O)O)C(=O)NC(C(C)O)C(=O)O)O,C[C@H]([C@H]1C(=O)N[C@@H](CSSC[C@@H](C(=O)N[C@H](C(=O)N[C@@H](C(=O)N[C@H](C(=O)N1)CCCCN)CC2=CNC3=CC=CC=C32)CC4=CC=C(C=C4)O)NC(=O)[C@@H](CC5=CC=CC=C5)NC(=O)CN6CCN(CCN(CCN(CC6)CC(=O)O)CC(=O)O)CC(=O)O)C(=O)N[C@@H]([C@@H](C)O)C(=O)O)O,"InChI=1S/C65H90N14O19S2/c1-38(80)56-64(96)73-51(63(95)75-57(39(2)81)65(97)98)37-100-99-36-50(72-59(91)47(28-40-10-4-3-5-11-40)68-52(83)32-76-20-22-77(33-53(84)85)24-26-79(35-55(88)89)27-25-78(23-21-76)34-54(86)87)62(94)70-48(29-41-15-17-43(82)18-16-41)60(92)71-49(30-42-31-67-45-13-7-6-12-44(42)45)61(93)69-46(58(90)74-56)14-8-9-19-66/h3-7,10-13,15-18,31,38-39,46-51,56-57,67,80-82H,8-9,14,19-30,32-37,66H2,1-2H3,(H,68,83)(H,69,93)(H,70,94)(H,71,92)(H,72,91)(H,73,96)(H,74,90)(H,75,95)(H,84,85)(H,86,87)(H,88,89)(H,97,98)/t38-,39-,46+,47-,48+,49-,50+,51+,56+,57+/m1/s1",QVFLVLMYXXNJDT-CSBVGUNJSA-N,exact DDInter name query,exact_unique,valid,"https://pubchem.ncbi.nlm.nih.gov/rest/pug/compound/name/Dotatate/property/Title,ConnectivitySMILES,SMILES,InChI,InChIKey/JSON",2026-09-22
DDInter59,Alvimopan,5488548,Alvimopan,CC1CN(CCC1(C)C2=CC(=CC=C2)O)CC(CC3=CC=CC=C3)C(=O)NCC(=O)O,C[C@H]1CN(CC[C@@]1(C)C2=CC(=CC=C2)O)C[C@H](CC3=CC=CC=C3)C(=O)NCC(=O)O,"InChI=1S/C25H32N2O4/c1-18-16-27(12-11-25(18,2)21-9-6-10-22(28)14-21)17-20(24(31)26-15-23(29)30)13-19-7-4-3-5-8-19/h3-10,14,18,20,28H,11-13,15-17H2,1-2H3,(H,26,31)(H,29,30)/t18-,20-,25+/m0/s1",UPNUIXSCZBYVBB-JVFUWBCBSA-N,exact DDInter name query,exact_unique,valid,"https://pubchem.ncbi.nlm.nih.gov/rest/pug/compound/name/Alvimopan/property/Title,ConnectivitySMILES,SMILES,InChI,InChIKey/JSON",2026-09-22
DDInter590,Doxacurium,60169,Doxacurium,C[N+]1(CCC2=CC(=C(C(=C2C1CC3=CC(=C(C(=C3)OC)OC)OC)OC)OC)OC)CCCOC(=O)CCC(=O)OCCC[N+]4(CCC5=CC(=C(C(=C5C4CC6=CC(=C(C(=C6)OC)OC)OC)OC)OC)OC)C,C[N+]1(CCC2=CC(=C(C(=C2C1CC3=CC(=C(C(=C3)OC)OC)OC)OC)OC)OC)CCCOC(=O)CCC(=O)OCCC[N+]4(CCC5=CC(=C(C(=C5C4CC6=CC(=C(C(=C6)OC)OC)OC)OC)OC)OC)C,"InChI=1S/C56H78N2O16/c1-57(23-19-37-33-45(65-7)53(69-11)55(71-13)49(37)39(57)27-35-29-41(61-3)51(67-9)42(30-35)62-4)21-15-25-73-47(59)17-18-48(60)74-26-16-22-58(2)24-20-38-34-46(66-8)54(70-12)56(72-14)50(38)40(58)28-36-31-43(63-5)52(68-10)44(32-36)64-6/h29-34,39-40H,15-28H2,1-14H3/q+2",GBLRQXKSCRCLBZ-UHFFFAOYSA-N,exact DDInter name query,exact_unique,valid,"https://pubchem.ncbi.nlm.nih.gov/rest/pug/compound/name/Doxacurium/property/Title,ConnectivitySMILES,SMILES,InChI,InChIKey/JSON",2026-09-22
DDInter591,Doxapram,3156,Doxapram,CCN1CC(C(C1=O)(C2=CC=CC=C2)C3=CC=CC=C3)CCN4CCOCC4,CCN1CC(C(C1=O)(C2=CC=CC=C2)C3=CC=CC=C3)CCN4CCOCC4,"InChI=1S/C24H30N2O2/c1-2-26-19-22(13-14-25-15-17-28-18-16-25)24(23(26)27,20-9-5-3-6-10-20)21-11-7-4-8-12-21/h3-12,22H,2,13-19H2,1H3",XFDJYSQDBULQSI-UHFFFAOYSA-N,exact DDInter name query,exact_unique,valid,"https://pubchem.ncbi.nlm.nih.gov/rest/pug/compound/name/Doxapram/property/Title,ConnectivitySMILES,SMILES,InChI,InChIKey/JSON",2026-09-22
DDInter592,Doxazosin,3157,Doxazosin,COC1=C(C=C2C(=C1)C(=NC(=N2)N3CCN(CC3)C(=O)C4COC5=CC=CC=C5O4)N)OC,COC1=C(C=C2C(=C1)C(=NC(=N2)N3CCN(CC3)C(=O)C4COC5=CC=CC=C5O4)N)OC,"InChI=1S/C23H25N5O5/c1-30-18-11-14-15(12-19(18)31-2)25-23(26-21(14)24)28-9-7-27(8-10-28)22(29)20-13-32-16-5-3-4-6-17(16)33-20/h3-6,11-12,20H,7-10,13H2,1-2H3,(H2,24,25,26)",RUZYUOTYCVRMRZ-UHFFFAOYSA-N,exact DDInter name query,exact_unique,valid,"https://pubchem.ncbi.nlm.nih.gov/rest/pug/compound/name/Doxazosin/property/Title,ConnectivitySMILES,SMILES,InChI,InChIKey/JSON",2026-09-22
DDInter593,Doxepin,3158,Doxepin,CN(C)CCC=C1C2=CC=CC=C2COC3=CC=CC=C31,CN(C)CCC=C1C2=CC=CC=C2COC3=CC=CC=C31,"InChI=1S/C19H21NO/c1-20(2)13-7-11-17-16-9-4-3-8-15(16)14-21-19-12-6-5-10-18(17)19/h3-6,8-12H,7,13-14H2,1-2H3",ODQWQRRAPPTVAG-UHFFFAOYSA-N,exact DDInter name query,exact_unique,valid,"https://pubchem.ncbi.nlm.nih.gov/rest/pug/compound/name/Doxepin/property/Title,ConnectivitySMILES,SMILES,InChI,InChIKey/JSON",2026-09-22
DDInter594,Doxepin (topical),,,,,,,exact DDInter name query,unmapped,unavailable,"https://pubchem.ncbi.nlm.nih.gov/rest/pug/compound/name/Doxepin%20%28topical%29/property/Title,ConnectivitySMILES,SMILES,InChI,InChIKey/JSON",2026-09-22
DDInter595,Doxercalciferol,5281107,Doxercalciferol,CC(C)C(C)C=CC(C)C1CCC2C1(CCCC2=CC=C3CC(CC(C3=C)O)O)C,C[C@H](/C=C/[C@H](C)C(C)C)[C@H]1CC[C@@H]\2[C@@]1(CCC/C2=C\C=C/3\C[C@H](C[C@@H](C3=C)O)O)C,"InChI=1S/C28H44O2/c1-18(2)19(3)9-10-20(4)25-13-14-26-22(8-7-15-28(25,26)6)11-12-23-16-24(29)17-27(30)21(23)5/h9-12,18-20,24-27,29-30H,5,7-8,13-17H2,1-4,6H3/b10-9+,22-11+,23-12-/t19-,20+,24+,25+,26-,27-,28+/m0/s1",HKXBNHCUPKIYDM-CGMHZMFXSA-N,exact DDInter name query,exact_unique,valid,"https://pubchem.ncbi.nlm.nih.gov/rest/pug/compound/name/Doxercalciferol/property/Title,ConnectivitySMILES,SMILES,InChI,InChIKey/JSON",2026-09-22
DDInter596,Doxorubicin,31703,Doxorubicin,CC1C(C(CC(O1)OC2CC(CC3=C2C(=C4C(=C3O)C(=O)C5=C(C4=O)C(=CC=C5)OC)O)(C(=O)CO)O)N)O,C[C@H]1[C@H]([C@H](C[C@@H](O1)O[C@H]2C[C@@](CC3=C2C(=C4C(=C3O)C(=O)C5=C(C4=O)C(=CC=C5)OC)O)(C(=O)CO)O)N)O,"InChI=1S/C27H29NO11/c1-10-22(31)13(28)6-17(38-10)39-15-8-27(36,16(30)9-29)7-12-19(15)26(35)21-20(24(12)33)23(32)11-4-3-5-14(37-2)18(11)25(21)34/h3-5,10,13,15,17,22,29,31,33,35-36H,6-9,28H2,1-2H3/t10-,13-,15-,17-,22+,27-/m0/s1",AOJJSUZBOXZQNB-TZSSRYMLSA-N,exact DDInter name query,exact_unique,valid,"https://pubchem.ncbi.nlm.nih.gov/rest/pug/compound/name/Doxorubicin/property/Title,ConnectivitySMILES,SMILES,InChI,InChIKey/JSON",2026-09-22
DDInter597,Doxorubicin (liposomal),,,,,,,exact DDInter name query,unmapped,unavailable,"https://pubchem.ncbi.nlm.nih.gov/rest/pug/compound/name/Doxorubicin%20%28liposomal%29/property/Title,ConnectivitySMILES,SMILES,InChI,InChIKey/JSON",2026-09-22
DDInter598,Doxycycline,54671203,"4-(Dimethylamino)-1,5,10,11,12a-pentahydroxy-6-methyl-3,12-dioxo-3,4,4a,5,5a,6,12,12a-octahydrotetracene-2-carboximidic acid",CC1C2C(C3C(C(=O)C(=C(C3(C(=O)C2=C(C4=C1C=CC=C4O)O)O)O)C(=O)N)N(C)C)O,C[C@@H]1[C@H]2[C@@H]([C@H]3[C@@H](C(=O)C(=C([C@]3(C(=O)C2=C(C4=C1C=CC=C4O)O)O)O)C(=O)N)N(C)C)O,"InChI=1S/C22H24N2O8/c1-7-8-5-4-6-9(25)11(8)16(26)12-10(7)17(27)14-15(24(2)3)18(28)13(21(23)31)20(30)22(14,32)19(12)29/h4-7,10,14-15,17,25-27,30,32H,1-3H3,(H2,23,31)/t7-,10+,14+,15-,17-,22-/m0/s1",SGKRLCUYIXIAHR-AKNGSSGZSA-N,exact DDInter name query,ambiguous,excluded_title_mismatch,"https://pubchem.ncbi.nlm.nih.gov/rest/pug/compound/name/Doxycycline/property/Title,ConnectivitySMILES,SMILES,InChI,InChIKey/JSON",2026-09-22
DDInter599,Doxycycline (topical),,,,,,,exact DDInter name query,unmapped,unavailable,"https://pubchem.ncbi.nlm.nih.gov/rest/pug/compound/name/Doxycycline%20%28topical%29/property/Title,ConnectivitySMILES,SMILES,InChI,InChIKey/JSON",2026-09-22
DDInter6,Abciximab,,,,,,,exact DDInter name query,unmapped,unavailable,"https://pubchem.ncbi.nlm.nih.gov/rest/pug/compound/name/Abciximab/property/Title,ConnectivitySMILES,SMILES,InChI,InChIKey/JSON",2026-09-22
DDInter60,Amantadine,2130,Amantadine,C1C2CC3CC1CC(C2)(C3)N,C1C2CC3CC1CC(C2)(C3)N,"InChI=1S/C10H17N/c11-10-4-7-1-8(5-10)3-9(2-7)6-10/h7-9H,1-6,11H2",DKNWSYNQZKUICI-UHFFFAOYSA-N,exact DDInter name query,exact_unique,valid,"https://pubchem.ncbi.nlm.nih.gov/rest/pug/compound/name/Amantadine/property/Title,ConnectivitySMILES,SMILES,InChI,InChIKey/JSON",2026-09-22
DDInter600,Doxylamine,3162,Doxylamine,CC(C1=CC=CC=C1)(C2=CC=CC=N2)OCCN(C)C,CC(C1=CC=CC=C1)(C2=CC=CC=N2)OCCN(C)C,"InChI=1S/C17H22N2O/c1-17(20-14-13-19(2)3,15-9-5-4-6-10-15)16-11-7-8-12-18-16/h4-12H,13-14H2,1-3H3",HCFDWZZGGLSKEP-UHFFFAOYSA-N,exact DDInter name query,exact_unique,valid,"https://pubchem.ncbi.nlm.nih.gov/rest/pug/compound/name/Doxylamine/property/Title,ConnectivitySMILES,SMILES,InChI,InChIKey/JSON",2026-09-22
DDInter601,Dronabinol,16078,Tetrahydrocannabinol,CCCCCC1=CC(=C2C3C=C(CCC3C(OC2=C1)(C)C)C)O,CCCCCC1=CC(=C2[C@@H]3C=C(CC[C@H]3C(OC2=C1)(C)C)C)O,"InChI=1S/C21H30O2/c1-5-6-7-8-15-12-18(22)20-16-11-14(2)9-10-17(16)21(3,4)23-19(20)13-15/h11-13,16-17,22H,5-10H2,1-4H3/t16-,17-/m1/s1",CYQFCXCEBYINGO-IAGOWNOFSA-N,exact DDInter name query,ambiguous,excluded_title_mismatch,"https://pubchem.ncbi.nlm.nih.gov/rest/pug/compound/name/Dronabinol/property/Title,ConnectivitySMILES,SMILES,InChI,InChIKey/JSON",2026-09-22
DDInter602,Dronedarone,208898,Dronedarone,CCCCC1=C(C2=C(O1)C=CC(=C2)NS(=O)(=O)C)C(=O)C3=CC=C(C=C3)OCCCN(CCCC)CCCC,CCCCC1=C(C2=C(O1)C=CC(=C2)NS(=O)(=O)C)C(=O)C3=CC=C(C=C3)OCCCN(CCCC)CCCC,"InChI=1S/C31H44N2O5S/c1-5-8-12-29-30(27-23-25(32-39(4,35)36)15-18-28(27)38-29)31(34)24-13-16-26(17-14-24)37-22-11-21-33(19-9-6-2)20-10-7-3/h13-18,23,32H,5-12,19-22H2,1-4H3",ZQTNQVWKHCQYLQ-UHFFFAOYSA-N,exact DDInter name query,exact_unique,valid,"https://pubchem.ncbi.nlm.nih.gov/rest/pug/compound/name/Dronedarone/property/Title,ConnectivitySMILES,SMILES,InChI,InChIKey/JSON",2026-09-22
DDInter603,Droperidol,3168,Droperidol,C1CN(CC=C1N2C3=CC=CC=C3NC2=O)CCCC(=O)C4=CC=C(C=C4)F,C1CN(CC=C1N2C3=CC=CC=C3NC2=O)CCCC(=O)C4=CC=C(C=C4)F,"InChI=1S/C22H22FN3O2/c23-17-9-7-16(8-10-17)21(27)6-3-13-25-14-11-18(12-15-25)26-20-5-2-1-4-19(20)24-22(26)28/h1-2,4-5,7-11H,3,6,12-15H2,(H,24,28)",RMEDXOLNCUSCGS-UHFFFAOYSA-N,exact DDInter name query,exact_unique,valid,"https://pubchem.ncbi.nlm.nih.gov/rest/pug/compound/name/Droperidol/property/Title,ConnectivitySMILES,SMILES,InChI,InChIKey/JSON",2026-09-22
DDInter604,Drospirenone,68873,Drospirenone,CC12CCC(=O)C=C1C3CC3C4C2CCC5(C4C6CC6C57CCC(=O)O7)C,C[C@]12CCC(=O)C=C1[C@@H]3C[C@@H]3[C@@H]4[C@@H]2CC[C@]5([C@H]4[C@@H]6C[C@@H]6[C@@]57CCC(=O)O7)C,"InChI=1S/C24H30O3/c1-22-6-3-12(25)9-17(22)13-10-14(13)20-16(22)4-7-23(2)21(20)15-11-18(15)24(23)8-5-19(26)27-24/h9,13-16,18,20-21H,3-8,10-11H2,1-2H3/t13-,14+,15-,16+,18+,20-,21+,22-,23+,24+/m1/s1",METQSPRSQINEEU-HXCATZOESA-N,exact DDInter name query,exact_unique,valid,"https://pubchem.ncbi.nlm.nih.gov/rest/pug/compound/name/Drospirenone/property/Title,ConnectivitySMILES,SMILES,InChI,InChIKey/JSON",2026-09-22
DDInter605,Drotrecogin alfa,,,,,,,exact DDInter name query,unmapped,unavailable,"https://pubchem.ncbi.nlm.nih.gov/rest/pug/compound/name/Drotrecogin%20alfa/property/Title,ConnectivitySMILES,SMILES,InChI,InChIKey/JSON",2026-09-22
DDInter606,Droxidopa,92974,Droxidopa,C1=CC(=C(C=C1C(C(C(=O)O)N)O)O)O,C1=CC(=C(C=C1[C@H]([C@@H](C(=O)O)N)O)O)O,"InChI=1S/C9H11NO5/c10-7(9(14)15)8(13)4-1-2-5(11)6(12)3-4/h1-3,7-8,11-13H,10H2,(H,14,15)/t7-,8+/m0/s1",QXWYKJLNLSIPIN-JGVFFNPUSA-N,exact DDInter name query,exact_unique,valid,"https://pubchem.ncbi.nlm.nih.gov/rest/pug/compound/name/Droxidopa/property/Title,ConnectivitySMILES,SMILES,InChI,InChIKey/JSON",2026-09-22
DDInter607,Dulaglutide,,,,,,,exact DDInter name query,unmapped,unavailable,"https://pubchem.ncbi.nlm.nih.gov/rest/pug/compound/name/Dulaglutide/property/Title,ConnectivitySMILES,SMILES,InChI,InChIKey/JSON",2026-09-22
DDInter608,Duloxetine,60835,Duloxetine,CNCCC(C1=CC=CS1)OC2=CC=CC3=CC=CC=C32,CNCC[C@@H](C1=CC=CS1)OC2=CC=CC3=CC=CC=C32,"InChI=1S/C18H19NOS/c1-19-12-11-17(18-10-5-13-21-18)20-16-9-4-7-14-6-2-3-8-15(14)16/h2-10,13,17,19H,11-12H2,1H3/t17-/m0/s1",ZEUITGRIYCTCEM-KRWDZBQOSA-N,exact DDInter name query,exact_unique,valid,"https://pubchem.ncbi.nlm.nih.gov/rest/pug/compound/name/Duloxetine/property/Title,ConnectivitySMILES,SMILES,InChI,InChIKey/JSON",2026-09-22
DDInter609,Dupilumab,,,,,,,exact DDInter name query,unmapped,unavailable,"https://pubchem.ncbi.nlm.nih.gov/rest/pug/compound/name/Dupilumab/property/Title,ConnectivitySMILES,SMILES,InChI,InChIKey/JSON",2026-09-22
DDInter61,Ambenonium,2131,Ambenonium,CC[N+](CC)(CCNC(=O)C(=O)NCC[N+](CC)(CC)CC1=CC=CC=C1Cl)CC2=CC=CC=C2Cl,CC[N+](CC)(CCNC(=O)C(=O)NCC[N+](CC)(CC)CC1=CC=CC=C1Cl)CC2=CC=CC=C2Cl,"InChI=1S/C28H40Cl2N4O2/c1-5-33(6-2,21-23-13-9-11-15-25(23)29)19-17-31-27(35)28(36)32-18-20-34(7-3,8-4)22-24-14-10-12-16-26(24)30/h9-16H,5-8,17-22H2,1-4H3/p+2",OMHBPUNFVFNHJK-UHFFFAOYSA-P,exact DDInter name query,exact_unique,valid,"https://pubchem.ncbi.nlm.nih.gov/rest/pug/compound/name/Ambenonium/property/Title,ConnectivitySMILES,SMILES,InChI,InChIKey/JSON",2026-09-22
DDInter610,Durvalumab,,,,,,,exact DDInter name query,unmapped,unavailable,"https://pubchem.ncbi.nlm.nih.gov/rest/pug/compound/name/Durvalumab/property/Title,ConnectivitySMILES,SMILES,InChI,InChIKey/JSON",2026-09-22
DDInter611,Dutasteride,6918296,Dutasteride,CC12CCC3C(C1CCC2C(=O)NC4=C(C=CC(=C4)C(F)(F)F)C(F)(F)F)CCC5C3(C=CC(=O)N5)C,C[C@]12CC[C@H]3[C@H]([C@@H]1CC[C@@H]2C(=O)NC4=C(C=CC(=C4)C(F)(F)F)C(F)(F)F)CC[C@@H]5[C@@]3(C=CC(=O)N5)C,"InChI=1S/C27H30F6N2O2/c1-24-11-9-17-15(4-8-21-25(17,2)12-10-22(36)35-21)16(24)6-7-19(24)23(37)34-20-13-14(26(28,29)30)3-5-18(20)27(31,32)33/h3,5,10,12-13,15-17,19,21H,4,6-9,11H2,1-2H3,(H,34,37)(H,35,36)/t15-,16-,17-,19+,21+,24-,25+/m0/s1",JWJOTENAMICLJG-QWBYCMEYSA-N,exact DDInter name query,exact_unique,valid,"https://pubchem.ncbi.nlm.nih.gov/rest/pug/compound/name/Dutasteride/property/Title,ConnectivitySMILES,SMILES,InChI,InChIKey/JSON",2026-09-22
DDInter612,Duvelisib,50905713,Duvelisib,CC(C1=CC2=C(C(=CC=C2)Cl)C(=O)N1C3=CC=CC=C3)NC4=NC=NC5=C4NC=N5,C[C@@H](C1=CC2=C(C(=CC=C2)Cl)C(=O)N1C3=CC=CC=C3)NC4=NC=NC5=C4NC=N5,"InChI=1S/C22H17ClN6O/c1-13(28-21-19-20(25-11-24-19)26-12-27-21)17-10-14-6-5-9-16(23)18(14)22(30)29(17)15-7-3-2-4-8-15/h2-13H,1H3,(H2,24,25,26,27,28)/t13-/m0/s1",SJVQHLPISAIATJ-ZDUSSCGKSA-N,exact DDInter name query,exact_unique,valid,"https://pubchem.ncbi.nlm.nih.gov/rest/pug/compound/name/Duvelisib/property/Title,ConnectivitySMILES,SMILES,InChI,InChIKey/JSON",2026-09-22
DDInter613,Dyphylline,3182,Diprophylline,CN1C2=C(C(=O)N(C1=O)C)N(C=N2)CC(CO)O,CN1C2=C(C(=O)N(C1=O)C)N(C=N2)CC(CO)O,"InChI=1S/C10H14N4O4/c1-12-8-7(9(17)13(2)10(12)18)14(5-11-8)3-6(16)4-15/h5-6,15-16H,3-4H2,1-2H3",KSCFJBIXMNOVSH-UHFFFAOYSA-N,exact DDInter name query,ambiguous,excluded_title_mismatch,"https://pubchem.ncbi.nlm.nih.gov/rest/pug/compound/name/Dyphylline/property/Title,ConnectivitySMILES,SMILES,InChI,InChIKey/JSON",2026-09-22
DDInter614,Echinacea,,,,,,,exact DDInter name query,unmapped,unavailable,"https://pubchem.ncbi.nlm.nih.gov/rest/pug/compound/name/Echinacea/property/Title,ConnectivitySMILES,SMILES,InChI,InChIKey/JSON",2026-09-22
DDInter615,Echothiophate (ophthalmic),,,,,,,exact DDInter name query,unmapped,unavailable,"https://pubchem.ncbi.nlm.nih.gov/rest/pug/compound/name/Echothiophate%20%28ophthalmic%29/property/Title,ConnectivitySMILES,SMILES,InChI,InChIKey/JSON",2026-09-22
DDInter616,Econazole,3198,Econazole,C1=CC(=CC=C1COC(CN2C=CN=C2)C3=C(C=C(C=C3)Cl)Cl)Cl,C1=CC(=CC=C1COC(CN2C=CN=C2)C3=C(C=C(C=C3)Cl)Cl)Cl,"InChI=1S/C18H15Cl3N2O/c19-14-3-1-13(2-4-14)11-24-18(10-23-8-7-22-12-23)16-6-5-15(20)9-17(16)21/h1-9,12,18H,10-11H2",LEZWWPYKPKIXLL-UHFFFAOYSA-N,exact DDInter name query,exact_unique,valid,"https://pubchem.ncbi.nlm.nih.gov/rest/pug/compound/name/Econazole/property/Title,ConnectivitySMILES,SMILES,InChI,InChIKey/JSON",2026-09-22
DDInter617,Econazole (topical),,,,,,,exact DDInter name query,unmapped,unavailable,"https://pubchem.ncbi.nlm.nih.gov/rest/pug/compound/name/Econazole%20%28topical%29/property/Title,ConnectivitySMILES,SMILES,InChI,InChIKey/JSON",2026-09-22
DDInter618,Eculizumab,,,,,,,exact DDInter name query,unmapped,unavailable,"https://pubchem.ncbi.nlm.nih.gov/rest/pug/compound/name/Eculizumab/property/Title,ConnectivitySMILES,SMILES,InChI,InChIKey/JSON",2026-09-22
DDInter619,Edetate calcium disodium anhydrous,6093170,Edetate Calcium Disodium Anhydrous,C(CN(CC(=O)[O-])CC(=O)[O-])N(CC(=O)[O-])CC(=O)[O-].[Na+].[Na+].[Ca+2],C(CN(CC(=O)[O-])CC(=O)[O-])N(CC(=O)[O-])CC(=O)[O-].[Na+].[Na+].[Ca+2],"InChI=1S/C10H16N2O8.Ca.2Na/c13-7(14)3-11(4-8(15)16)1-2-12(5-9(17)18)6-10(19)20;;;/h1-6H2,(H,13,14)(H,15,16)(H,17,18)(H,19,20);;;/q;+2;2*+1/p-4",SHWNNYZBHZIQQV-UHFFFAOYSA-J,exact DDInter name query,exact_unique,valid,"https://pubchem.ncbi.nlm.nih.gov/rest/pug/compound/name/Edetate%20calcium%20disodium%20anhydrous/property/Title,ConnectivitySMILES,SMILES,InChI,InChIKey/JSON",2026-09-22
DDInter62,Ambrisentan,6918493,Ambrisentan,CC1=CC(=NC(=N1)OC(C(=O)O)C(C2=CC=CC=C2)(C3=CC=CC=C3)OC)C,CC1=CC(=NC(=N1)O[C@H](C(=O)O)C(C2=CC=CC=C2)(C3=CC=CC=C3)OC)C,"InChI=1S/C22H22N2O4/c1-15-14-16(2)24-21(23-15)28-19(20(25)26)22(27-3,17-10-6-4-7-11-17)18-12-8-5-9-13-18/h4-14,19H,1-3H3,(H,25,26)/t19-/m1/s1",OUJTZYPIHDYQMC-LJQANCHMSA-N,exact DDInter name query,exact_unique,valid,"https://pubchem.ncbi.nlm.nih.gov/rest/pug/compound/name/Ambrisentan/property/Title,ConnectivitySMILES,SMILES,InChI,InChIKey/JSON",2026-09-22
DDInter620,Edetate disodium anhydrous,636371,Edetate Disodium,C(CN(CC(=O)O)CC(=O)[O-])N(CC(=O)O)CC(=O)[O-].O.O.[Na+].[Na+],C(CN(CC(=O)O)CC(=O)[O-])N(CC(=O)O)CC(=O)[O-].O.O.[Na+].[Na+],"InChI=1S/C10H16N2O8.2Na.2H2O/c13-7(14)3-11(4-8(15)16)1-2-12(5-9(17)18)6-10(19)20;;;;/h1-6H2,(H,13,14)(H,15,16)(H,17,18)(H,19,20);;;2*1H2/q;2*+1;;/p-2",OVBJJZOQPCKUOR-UHFFFAOYSA-L,exact DDInter name query,ambiguous,excluded_title_mismatch,"https://pubchem.ncbi.nlm.nih.gov/rest/pug/compound/name/Edetate%20disodium%20anhydrous/property/Title,ConnectivitySMILES,SMILES,InChI,InChIKey/JSON",2026-09-22
DDInter621,Edoxaban,10280735,Edoxaban,CN1CCC2=C(C1)SC(=N2)C(=O)NC3CC(CCC3NC(=O)C(=O)NC4=NC=C(C=C4)Cl)C(=O)N(C)C,CN1CCC2=C(C1)SC(=N2)C(=O)N[C@@H]3C[C@H](CC[C@@H]3NC(=O)C(=O)NC4=NC=C(C=C4)Cl)C(=O)N(C)C,"InChI=1S/C24H30ClN7O4S/c1-31(2)24(36)13-4-6-15(27-20(33)21(34)30-19-7-5-14(25)11-26-19)17(10-13)28-22(35)23-29-16-8-9-32(3)12-18(16)37-23/h5,7,11,13,15,17H,4,6,8-10,12H2,1-3H3,(H,27,33)(H,28,35)(H,26,30,34)/t13-,15-,17+/m0/s1",HGVDHZBSSITLCT-JLJPHGGASA-N,exact DDInter name query,exact_unique,valid,"https://pubchem.ncbi.nlm.nih.gov/rest/pug/compound/name/Edoxaban/property/Title,ConnectivitySMILES,SMILES,InChI,InChIKey/JSON",2026-09-22
DDInter622,Edrophonium,3202,Edrophonium,CC[N+](C)(C)C1=CC(=CC=C1)O,CC[N+](C)(C)C1=CC(=CC=C1)O,"InChI=1S/C10H15NO/c1-4-11(2,3)9-6-5-7-10(12)8-9/h5-8H,4H2,1-3H3/p+1",VWLHWLSRQJQWRG-UHFFFAOYSA-O,exact DDInter name query,exact_unique,valid,"https://pubchem.ncbi.nlm.nih.gov/rest/pug/compound/name/Edrophonium/property/Title,ConnectivitySMILES,SMILES,InChI,InChIKey/JSON",2026-09-22
DDInter623,Efalizumab,,,,,,,exact DDInter name query,unmapped,unavailable,"https://pubchem.ncbi.nlm.nih.gov/rest/pug/compound/name/Efalizumab/property/Title,ConnectivitySMILES,SMILES,InChI,InChIKey/JSON",2026-09-22
DDInter624,Efavirenz,64139,Efavirenz,C1CC1C#CC2(C3=C(C=CC(=C3)Cl)NC(=O)O2)C(F)(F)F,C1CC1C#C[C@]2(C3=C(C=CC(=C3)Cl)NC(=O)O2)C(F)(F)F,"InChI=1S/C14H9ClF3NO2/c15-9-3-4-11-10(7-9)13(14(16,17)18,21-12(20)19-11)6-5-8-1-2-8/h3-4,7-8H,1-2H2,(H,19,20)/t13-/m0/s1",XPOQHMRABVBWPR-ZDUSSCGKSA-N,exact DDInter name query,exact_unique,valid,"https://pubchem.ncbi.nlm.nih.gov/rest/pug/compound/name/Efavirenz/property/Title,ConnectivitySMILES,SMILES,InChI,InChIKey/JSON",2026-09-22
DDInter625,Elagolix,11250647,Elagolix,CC1=C(C(=O)N(C(=O)N1CC2=C(C=CC=C2F)C(F)(F)F)CC(C3=CC=CC=C3)NCCCC(=O)O)C4=C(C(=CC=C4)OC)F,CC1=C(C(=O)N(C(=O)N1CC2=C(C=CC=C2F)C(F)(F)F)C[C@@H](C3=CC=CC=C3)NCCCC(=O)O)C4=C(C(=CC=C4)OC)F,"InChI=1S/C32H30F5N3O5/c1-19-28(21-11-6-14-26(45-2)29(21)34)30(43)40(18-25(20-9-4-3-5-10-20)38-16-8-15-27(41)42)31(44)39(19)17-22-23(32(35,36)37)12-7-13-24(22)33/h3-7,9-14,25,38H,8,15-18H2,1-2H3,(H,41,42)/t25-/m0/s1",HEAUOKZIVMZVQL-VWLOTQADSA-N,exact DDInter name query,exact_unique,valid,"https://pubchem.ncbi.nlm.nih.gov/rest/pug/compound/name/Elagolix/property/Title,ConnectivitySMILES,SMILES,InChI,InChIKey/JSON",2026-09-22
DDInter626,Elbasvir,71661251,Elbasvir,CC(C)C(C(=O)N1CCCC1C2=NC=C(N2)C3=CC4=C(C=C3)N5C(OC6=C(C5=C4)C=CC(=C6)C7=CN=C(N7)C8CCCN8C(=O)C(C(C)C)NC(=O)OC)C9=CC=CC=C9)NC(=O)OC,CC(C)[C@@H](C(=O)N1CCC[C@H]1C2=NC=C(N2)C3=CC4=C(C=C3)N5[C@@H](OC6=C(C5=C4)C=CC(=C6)C7=CN=C(N7)[C@@H]8CCCN8C(=O)[C@H](C(C)C)NC(=O)OC)C9=CC=CC=C9)NC(=O)OC,"InChI=1S/C49H55N9O7/c1-27(2)41(54-48(61)63-5)45(59)56-20-10-14-37(56)43-50-25-34(52-43)30-17-19-36-32(22-30)23-39-33-18-16-31(24-40(33)65-47(58(36)39)29-12-8-7-9-13-29)35-26-51-44(53-35)38-15-11-21-57(38)46(60)42(28(3)4)55-49(62)64-6/h7-9,12-13,16-19,22-28,37-38,41-42,47H,10-11,14-15,20-21H2,1-6H3,(H,50,52)(H,51,53)(H,54,61)(H,55,62)/t37-,38-,41-,42-,47-/m0/s1",BVAZQCUMNICBAQ-PZHYSIFUSA-N,exact DDInter name query,exact_unique,valid,"https://pubchem.ncbi.nlm.nih.gov/rest/pug/compound/name/Elbasvir/property/Title,ConnectivitySMILES,SMILES,InChI,InChIKey/JSON",2026-09-22
DDInter627,Eletriptan,77993,Eletriptan,CN1CCCC1CC2=CNC3=C2C=C(C=C3)CCS(=O)(=O)C4=CC=CC=C4,CN1CCC[C@@H]1CC2=CNC3=C2C=C(C=C3)CCS(=O)(=O)C4=CC=CC=C4,"InChI=1S/C22H26N2O2S/c1-24-12-5-6-19(24)15-18-16-23-22-10-9-17(14-21(18)22)11-13-27(25,26)20-7-3-2-4-8-20/h2-4,7-10,14,16,19,23H,5-6,11-13,15H2,1H3/t19-/m1/s1",PWVXXGRKLHYWKM-LJQANCHMSA-N,exact DDInter name query,exact_unique,valid,"https://pubchem.ncbi.nlm.nih.gov/rest/pug/compound/name/Eletriptan/property/Title,ConnectivitySMILES,SMILES,InChI,InChIKey/JSON",2026-09-22
DDInter628,Elexacaftor,134587348,Elexacaftor,CC1CC(N(C1)C2=C(C=CC(=N2)N3C=CC(=N3)OCC(C)(C)C(F)(F)F)C(=O)NS(=O)(=O)C4=CN(N=C4C)C)(C)C,C[C@H]1CC(N(C1)C2=C(C=CC(=N2)N3C=CC(=N3)OCC(C)(C)C(F)(F)F)C(=O)NS(=O)(=O)C4=CN(N=C4C)C)(C)C,"InChI=1S/C26H34F3N7O4S/c1-16-12-25(5,6)35(13-16)22-18(23(37)33-41(38,39)19-14-34(7)31-17(19)2)8-9-20(30-22)36-11-10-21(32-36)40-15-24(3,4)26(27,28)29/h8-11,14,16H,12-13,15H2,1-7H3,(H,33,37)/t16-/m0/s1",MVRHVFSOIWFBTE-INIZCTEOSA-N,exact DDInter name query,exact_unique,valid,"https://pubchem.ncbi.nlm.nih.gov/rest/pug/compound/name/Elexacaftor/property/Title,ConnectivitySMILES,SMILES,InChI,InChIKey/JSON",2026-09-22
DDInter629,Eliglustat,23652731,"N-((1R,2R)-2-(2,3-Dihydro-1,4-benzodioxin-6-yl)-2-hydroxy-1-(1-pyrrolidinylmethyl)ethyl)octanamide",CCCCCCCC(=O)NC(CN1CCCC1)C(C2=CC3=C(C=C2)OCCO3)O,CCCCCCCC(=O)N[C@H](CN1CCCC1)[C@@H](C2=CC3=C(C=C2)OCCO3)O,"InChI=1S/C23H36N2O4/c1-2-3-4-5-6-9-22(26)24-19(17-25-12-7-8-13-25)23(27)18-10-11-20-21(16-18)29-15-14-28-20/h10-11,16,19,23,27H,2-9,12-15,17H2,1H3,(H,24,26)/t19-,23-/m1/s1",FJZZPCZKBUKGGU-AUSIDOKSSA-N,exact DDInter name query,ambiguous,excluded_title_mismatch,"https://pubchem.ncbi.nlm.nih.gov/rest/pug/compound/name/Eliglustat/property/Title,ConnectivitySMILES,SMILES,InChI,InChIKey/JSON",2026-09-22
DDInter63,Amcinonide,443958,Amcinonide,CC(=O)OCC(=O)C12C(CC3C1(CC(C4(C3CCC5=CC(=O)C=CC54C)F)O)C)OC6(O2)CCCC6,CC(=O)OCC(=O)[C@@]12[C@@H](C[C@@H]3[C@@]1(C[C@@H]([C@]4([C@H]3CCC5=CC(=O)C=C[C@@]54C)F)O)C)OC6(O2)CCCC6,"InChI=1S/C28H35FO7/c1-16(30)34-15-22(33)28-23(35-26(36-28)9-4-5-10-26)13-20-19-7-6-17-12-18(31)8-11-24(17,2)27(19,29)21(32)14-25(20,28)3/h8,11-12,19-21,23,32H,4-7,9-10,13-15H2,1-3H3/t19-,20-,21-,23+,24-,25-,27-,28+/m0/s1",ILKJAFIWWBXGDU-MOGDOJJUSA-N,exact DDInter name query,exact_unique,valid,"https://pubchem.ncbi.nlm.nih.gov/rest/pug/compound/name/Amcinonide/property/Title,ConnectivitySMILES,SMILES,InChI,InChIKey/JSON",2026-09-22
DDInter630,Elotuzumab,,,,,,,exact DDInter name query,unmapped,unavailable,"https://pubchem.ncbi.nlm.nih.gov/rest/pug/compound/name/Elotuzumab/property/Title,ConnectivitySMILES,SMILES,InChI,InChIKey/JSON",2026-09-22
DDInter631,Eltrombopag,135449332,Eltrombopag,CC1=C(C=C(C=C1)N2C(=O)C(=C(N2)C)N=NC3=CC=CC(=C3O)C4=CC(=CC=C4)C(=O)O)C,CC1=C(C=C(C=C1)N2C(=O)C(=C(N2)C)N=NC3=CC=CC(=C3O)C4=CC(=CC=C4)C(=O)O)C,"InChI=1S/C25H22N4O4/c1-14-10-11-19(12-15(14)2)29-24(31)22(16(3)28-29)27-26-21-9-5-8-20(23(21)30)17-6-4-7-18(13-17)25(32)33/h4-13,28,30H,1-3H3,(H,32,33)",SVOQIEJWJCQGDQ-UHFFFAOYSA-N,exact DDInter name query,exact_unique,valid,"https://pubchem.ncbi.nlm.nih.gov/rest/pug/compound/name/Eltrombopag/property/Title,ConnectivitySMILES,SMILES,InChI,InChIKey/JSON",2026-09-22
DDInter632,Eluxadoline,11250029,Eluxadoline,CC1=CC(=CC(=C1CC(C(=O)N(CC2=CC(=C(C=C2)OC)C(=O)O)C(C)C3=NC=C(N3)C4=CC=CC=C4)N)C)C(=O)N,CC1=CC(=CC(=C1C[C@@H](C(=O)N(CC2=CC(=C(C=C2)OC)C(=O)O)[C@@H](C)C3=NC=C(N3)C4=CC=CC=C4)N)C)C(=O)N,"InChI=1S/C32H35N5O5/c1-18-12-23(29(34)38)13-19(2)24(18)15-26(33)31(39)37(17-21-10-11-28(42-4)25(14-21)32(40)41)20(3)30-35-16-27(36-30)22-8-6-5-7-9-22/h5-14,16,20,26H,15,17,33H2,1-4H3,(H2,34,38)(H,35,36)(H,40,41)/t20-,26-/m0/s1",QFNHIDANIVGXPE-FNZWTVRRSA-N,exact DDInter name query,exact_unique,valid,"https://pubchem.ncbi.nlm.nih.gov/rest/pug/compound/name/Eluxadoline/property/Title,ConnectivitySMILES,SMILES,InChI,InChIKey/JSON",2026-09-22
DDInter633,Elvitegravir,5277135,Elvitegravir,CC(C)C(CO)N1C=C(C(=O)C2=C1C=C(C(=C2)CC3=C(C(=CC=C3)Cl)F)OC)C(=O)O,CC(C)[C@@H](CO)N1C=C(C(=O)C2=C1C=C(C(=C2)CC3=C(C(=CC=C3)Cl)F)OC)C(=O)O,"InChI=1S/C23H23ClFNO5/c1-12(2)19(11-27)26-10-16(23(29)30)22(28)15-8-14(20(31-3)9-18(15)26)7-13-5-4-6-17(24)21(13)25/h4-6,8-10,12,19,27H,7,11H2,1-3H3,(H,29,30)/t19-/m1/s1",JUZYLCPPVHEVSV-LJQANCHMSA-N,exact DDInter name query,exact_unique,valid,"https://pubchem.ncbi.nlm.nih.gov/rest/pug/compound/name/Elvitegravir/property/Title,ConnectivitySMILES,SMILES,InChI,InChIKey/JSON",2026-09-22
DDInter634,Emapalumab,,,,,,,exact DDInter name query,unmapped,unavailable,"https://pubchem.ncbi.nlm.nih.gov/rest/pug/compound/name/Emapalumab/property/Title,ConnectivitySMILES,SMILES,InChI,InChIKey/JSON",2026-09-22
DDInter635,Emicizumab,,,,,,,exact DDInter name query,unmapped,unavailable,"https://pubchem.ncbi.nlm.nih.gov/rest/pug/compound/name/Emicizumab/property/Title,ConnectivitySMILES,SMILES,InChI,InChIKey/JSON",2026-09-22
DDInter636,Empagliflozin,11949646,Empagliflozin,C1COCC1OC2=CC=C(C=C2)CC3=C(C=CC(=C3)C4C(C(C(C(O4)CO)O)O)O)Cl,C1COC[C@H]1OC2=CC=C(C=C2)CC3=C(C=CC(=C3)[C@H]4[C@@H]([C@H]([C@@H]([C@H](O4)CO)O)O)O)Cl,"InChI=1S/C23H27ClO7/c24-18-6-3-14(23-22(28)21(27)20(26)19(11-25)31-23)10-15(18)9-13-1-4-16(5-2-13)30-17-7-8-29-12-17/h1-6,10,17,19-23,25-28H,7-9,11-12H2/t17-,19+,20+,21-,22+,23-/m0/s1",OBWASQILIWPZMG-QZMOQZSNSA-N,exact DDInter name query,exact_unique,valid,"https://pubchem.ncbi.nlm.nih.gov/rest/pug/compound/name/Empagliflozin/property/Title,ConnectivitySMILES,SMILES,InChI,InChIKey/JSON",2026-09-22
DDInter637,Emtricitabine,60877,Emtricitabine,C1C(OC(S1)CO)N2C=C(C(=NC2=O)N)F,C1[C@H](O[C@H](S1)CO)N2C=C(C(=NC2=O)N)F,"InChI=1S/C8H10FN3O3S/c9-4-1-12(8(14)11-7(4)10)5-3-16-6(2-13)15-5/h1,5-6,13H,2-3H2,(H2,10,11,14)/t5-,6+/m0/s1",XQSPYNMVSIKCOC-NTSWFWBYSA-N,exact DDInter name query,exact_unique,valid,"https://pubchem.ncbi.nlm.nih.gov/rest/pug/compound/name/Emtricitabine/property/Title,ConnectivitySMILES,SMILES,InChI,InChIKey/JSON",2026-09-22
DDInter638,Enalapril,5388962,Enalapril,CCOC(=O)C(CCC1=CC=CC=C1)NC(C)C(=O)N2CCCC2C(=O)O,CCOC(=O)[C@H](CCC1=CC=CC=C1)N[C@@H](C)C(=O)N2CCC[C@H]2C(=O)O,"InChI=1S/C20H28N2O5/c1-3-27-20(26)16(12-11-15-8-5-4-6-9-15)21-14(2)18(23)22-13-7-10-17(22)19(24)25/h4-6,8-9,14,16-17,21H,3,7,10-13H2,1-2H3,(H,24,25)/t14-,16-,17-/m0/s1",GBXSMTUPTTWBMN-XIRDDKMYSA-N,exact DDInter name query,exact_unique,valid,"https://pubchem.ncbi.nlm.nih.gov/rest/pug/compound/name/Enalapril/property/Title,ConnectivitySMILES,SMILES,InChI,InChIKey/JSON",2026-09-22
DDInter639,Enasidenib,89683805,Enasidenib,CC(C)(CNC1=NC(=NC(=N1)C2=NC(=CC=C2)C(F)(F)F)NC3=CC(=NC=C3)C(F)(F)F)O,CC(C)(CNC1=NC(=NC(=N1)C2=NC(=CC=C2)C(F)(F)F)NC3=CC(=NC=C3)C(F)(F)F)O,"InChI=1S/C19H17F6N7O/c1-17(2,33)9-27-15-30-14(11-4-3-5-12(29-11)18(20,21)22)31-16(32-15)28-10-6-7-26-13(8-10)19(23,24)25/h3-8,33H,9H2,1-2H3,(H2,26,27,28,30,31,32)",DYLUUSLLRIQKOE-UHFFFAOYSA-N,exact DDInter name query,exact_unique,valid,"https://pubchem.ncbi.nlm.nih.gov/rest/pug/compound/name/Enasidenib/property/Title,ConnectivitySMILES,SMILES,InChI,InChIKey/JSON",2026-09-22
DDInter64,Amifampridine,5918,"3,4-Diaminopyridine",C1=CN=CC(=C1N)N,C1=CN=CC(=C1N)N,"InChI=1S/C5H7N3/c6-4-1-2-8-3-5(4)7/h1-3H,7H2,(H2,6,8)",OYTKINVCDFNREN-UHFFFAOYSA-N,exact DDInter name query,ambiguous,excluded_title_mismatch,"https://pubchem.ncbi.nlm.nih.gov/rest/pug/compound/name/Amifampridine/property/Title,ConnectivitySMILES,SMILES,InChI,InChIKey/JSON",2026-09-22
DDInter640,Encorafenib,50922675,Encorafenib,CC(C)N1C=C(C(=N1)C2=C(C(=CC(=C2)Cl)NS(=O)(=O)C)F)C3=NC(=NC=C3)NCC(C)NC(=O)OC,C[C@@H](CNC1=NC=CC(=N1)C2=CN(N=C2C3=C(C(=CC(=C3)Cl)NS(=O)(=O)C)F)C(C)C)NC(=O)OC,"InChI=1S/C22H27ClFN7O4S/c1-12(2)31-11-16(17-6-7-25-21(28-17)26-10-13(3)27-22(32)35-4)20(29-31)15-8-14(23)9-18(19(15)24)30-36(5,33)34/h6-9,11-13,30H,10H2,1-5H3,(H,27,32)(H,25,26,28)/t13-/m0/s1",CMJCXYNUCSMDBY-ZDUSSCGKSA-N,exact DDInter name query,exact_unique,valid,"https://pubchem.ncbi.nlm.nih.gov/rest/pug/compound/name/Encorafenib/property/Title,ConnectivitySMILES,SMILES,InChI,InChIKey/JSON",2026-09-22
DDInter641,Enflurane,3226,Enflurane,C(C(OC(F)F)(F)F)(F)Cl,C(C(OC(F)F)(F)F)(F)Cl,"InChI=1S/C3H2ClF5O/c4-1(5)3(8,9)10-2(6)7/h1-2H",JPGQOUSTVILISH-UHFFFAOYSA-N,exact DDInter name query,exact_unique,valid,"https://pubchem.ncbi.nlm.nih.gov/rest/pug/compound/name/Enflurane/property/Title,ConnectivitySMILES,SMILES,InChI,InChIKey/JSON",2026-09-22
DDInter642,Enfortumab vedotin,,,,,,,exact DDInter name query,unmapped,unavailable,"https://pubchem.ncbi.nlm.nih.gov/rest/pug/compound/name/Enfortumab%20vedotin/property/Title,ConnectivitySMILES,SMILES,InChI,InChIKey/JSON",2026-09-22
DDInter643,Enfuvirtide,16130199,Enfuvirtide,CCC(C)C(C(=O)NC(CCC(=O)O)C(=O)NC(CCC(=O)O)C(=O)NC(CO)C(=O)NC(CCC(=O)N)C(=O)NC(CC(=O)N)C(=O)NC(CCC(=O)N)C(=O)NC(CCC(=O)N)C(=O)NC(CCC(=O)O)C(=O)NC(CCCCN)C(=O)NC(CC(=O)N)C(=O)NC(CCC(=O)O)C(=O)NC(CCC(=O)N)C(=O)NC(CCC(=O)O)C(=O)NC(CC(C)C)C(=O)NC(CC(C)C)C(=O)NC(CCC(=O)O)C(=O)NC(CC(C)C)C(=O)NC(CC(=O)O)C(=O)NC(CCCCN)C(=O)NC(CC1=CNC2=CC=CC=C21)C(=O)NC(C)C(=O)NC(CO)C(=O)NC(CC(C)C)C(=O)NC(CC3=CNC4=CC=CC=C43)C(=O)NC(CC(=O)N)C(=O)NC(CC5=CNC6=CC=CC=C65)C(=O)NC(CC7=CC=CC=C7)C(=O)N)NC(=O)C(CC(C)C)NC(=O)C(CO)NC(=O)C(CC8=CN=CN8)NC(=O)C(C(C)CC)NC(=O)C(CC(C)C)NC(=O)C(CO)NC(=O)C(C(C)O)NC(=O)C(CC9=CC=C(C=C9)O)NC(=O)C,CC[C@H](C)[C@@H](C(=O)N[C@@H](CCC(=O)O)C(=O)N[C@@H](CCC(=O)O)C(=O)N[C@@H](CO)C(=O)N[C@@H](CCC(=O)N)C(=O)N[C@@H](CC(=O)N)C(=O)N[C@@H](CCC(=O)N)C(=O)N[C@@H](CCC(=O)N)C(=O)N[C@@H](CCC(=O)O)C(=O)N[C@@H](CCCCN)C(=O)N[C@@H](CC(=O)N)C(=O)N[C@@H](CCC(=O)O)C(=O)N[C@@H](CCC(=O)N)C(=O)N[C@@H](CCC(=O)O)C(=O)N[C@@H](CC(C)C)C(=O)N[C@@H](CC(C)C)C(=O)N[C@@H](CCC(=O)O)C(=O)N[C@@H](CC(C)C)C(=O)N[C@@H](CC(=O)O)C(=O)N[C@@H](CCCCN)C(=O)N[C@@H](CC1=CNC2=CC=CC=C21)C(=O)N[C@@H](C)C(=O)N[C@@H](CO)C(=O)N[C@@H](CC(C)C)C(=O)N[C@@H](CC3=CNC4=CC=CC=C43)C(=O)N[C@@H](CC(=O)N)C(=O)N[C@@H](CC5=CNC6=CC=CC=C65)C(=O)N[C@@H](CC7=CC=CC=C7)C(=O)N)NC(=O)[C@H](CC(C)C)NC(=O)[C@H](CO)NC(=O)[C@H](CC8=CN=CN8)NC(=O)[C@H]([C@@H](C)CC)NC(=O)[C@H](CC(C)C)NC(=O)[C@H](CO)NC(=O)[C@H]([C@@H](C)O)NC(=O)[C@H](CC9=CC=C(C=C9)O)NC(=O)C,"InChI=1S/C204H301N51O64/c1-20-102(15)166(253-195(310)137(75-100(11)12)239-200(315)150(93-258)251-190(305)143(82-112-90-215-95-219-112)248-203(318)167(103(16)21-2)254-196(311)138(76-101(13)14)240-201(316)151(94-259)252-204(319)168(105(18)260)255-197(312)139(221-106(19)261)78-108-45-47-113(262)48-46-108)202(317)233-131(58-68-164(280)281)178(293)228-130(57-67-163(278)279)182(297)250-149(92-257)198(313)232-125(52-62-155(210)266)179(294)245-145(84-157(212)268)191(306)229-124(51-61-154(209)265)175(290)224-122(49-59-152(207)263)173(288)226-126(53-63-159(270)271)176(291)222-120(43-31-33-69-205)172(287)244-144(83-156(211)267)192(307)231-127(54-64-160(272)273)177(292)225-123(50-60-153(208)264)174(289)227-128(55-65-161(274)275)180(295)235-134(72-97(5)6)185(300)237-133(71-96(3)4)184(299)230-129(56-66-162(276)277)181(296)236-135(73-98(7)8)187(302)247-147(86-165(282)283)194(309)223-121(44-32-34-70-206)171(286)241-140(79-109-87-216-117-40-28-25-37-114(109)117)183(298)220-104(17)170(285)249-148(91-256)199(314)238-136(74-99(9)10)186(301)242-142(81-111-89-218-119-42-30-27-39-116(111)119)189(304)246-146(85-158(213)269)193(308)243-141(80-110-88-217-118-41-29-26-38-115(110)118)188(303)234-132(169(214)284)77-107-35-23-22-24-36-107/h22-30,35-42,45-48,87-90,95-105,120-151,166-168,216-218,256-260,262H,20-21,31-34,43-44,49-86,91-94,205-206H2,1-19H3,(H2,207,263)(H2,208,264)(H2,209,265)(H2,210,266)(H2,211,267)(H2,212,268)(H2,213,269)(H2,214,284)(H,215,219)(H,220,298)(H,221,261)(H,222,291)(H,223,309)(H,224,290)(H,225,292)(H,226,288)(H,227,289)(H,228,293)(H,229,306)(H,230,299)(H,231,307)(H,232,313)(H,233,317)(H,234,303)(H,235,295)(H,236,296)(H,237,300)(H,238,314)(H,239,315)(H,240,316)(H,241,286)(H,242,301)(H,243,308)(H,244,287)(H,245,294)(H,246,304)(H,247,302)(H,248,318)(H,249,285)(H,250,297)(H,251,305)(H,252,319)(H,253,310)(H,254,311)(H,255,312)(H,270,271)(H,272,273)(H,274,275)(H,276,277)(H,278,279)(H,280,281)(H,282,283)/t102-,103-,104-,105+,120-,121-,122-,123-,124-,125-,126-,127-,128-,129-,130-,131-,132-,133-,134-,135-,136-,137-,138-,139-,140-,141-,142-,143-,144-,145-,146-,147-,148-,149-,150-,151-,166-,167-,168-/m0/s1",PEASPLKKXBYDKL-FXEVSJAOSA-N,exact DDInter name query,exact_unique,valid,"https://pubchem.ncbi.nlm.nih.gov/rest/pug/compound/name/Enfuvirtide/property/Title,ConnectivitySMILES,SMILES,InChI,InChIKey/JSON",2026-09-22
DDInter644,Enoxacin,3229,Enoxacin,CCN1C=C(C(=O)C2=CC(=C(N=C21)N3CCNCC3)F)C(=O)O,CCN1C=C(C(=O)C2=CC(=C(N=C21)N3CCNCC3)F)C(=O)O,"InChI=1S/C15H17FN4O3/c1-2-19-8-10(15(22)23)12(21)9-7-11(16)14(18-13(9)19)20-5-3-17-4-6-20/h7-8,17H,2-6H2,1H3,(H,22,23)",IDYZIJYBMGIQMJ-UHFFFAOYSA-N,exact DDInter name query,exact_unique,valid,"https://pubchem.ncbi.nlm.nih.gov/rest/pug/compound/name/Enoxacin/property/Title,ConnectivitySMILES,SMILES,InChI,InChIKey/JSON",2026-09-22
DDInter645,Enoxaparin,,,,,,,exact DDInter name query,unmapped,unavailable,"https://pubchem.ncbi.nlm.nih.gov/rest/pug/compound/name/Enoxaparin/property/Title,ConnectivitySMILES,SMILES,InChI,InChIKey/JSON",2026-09-22
DDInter646,Entacapone,5281081,Entacapone,CCN(CC)C(=O)C(=CC1=CC(=C(C(=C1)O)O)[N+](=O)[O-])C#N,CCN(CC)C(=O)/C(=C/C1=CC(=C(C(=C1)O)O)[N+](=O)[O-])/C#N,"InChI=1S/C14H15N3O5/c1-3-16(4-2)14(20)10(8-15)5-9-6-11(17(21)22)13(19)12(18)7-9/h5-7,18-19H,3-4H2,1-2H3/b10-5+",JRURYQJSLYLRLN-BJMVGYQFSA-N,exact DDInter name query,exact_unique,valid,"https://pubchem.ncbi.nlm.nih.gov/rest/pug/compound/name/Entacapone/property/Title,ConnectivitySMILES,SMILES,InChI,InChIKey/JSON",2026-09-22
DDInter647,Entecavir,135398508,Entecavir,C=C1C(CC(C1CO)O)N2C=NC3=C2N=C(NC3=O)N,C=C1[C@H](C[C@@H]([C@H]1CO)O)N2C=NC3=C2N=C(NC3=O)N,"InChI=1S/C12H15N5O3/c1-5-6(3-18)8(19)2-7(5)17-4-14-9-10(17)15-12(13)16-11(9)20/h4,6-8,18-19H,1-3H2,(H3,13,15,16,20)/t6-,7-,8-/m0/s1",QDGZDCVAUDNJFG-FXQIFTODSA-N,exact DDInter name query,exact_unique,valid,"https://pubchem.ncbi.nlm.nih.gov/rest/pug/compound/name/Entecavir/property/Title,ConnectivitySMILES,SMILES,InChI,InChIKey/JSON",2026-09-22
DDInter648,Entrectinib,25141092,Entrectinib,CN1CCN(CC1)C2=CC(=C(C=C2)C(=O)NC3=NNC4=C3C=C(C=C4)CC5=CC(=CC(=C5)F)F)NC6CCOCC6,CN1CCN(CC1)C2=CC(=C(C=C2)C(=O)NC3=NNC4=C3C=C(C=C4)CC5=CC(=CC(=C5)F)F)NC6CCOCC6,"InChI=1S/C31H34F2N6O2/c1-38-8-10-39(11-9-38)25-3-4-26(29(19-25)34-24-6-12-41-13-7-24)31(40)35-30-27-17-20(2-5-28(27)36-37-30)14-21-15-22(32)18-23(33)16-21/h2-5,15-19,24,34H,6-14H2,1H3,(H2,35,36,37,40)",HAYYBYPASCDWEQ-UHFFFAOYSA-N,exact DDInter name query,exact_unique,valid,"https://pubchem.ncbi.nlm.nih.gov/rest/pug/compound/name/Entrectinib/property/Title,ConnectivitySMILES,SMILES,InChI,InChIKey/JSON",2026-09-22
DDInter649,Enzalutamide,15951529,Enzalutamide,CC1(C(=O)N(C(=S)N1C2=CC(=C(C=C2)C(=O)NC)F)C3=CC(=C(C=C3)C#N)C(F)(F)F)C,CC1(C(=O)N(C(=S)N1C2=CC(=C(C=C2)C(=O)NC)F)C3=CC(=C(C=C3)C#N)C(F)(F)F)C,"InChI=1S/C21H16F4N4O2S/c1-20(2)18(31)28(12-5-4-11(10-26)15(8-12)21(23,24)25)19(32)29(20)13-6-7-14(16(22)9-13)17(30)27-3/h4-9H,1-3H3,(H,27,30)",WXCXUHSOUPDCQV-UHFFFAOYSA-N,exact DDInter name query,exact_unique,valid,"https://pubchem.ncbi.nlm.nih.gov/rest/pug/compound/name/Enzalutamide/property/Title,ConnectivitySMILES,SMILES,InChI,InChIKey/JSON",2026-09-22
DDInter65,Amifostine,2141,Amifostine,C(CN)CNCCSP(=O)(O)O,C(CN)CNCCSP(=O)(O)O,"InChI=1S/C5H15N2O3PS/c6-2-1-3-7-4-5-12-11(8,9)10/h7H,1-6H2,(H2,8,9,10)",JKOQGQFVAUAYPM-UHFFFAOYSA-N,exact DDInter name query,exact_unique,valid,"https://pubchem.ncbi.nlm.nih.gov/rest/pug/compound/name/Amifostine/property/Title,ConnectivitySMILES,SMILES,InChI,InChIKey/JSON",2026-09-22
DDInter650,Ephedrine,9294,Ephedrine,CC(C(C1=CC=CC=C1)O)NC,C[C@@H]([C@@H](C1=CC=CC=C1)O)NC,"InChI=1S/C10H15NO/c1-8(11-2)10(12)9-6-4-3-5-7-9/h3-8,10-12H,1-2H3/t8-,10-/m0/s1",KWGRBVOPPLSCSI-WPRPVWTQSA-N,exact DDInter name query,exact_unique,valid,"https://pubchem.ncbi.nlm.nih.gov/rest/pug/compound/name/Ephedrine/property/Title,ConnectivitySMILES,SMILES,InChI,InChIKey/JSON",2026-09-22
DDInter651,Ephedrine (nasal),,,,,,,exact DDInter name query,unmapped,unavailable,"https://pubchem.ncbi.nlm.nih.gov/rest/pug/compound/name/Ephedrine%20%28nasal%29/property/Title,ConnectivitySMILES,SMILES,InChI,InChIKey/JSON",2026-09-22
DDInter652,Epinephrine,5816,Epinephrine,CNCC(C1=CC(=C(C=C1)O)O)O,CNC[C@@H](C1=CC(=C(C=C1)O)O)O,"InChI=1S/C9H13NO3/c1-10-5-9(13)6-2-3-7(11)8(12)4-6/h2-4,9-13H,5H2,1H3/t9-/m0/s1",UCTWMZQNUQWSLP-VIFPVBQESA-N,exact DDInter name query,exact_unique,valid,"https://pubchem.ncbi.nlm.nih.gov/rest/pug/compound/name/Epinephrine/property/Title,ConnectivitySMILES,SMILES,InChI,InChIKey/JSON",2026-09-22
DDInter653,Epinephrine (ophthalmic),,,,,,,exact DDInter name query,unmapped,unavailable,"https://pubchem.ncbi.nlm.nih.gov/rest/pug/compound/name/Epinephrine%20%28ophthalmic%29/property/Title,ConnectivitySMILES,SMILES,InChI,InChIKey/JSON",2026-09-22
DDInter654,Epinephrine (topical),,,,,,,exact DDInter name query,unmapped,unavailable,"https://pubchem.ncbi.nlm.nih.gov/rest/pug/compound/name/Epinephrine%20%28topical%29/property/Title,ConnectivitySMILES,SMILES,InChI,InChIKey/JSON",2026-09-22
DDInter655,Epirubicin,41867,Epirubicin,CC1C(C(CC(O1)OC2CC(CC3=C2C(=C4C(=C3O)C(=O)C5=C(C4=O)C(=CC=C5)OC)O)(C(=O)CO)O)N)O,C[C@H]1[C@@H]([C@H](C[C@@H](O1)O[C@H]2C[C@@](CC3=C2C(=C4C(=C3O)C(=O)C5=C(C4=O)C(=CC=C5)OC)O)(C(=O)CO)O)N)O,"InChI=1S/C27H29NO11/c1-10-22(31)13(28)6-17(38-10)39-15-8-27(36,16(30)9-29)7-12-19(15)26(35)21-20(24(12)33)23(32)11-4-3-5-14(37-2)18(11)25(21)34/h3-5,10,13,15,17,22,29,31,33,35-36H,6-9,28H2,1-2H3/t10-,13-,15-,17-,22-,27-/m0/s1",AOJJSUZBOXZQNB-VTZDEGQISA-N,exact DDInter name query,exact_unique,valid,"https://pubchem.ncbi.nlm.nih.gov/rest/pug/compound/name/Epirubicin/property/Title,ConnectivitySMILES,SMILES,InChI,InChIKey/JSON",2026-09-22
DDInter656,Eplerenone,443872,Eplerenone,CC12CCC(=O)C=C1CC(C3C24C(O4)CC5(C3CCC56CCC(=O)O6)C)C(=O)OC,C[C@]12CCC(=O)C=C1C[C@H]([C@@H]3[C@]24[C@H](O4)C[C@]5([C@H]3CC[C@@]56CCC(=O)O6)C)C(=O)OC,"InChI=1S/C24H30O6/c1-21-7-4-14(25)10-13(21)11-15(20(27)28-3)19-16-5-8-23(9-6-18(26)30-23)22(16,2)12-17-24(19,21)29-17/h10,15-17,19H,4-9,11-12H2,1-3H3/t15-,16+,17-,19+,21+,22+,23-,24-/m1/s1",JUKPWJGBANNWMW-VWBFHTRKSA-N,exact DDInter name query,exact_unique,valid,"https://pubchem.ncbi.nlm.nih.gov/rest/pug/compound/name/Eplerenone/property/Title,ConnectivitySMILES,SMILES,InChI,InChIKey/JSON",2026-09-22
DDInter657,Epoprostenol,5282411,Prostacyclin,CCCCCC(C=CC1C(CC2C1CC(=CCCCC(=O)O)O2)O)O,CCCCC[C@@H](/C=C/[C@H]1[C@@H](C[C@H]2[C@@H]1C/C(=C/CCCC(=O)O)/O2)O)O,"InChI=1S/C20H32O5/c1-2-3-4-7-14(21)10-11-16-17-12-15(8-5-6-9-20(23)24)25-19(17)13-18(16)22/h8,10-11,14,16-19,21-22H,2-7,9,12-13H2,1H3,(H,23,24)/b11-10+,15-8-/t14-,16+,17+,18+,19-/m0/s1",KAQKFAOMNZTLHT-OZUDYXHBSA-N,exact DDInter name query,ambiguous,excluded_title_mismatch,"https://pubchem.ncbi.nlm.nih.gov/rest/pug/compound/name/Epoprostenol/property/Title,ConnectivitySMILES,SMILES,InChI,InChIKey/JSON",2026-09-22
DDInter658,Eprosartan,5281037,Eprosartan,CCCCC1=NC=C(N1CC2=CC=C(C=C2)C(=O)O)C=C(CC3=CC=CS3)C(=O)O,CCCCC1=NC=C(N1CC2=CC=C(C=C2)C(=O)O)/C=C(\CC3=CC=CS3)/C(=O)O,"InChI=1S/C23H24N2O4S/c1-2-3-6-21-24-14-19(12-18(23(28)29)13-20-5-4-11-30-20)25(21)15-16-7-9-17(10-8-16)22(26)27/h4-5,7-12,14H,2-3,6,13,15H2,1H3,(H,26,27)(H,28,29)/b18-12+",OROAFUQRIXKEMV-LDADJPATSA-N,exact DDInter name query,exact_unique,valid,"https://pubchem.ncbi.nlm.nih.gov/rest/pug/compound/name/Eprosartan/property/Title,ConnectivitySMILES,SMILES,InChI,InChIKey/JSON",2026-09-22
DDInter659,Eptifibatide,448812,Eptifibatide,C1CC2C(=O)NC(CSSCCC(=O)NC(C(=O)NCC(=O)NC(C(=O)NC(C(=O)N2C1)CC3=CNC4=CC=CC=C43)CC(=O)O)CCCCN=C(N)N)C(=O)N,C1C[C@H]2C(=O)N[C@@H](CSSCCC(=O)N[C@H](C(=O)NCC(=O)N[C@H](C(=O)N[C@H](C(=O)N2C1)CC3=CNC4=CC=CC=C43)CC(=O)O)CCCCN=C(N)N)C(=O)N,"InChI=1S/C35H49N11O9S2/c36-30(51)25-18-57-56-13-10-27(47)42-22(8-3-4-11-39-35(37)38)31(52)41-17-28(48)43-23(15-29(49)50)32(53)44-24(14-19-16-40-21-7-2-1-6-20(19)21)34(55)46-12-5-9-26(46)33(54)45-25/h1-2,6-7,16,22-26,40H,3-5,8-15,17-18H2,(H2,36,51)(H,41,52)(H,42,47)(H,43,48)(H,44,53)(H,45,54)(H,49,50)(H4,37,38,39)/t22-,23-,24-,25-,26-/m0/s1",CZKPOZZJODAYPZ-LROMGURASA-N,exact DDInter name query,exact_unique,valid,"https://pubchem.ncbi.nlm.nih.gov/rest/pug/compound/name/Eptifibatide/property/Title,ConnectivitySMILES,SMILES,InChI,InChIKey/JSON",2026-09-22
DDInter66,Amikacin,37768,Amikacin,C1C(C(C(C(C1NC(=O)C(CCN)O)OC2C(C(C(C(O2)CO)O)N)O)O)OC3C(C(C(C(O3)CN)O)O)O)N,C1[C@@H]([C@H]([C@@H]([C@H]([C@@H]1NC(=O)[C@H](CCN)O)O[C@@H]2[C@@H]([C@H]([C@@H]([C@H](O2)CO)O)N)O)O)O[C@@H]3[C@@H]([C@H]([C@@H]([C@H](O3)CN)O)O)O)N,"InChI=1S/C22H43N5O13/c23-2-1-8(29)20(36)27-7-3-6(25)18(39-22-16(34)15(33)13(31)9(4-24)37-22)17(35)19(7)40-21-14(32)11(26)12(30)10(5-28)38-21/h6-19,21-22,28-35H,1-5,23-26H2,(H,27,36)/t6-,7+,8-,9+,10+,11-,12+,13+,14+,15-,16+,17-,18+,19-,21+,22+/m0/s1",LKCWBDHBTVXHDL-RMDFUYIESA-N,exact DDInter name query,exact_unique,valid,"https://pubchem.ncbi.nlm.nih.gov/rest/pug/compound/name/Amikacin/property/Title,ConnectivitySMILES,SMILES,InChI,InChIKey/JSON",2026-09-22
DDInter660,Eravacycline,54726192,Tp-434,CN(C)C1C2CC3CC4=C(C=C(C(=C4C(=C3C(=O)C2(C(=C(C1=O)C(=O)N)O)O)O)O)NC(=O)CN5CCCC5)F,CN(C)[C@H]1[C@@H]2C[C@@H]3CC4=C(C=C(C(=C4C(=C3C(=O)[C@@]2(C(=C(C1=O)C(=O)N)O)O)O)O)NC(=O)CN5CCCC5)F,"InChI=1S/C27H31FN4O8/c1-31(2)20-13-8-11-7-12-14(28)9-15(30-16(33)10-32-5-3-4-6-32)21(34)18(12)22(35)17(11)24(37)27(13,40)25(38)19(23(20)36)26(29)39/h9,11,13,20,34-35,38,40H,3-8,10H2,1-2H3,(H2,29,39)(H,30,33)/t11-,13-,20-,27-/m0/s1",AKLMFDDQCHURPW-ISIOAQNYSA-N,exact DDInter name query,ambiguous,excluded_title_mismatch,"https://pubchem.ncbi.nlm.nih.gov/rest/pug/compound/name/Eravacycline/property/Title,ConnectivitySMILES,SMILES,InChI,InChIKey/JSON",2026-09-22
DDInter661,Erdafitinib,67462786,Erdafitinib,CC(C)NCCN(C1=CC2=NC(=CN=C2C=C1)C3=CN(N=C3)C)C4=CC(=CC(=C4)OC)OC,CC(C)NCCN(C1=CC2=NC(=CN=C2C=C1)C3=CN(N=C3)C)C4=CC(=CC(=C4)OC)OC,"InChI=1S/C25H30N6O2/c1-17(2)26-8-9-31(20-10-21(32-4)13-22(11-20)33-5)19-6-7-23-24(12-19)29-25(15-27-23)18-14-28-30(3)16-18/h6-7,10-17,26H,8-9H2,1-5H3",OLAHOMJCDNXHFI-UHFFFAOYSA-N,exact DDInter name query,exact_unique,valid,"https://pubchem.ncbi.nlm.nih.gov/rest/pug/compound/name/Erdafitinib/property/Title,ConnectivitySMILES,SMILES,InChI,InChIKey/JSON",2026-09-22
DDInter662,Ergocalciferol,5280793,Ergocalciferol,CC(C)C(C)C=CC(C)C1CCC2C1(CCCC2=CC=C3CC(CCC3=C)O)C,C[C@H](/C=C/[C@H](C)C(C)C)[C@H]1CC[C@@H]\2[C@@]1(CCC/C2=C\C=C/3\C[C@H](CCC3=C)O)C,"InChI=1S/C28H44O/c1-19(2)20(3)9-10-22(5)26-15-16-27-23(8-7-17-28(26,27)6)12-13-24-18-25(29)14-11-21(24)4/h9-10,12-13,19-20,22,25-27,29H,4,7-8,11,14-18H2,1-3,5-6H3/b10-9+,23-12+,24-13-/t20-,22+,25-,26+,27-,28+/m0/s1",MECHNRXZTMCUDQ-RKHKHRCZSA-N,exact DDInter name query,exact_unique,valid,"https://pubchem.ncbi.nlm.nih.gov/rest/pug/compound/name/Ergocalciferol/property/Title,ConnectivitySMILES,SMILES,InChI,InChIKey/JSON",2026-09-22
DDInter663,Ergoloid mesylate,592735,Dihydroergotoxine Mesylate,CCC(C)(C)C1C(=O)N2CCCC2C3(N1C(=O)C(O3)(C(C)C)NC(=O)C4CC5C(CC6=CNC7=CC=CC5=C67)N(C4)C)O,CCC(C)(C)C1C(=O)N2CCCC2C3(N1C(=O)C(O3)(C(C)C)NC(=O)C4CC5C(CC6=CNC7=CC=CC5=C67)N(C4)C)O,"InChI=1S/C33H45N5O5/c1-7-31(4,5)27-29(40)37-13-9-12-25(37)33(42)38(27)30(41)32(43-33,18(2)3)35-28(39)20-14-22-21-10-8-11-23-26(21)19(16-34-23)15-24(22)36(6)17-20/h8,10-11,16,18,20,22,24-25,27,34,42H,7,9,12-15,17H2,1-6H3,(H,35,39)",YLXBZBPHTNJZQE-UHFFFAOYSA-N,exact DDInter name query,ambiguous,excluded_title_mismatch,"https://pubchem.ncbi.nlm.nih.gov/rest/pug/compound/name/Ergoloid%20mesylate/property/Title,ConnectivitySMILES,SMILES,InChI,InChIKey/JSON",2026-09-22
DDInter664,Ergometrine,443884,Ergometrine,CC(CO)NC(=O)C1CN(C2CC3=CNC4=CC=CC(=C34)C2=C1)C,C[C@@H](CO)NC(=O)[C@H]1CN([C@@H]2CC3=CNC4=CC=CC(=C34)C2=C1)C,"InChI=1S/C19H23N3O2/c1-11(10-23)21-19(24)13-6-15-14-4-3-5-16-18(14)12(8-20-16)7-17(15)22(2)9-13/h3-6,8,11,13,17,20,23H,7,9-10H2,1-2H3,(H,21,24)/t11-,13+,17+/m0/s1",WVVSZNPYNCNODU-XTQGRXLLSA-N,exact DDInter name query,exact_unique,valid,"https://pubchem.ncbi.nlm.nih.gov/rest/pug/compound/name/Ergometrine/property/Title,ConnectivitySMILES,SMILES,InChI,InChIKey/JSON",2026-09-22
DDInter665,Ergotamine,8223,Ergotamine,CC1(C(=O)N2C(C(=O)N3CCCC3C2(O1)O)CC4=CC=CC=C4)NC(=O)C5CN(C6CC7=CNC8=CC=CC(=C78)C6=C5)C,C[C@@]1(C(=O)N2[C@H](C(=O)N3CCC[C@H]3[C@@]2(O1)O)CC4=CC=CC=C4)NC(=O)[C@H]5CN([C@@H]6CC7=CNC8=CC=CC(=C78)C6=C5)C,"InChI=1S/C33H35N5O5/c1-32(35-29(39)21-15-23-22-10-6-11-24-28(22)20(17-34-24)16-25(23)36(2)18-21)31(41)38-26(14-19-8-4-3-5-9-19)30(40)37-13-7-12-27(37)33(38,42)43-32/h3-6,8-11,15,17,21,25-27,34,42H,7,12-14,16,18H2,1-2H3,(H,35,39)/t21-,25-,26+,27+,32-,33+/m1/s1",XCGSFFUVFURLIX-VFGNJEKYSA-N,exact DDInter name query,exact_unique,valid,"https://pubchem.ncbi.nlm.nih.gov/rest/pug/compound/name/Ergotamine/property/Title,ConnectivitySMILES,SMILES,InChI,InChIKey/JSON",2026-09-22
DDInter666,Eribulin,11354606,Eribulin,CC1CC2CCC3C(=C)CC(O3)CCC45CC6C(O4)C7C(O6)C(O5)C8C(O7)CCC(O8)CC(=O)CC9C(CC(C1=C)O2)OC(C9OC)CC(CN)O,C[C@@H]1C[C@@H]2CC[C@H]3C(=C)C[C@@H](O3)CC[C@]45C[C@@H]6[C@H](O4)[C@H]7[C@@H](O6)[C@@H](O5)[C@@H]8[C@@H](O7)CC[C@@H](O8)CC(=O)C[C@H]9[C@H](C[C@H](C1=C)O2)O[C@@H]([C@@H]9OC)C[C@@H](CN)O,"InChI=1S/C40H59NO11/c1-19-11-24-5-7-28-20(2)12-26(45-28)9-10-40-17-33-36(51-40)37-38(50-33)39(52-40)35-29(49-37)8-6-25(47-35)13-22(42)14-27-31(16-30(46-24)21(19)3)48-32(34(27)44-4)15-23(43)18-41/h19,23-39,43H,2-3,5-18,41H2,1,4H3/t19-,23+,24+,25-,26+,27+,28+,29+,30-,31+,32-,33-,34-,35+,36+,37+,38-,39+,40+/m1/s1",UFNVPOGXISZXJD-JBQZKEIOSA-N,exact DDInter name query,exact_unique,valid,"https://pubchem.ncbi.nlm.nih.gov/rest/pug/compound/name/Eribulin/property/Title,ConnectivitySMILES,SMILES,InChI,InChIKey/JSON",2026-09-22
DDInter667,Erlotinib,176870,Erlotinib,COCCOC1=C(C=C2C(=C1)C(=NC=N2)NC3=CC=CC(=C3)C#C)OCCOC,COCCOC1=C(C=C2C(=C1)C(=NC=N2)NC3=CC=CC(=C3)C#C)OCCOC,"InChI=1S/C22H23N3O4/c1-4-16-6-5-7-17(12-16)25-22-18-13-20(28-10-8-26-2)21(29-11-9-27-3)14-19(18)23-15-24-22/h1,5-7,12-15H,8-11H2,2-3H3,(H,23,24,25)",AAKJLRGGTJKAMG-UHFFFAOYSA-N,exact DDInter name query,exact_unique,valid,"https://pubchem.ncbi.nlm.nih.gov/rest/pug/compound/name/Erlotinib/property/Title,ConnectivitySMILES,SMILES,InChI,InChIKey/JSON",2026-09-22
DDInter668,Ertapenem,150610,Ertapenem,CC1C2C(C(=O)N2C(=C1SC3CC(NC3)C(=O)NC4=CC=CC(=C4)C(=O)O)C(=O)O)C(C)O,C[C@@H]1[C@@H]2[C@H](C(=O)N2C(=C1S[C@H]3C[C@H](NC3)C(=O)NC4=CC=CC(=C4)C(=O)O)C(=O)O)[C@@H](C)O,"InChI=1S/C22H25N3O7S/c1-9-16-15(10(2)26)20(28)25(16)17(22(31)32)18(9)33-13-7-14(23-8-13)19(27)24-12-5-3-4-11(6-12)21(29)30/h3-6,9-10,13-16,23,26H,7-8H2,1-2H3,(H,24,27)(H,29,30)(H,31,32)/t9-,10-,13+,14+,15-,16-/m1/s1",JUZNIMUFDBIJCM-ANEDZVCMSA-N,exact DDInter name query,exact_unique,valid,"https://pubchem.ncbi.nlm.nih.gov/rest/pug/compound/name/Ertapenem/property/Title,ConnectivitySMILES,SMILES,InChI,InChIKey/JSON",2026-09-22
DDInter669,Ertugliflozin,44814423,Ertugliflozin,CCOC1=CC=C(C=C1)CC2=C(C=CC(=C2)C34C(C(C(C(O3)(CO4)CO)O)O)O)Cl,CCOC1=CC=C(C=C1)CC2=C(C=CC(=C2)[C@@]34[C@@H]([C@H]([C@@H]([C@@](O3)(CO4)CO)O)O)O)Cl,"InChI=1S/C22H25ClO7/c1-2-28-16-6-3-13(4-7-16)9-14-10-15(5-8-17(14)23)22-20(27)18(25)19(26)21(11-24,30-22)12-29-22/h3-8,10,18-20,24-27H,2,9,11-12H2,1H3/t18-,19-,20+,21-,22-/m0/s1",MCIACXAZCBVDEE-CUUWFGFTSA-N,exact DDInter name query,exact_unique,valid,"https://pubchem.ncbi.nlm.nih.gov/rest/pug/compound/name/Ertugliflozin/property/Title,ConnectivitySMILES,SMILES,InChI,InChIKey/JSON",2026-09-22
DDInter67,Amikacin (liposome),,,,,,,exact DDInter name query,unmapped,unavailable,"https://pubchem.ncbi.nlm.nih.gov/rest/pug/compound/name/Amikacin%20%28liposome%29/property/Title,ConnectivitySMILES,SMILES,InChI,InChIKey/JSON",2026-09-22
DDInter670,Erythromycin,12560,Erythromycin,CCC1C(C(C(C(=O)C(CC(C(C(C(C(C(=O)O1)C)OC2CC(C(C(O2)C)O)(C)OC)C)OC3C(C(CC(O3)C)N(C)C)O)(C)O)C)C)O)(C)O,CC[C@@H]1[C@@]([C@@H]([C@H](C(=O)[C@@H](C[C@@]([C@@H]([C@H]([C@@H]([C@H](C(=O)O1)C)O[C@H]2C[C@@]([C@H]([C@@H](O2)C)O)(C)OC)C)O[C@H]3[C@@H]([C@H](C[C@H](O3)C)N(C)C)O)(C)O)C)C)O)(C)O,"InChI=1S/C37H67NO13/c1-14-25-37(10,45)30(41)20(4)27(39)18(2)16-35(8,44)32(51-34-28(40)24(38(11)12)15-19(3)47-34)21(5)29(22(6)33(43)49-25)50-26-17-36(9,46-13)31(42)23(7)48-26/h18-26,28-32,34,40-42,44-45H,14-17H2,1-13H3/t18-,19-,20+,21+,22-,23+,24+,25-,26+,28-,29+,30-,31+,32-,34+,35-,36-,37-/m1/s1",ULGZDMOVFRHVEP-RWJQBGPGSA-N,exact DDInter name query,exact_unique,valid,"https://pubchem.ncbi.nlm.nih.gov/rest/pug/compound/name/Erythromycin/property/Title,ConnectivitySMILES,SMILES,InChI,InChIKey/JSON",2026-09-22
DDInter671,Erythropoietin,92043599,Epoetin Alfa,CC1CC=CC=CC(C(CC(C(C(C(CC(=O)O1)O)OC)OC2C(C(C(C(O2)C)OC3CC(C(C(O3)C)O)(C)O)N(C)C)O)CCO)C)OC4CC(C(C(O4)C)O)(C)O,C[C@@H]1C/C=C/C=C/[C@@H]([C@@H](C[C@@H]([C@@H]([C@H]([C@@H](CC(=O)O1)O)OC)O[C@H]2[C@@H]([C@H]([C@@H]([C@H](O2)C)O[C@H]3C[C@@]([C@H]([C@@H](O3)C)O)(C)O)N(C)C)O)CCO)C)O[C@H]4C[C@@]([C@H]([C@@H](O4)C)O)(C)O,"InChI=1S/C42H73NO16/c1-22-18-27(16-17-44)36(59-40-34(47)33(43(8)9)35(24(3)56-40)58-32-21-42(7,51)39(49)26(5)55-32)37(52-10)28(45)19-30(46)53-23(2)14-12-11-13-15-29(22)57-31-20-41(6,50)38(48)25(4)54-31/h11-13,15,22-29,31-40,44-45,47-51H,14,16-21H2,1-10H3/b12-11+,15-13+/t22-,23-,24-,25+,26+,27+,28-,29+,31+,32+,33-,34-,35-,36+,37+,38+,39+,40+,41-,42-/m1/s1",CJKGNDLRMLFWEX-IUJNAFBCSA-N,exact DDInter name query,ambiguous,excluded_title_mismatch,"https://pubchem.ncbi.nlm.nih.gov/rest/pug/compound/name/Erythropoietin/property/Title,ConnectivitySMILES,SMILES,InChI,InChIKey/JSON",2026-09-22
DDInter672,Escitalopram,146570,Escitalopram,CN(C)CCCC1(C2=C(CO1)C=C(C=C2)C#N)C3=CC=C(C=C3)F,CN(C)CCC[C@@]1(C2=C(CO1)C=C(C=C2)C#N)C3=CC=C(C=C3)F,"InChI=1S/C20H21FN2O/c1-23(2)11-3-10-20(17-5-7-18(21)8-6-17)19-9-4-15(13-22)12-16(19)14-24-20/h4-9,12H,3,10-11,14H2,1-2H3/t20-/m0/s1",WSEQXVZVJXJVFP-FQEVSTJZSA-N,exact DDInter name query,exact_unique,valid,"https://pubchem.ncbi.nlm.nih.gov/rest/pug/compound/name/Escitalopram/property/Title,ConnectivitySMILES,SMILES,InChI,InChIKey/JSON",2026-09-22
DDInter673,Esketamine,182137,Esketamine,CNC1(CCCCC1=O)C2=CC=CC=C2Cl,CN[C@@]1(CCCCC1=O)C2=CC=CC=C2Cl,"InChI=1S/C13H16ClNO/c1-15-13(9-5-4-8-12(13)16)10-6-2-3-7-11(10)14/h2-3,6-7,15H,4-5,8-9H2,1H3/t13-/m0/s1",YQEZLKZALYSWHR-ZDUSSCGKSA-N,exact DDInter name query,exact_unique,valid,"https://pubchem.ncbi.nlm.nih.gov/rest/pug/compound/name/Esketamine/property/Title,ConnectivitySMILES,SMILES,InChI,InChIKey/JSON",2026-09-22
DDInter674,Eslicarbazepine,9881504,Eslicarbazepine,C1C(C2=CC=CC=C2N(C3=CC=CC=C31)C(=O)N)O,C1[C@@H](C2=CC=CC=C2N(C3=CC=CC=C31)C(=O)N)O,"InChI=1S/C15H14N2O2/c16-15(19)17-12-7-3-1-5-10(12)9-14(18)11-6-2-4-8-13(11)17/h1-8,14,18H,9H2,(H2,16,19)/t14-/m0/s1",BMPDWHIDQYTSHX-AWEZNQCLSA-N,exact DDInter name query,exact_unique,valid,"https://pubchem.ncbi.nlm.nih.gov/rest/pug/compound/name/Eslicarbazepine/property/Title,ConnectivitySMILES,SMILES,InChI,InChIKey/JSON",2026-09-22
DDInter675,Esmolol,59768,Esmolol,CC(C)NCC(COC1=CC=C(C=C1)CCC(=O)OC)O,CC(C)NCC(COC1=CC=C(C=C1)CCC(=O)OC)O,"InChI=1S/C16H25NO4/c1-12(2)17-10-14(18)11-21-15-7-4-13(5-8-15)6-9-16(19)20-3/h4-5,7-8,12,14,17-18H,6,9-11H2,1-3H3",AQNDDEOPVVGCPG-UHFFFAOYSA-N,exact DDInter name query,exact_unique,valid,"https://pubchem.ncbi.nlm.nih.gov/rest/pug/compound/name/Esmolol/property/Title,ConnectivitySMILES,SMILES,InChI,InChIKey/JSON",2026-09-22
DDInter676,Esomeprazole,9568614,Esomeprazole,CC1=CN=C(C(=C1OC)C)CS(=O)C2=NC3=C(N2)C=C(C=C3)OC,CC1=CN=C(C(=C1OC)C)C[S@](=O)C2=NC3=C(N2)C=C(C=C3)OC,"InChI=1S/C17H19N3O3S/c1-10-8-18-15(11(2)16(10)23-4)9-24(21)17-19-13-6-5-12(22-3)7-14(13)20-17/h5-8H,9H2,1-4H3,(H,19,20)/t24-/m0/s1",SUBDBMMJDZJVOS-DEOSSOPVSA-N,exact DDInter name query,exact_unique,valid,"https://pubchem.ncbi.nlm.nih.gov/rest/pug/compound/name/Esomeprazole/property/Title,ConnectivitySMILES,SMILES,InChI,InChIKey/JSON",2026-09-22
DDInter677,Estazolam,3261,Estazolam,C1C2=NN=CN2C3=C(C=C(C=C3)Cl)C(=N1)C4=CC=CC=C4,C1C2=NN=CN2C3=C(C=C(C=C3)Cl)C(=N1)C4=CC=CC=C4,"InChI=1S/C16H11ClN4/c17-12-6-7-14-13(8-12)16(11-4-2-1-3-5-11)18-9-15-20-19-10-21(14)15/h1-8,10H,9H2",CDCHDCWJMGXXRH-UHFFFAOYSA-N,exact DDInter name query,exact_unique,valid,"https://pubchem.ncbi.nlm.nih.gov/rest/pug/compound/name/Estazolam/property/Title,ConnectivitySMILES,SMILES,InChI,InChIKey/JSON",2026-09-22
DDInter678,Esterified estrogens,,,,,,,exact DDInter name query,unmapped,unavailable,"https://pubchem.ncbi.nlm.nih.gov/rest/pug/compound/name/Esterified%20estrogens/property/Title,ConnectivitySMILES,SMILES,InChI,InChIKey/JSON",2026-09-22
DDInter679,Estradiol,5757,Estradiol,CC12CCC3C(C1CCC2O)CCC4=C3C=CC(=C4)O,C[C@]12CC[C@H]3[C@H]([C@@H]1CC[C@@H]2O)CCC4=C3C=CC(=C4)O,"InChI=1S/C18H24O2/c1-18-9-8-14-13-5-3-12(19)10-11(13)2-4-15(14)16(18)6-7-17(18)20/h3,5,10,14-17,19-20H,2,4,6-9H2,1H3/t14-,15-,16+,17+,18+/m1/s1",VOXZDWNPVJITMN-ZBRFXRBCSA-N,exact DDInter name query,exact_unique,valid,"https://pubchem.ncbi.nlm.nih.gov/rest/pug/compound/name/Estradiol/property/Title,ConnectivitySMILES,SMILES,InChI,InChIKey/JSON",2026-09-22
DDInter68,Amiloride,16231,Amiloride,C1(=C(N=C(C(=N1)Cl)N)N)C(=O)N=C(N)N,C1(=C(N=C(C(=N1)Cl)N)N)C(=O)N=C(N)N,"InChI=1S/C6H8ClN7O/c7-2-4(9)13-3(8)1(12-2)5(15)14-6(10)11/h(H4,8,9,13)(H4,10,11,14,15)",XSDQTOBWRPYKKA-UHFFFAOYSA-N,exact DDInter name query,exact_unique,valid,"https://pubchem.ncbi.nlm.nih.gov/rest/pug/compound/name/Amiloride/property/Title,ConnectivitySMILES,SMILES,InChI,InChIKey/JSON",2026-09-22
DDInter680,Estradiol (topical),,,,,,,exact DDInter name query,unmapped,unavailable,"https://pubchem.ncbi.nlm.nih.gov/rest/pug/compound/name/Estradiol%20%28topical%29/property/Title,ConnectivitySMILES,SMILES,InChI,InChIKey/JSON",2026-09-22
DDInter681,Estramustine,259331,Estramustine,CC12CCC3C(C1CCC2O)CCC4=C3C=CC(=C4)OC(=O)N(CCCl)CCCl,C[C@]12CC[C@H]3[C@H]([C@@H]1CC[C@@H]2O)CCC4=C3C=CC(=C4)OC(=O)N(CCCl)CCCl,"InChI=1S/C23H31Cl2NO3/c1-23-9-8-18-17-5-3-16(29-22(28)26(12-10-24)13-11-25)14-15(17)2-4-19(18)20(23)6-7-21(23)27/h3,5,14,18-21,27H,2,4,6-13H2,1H3/t18-,19-,20+,21+,23+/m1/s1",FRPJXPJMRWBBIH-RBRWEJTLSA-N,exact DDInter name query,exact_unique,valid,"https://pubchem.ncbi.nlm.nih.gov/rest/pug/compound/name/Estramustine/property/Title,ConnectivitySMILES,SMILES,InChI,InChIKey/JSON",2026-09-22
DDInter682,Estrone,5870,Estrone,CC12CCC3C(C1CCC2=O)CCC4=C3C=CC(=C4)O,C[C@]12CC[C@H]3[C@H]([C@@H]1CCC2=O)CCC4=C3C=CC(=C4)O,"InChI=1S/C18H22O2/c1-18-9-8-14-13-5-3-12(19)10-11(13)2-4-15(14)16(18)6-7-17(18)20/h3,5,10,14-16,19H,2,4,6-9H2,1H3/t14-,15-,16+,18+/m1/s1",DNXHEGUUPJUMQT-CBZIJGRNSA-N,exact DDInter name query,exact_unique,valid,"https://pubchem.ncbi.nlm.nih.gov/rest/pug/compound/name/Estrone/property/Title,ConnectivitySMILES,SMILES,InChI,InChIKey/JSON",2026-09-22
DDInter683,Estrone sulfate,3001028,Estrone Sulfate,CC12CCC3C(C1CCC2=O)CCC4=C3C=CC(=C4)OS(=O)(=O)O,C[C@]12CC[C@H]3[C@H]([C@@H]1CCC2=O)CCC4=C3C=CC(=C4)OS(=O)(=O)O,"InChI=1S/C18H22O5S/c1-18-9-8-14-13-5-3-12(23-24(20,21)22)10-11(13)2-4-15(14)16(18)6-7-17(18)19/h3,5,10,14-16H,2,4,6-9H2,1H3,(H,20,21,22)/t14-,15-,16+,18+/m1/s1",JKKFKPJIXZFSSB-CBZIJGRNSA-N,exact DDInter name query,exact_unique,valid,"https://pubchem.ncbi.nlm.nih.gov/rest/pug/compound/name/Estrone%20sulfate/property/Title,ConnectivitySMILES,SMILES,InChI,InChIKey/JSON",2026-09-22
DDInter684,Estrone sulfate (topical),,,,,,,exact DDInter name query,unmapped,unavailable,"https://pubchem.ncbi.nlm.nih.gov/rest/pug/compound/name/Estrone%20sulfate%20%28topical%29/property/Title,ConnectivitySMILES,SMILES,InChI,InChIKey/JSON",2026-09-22
DDInter685,Eszopiclone,969472,Eszopiclone,CN1CCN(CC1)C(=O)OC2C3=NC=CN=C3C(=O)N2C4=NC=C(C=C4)Cl,CN1CCN(CC1)C(=O)O[C@H]2C3=NC=CN=C3C(=O)N2C4=NC=C(C=C4)Cl,"InChI=1S/C17H17ClN6O3/c1-22-6-8-23(9-7-22)17(26)27-16-14-13(19-4-5-20-14)15(25)24(16)12-3-2-11(18)10-21-12/h2-5,10,16H,6-9H2,1H3/t16-/m0/s1",GBBSUAFBMRNDJC-INIZCTEOSA-N,exact DDInter name query,exact_unique,valid,"https://pubchem.ncbi.nlm.nih.gov/rest/pug/compound/name/Eszopiclone/property/Title,ConnectivitySMILES,SMILES,InChI,InChIKey/JSON",2026-09-22
DDInter686,Etacrynic acid,3278,Ethacrynic Acid,CCC(=C)C(=O)C1=C(C(=C(C=C1)OCC(=O)O)Cl)Cl,CCC(=C)C(=O)C1=C(C(=C(C=C1)OCC(=O)O)Cl)Cl,"InChI=1S/C13H12Cl2O4/c1-3-7(2)13(18)8-4-5-9(12(15)11(8)14)19-6-10(16)17/h4-5H,2-3,6H2,1H3,(H,16,17)",AVOLMBLBETYQHX-UHFFFAOYSA-N,exact DDInter name query,ambiguous,excluded_title_mismatch,"https://pubchem.ncbi.nlm.nih.gov/rest/pug/compound/name/Etacrynic%20acid/property/Title,ConnectivitySMILES,SMILES,InChI,InChIKey/JSON",2026-09-22
DDInter687,Etanercept,,,,,,,exact DDInter name query,unmapped,unavailable,"https://pubchem.ncbi.nlm.nih.gov/rest/pug/compound/name/Etanercept/property/Title,ConnectivitySMILES,SMILES,InChI,InChIKey/JSON",2026-09-22
DDInter688,Etelcalcetide,71511839,Etelcalcetide,CC(C(=O)NC(CCCN=C(N)N)C(=O)N)NC(=O)C(CCCN=C(N)N)NC(=O)C(CCCN=C(N)N)NC(=O)C(CCCN=C(N)N)NC(=O)C(C)NC(=O)C(CSSCC(C(=O)O)N)NC(=O)C,C[C@H](C(=O)N[C@H](CCCN=C(N)N)C(=O)N)NC(=O)[C@@H](CCCN=C(N)N)NC(=O)[C@@H](CCCN=C(N)N)NC(=O)[C@@H](CCCN=C(N)N)NC(=O)[C@@H](C)NC(=O)[C@@H](CSSC[C@@H](C(=O)O)N)NC(=O)C,"InChI=1S/C38H73N21O10S2/c1-18(28(62)56-22(27(40)61)8-4-12-49-35(41)42)53-30(64)23(9-5-13-50-36(43)44)58-32(66)25(11-7-15-52-38(47)48)59-31(65)24(10-6-14-51-37(45)46)57-29(63)19(2)54-33(67)26(55-20(3)60)17-71-70-16-21(39)34(68)69/h18-19,21-26H,4-17,39H2,1-3H3,(H2,40,61)(H,53,64)(H,54,67)(H,55,60)(H,56,62)(H,57,63)(H,58,66)(H,59,65)(H,68,69)(H4,41,42,49)(H4,43,44,50)(H4,45,46,51)(H4,47,48,52)/t18-,19-,21+,22-,23-,24-,25-,26-/m1/s1",ANIAZGVDEUQPRI-ZJQCGQFWSA-N,exact DDInter name query,exact_unique,valid,"https://pubchem.ncbi.nlm.nih.gov/rest/pug/compound/name/Etelcalcetide/property/Title,ConnectivitySMILES,SMILES,InChI,InChIKey/JSON",2026-09-22
DDInter689,Ethambutol,14052,Ethambutol,CCC(CO)NCCNC(CC)CO,CC[C@@H](CO)NCCN[C@@H](CC)CO,"InChI=1S/C10H24N2O2/c1-3-9(7-13)11-5-6-12-10(4-2)8-14/h9-14H,3-8H2,1-2H3/t9-,10-/m0/s1",AEUTYOVWOVBAKS-UWVGGRQHSA-N,exact DDInter name query,exact_unique,valid,"https://pubchem.ncbi.nlm.nih.gov/rest/pug/compound/name/Ethambutol/property/Title,ConnectivitySMILES,SMILES,InChI,InChIKey/JSON",2026-09-22
DDInter69,Aminobenzoic acid,978,4-Aminobenzoic Acid,C1=CC(=CC=C1C(=O)O)N,C1=CC(=CC=C1C(=O)O)N,"InChI=1S/C7H7NO2/c8-6-3-1-5(2-4-6)7(9)10/h1-4H,8H2,(H,9,10)",ALYNCZNDIQEVRV-UHFFFAOYSA-N,exact DDInter name query,ambiguous,excluded_title_mismatch,"https://pubchem.ncbi.nlm.nih.gov/rest/pug/compound/name/Aminobenzoic%20acid/property/Title,ConnectivitySMILES,SMILES,InChI,InChIKey/JSON",2026-09-22
DDInter690,Ethanol,702,Ethanol,CCO,CCO,"InChI=1S/C2H6O/c1-2-3/h3H,2H2,1H3",LFQSCWFLJHTTHZ-UHFFFAOYSA-N,exact DDInter name query,exact_unique,valid,"https://pubchem.ncbi.nlm.nih.gov/rest/pug/compound/name/Ethanol/property/Title,ConnectivitySMILES,SMILES,InChI,InChIKey/JSON",2026-09-22
DDInter691,Ethchlorvynol,5281077,Ethchlorvynol,CCC(C=CCl)(C#C)O,CCC(/C=C/Cl)(C#C)O,"InChI=1S/C7H9ClO/c1-3-7(9,4-2)5-6-8/h1,5-6,9H,4H2,2H3/b6-5+",ZEHYJZXQEQOSON-AATRIKPKSA-N,exact DDInter name query,exact_unique,valid,"https://pubchem.ncbi.nlm.nih.gov/rest/pug/compound/name/Ethchlorvynol/property/Title,ConnectivitySMILES,SMILES,InChI,InChIKey/JSON",2026-09-22
DDInter692,Ethinylestradiol,5991,Ethinylestradiol,CC12CCC3C(C1CCC2(C#C)O)CCC4=C3C=CC(=C4)O,C[C@]12CC[C@H]3[C@H]([C@@H]1CC[C@]2(C#C)O)CCC4=C3C=CC(=C4)O,"InChI=1S/C20H24O2/c1-3-20(22)11-9-18-17-6-4-13-12-14(21)5-7-15(13)16(17)8-10-19(18,20)2/h1,5,7,12,16-18,21-22H,4,6,8-11H2,2H3/t16-,17-,18+,19+,20+/m1/s1",BFPYWIDHMRZLRN-SLHNCBLASA-N,exact DDInter name query,exact_unique,valid,"https://pubchem.ncbi.nlm.nih.gov/rest/pug/compound/name/Ethinylestradiol/property/Title,ConnectivitySMILES,SMILES,InChI,InChIKey/JSON",2026-09-22
DDInter693,Ethiodized oil,,,,,,,exact DDInter name query,unmapped,unavailable,"https://pubchem.ncbi.nlm.nih.gov/rest/pug/compound/name/Ethiodized%20oil/property/Title,ConnectivitySMILES,SMILES,InChI,InChIKey/JSON",2026-09-22
DDInter694,Ethionamide,2761171,Ethionamide,CCC1=NC=CC(=C1)C(=S)N,CCC1=NC=CC(=C1)C(=S)N,"InChI=1S/C8H10N2S/c1-2-7-5-6(8(9)11)3-4-10-7/h3-5H,2H2,1H3,(H2,9,11)",AEOCXXJPGCBFJA-UHFFFAOYSA-N,exact DDInter name query,exact_unique,valid,"https://pubchem.ncbi.nlm.nih.gov/rest/pug/compound/name/Ethionamide/property/Title,ConnectivitySMILES,SMILES,InChI,InChIKey/JSON",2026-09-22
DDInter695,Ethosuximide,3291,Ethosuximide,CCC1(CC(=O)NC1=O)C,CCC1(CC(=O)NC1=O)C,"InChI=1S/C7H11NO2/c1-3-7(2)4-5(9)8-6(7)10/h3-4H2,1-2H3,(H,8,9,10)",HAPOVYFOVVWLRS-UHFFFAOYSA-N,exact DDInter name query,exact_unique,valid,"https://pubchem.ncbi.nlm.nih.gov/rest/pug/compound/name/Ethosuximide/property/Title,ConnectivitySMILES,SMILES,InChI,InChIKey/JSON",2026-09-22
DDInter696,Ethotoin,3292,Ethotoin,CCN1C(=O)C(NC1=O)C2=CC=CC=C2,CCN1C(=O)C(NC1=O)C2=CC=CC=C2,"InChI=1S/C11H12N2O2/c1-2-13-10(14)9(12-11(13)15)8-6-4-3-5-7-8/h3-7,9H,2H2,1H3,(H,12,15)",SZQIFWWUIBRPBZ-UHFFFAOYSA-N,exact DDInter name query,exact_unique,valid,"https://pubchem.ncbi.nlm.nih.gov/rest/pug/compound/name/Ethotoin/property/Title,ConnectivitySMILES,SMILES,InChI,InChIKey/JSON",2026-09-22
DDInter697,Etidocaine,37497,Etidocaine,CCCN(CC)C(CC)C(=O)NC1=C(C=CC=C1C)C,CCCN(CC)C(CC)C(=O)NC1=C(C=CC=C1C)C,"InChI=1S/C17H28N2O/c1-6-12-19(8-3)15(7-2)17(20)18-16-13(4)10-9-11-14(16)5/h9-11,15H,6-8,12H2,1-5H3,(H,18,20)",VTUSIVBDOCDNHS-UHFFFAOYSA-N,exact DDInter name query,exact_unique,valid,"https://pubchem.ncbi.nlm.nih.gov/rest/pug/compound/name/Etidocaine/property/Title,ConnectivitySMILES,SMILES,InChI,InChIKey/JSON",2026-09-22
DDInter698,Etidronic acid,3305,Etidronic Acid,CC(O)(P(=O)(O)O)P(=O)(O)O,CC(O)(P(=O)(O)O)P(=O)(O)O,"InChI=1S/C2H8O7P2/c1-2(3,10(4,5)6)11(7,8)9/h3H,1H3,(H2,4,5,6)(H2,7,8,9)",DBVJJBKOTRCVKF-UHFFFAOYSA-N,exact DDInter name query,exact_unique,valid,"https://pubchem.ncbi.nlm.nih.gov/rest/pug/compound/name/Etidronic%20acid/property/Title,ConnectivitySMILES,SMILES,InChI,InChIKey/JSON",2026-09-22
DDInter699,Etodolac,3308,Etodolac,CCC1=C2C(=CC=C1)C3=C(N2)C(OCC3)(CC)CC(=O)O,CCC1=C2C(=CC=C1)C3=C(N2)C(OCC3)(CC)CC(=O)O,"InChI=1S/C17H21NO3/c1-3-11-6-5-7-12-13-8-9-21-17(4-2,10-14(19)20)16(13)18-15(11)12/h5-7,18H,3-4,8-10H2,1-2H3,(H,19,20)",NNYBQONXHNTVIJ-UHFFFAOYSA-N,exact DDInter name query,exact_unique,valid,"https://pubchem.ncbi.nlm.nih.gov/rest/pug/compound/name/Etodolac/property/Title,ConnectivitySMILES,SMILES,InChI,InChIKey/JSON",2026-09-22
DDInter7,Abemaciclib,46220502,Abemaciclib,CCN1CCN(CC1)CC2=CN=C(C=C2)NC3=NC=C(C(=N3)C4=CC5=C(C(=C4)F)N=C(N5C(C)C)C)F,CCN1CCN(CC1)CC2=CN=C(C=C2)NC3=NC=C(C(=N3)C4=CC5=C(C(=C4)F)N=C(N5C(C)C)C)F,"InChI=1S/C27H32F2N8/c1-5-35-8-10-36(11-9-35)16-19-6-7-24(30-14-19)33-27-31-15-22(29)25(34-27)20-12-21(28)26-23(13-20)37(17(2)3)18(4)32-26/h6-7,12-15,17H,5,8-11,16H2,1-4H3,(H,30,31,33,34)",UZWDCWONPYILKI-UHFFFAOYSA-N,exact DDInter name query,exact_unique,valid,"https://pubchem.ncbi.nlm.nih.gov/rest/pug/compound/name/Abemaciclib/property/Title,ConnectivitySMILES,SMILES,InChI,InChIKey/JSON",2026-09-22
DDInter70,Aminocaproic acid,564,6-Aminohexanoic Acid,C(CCC(=O)O)CCN,C(CCC(=O)O)CCN,"InChI=1S/C6H13NO2/c7-5-3-1-2-4-6(8)9/h1-5,7H2,(H,8,9)",SLXKOJJOQWFEFD-UHFFFAOYSA-N,exact DDInter name query,ambiguous,excluded_title_mismatch,"https://pubchem.ncbi.nlm.nih.gov/rest/pug/compound/name/Aminocaproic%20acid/property/Title,ConnectivitySMILES,SMILES,InChI,InChIKey/JSON",2026-09-22
DDInter700,Etomidate,667484,Etomidate,CCOC(=O)C1=CN=CN1C(C)C2=CC=CC=C2,CCOC(=O)C1=CN=CN1[C@H](C)C2=CC=CC=C2,"InChI=1S/C14H16N2O2/c1-3-18-14(17)13-9-15-10-16(13)11(2)12-7-5-4-6-8-12/h4-11H,3H2,1-2H3/t11-/m1/s1",NPUKDXXFDDZOKR-LLVKDONJSA-N,exact DDInter name query,exact_unique,valid,"https://pubchem.ncbi.nlm.nih.gov/rest/pug/compound/name/Etomidate/property/Title,ConnectivitySMILES,SMILES,InChI,InChIKey/JSON",2026-09-22
DDInter701,Etonogestrel,6917715,Etonogestrel,CCC12CC(=C)C3C(C1CCC2(C#C)O)CCC4=CC(=O)CCC34,CC[C@]12CC(=C)[C@H]3[C@H]([C@@H]1CC[C@]2(C#C)O)CCC4=CC(=O)CC[C@H]34,"InChI=1S/C22H28O2/c1-4-21-13-14(3)20-17-9-7-16(23)12-15(17)6-8-18(20)19(21)10-11-22(21,24)5-2/h2,12,17-20,24H,3-4,6-11,13H2,1H3/t17-,18-,19-,20+,21-,22-/m0/s1",GCKFUYQCUCGESZ-BPIQYHPVSA-N,exact DDInter name query,exact_unique,valid,"https://pubchem.ncbi.nlm.nih.gov/rest/pug/compound/name/Etonogestrel/property/Title,ConnectivitySMILES,SMILES,InChI,InChIKey/JSON",2026-09-22
DDInter702,Etoposide,36462,Etoposide,CC1OCC2C(O1)C(C(C(O2)OC3C4COC(=O)C4C(C5=CC6=C(C=C35)OCO6)C7=CC(=C(C(=C7)OC)O)OC)O)O,C[C@@H]1OC[C@@H]2[C@@H](O1)[C@@H]([C@H]([C@@H](O2)O[C@H]3[C@H]4COC(=O)[C@@H]4[C@@H](C5=CC6=C(C=C35)OCO6)C7=CC(=C(C(=C7)OC)O)OC)O)O,"InChI=1S/C29H32O13/c1-11-36-9-20-27(40-11)24(31)25(32)29(41-20)42-26-14-7-17-16(38-10-39-17)6-13(14)21(22-15(26)8-37-28(22)33)12-4-18(34-2)23(30)19(5-12)35-3/h4-7,11,15,20-22,24-27,29-32H,8-10H2,1-3H3/t11-,15+,20-,21-,22+,24-,25-,26-,27-,29+/m1/s1",VJJPUSNTGOMMGY-MRVIYFEKSA-N,exact DDInter name query,exact_unique,valid,"https://pubchem.ncbi.nlm.nih.gov/rest/pug/compound/name/Etoposide/property/Title,ConnectivitySMILES,SMILES,InChI,InChIKey/JSON",2026-09-22
DDInter703,Etravirine,193962,Etravirine,CC1=CC(=CC(=C1OC2=NC(=NC(=C2Br)N)NC3=CC=C(C=C3)C#N)C)C#N,CC1=CC(=CC(=C1OC2=NC(=NC(=C2Br)N)NC3=CC=C(C=C3)C#N)C)C#N,"InChI=1S/C20H15BrN6O/c1-11-7-14(10-23)8-12(2)17(11)28-19-16(21)18(24)26-20(27-19)25-15-5-3-13(9-22)4-6-15/h3-8H,1-2H3,(H3,24,25,26,27)",PYGWGZALEOIKDF-UHFFFAOYSA-N,exact DDInter name query,exact_unique,valid,"https://pubchem.ncbi.nlm.nih.gov/rest/pug/compound/name/Etravirine/property/Title,ConnectivitySMILES,SMILES,InChI,InChIKey/JSON",2026-09-22
DDInter704,Everolimus,6442177,Everolimus,CC1CCC2CC(C(=CC=CC=CC(CC(C(=O)C(C(C(=CC(C(=O)CC(OC(=O)C3CCCCN3C(=O)C(=O)C1(O2)O)C(C)CC4CCC(C(C4)OC)OCCO)C)C)O)OC)C)C)C)OC,C[C@@H]1CC[C@H]2C[C@@H](/C(=C/C=C/C=C/[C@H](C[C@H](C(=O)[C@@H]([C@@H](/C(=C/[C@H](C(=O)C[C@H](OC(=O)[C@@H]3CCCCN3C(=O)C(=O)[C@@]1(O2)O)[C@H](C)C[C@@H]4CC[C@H]([C@@H](C4)OC)OCCO)C)/C)O)OC)C)C)/C)OC,"InChI=1S/C53H83NO14/c1-32-16-12-11-13-17-33(2)44(63-8)30-40-21-19-38(7)53(62,68-40)50(59)51(60)54-23-15-14-18-41(54)52(61)67-45(35(4)28-39-20-22-43(66-25-24-55)46(29-39)64-9)31-42(56)34(3)27-37(6)48(58)49(65-10)47(57)36(5)26-32/h11-13,16-17,27,32,34-36,38-41,43-46,48-49,55,58,62H,14-15,18-26,28-31H2,1-10H3/b13-11+,16-12+,33-17+,37-27+/t32-,34-,35-,36-,38-,39+,40+,41+,43-,44+,45+,46-,48-,49+,53-/m1/s1",HKVAMNSJSFKALM-GKUWKFKPSA-N,exact DDInter name query,exact_unique,valid,"https://pubchem.ncbi.nlm.nih.gov/rest/pug/compound/name/Everolimus/property/Title,ConnectivitySMILES,SMILES,InChI,InChIKey/JSON",2026-09-22
DDInter705,Exemestane,60198,Exemestane,CC12CCC3C(C1CCC2=O)CC(=C)C4=CC(=O)C=CC34C,C[C@]12CC[C@H]3[C@H]([C@@H]1CCC2=O)CC(=C)C4=CC(=O)C=C[C@]34C,"InChI=1S/C20H24O2/c1-12-10-14-15-4-5-18(22)20(15,3)9-7-16(14)19(2)8-6-13(21)11-17(12)19/h6,8,11,14-16H,1,4-5,7,9-10H2,2-3H3/t14-,15-,16-,19+,20-/m0/s1",BFYIZQONLCFLEV-DAELLWKTSA-N,exact DDInter name query,exact_unique,valid,"https://pubchem.ncbi.nlm.nih.gov/rest/pug/compound/name/Exemestane/property/Title,ConnectivitySMILES,SMILES,InChI,InChIKey/JSON",2026-09-22
DDInter706,Exenatide,45588096,Exenatide,CCC(C)C(C(=O)NC(CCC(=O)O)C(=O)NC(CC1=CNC2=CC=CC=C21)C(=O)NC(CC(C)C)C(=O)NC(CCCCN)C(=O)NC(CC(=O)N)C(=O)NCC(=O)NCC(=O)N3CCCC3C(=O)NC(CO)C(=O)NC(CO)C(=O)NCC(=O)NC(C)C(=O)N4CCCC4C(=O)N5CCCC5C(=O)N6CCCC6C(=O)NC(CO)C(=O)N)NC(=O)C(CC7=CC=CC=C7)NC(=O)C(CC(C)C)NC(=O)C(CCCNC(=N)N)NC(=O)C(C(C)C)NC(=O)C(C)NC(=O)C(CCC(=O)O)NC(=O)C(CCC(=O)O)NC(=O)C(CCC(=O)O)NC(=O)C(CCSC)NC(=O)C(CCC(=O)N)NC(=O)C(CCCCN)NC(=O)C(CO)NC(=O)C(CC(C)C)NC(=O)C(CC(=O)O)NC(=O)C(CO)NC(=O)C(C(C)O)NC(=O)C(CC8=CC=CC=C8)NC(=O)C(C(C)O)NC(=O)CNC(=O)C(CCC(=O)O)NC(=O)CNC(=O)C(CC9=CNC=N9)N,CC[C@H](C)[C@@H](C(=O)N[C@@H](CCC(=O)O)C(=O)N[C@@H](CC1=CNC2=CC=CC=C21)C(=O)N[C@@H](CC(C)C)C(=O)N[C@@H](CCCCN)C(=O)N[C@@H](CC(=O)N)C(=O)NCC(=O)NCC(=O)N3CCC[C@H]3C(=O)N[C@@H](CO)C(=O)N[C@@H](CO)C(=O)NCC(=O)N[C@@H](C)C(=O)N4CCC[C@H]4C(=O)N5CCC[C@H]5C(=O)N6CCC[C@H]6C(=O)N[C@@H](CO)C(=O)N)NC(=O)[C@H](CC7=CC=CC=C7)NC(=O)[C@H](CC(C)C)NC(=O)[C@H](CCCNC(=N)N)NC(=O)[C@H](C(C)C)NC(=O)[C@H](C)NC(=O)[C@H](CCC(=O)O)NC(=O)[C@H](CCC(=O)O)NC(=O)[C@H](CCC(=O)O)NC(=O)[C@H](CCSC)NC(=O)[C@H](CCC(=O)N)NC(=O)[C@H](CCCCN)NC(=O)[C@H](CO)NC(=O)[C@H](CC(C)C)NC(=O)[C@H](CC(=O)O)NC(=O)[C@H](CO)NC(=O)[C@H]([C@@H](C)O)NC(=O)[C@H](CC8=CC=CC=C8)NC(=O)[C@H]([C@@H](C)O)NC(=O)CNC(=O)[C@H](CCC(=O)O)NC(=O)CNC(=O)[C@H](CC9=CNC=N9)N,"InChI=1S/C184H282N50O60S/c1-16-94(10)147(178(289)213-114(52-58-144(257)258)163(274)218-121(73-101-77-195-105-39-24-23-38-103(101)105)168(279)215-116(68-90(2)3)165(276)205-107(41-26-28-61-186)158(269)219-122(75-134(189)243)154(265)198-79-135(244)196-83-139(248)231-63-30-43-129(231)175(286)225-127(87-238)174(285)223-125(85-236)155(266)200-80-136(245)202-96(12)181(292)233-65-32-45-131(233)183(294)234-66-33-46-132(234)182(293)232-64-31-44-130(232)176(287)222-124(84-235)150(190)261)229-170(281)119(71-99-34-19-17-20-35-99)217-166(277)117(69-91(4)5)214-159(270)108(42-29-62-194-184(191)192)212-177(288)146(93(8)9)228-151(262)95(11)203-156(267)111(49-55-141(251)252)208-161(272)112(50-56-142(253)254)209-162(273)113(51-57-143(255)256)210-164(275)115(59-67-295-15)211-160(271)110(47-53-133(188)242)207-157(268)106(40-25-27-60-185)206-172(283)126(86-237)224-167(278)118(70-92(6)7)216-169(280)123(76-145(259)260)220-173(284)128(88-239)226-180(291)149(98(14)241)230-171(282)120(72-100-36-21-18-22-37-100)221-179(290)148(97(13)240)227-138(247)82-199-153(264)109(48-54-140(249)250)204-137(246)81-197-152(263)104(187)74-102-78-193-89-201-102/h17-24,34-39,77-78,89-98,104,106-132,146-149,195,235-241H,16,25-33,40-76,79-88,185-187H2,1-15H3,(H2,188,242)(H2,189,243)(H2,190,261)(H,193,201)(H,196,244)(H,197,263)(H,198,265)(H,199,264)(H,200,266)(H,202,245)(H,203,267)(H,204,246)(H,205,276)(H,206,283)(H,207,268)(H,208,272)(H,209,273)(H,210,275)(H,211,271)(H,212,288)(H,213,289)(H,214,270)(H,215,279)(H,216,280)(H,217,277)(H,218,274)(H,219,269)(H,220,284)(H,221,290)(H,222,287)(H,223,285)(H,224,278)(H,225,286)(H,226,291)(H,227,247)(H,228,262)(H,229,281)(H,230,282)(H,249,250)(H,251,252)(H,253,254)(H,255,256)(H,257,258)(H,259,260)(H4,191,192,194)/t94-,95-,96-,97+,98+,104-,106-,107-,108-,109-,110-,111-,112-,113-,114-,115-,116-,117-,118-,119-,120-,121-,122-,123-,124-,125-,126-,127-,128-,129-,130-,131-,132-,146-,147-,148-,149-/m0/s1",HTQBXNHDCUEHJF-XWLPCZSASA-N,exact DDInter name query,exact_unique,valid,"https://pubchem.ncbi.nlm.nih.gov/rest/pug/compound/name/Exenatide/property/Title,ConnectivitySMILES,SMILES,InChI,InChIKey/JSON",2026-09-22
DDInter707,Ezetimibe,150311,Ezetimibe,C1=CC(=CC=C1C2C(C(=O)N2C3=CC=C(C=C3)F)CCC(C4=CC=C(C=C4)F)O)O,C1=CC(=CC=C1[C@@H]2[C@H](C(=O)N2C3=CC=C(C=C3)F)CC[C@@H](C4=CC=C(C=C4)F)O)O,"InChI=1S/C24H21F2NO3/c25-17-5-1-15(2-6-17)22(29)14-13-21-23(16-3-11-20(28)12-4-16)27(24(21)30)19-9-7-18(26)8-10-19/h1-12,21-23,28-29H,13-14H2/t21-,22+,23-/m1/s1",OLNTVTPDXPETLC-XPWALMASSA-N,exact DDInter name query,exact_unique,valid,"https://pubchem.ncbi.nlm.nih.gov/rest/pug/compound/name/Ezetimibe/property/Title,ConnectivitySMILES,SMILES,InChI,InChIKey/JSON",2026-09-22
DDInter708,Ezogabine,121892,Ezogabine,CCOC(=O)NC1=C(C=C(C=C1)NCC2=CC=C(C=C2)F)N,CCOC(=O)NC1=C(C=C(C=C1)NCC2=CC=C(C=C2)F)N,"InChI=1S/C16H18FN3O2/c1-2-22-16(21)20-15-8-7-13(9-14(15)18)19-10-11-3-5-12(17)6-4-11/h3-9,19H,2,10,18H2,1H3,(H,20,21)",PCOBBVZJEWWZFR-UHFFFAOYSA-N,exact DDInter name query,exact_unique,valid,"https://pubchem.ncbi.nlm.nih.gov/rest/pug/compound/name/Ezogabine/property/Title,ConnectivitySMILES,SMILES,InChI,InChIKey/JSON",2026-09-22
DDInter709,Factor IX Complex (Human),,,,,,,exact DDInter name query,unmapped,unavailable,"https://pubchem.ncbi.nlm.nih.gov/rest/pug/compound/name/Factor%20IX%20Complex%20%28Human%29/property/Title,ConnectivitySMILES,SMILES,InChI,InChIKey/JSON",2026-09-22
DDInter71,Aminoglutethimide,2145,Aminoglutethimide,CCC1(CCC(=O)NC1=O)C2=CC=C(C=C2)N,CCC1(CCC(=O)NC1=O)C2=CC=C(C=C2)N,"InChI=1S/C13H16N2O2/c1-2-13(8-7-11(16)15-12(13)17)9-3-5-10(14)6-4-9/h3-6H,2,7-8,14H2,1H3,(H,15,16,17)",ROBVIMPUHSLWNV-UHFFFAOYSA-N,exact DDInter name query,exact_unique,valid,"https://pubchem.ncbi.nlm.nih.gov/rest/pug/compound/name/Aminoglutethimide/property/Title,ConnectivitySMILES,SMILES,InChI,InChIKey/JSON",2026-09-22
DDInter710,Factor XIII (human),,,,,,,exact DDInter name query,unmapped,unavailable,"https://pubchem.ncbi.nlm.nih.gov/rest/pug/compound/name/Factor%20XIII%20%28human%29/property/Title,ConnectivitySMILES,SMILES,InChI,InChIKey/JSON",2026-09-22
DDInter711,Famciclovir,3324,Famciclovir,CC(=O)OCC(CCN1C=NC2=CN=C(N=C21)N)COC(=O)C,CC(=O)OCC(CCN1C=NC2=CN=C(N=C21)N)COC(=O)C,"InChI=1S/C14H19N5O4/c1-9(20)22-6-11(7-23-10(2)21)3-4-19-8-17-12-5-16-14(15)18-13(12)19/h5,8,11H,3-4,6-7H2,1-2H3,(H2,15,16,18)",GGXKWVWZWMLJEH-UHFFFAOYSA-N,exact DDInter name query,exact_unique,valid,"https://pubchem.ncbi.nlm.nih.gov/rest/pug/compound/name/Famciclovir/property/Title,ConnectivitySMILES,SMILES,InChI,InChIKey/JSON",2026-09-22
DDInter712,Famotidine,5702160,Famotidine,C1=C(N=C(S1)N=C(N)N)CSCCC(=NS(=O)(=O)N)N,C1=C(N=C(S1)N=C(N)N)CSCC/C(=N/S(=O)(=O)N)/N,"InChI=1S/C8H15N7O2S3/c9-6(15-20(12,16)17)1-2-18-3-5-4-19-8(13-5)14-7(10)11/h4H,1-3H2,(H2,9,15)(H2,12,16,17)(H4,10,11,13,14)",XUFQPHANEAPEMJ-UHFFFAOYSA-N,exact DDInter name query,exact_unique,valid,"https://pubchem.ncbi.nlm.nih.gov/rest/pug/compound/name/Famotidine/property/Title,ConnectivitySMILES,SMILES,InChI,InChIKey/JSON",2026-09-22
DDInter713,Febuxostat,134018,Febuxostat,CC1=C(SC(=N1)C2=CC(=C(C=C2)OCC(C)C)C#N)C(=O)O,CC1=C(SC(=N1)C2=CC(=C(C=C2)OCC(C)C)C#N)C(=O)O,"InChI=1S/C16H16N2O3S/c1-9(2)8-21-13-5-4-11(6-12(13)7-17)15-18-10(3)14(22-15)16(19)20/h4-6,9H,8H2,1-3H3,(H,19,20)",BQSJTQLCZDPROO-UHFFFAOYSA-N,exact DDInter name query,exact_unique,valid,"https://pubchem.ncbi.nlm.nih.gov/rest/pug/compound/name/Febuxostat/property/Title,ConnectivitySMILES,SMILES,InChI,InChIKey/JSON",2026-09-22
DDInter714,Fedratinib,16722836,Fedratinib,CC1=CN=C(N=C1NC2=CC(=CC=C2)S(=O)(=O)NC(C)(C)C)NC3=CC=C(C=C3)OCCN4CCCC4,CC1=CN=C(N=C1NC2=CC(=CC=C2)S(=O)(=O)NC(C)(C)C)NC3=CC=C(C=C3)OCCN4CCCC4,"InChI=1S/C27H36N6O3S/c1-20-19-28-26(30-21-10-12-23(13-11-21)36-17-16-33-14-5-6-15-33)31-25(20)29-22-8-7-9-24(18-22)37(34,35)32-27(2,3)4/h7-13,18-19,32H,5-6,14-17H2,1-4H3,(H2,28,29,30,31)",JOOXLOJCABQBSG-UHFFFAOYSA-N,exact DDInter name query,exact_unique,valid,"https://pubchem.ncbi.nlm.nih.gov/rest/pug/compound/name/Fedratinib/property/Title,ConnectivitySMILES,SMILES,InChI,InChIKey/JSON",2026-09-22
DDInter715,Felbamate,3331,Felbamate,C1=CC=C(C=C1)C(COC(=O)N)COC(=O)N,C1=CC=C(C=C1)C(COC(=O)N)COC(=O)N,"InChI=1S/C11H14N2O4/c12-10(14)16-6-9(7-17-11(13)15)8-4-2-1-3-5-8/h1-5,9H,6-7H2,(H2,12,14)(H2,13,15)",WKGXYQFOCVYPAC-UHFFFAOYSA-N,exact DDInter name query,exact_unique,valid,"https://pubchem.ncbi.nlm.nih.gov/rest/pug/compound/name/Felbamate/property/Title,ConnectivitySMILES,SMILES,InChI,InChIKey/JSON",2026-09-22
DDInter716,Felodipine,3333,Felodipine,CCOC(=O)C1=C(NC(=C(C1C2=C(C(=CC=C2)Cl)Cl)C(=O)OC)C)C,CCOC(=O)C1=C(NC(=C(C1C2=C(C(=CC=C2)Cl)Cl)C(=O)OC)C)C,"InChI=1S/C18H19Cl2NO4/c1-5-25-18(23)14-10(3)21-9(2)13(17(22)24-4)15(14)11-7-6-8-12(19)16(11)20/h6-8,15,21H,5H2,1-4H3",RZTAMFZIAATZDJ-UHFFFAOYSA-N,exact DDInter name query,exact_unique,valid,"https://pubchem.ncbi.nlm.nih.gov/rest/pug/compound/name/Felodipine/property/Title,ConnectivitySMILES,SMILES,InChI,InChIKey/JSON",2026-09-22
DDInter717,Fenfluramine,3337,Fenfluramine,CCNC(C)CC1=CC(=CC=C1)C(F)(F)F,CCNC(C)CC1=CC(=CC=C1)C(F)(F)F,"InChI=1S/C12H16F3N/c1-3-16-9(2)7-10-5-4-6-11(8-10)12(13,14)15/h4-6,8-9,16H,3,7H2,1-2H3",DBGIVFWFUFKIQN-UHFFFAOYSA-N,exact DDInter name query,exact_unique,valid,"https://pubchem.ncbi.nlm.nih.gov/rest/pug/compound/name/Fenfluramine/property/Title,ConnectivitySMILES,SMILES,InChI,InChIKey/JSON",2026-09-22
DDInter718,Fenofibrate,3339,Fenofibrate,CC(C)OC(=O)C(C)(C)OC1=CC=C(C=C1)C(=O)C2=CC=C(C=C2)Cl,CC(C)OC(=O)C(C)(C)OC1=CC=C(C=C1)C(=O)C2=CC=C(C=C2)Cl,"InChI=1S/C20H21ClO4/c1-13(2)24-19(23)20(3,4)25-17-11-7-15(8-12-17)18(22)14-5-9-16(21)10-6-14/h5-13H,1-4H3",YMTINGFKWWXKFG-UHFFFAOYSA-N,exact DDInter name query,exact_unique,valid,"https://pubchem.ncbi.nlm.nih.gov/rest/pug/compound/name/Fenofibrate/property/Title,ConnectivitySMILES,SMILES,InChI,InChIKey/JSON",2026-09-22
DDInter719,Fenofibric acid,64929,Fenofibric Acid,CC(C)(C(=O)O)OC1=CC=C(C=C1)C(=O)C2=CC=C(C=C2)Cl,CC(C)(C(=O)O)OC1=CC=C(C=C1)C(=O)C2=CC=C(C=C2)Cl,"InChI=1S/C17H15ClO4/c1-17(2,16(20)21)22-14-9-5-12(6-10-14)15(19)11-3-7-13(18)8-4-11/h3-10H,1-2H3,(H,20,21)",MQOBSOSZFYZQOK-UHFFFAOYSA-N,exact DDInter name query,exact_unique,valid,"https://pubchem.ncbi.nlm.nih.gov/rest/pug/compound/name/Fenofibric%20acid/property/Title,ConnectivitySMILES,SMILES,InChI,InChIKey/JSON",2026-09-22
DDInter72,Aminolevulinic acid,137,5-Aminolevulinic Acid,C(CC(=O)O)C(=O)CN,C(CC(=O)O)C(=O)CN,"InChI=1S/C5H9NO3/c6-3-4(7)1-2-5(8)9/h1-3,6H2,(H,8,9)",ZGXJTSGNIOSYLO-UHFFFAOYSA-N,exact DDInter name query,ambiguous,excluded_title_mismatch,"https://pubchem.ncbi.nlm.nih.gov/rest/pug/compound/name/Aminolevulinic%20acid/property/Title,ConnectivitySMILES,SMILES,InChI,InChIKey/JSON",2026-09-22
DDInter720,Fenoldopam,3341,Fenoldopam,C1CNCC(C2=CC(=C(C(=C21)Cl)O)O)C3=CC=C(C=C3)O,C1CNCC(C2=CC(=C(C(=C21)Cl)O)O)C3=CC=C(C=C3)O,"InChI=1S/C16H16ClNO3/c17-15-11-5-6-18-8-13(9-1-3-10(19)4-2-9)12(11)7-14(20)16(15)21/h1-4,7,13,18-21H,5-6,8H2",TVURRHSHRRELCG-UHFFFAOYSA-N,exact DDInter name query,exact_unique,valid,"https://pubchem.ncbi.nlm.nih.gov/rest/pug/compound/name/Fenoldopam/property/Title,ConnectivitySMILES,SMILES,InChI,InChIKey/JSON",2026-09-22
DDInter721,Fenoprofen,3342,Fenoprofen,CC(C1=CC(=CC=C1)OC2=CC=CC=C2)C(=O)O,CC(C1=CC(=CC=C1)OC2=CC=CC=C2)C(=O)O,"InChI=1S/C15H14O3/c1-11(15(16)17)12-6-5-9-14(10-12)18-13-7-3-2-4-8-13/h2-11H,1H3,(H,16,17)",RDJGLLICXDHJDY-UHFFFAOYSA-N,exact DDInter name query,exact_unique,valid,"https://pubchem.ncbi.nlm.nih.gov/rest/pug/compound/name/Fenoprofen/property/Title,ConnectivitySMILES,SMILES,InChI,InChIKey/JSON",2026-09-22
DDInter722,Fentanyl,3345,Fentanyl,CCC(=O)N(C1CCN(CC1)CCC2=CC=CC=C2)C3=CC=CC=C3,CCC(=O)N(C1CCN(CC1)CCC2=CC=CC=C2)C3=CC=CC=C3,"InChI=1S/C22H28N2O/c1-2-22(25)24(20-11-7-4-8-12-20)21-14-17-23(18-15-21)16-13-19-9-5-3-6-10-19/h3-12,21H,2,13-18H2,1H3",PJMPHNIQZUBGLI-UHFFFAOYSA-N,exact DDInter name query,exact_unique,valid,"https://pubchem.ncbi.nlm.nih.gov/rest/pug/compound/name/Fentanyl/property/Title,ConnectivitySMILES,SMILES,InChI,InChIKey/JSON",2026-09-22
DDInter723,Ferric carboxymaltose,,,,,,,exact DDInter name query,unmapped,unavailable,"https://pubchem.ncbi.nlm.nih.gov/rest/pug/compound/name/Ferric%20carboxymaltose/property/Title,ConnectivitySMILES,SMILES,InChI,InChIKey/JSON",2026-09-22
DDInter724,Ferric derisomaltose,,,,,,,exact DDInter name query,unmapped,unavailable,"https://pubchem.ncbi.nlm.nih.gov/rest/pug/compound/name/Ferric%20derisomaltose/property/Title,ConnectivitySMILES,SMILES,InChI,InChIKey/JSON",2026-09-22
DDInter725,Ferrous fumarate,6433164,Ferrous Fumarate,C(=CC(=O)[O-])C(=O)[O-].[Fe+2],C(=C/C(=O)[O-])\C(=O)[O-].[Fe+2],"InChI=1S/C4H4O4.Fe/c5-3(6)1-2-4(7)8;/h1-2H,(H,5,6)(H,7,8);/q;+2/p-2/b2-1+;",PMVSDNDAUGGCCE-TYYBGVCCSA-L,exact DDInter name query,exact_unique,valid,"https://pubchem.ncbi.nlm.nih.gov/rest/pug/compound/name/Ferrous%20fumarate/property/Title,ConnectivitySMILES,SMILES,InChI,InChIKey/JSON",2026-09-22
DDInter726,Ferrous gluconate,23616740,Ferrous Gluconate,C(C(C(C(C(C(=O)[O-])O)O)O)O)O.C(C(C(C(C(C(=O)[O-])O)O)O)O)O.[Fe+2],C([C@H]([C@H]([C@@H]([C@H](C(=O)[O-])O)O)O)O)O.C([C@H]([C@H]([C@@H]([C@H](C(=O)[O-])O)O)O)O)O.[Fe+2],"InChI=1S/2C6H12O7.Fe/c2*7-1-2(8)3(9)4(10)5(11)6(12)13;/h2*2-5,7-11H,1H2,(H,12,13);/q;;+2/p-2/t2*2-,3-,4+,5-;/m11./s1",VRIVJOXICYMTAG-IYEMJOQQSA-L,exact DDInter name query,exact_unique,valid,"https://pubchem.ncbi.nlm.nih.gov/rest/pug/compound/name/Ferrous%20gluconate/property/Title,ConnectivitySMILES,SMILES,InChI,InChIKey/JSON",2026-09-22
DDInter727,Ferrous sulfate anhydrous,24393,Ferrous Sulfate,[O-]S(=O)(=O)[O-].[Fe+2],[O-]S(=O)(=O)[O-].[Fe+2],"InChI=1S/Fe.H2O4S/c;1-5(2,3)4/h;(H2,1,2,3,4)/q+2;/p-2",BAUYGSIQEAFULO-UHFFFAOYSA-L,exact DDInter name query,ambiguous,excluded_title_mismatch,"https://pubchem.ncbi.nlm.nih.gov/rest/pug/compound/name/Ferrous%20sulfate%20anhydrous/property/Title,ConnectivitySMILES,SMILES,InChI,InChIKey/JSON",2026-09-22
DDInter728,Ferumoxides,,,,,,,exact DDInter name query,unmapped,unavailable,"https://pubchem.ncbi.nlm.nih.gov/rest/pug/compound/name/Ferumoxides/property/Title,ConnectivitySMILES,SMILES,InChI,InChIKey/JSON",2026-09-22
DDInter729,Ferumoxsil,,,,,,,exact DDInter name query,unmapped,unavailable,"https://pubchem.ncbi.nlm.nih.gov/rest/pug/compound/name/Ferumoxsil/property/Title,ConnectivitySMILES,SMILES,InChI,InChIKey/JSON",2026-09-22
DDInter73,Aminolevulinic acid (topical),,,,,,,exact DDInter name query,unmapped,unavailable,"https://pubchem.ncbi.nlm.nih.gov/rest/pug/compound/name/Aminolevulinic%20acid%20%28topical%29/property/Title,ConnectivitySMILES,SMILES,InChI,InChIKey/JSON",2026-09-22
DDInter730,Ferumoxytol,6432052,Ferumoxytol,[O-2].[O-2].[O-2].[O-2].[Fe+2].[Fe+3].[Fe+3],[O-2].[O-2].[O-2].[O-2].[Fe+2].[Fe+3].[Fe+3],InChI=1S/3Fe.4O/q+2;2*+3;4*-2,WTFXARWRTYJXII-UHFFFAOYSA-N,exact DDInter name query,exact_unique,valid,"https://pubchem.ncbi.nlm.nih.gov/rest/pug/compound/name/Ferumoxytol/property/Title,ConnectivitySMILES,SMILES,InChI,InChIKey/JSON",2026-09-22
DDInter731,Fesoterodine,6918558,Fesoterodine,CC(C)C(=O)OC1=C(C=C(C=C1)CO)C(CCN(C(C)C)C(C)C)C2=CC=CC=C2,CC(C)C(=O)OC1=C(C=C(C=C1)CO)[C@H](CCN(C(C)C)C(C)C)C2=CC=CC=C2,"InChI=1S/C26H37NO3/c1-18(2)26(29)30-25-13-12-21(17-28)16-24(25)23(22-10-8-7-9-11-22)14-15-27(19(3)4)20(5)6/h7-13,16,18-20,23,28H,14-15,17H2,1-6H3/t23-/m1/s1",DCCSDBARQIPTGU-HSZRJFAPSA-N,exact DDInter name query,exact_unique,valid,"https://pubchem.ncbi.nlm.nih.gov/rest/pug/compound/name/Fesoterodine/property/Title,ConnectivitySMILES,SMILES,InChI,InChIKey/JSON",2026-09-22
DDInter732,Fexofenadine,3348,Fexofenadine,CC(C)(C1=CC=C(C=C1)C(CCCN2CCC(CC2)C(C3=CC=CC=C3)(C4=CC=CC=C4)O)O)C(=O)O,CC(C)(C1=CC=C(C=C1)C(CCCN2CCC(CC2)C(C3=CC=CC=C3)(C4=CC=CC=C4)O)O)C(=O)O,"InChI=1S/C32H39NO4/c1-31(2,30(35)36)25-17-15-24(16-18-25)29(34)14-9-21-33-22-19-28(20-23-33)32(37,26-10-5-3-6-11-26)27-12-7-4-8-13-27/h3-8,10-13,15-18,28-29,34,37H,9,14,19-23H2,1-2H3,(H,35,36)",RWTNPBWLLIMQHL-UHFFFAOYSA-N,exact DDInter name query,exact_unique,valid,"https://pubchem.ncbi.nlm.nih.gov/rest/pug/compound/name/Fexofenadine/property/Title,ConnectivitySMILES,SMILES,InChI,InChIKey/JSON",2026-09-22
DDInter733,Fibrinogen human,,,,,,,exact DDInter name query,unmapped,unavailable,"https://pubchem.ncbi.nlm.nih.gov/rest/pug/compound/name/Fibrinogen%20human/property/Title,ConnectivitySMILES,SMILES,InChI,InChIKey/JSON",2026-09-22
DDInter734,Fidaxomicin,10034073,Fidaxomicin,CCC1C=C(C(CC=CC=C(C(=O)OC(CC=C(C=C(C1OC2C(C(C(C(O2)(C)C)OC(=O)C(C)C)O)O)C)C)C(C)O)COC3C(C(C(C(O3)C)OC(=O)C4=C(C(=C(C(=C4O)Cl)O)Cl)CC)O)OC)O)C,CC[C@H]1/C=C(/[C@H](C/C=C/C=C(/C(=O)O[C@@H](C/C=C(/C=C(/[C@@H]1O[C@H]2[C@H]([C@H]([C@@H](C(O2)(C)C)OC(=O)C(C)C)O)O)\C)\C)[C@@H](C)O)\CO[C@H]3[C@H]([C@H]([C@@H]([C@H](O3)C)OC(=O)C4=C(C(=C(C(=C4O)Cl)O)Cl)CC)O)OC)O)\C,"InChI=1S/C52H74Cl2O18/c1-13-30-22-26(6)33(56)18-16-15-17-31(23-66-51-45(65-12)42(61)44(29(9)67-51)69-49(64)35-32(14-2)36(53)39(58)37(54)38(35)57)48(63)68-34(28(8)55)20-19-25(5)21-27(7)43(30)70-50-41(60)40(59)46(52(10,11)72-50)71-47(62)24(3)4/h15-17,19,21-22,24,28-30,33-34,40-46,50-51,55-61H,13-14,18,20,23H2,1-12H3/b16-15+,25-19+,26-22+,27-21+,31-17+/t28-,29-,30+,33+,34+,40-,41+,42+,43+,44-,45+,46+,50-,51-/m1/s1",ZVGNESXIJDCBKN-UUEYKCAUSA-N,exact DDInter name query,exact_unique,valid,"https://pubchem.ncbi.nlm.nih.gov/rest/pug/compound/name/Fidaxomicin/property/Title,ConnectivitySMILES,SMILES,InChI,InChIKey/JSON",2026-09-22
DDInter735,Filgrastim,,,,,,,exact DDInter name query,unmapped,unavailable,"https://pubchem.ncbi.nlm.nih.gov/rest/pug/compound/name/Filgrastim/property/Title,ConnectivitySMILES,SMILES,InChI,InChIKey/JSON",2026-09-22
DDInter736,Finasteride,57363,Finasteride,CC12CCC3C(C1CCC2C(=O)NC(C)(C)C)CCC4C3(C=CC(=O)N4)C,C[C@]12CC[C@H]3[C@H]([C@@H]1CC[C@@H]2C(=O)NC(C)(C)C)CC[C@@H]4[C@@]3(C=CC(=O)N4)C,"InChI=1S/C23H36N2O2/c1-21(2,3)25-20(27)17-8-7-15-14-6-9-18-23(5,13-11-19(26)24-18)16(14)10-12-22(15,17)4/h11,13-18H,6-10,12H2,1-5H3,(H,24,26)(H,25,27)/t14-,15-,16-,17+,18+,22-,23+/m0/s1",DBEPLOCGEIEOCV-WSBQPABSSA-N,exact DDInter name query,exact_unique,valid,"https://pubchem.ncbi.nlm.nih.gov/rest/pug/compound/name/Finasteride/property/Title,ConnectivitySMILES,SMILES,InChI,InChIKey/JSON",2026-09-22
DDInter737,Fingolimod,107970,Fingolimod,CCCCCCCCC1=CC=C(C=C1)CCC(CO)(CO)N,CCCCCCCCC1=CC=C(C=C1)CCC(CO)(CO)N,"InChI=1S/C19H33NO2/c1-2-3-4-5-6-7-8-17-9-11-18(12-10-17)13-14-19(20,15-21)16-22/h9-12,21-22H,2-8,13-16,20H2,1H3",KKGQTZUTZRNORY-UHFFFAOYSA-N,exact DDInter name query,exact_unique,valid,"https://pubchem.ncbi.nlm.nih.gov/rest/pug/compound/name/Fingolimod/property/Title,ConnectivitySMILES,SMILES,InChI,InChIKey/JSON",2026-09-22
DDInter738,Flavoxate,3354,Flavoxate,CC1=C(OC2=C(C1=O)C=CC=C2C(=O)OCCN3CCCCC3)C4=CC=CC=C4,CC1=C(OC2=C(C1=O)C=CC=C2C(=O)OCCN3CCCCC3)C4=CC=CC=C4,"InChI=1S/C24H25NO4/c1-17-21(26)19-11-8-12-20(23(19)29-22(17)18-9-4-2-5-10-18)24(27)28-16-15-25-13-6-3-7-14-25/h2,4-5,8-12H,3,6-7,13-16H2,1H3",SPIUTQOUKAMGCX-UHFFFAOYSA-N,exact DDInter name query,exact_unique,valid,"https://pubchem.ncbi.nlm.nih.gov/rest/pug/compound/name/Flavoxate/property/Title,ConnectivitySMILES,SMILES,InChI,InChIKey/JSON",2026-09-22
DDInter739,Flax seed,,,,,,,exact DDInter name query,unmapped,unavailable,"https://pubchem.ncbi.nlm.nih.gov/rest/pug/compound/name/Flax%20seed/property/Title,ConnectivitySMILES,SMILES,InChI,InChIKey/JSON",2026-09-22
DDInter74,Aminophylline,9433,Aminophylline,CN1C2=C(C(=O)N(C1=O)C)NC=N2.CN1C2=C(C(=O)N(C1=O)C)NC=N2.C(CN)N,CN1C2=C(C(=O)N(C1=O)C)NC=N2.CN1C2=C(C(=O)N(C1=O)C)NC=N2.C(CN)N,"InChI=1S/2C7H8N4O2.C2H8N2/c2*1-10-5-4(8-3-9-5)6(12)11(2)7(10)13;3-1-2-4/h2*3H,1-2H3,(H,8,9);1-4H2",FQPFAHBPWDRTLU-UHFFFAOYSA-N,exact DDInter name query,exact_unique,valid,"https://pubchem.ncbi.nlm.nih.gov/rest/pug/compound/name/Aminophylline/property/Title,ConnectivitySMILES,SMILES,InChI,InChIKey/JSON",2026-09-22
DDInter740,Flecainide,3356,Flecainide,C1CCNC(C1)CNC(=O)C2=C(C=CC(=C2)OCC(F)(F)F)OCC(F)(F)F,C1CCNC(C1)CNC(=O)C2=C(C=CC(=C2)OCC(F)(F)F)OCC(F)(F)F,"InChI=1S/C17H20F6N2O3/c18-16(19,20)9-27-12-4-5-14(28-10-17(21,22)23)13(7-12)15(26)25-8-11-3-1-2-6-24-11/h4-5,7,11,24H,1-3,6,8-10H2,(H,25,26)",DJBNUMBKLMJRSA-UHFFFAOYSA-N,exact DDInter name query,exact_unique,valid,"https://pubchem.ncbi.nlm.nih.gov/rest/pug/compound/name/Flecainide/property/Title,ConnectivitySMILES,SMILES,InChI,InChIKey/JSON",2026-09-22
DDInter741,Flibanserin,6918248,Flibanserin,C1CN(CCN1CCN2C3=CC=CC=C3NC2=O)C4=CC=CC(=C4)C(F)(F)F,C1CN(CCN1CCN2C3=CC=CC=C3NC2=O)C4=CC=CC(=C4)C(F)(F)F,"InChI=1S/C20H21F3N4O/c21-20(22,23)15-4-3-5-16(14-15)26-11-8-25(9-12-26)10-13-27-18-7-2-1-6-17(18)24-19(27)28/h1-7,14H,8-13H2,(H,24,28)",PPRRDFIXUUSXRA-UHFFFAOYSA-N,exact DDInter name query,exact_unique,valid,"https://pubchem.ncbi.nlm.nih.gov/rest/pug/compound/name/Flibanserin/property/Title,ConnectivitySMILES,SMILES,InChI,InChIKey/JSON",2026-09-22
DDInter742,Floxuridine,5790,Floxuridine,C1C(C(OC1N2C=C(C(=O)NC2=O)F)CO)O,C1[C@@H]([C@H](O[C@H]1N2C=C(C(=O)NC2=O)F)CO)O,"InChI=1S/C9H11FN2O5/c10-4-2-12(9(16)11-8(4)15)7-1-5(14)6(3-13)17-7/h2,5-7,13-14H,1,3H2,(H,11,15,16)/t5-,6+,7+/m0/s1",ODKNJVUHOIMIIZ-RRKCRQDMSA-N,exact DDInter name query,exact_unique,valid,"https://pubchem.ncbi.nlm.nih.gov/rest/pug/compound/name/Floxuridine/property/Title,ConnectivitySMILES,SMILES,InChI,InChIKey/JSON",2026-09-22
DDInter743,Fluconazole,3365,Fluconazole,C1=CC(=C(C=C1F)F)C(CN2C=NC=N2)(CN3C=NC=N3)O,C1=CC(=C(C=C1F)F)C(CN2C=NC=N2)(CN3C=NC=N3)O,"InChI=1S/C13H12F2N6O/c14-10-1-2-11(12(15)3-10)13(22,4-20-8-16-6-18-20)5-21-9-17-7-19-21/h1-3,6-9,22H,4-5H2",RFHAOTPXVQNOHP-UHFFFAOYSA-N,exact DDInter name query,exact_unique,valid,"https://pubchem.ncbi.nlm.nih.gov/rest/pug/compound/name/Fluconazole/property/Title,ConnectivitySMILES,SMILES,InChI,InChIKey/JSON",2026-09-22
DDInter744,Flucytosine,3366,Flucytosine,C1=NC(=O)NC(=C1F)N,C1=NC(=O)NC(=C1F)N,"InChI=1S/C4H4FN3O/c5-2-1-7-4(9)8-3(2)6/h1H,(H3,6,7,8,9)",XRECTZIEBJDKEO-UHFFFAOYSA-N,exact DDInter name query,exact_unique,valid,"https://pubchem.ncbi.nlm.nih.gov/rest/pug/compound/name/Flucytosine/property/Title,ConnectivitySMILES,SMILES,InChI,InChIKey/JSON",2026-09-22
DDInter745,Fludarabine,657237,Fludarabine,C1=NC2=C(N=C(N=C2N1C3C(C(C(O3)CO)O)O)F)N,C1=NC2=C(N=C(N=C2N1[C@H]3[C@H]([C@@H]([C@H](O3)CO)O)O)F)N,"InChI=1S/C10H12FN5O4/c11-10-14-7(12)4-8(15-10)16(2-13-4)9-6(19)5(18)3(1-17)20-9/h2-3,5-6,9,17-19H,1H2,(H2,12,14,15)/t3-,5-,6+,9-/m1/s1",HBUBKKRHXORPQB-FJFJXFQQSA-N,exact DDInter name query,exact_unique,valid,"https://pubchem.ncbi.nlm.nih.gov/rest/pug/compound/name/Fludarabine/property/Title,ConnectivitySMILES,SMILES,InChI,InChIKey/JSON",2026-09-22
DDInter746,Fludeoxyglucose (18F),,,,,,,exact DDInter name query,ambiguous,excluded_multiple_candidates,"https://pubchem.ncbi.nlm.nih.gov/rest/pug/compound/name/Fludeoxyglucose%20%2818F%29/property/Title,ConnectivitySMILES,SMILES,InChI,InChIKey/JSON",2026-09-22
DDInter747,Fludrocortisone,31378,Fludrocortisone,CC12CCC(=O)C=C1CCC3C2(C(CC4(C3CCC4(C(=O)CO)O)C)O)F,C[C@]12CCC(=O)C=C1CC[C@@H]3[C@@]2([C@H](C[C@]4([C@H]3CC[C@@]4(C(=O)CO)O)C)O)F,"InChI=1S/C21H29FO5/c1-18-7-5-13(24)9-12(18)3-4-15-14-6-8-20(27,17(26)11-23)19(14,2)10-16(25)21(15,18)22/h9,14-16,23,25,27H,3-8,10-11H2,1-2H3/t14-,15-,16-,18-,19-,20-,21-/m0/s1",AAXVEMMRQDVLJB-BULBTXNYSA-N,exact DDInter name query,exact_unique,valid,"https://pubchem.ncbi.nlm.nih.gov/rest/pug/compound/name/Fludrocortisone/property/Title,ConnectivitySMILES,SMILES,InChI,InChIKey/JSON",2026-09-22
DDInter748,Flumazenil,3373,Flumazenil,CCOC(=O)C1=C2CN(C(=O)C3=C(N2C=N1)C=CC(=C3)F)C,CCOC(=O)C1=C2CN(C(=O)C3=C(N2C=N1)C=CC(=C3)F)C,"InChI=1S/C15H14FN3O3/c1-3-22-15(21)13-12-7-18(2)14(20)10-6-9(16)4-5-11(10)19(12)8-17-13/h4-6,8H,3,7H2,1-2H3",OFBIFZUFASYYRE-UHFFFAOYSA-N,exact DDInter name query,exact_unique,valid,"https://pubchem.ncbi.nlm.nih.gov/rest/pug/compound/name/Flumazenil/property/Title,ConnectivitySMILES,SMILES,InChI,InChIKey/JSON",2026-09-22
DDInter749,Flunisolide,82153,Flunisolide,CC1(OC2CC3C4CC(C5=CC(=O)C=CC5(C4C(CC3(C2(O1)C(=O)CO)C)O)C)F)C,C[C@]12C[C@@H]([C@H]3[C@H]([C@@H]1C[C@@H]4[C@]2(OC(O4)(C)C)C(=O)CO)C[C@@H](C5=CC(=O)C=C[C@]35C)F)O,"InChI=1S/C24H31FO6/c1-21(2)30-19-9-14-13-8-16(25)15-7-12(27)5-6-22(15,3)20(13)17(28)10-23(14,4)24(19,31-21)18(29)11-26/h5-7,13-14,16-17,19-20,26,28H,8-11H2,1-4H3/t13-,14-,16-,17-,19+,20+,22-,23-,24+/m0/s1",XSFJVAJPIHIPKU-XWCQMRHXSA-N,exact DDInter name query,exact_unique,valid,"https://pubchem.ncbi.nlm.nih.gov/rest/pug/compound/name/Flunisolide/property/Title,ConnectivitySMILES,SMILES,InChI,InChIKey/JSON",2026-09-22
DDInter75,Aminosalicylic acid,4649,4-Aminosalicylic Acid,C1=CC(=C(C=C1N)O)C(=O)O,C1=CC(=C(C=C1N)O)C(=O)O,"InChI=1S/C7H7NO3/c8-4-1-2-5(7(10)11)6(9)3-4/h1-3,9H,8H2,(H,10,11)",WUBBRNOQWQTFEX-UHFFFAOYSA-N,exact DDInter name query,ambiguous,excluded_title_mismatch,"https://pubchem.ncbi.nlm.nih.gov/rest/pug/compound/name/Aminosalicylic%20acid/property/Title,ConnectivitySMILES,SMILES,InChI,InChIKey/JSON",2026-09-22
DDInter750,Flunisolide (nasal),,,,,,,exact DDInter name query,unmapped,unavailable,"https://pubchem.ncbi.nlm.nih.gov/rest/pug/compound/name/Flunisolide%20%28nasal%29/property/Title,ConnectivitySMILES,SMILES,InChI,InChIKey/JSON",2026-09-22
DDInter751,Fluocinolone acetonide,6215,Fluocinolone Acetonide,CC1(OC2CC3C4CC(C5=CC(=O)C=CC5(C4(C(CC3(C2(O1)C(=O)CO)C)O)F)C)F)C,C[C@]12C[C@@H]([C@]3([C@H]([C@@H]1C[C@@H]4[C@]2(OC(O4)(C)C)C(=O)CO)C[C@@H](C5=CC(=O)C=C[C@@]53C)F)F)O,"InChI=1S/C24H30F2O6/c1-20(2)31-19-9-13-14-8-16(25)15-7-12(28)5-6-21(15,3)23(14,26)17(29)10-22(13,4)24(19,32-20)18(30)11-27/h5-7,13-14,16-17,19,27,29H,8-11H2,1-4H3/t13-,14-,16-,17-,19+,21-,22-,23-,24+/m0/s1",FEBLZLNTKCEFIT-VSXGLTOVSA-N,exact DDInter name query,exact_unique,valid,"https://pubchem.ncbi.nlm.nih.gov/rest/pug/compound/name/Fluocinolone%20acetonide/property/Title,ConnectivitySMILES,SMILES,InChI,InChIKey/JSON",2026-09-22
DDInter752,Fluocinonide,9642,Fluocinonide,CC(=O)OCC(=O)C12C(CC3C1(CC(C4(C3CC(C5=CC(=O)C=CC54C)F)F)O)C)OC(O2)(C)C,CC(=O)OCC(=O)[C@@]12[C@@H](C[C@@H]3[C@@]1(C[C@@H]([C@]4([C@H]3C[C@@H](C5=CC(=O)C=C[C@@]54C)F)F)O)C)OC(O2)(C)C,"InChI=1S/C26H32F2O7/c1-13(29)33-12-20(32)26-21(34-22(2,3)35-26)10-15-16-9-18(27)17-8-14(30)6-7-23(17,4)25(16,28)19(31)11-24(15,26)5/h6-8,15-16,18-19,21,31H,9-12H2,1-5H3/t15-,16-,18-,19-,21+,23-,24-,25-,26+/m0/s1",WJOHZNCJWYWUJD-IUGZLZTKSA-N,exact DDInter name query,exact_unique,valid,"https://pubchem.ncbi.nlm.nih.gov/rest/pug/compound/name/Fluocinonide/property/Title,ConnectivitySMILES,SMILES,InChI,InChIKey/JSON",2026-09-22
DDInter753,Fluocinonide (topical),,,,,,,exact DDInter name query,unmapped,unavailable,"https://pubchem.ncbi.nlm.nih.gov/rest/pug/compound/name/Fluocinonide%20%28topical%29/property/Title,ConnectivitySMILES,SMILES,InChI,InChIKey/JSON",2026-09-22
DDInter755,Fluorometholone,9878,Fluorometholone,CC1CC2C3CCC(C3(CC(C2(C4(C1=CC(=O)C=C4)C)F)O)C)(C(=O)C)O,C[C@H]1C[C@H]2[C@@H]3CC[C@@]([C@]3(C[C@@H]([C@@]2([C@@]4(C1=CC(=O)C=C4)C)F)O)C)(C(=O)C)O,"InChI=1S/C22H29FO4/c1-12-9-17-15-6-8-21(27,13(2)24)20(15,4)11-18(26)22(17,23)19(3)7-5-14(25)10-16(12)19/h5,7,10,12,15,17-18,26-27H,6,8-9,11H2,1-4H3/t12-,15-,17-,18-,19-,20-,21-,22-/m0/s1",FAOZLTXFLGPHNG-KNAQIMQKSA-N,exact DDInter name query,exact_unique,valid,"https://pubchem.ncbi.nlm.nih.gov/rest/pug/compound/name/Fluorometholone/property/Title,ConnectivitySMILES,SMILES,InChI,InChIKey/JSON",2026-09-22
DDInter756,Fluorometholone (ophthalmic),,,,,,,exact DDInter name query,unmapped,unavailable,"https://pubchem.ncbi.nlm.nih.gov/rest/pug/compound/name/Fluorometholone%20%28ophthalmic%29/property/Title,ConnectivitySMILES,SMILES,InChI,InChIKey/JSON",2026-09-22
DDInter757,Fluorouracil,3385,5-Fluorouracil,C1=C(C(=O)NC(=O)N1)F,C1=C(C(=O)NC(=O)N1)F,"InChI=1S/C4H3FN2O2/c5-2-1-6-4(9)7-3(2)8/h1H,(H2,6,7,8,9)",GHASVSINZRGABV-UHFFFAOYSA-N,exact DDInter name query,ambiguous,excluded_title_mismatch,"https://pubchem.ncbi.nlm.nih.gov/rest/pug/compound/name/Fluorouracil/property/Title,ConnectivitySMILES,SMILES,InChI,InChIKey/JSON",2026-09-22
DDInter758,Fluoxetine,3386,Fluoxetine,CNCCC(C1=CC=CC=C1)OC2=CC=C(C=C2)C(F)(F)F,CNCCC(C1=CC=CC=C1)OC2=CC=C(C=C2)C(F)(F)F,"InChI=1S/C17H18F3NO/c1-21-12-11-16(13-5-3-2-4-6-13)22-15-9-7-14(8-10-15)17(18,19)20/h2-10,16,21H,11-12H2,1H3",RTHCYVBBDHJXIQ-UHFFFAOYSA-N,exact DDInter name query,exact_unique,valid,"https://pubchem.ncbi.nlm.nih.gov/rest/pug/compound/name/Fluoxetine/property/Title,ConnectivitySMILES,SMILES,InChI,InChIKey/JSON",2026-09-22
DDInter759,Fluoxymesterone,6446,Fluoxymesterone,CC12CCC(=O)C=C1CCC3C2(C(CC4(C3CCC4(C)O)C)O)F,C[C@]12CCC(=O)C=C1CC[C@@H]3[C@@]2([C@H](C[C@]4([C@H]3CC[C@]4(C)O)C)O)F,"InChI=1S/C20H29FO3/c1-17-8-6-13(22)10-12(17)4-5-15-14-7-9-19(3,24)18(14,2)11-16(23)20(15,17)21/h10,14-16,23-24H,4-9,11H2,1-3H3/t14-,15-,16-,17-,18-,19-,20-/m0/s1",YLRFCQOZQXIBAB-RBZZARIASA-N,exact DDInter name query,exact_unique,valid,"https://pubchem.ncbi.nlm.nih.gov/rest/pug/compound/name/Fluoxymesterone/property/Title,ConnectivitySMILES,SMILES,InChI,InChIKey/JSON",2026-09-22
DDInter76,Amiodarone,2157,Amiodarone,CCCCC1=C(C2=CC=CC=C2O1)C(=O)C3=CC(=C(C(=C3)I)OCCN(CC)CC)I,CCCCC1=C(C2=CC=CC=C2O1)C(=O)C3=CC(=C(C(=C3)I)OCCN(CC)CC)I,"InChI=1S/C25H29I2NO3/c1-4-7-11-22-23(18-10-8-9-12-21(18)31-22)24(29)17-15-19(26)25(20(27)16-17)30-14-13-28(5-2)6-3/h8-10,12,15-16H,4-7,11,13-14H2,1-3H3",IYIKLHRQXLHMJQ-UHFFFAOYSA-N,exact DDInter name query,exact_unique,valid,"https://pubchem.ncbi.nlm.nih.gov/rest/pug/compound/name/Amiodarone/property/Title,ConnectivitySMILES,SMILES,InChI,InChIKey/JSON",2026-09-22
DDInter760,Fluphenazine,3372,Fluphenazine,C1CN(CCN1CCCN2C3=CC=CC=C3SC4=C2C=C(C=C4)C(F)(F)F)CCO,C1CN(CCN1CCCN2C3=CC=CC=C3SC4=C2C=C(C=C4)C(F)(F)F)CCO,"InChI=1S/C22H26F3N3OS/c23-22(24,25)17-6-7-21-19(16-17)28(18-4-1-2-5-20(18)30-21)9-3-8-26-10-12-27(13-11-26)14-15-29/h1-2,4-7,16,29H,3,8-15H2",PLDUPXSUYLZYBN-UHFFFAOYSA-N,exact DDInter name query,exact_unique,valid,"https://pubchem.ncbi.nlm.nih.gov/rest/pug/compound/name/Fluphenazine/property/Title,ConnectivitySMILES,SMILES,InChI,InChIKey/JSON",2026-09-22
DDInter761,Flurandrenolide (topical),,,,,,,exact DDInter name query,unmapped,unavailable,"https://pubchem.ncbi.nlm.nih.gov/rest/pug/compound/name/Flurandrenolide%20%28topical%29/property/Title,ConnectivitySMILES,SMILES,InChI,InChIKey/JSON",2026-09-22
DDInter762,Flurazepam,3393,Flurazepam,CCN(CC)CCN1C(=O)CN=C(C2=C1C=CC(=C2)Cl)C3=CC=CC=C3F,CCN(CC)CCN1C(=O)CN=C(C2=C1C=CC(=C2)Cl)C3=CC=CC=C3F,"InChI=1S/C21H23ClFN3O/c1-3-25(4-2)11-12-26-19-10-9-15(22)13-17(19)21(24-14-20(26)27)16-7-5-6-8-18(16)23/h5-10,13H,3-4,11-12,14H2,1-2H3",SAADBVWGJQAEFS-UHFFFAOYSA-N,exact DDInter name query,exact_unique,valid,"https://pubchem.ncbi.nlm.nih.gov/rest/pug/compound/name/Flurazepam/property/Title,ConnectivitySMILES,SMILES,InChI,InChIKey/JSON",2026-09-22
DDInter763,Flurbiprofen,3394,Flurbiprofen,CC(C1=CC(=C(C=C1)C2=CC=CC=C2)F)C(=O)O,CC(C1=CC(=C(C=C1)C2=CC=CC=C2)F)C(=O)O,"InChI=1S/C15H13FO2/c1-10(15(17)18)12-7-8-13(14(16)9-12)11-5-3-2-4-6-11/h2-10H,1H3,(H,17,18)",SYTBZMRGLBWNTM-UHFFFAOYSA-N,exact DDInter name query,exact_unique,valid,"https://pubchem.ncbi.nlm.nih.gov/rest/pug/compound/name/Flurbiprofen/property/Title,ConnectivitySMILES,SMILES,InChI,InChIKey/JSON",2026-09-22
DDInter764,Flurbiprofen (ophthalmic),,,,,,,exact DDInter name query,unmapped,unavailable,"https://pubchem.ncbi.nlm.nih.gov/rest/pug/compound/name/Flurbiprofen%20%28ophthalmic%29/property/Title,ConnectivitySMILES,SMILES,InChI,InChIKey/JSON",2026-09-22
DDInter765,Flutamide,3397,Flutamide,CC(C)C(=O)NC1=CC(=C(C=C1)[N+](=O)[O-])C(F)(F)F,CC(C)C(=O)NC1=CC(=C(C=C1)[N+](=O)[O-])C(F)(F)F,"InChI=1S/C11H11F3N2O3/c1-6(2)10(17)15-7-3-4-9(16(18)19)8(5-7)11(12,13)14/h3-6H,1-2H3,(H,15,17)",MKXKFYHWDHIYRV-UHFFFAOYSA-N,exact DDInter name query,exact_unique,valid,"https://pubchem.ncbi.nlm.nih.gov/rest/pug/compound/name/Flutamide/property/Title,ConnectivitySMILES,SMILES,InChI,InChIKey/JSON",2026-09-22
DDInter766,Fluticasone,5311101,Fluticasone,CC1CC2C3CC(C4=CC(=O)C=CC4(C3(C(CC2(C1(C(=O)SCF)O)C)O)F)C)F,C[C@@H]1C[C@H]2[C@@H]3C[C@@H](C4=CC(=O)C=C[C@@]4([C@]3([C@H](C[C@@]2([C@]1(C(=O)SCF)O)C)O)F)C)F,"InChI=1S/C22H27F3O4S/c1-11-6-13-14-8-16(24)15-7-12(26)4-5-19(15,2)21(14,25)17(27)9-20(13,3)22(11,29)18(28)30-10-23/h4-5,7,11,13-14,16-17,27,29H,6,8-10H2,1-3H3/t11-,13+,14+,16+,17+,19+,20+,21+,22+/m1/s1",MGNNYOODZCAHBA-GQKYHHCASA-N,exact DDInter name query,exact_unique,valid,"https://pubchem.ncbi.nlm.nih.gov/rest/pug/compound/name/Fluticasone/property/Title,ConnectivitySMILES,SMILES,InChI,InChIKey/JSON",2026-09-22
DDInter767,Fluticasone (nasal),,,,,,,exact DDInter name query,unmapped,unavailable,"https://pubchem.ncbi.nlm.nih.gov/rest/pug/compound/name/Fluticasone%20%28nasal%29/property/Title,ConnectivitySMILES,SMILES,InChI,InChIKey/JSON",2026-09-22
DDInter768,Fluticasone (topical),,,,,,,exact DDInter name query,unmapped,unavailable,"https://pubchem.ncbi.nlm.nih.gov/rest/pug/compound/name/Fluticasone%20%28topical%29/property/Title,ConnectivitySMILES,SMILES,InChI,InChIKey/JSON",2026-09-22
DDInter769,Fluvastatin,1548972,Fluvastatin,CC(C)N1C2=CC=CC=C2C(=C1C=CC(CC(CC(=O)O)O)O)C3=CC=C(C=C3)F,CC(C)N1C2=CC=CC=C2C(=C1/C=C/[C@@H](C[C@@H](CC(=O)O)O)O)C3=CC=C(C=C3)F,"InChI=1S/C24H26FNO4/c1-15(2)26-21-6-4-3-5-20(21)24(16-7-9-17(25)10-8-16)22(26)12-11-18(27)13-19(28)14-23(29)30/h3-12,15,18-19,27-28H,13-14H2,1-2H3,(H,29,30)/b12-11+/t18-,19-/m0/s1",FJLGEFLZQAZZCD-JUFISIKESA-N,exact DDInter name query,exact_unique,valid,"https://pubchem.ncbi.nlm.nih.gov/rest/pug/compound/name/Fluvastatin/property/Title,ConnectivitySMILES,SMILES,InChI,InChIKey/JSON",2026-09-22
DDInter77,Amisulpride,2159,Amisulpride,CCN1CCCC1CNC(=O)C2=CC(=C(C=C2OC)N)S(=O)(=O)CC,CCN1CCCC1CNC(=O)C2=CC(=C(C=C2OC)N)S(=O)(=O)CC,"InChI=1S/C17H27N3O4S/c1-4-20-8-6-7-12(20)11-19-17(21)13-9-16(25(22,23)5-2)14(18)10-15(13)24-3/h9-10,12H,4-8,11,18H2,1-3H3,(H,19,21)",NTJOBXMMWNYJFB-UHFFFAOYSA-N,exact DDInter name query,exact_unique,valid,"https://pubchem.ncbi.nlm.nih.gov/rest/pug/compound/name/Amisulpride/property/Title,ConnectivitySMILES,SMILES,InChI,InChIKey/JSON",2026-09-22
DDInter770,Fluvoxamine,5324346,Fluvoxamine,COCCCCC(=NOCCN)C1=CC=C(C=C1)C(F)(F)F,COCCCC/C(=N\OCCN)/C1=CC=C(C=C1)C(F)(F)F,"InChI=1S/C15H21F3N2O2/c1-21-10-3-2-4-14(20-22-11-9-19)12-5-7-13(8-6-12)15(16,17)18/h5-8H,2-4,9-11,19H2,1H3/b20-14+",CJOFXWAVKWHTFT-XSFVSMFZSA-N,exact DDInter name query,exact_unique,valid,"https://pubchem.ncbi.nlm.nih.gov/rest/pug/compound/name/Fluvoxamine/property/Title,ConnectivitySMILES,SMILES,InChI,InChIKey/JSON",2026-09-22
DDInter771,Folic acid,135398658,Folic Acid,C1=CC(=CC=C1C(=O)NC(CCC(=O)O)C(=O)O)NCC2=CN=C3C(=N2)C(=O)NC(=N3)N,C1=CC(=CC=C1C(=O)N[C@@H](CCC(=O)O)C(=O)O)NCC2=CN=C3C(=N2)C(=O)NC(=N3)N,"InChI=1S/C19H19N7O6/c20-19-25-15-14(17(30)26-19)23-11(8-22-15)7-21-10-3-1-9(2-4-10)16(29)24-12(18(31)32)5-6-13(27)28/h1-4,8,12,21H,5-7H2,(H,24,29)(H,27,28)(H,31,32)(H3,20,22,25,26,30)/t12-/m0/s1",OVBPIULPVIDEAO-LBPRGKRZSA-N,exact DDInter name query,exact_unique,valid,"https://pubchem.ncbi.nlm.nih.gov/rest/pug/compound/name/Folic%20acid/property/Title,ConnectivitySMILES,SMILES,InChI,InChIKey/JSON",2026-09-22
DDInter772,Follitropin,,,,,,,exact DDInter name query,unmapped,unavailable,"https://pubchem.ncbi.nlm.nih.gov/rest/pug/compound/name/Follitropin/property/Title,ConnectivitySMILES,SMILES,InChI,InChIKey/JSON",2026-09-22
DDInter773,Fomepizole,3406,4-Methylpyrazole,CC1=CNN=C1,CC1=CNN=C1,"InChI=1S/C4H6N2/c1-4-2-5-6-3-4/h2-3H,1H3,(H,5,6)",RIKMMFOAQPJVMX-UHFFFAOYSA-N,exact DDInter name query,ambiguous,excluded_title_mismatch,"https://pubchem.ncbi.nlm.nih.gov/rest/pug/compound/name/Fomepizole/property/Title,ConnectivitySMILES,SMILES,InChI,InChIKey/JSON",2026-09-22
DDInter775,Fondaparinux,5282448,Heparin Pentasaccharide,COC1C(C(C(C(O1)COS(=O)(=O)O)OC2C(C(C(C(O2)C(=O)O)OC3C(C(C(C(O3)COS(=O)(=O)O)OC4C(C(C(C(O4)C(=O)O)OC5C(C(C(C(O5)COS(=O)(=O)O)O)O)NS(=O)(=O)O)O)O)OS(=O)(=O)O)NS(=O)(=O)O)O)OS(=O)(=O)O)O)NS(=O)(=O)O,CO[C@@H]1[C@@H]([C@H]([C@@H]([C@H](O1)COS(=O)(=O)O)O[C@H]2[C@@H]([C@H]([C@@H]([C@@H](O2)C(=O)O)O[C@@H]3[C@@H]([C@H]([C@@H]([C@H](O3)COS(=O)(=O)O)O[C@H]4[C@@H]([C@H]([C@@H]([C@H](O4)C(=O)O)O[C@@H]5[C@@H]([C@H]([C@@H]([C@H](O5)COS(=O)(=O)O)O)O)NS(=O)(=O)O)O)O)OS(=O)(=O)O)NS(=O)(=O)O)O)OS(=O)(=O)O)O)NS(=O)(=O)O,"InChI=1S/C31H53N3O49S8/c1-69-27-9(33-85(48,49)50)13(37)17(6(74-27)3-71-88(57,58)59)76-31-22(83-91(66,67)68)16(40)21(24(81-31)26(43)44)79-29-10(34-86(51,52)53)19(82-90(63,64)65)18(7(75-29)4-72-89(60,61)62)77-30-15(39)14(38)20(23(80-30)25(41)42)78-28-8(32-84(45,46)47)12(36)11(35)5(73-28)2-70-87(54,55)56/h5-24,27-40H,2-4H2,1H3,(H,41,42)(H,43,44)(H,45,46,47)(H,48,49,50)(H,51,52,53)(H,54,55,56)(H,57,58,59)(H,60,61,62)(H,63,64,65)(H,66,67,68)/t5-,6-,7-,8-,9-,10-,11-,12-,13-,14-,15-,16+,17-,18-,19-,20+,21+,22-,23+,24-,27+,28-,29-,30-,31-/m1/s1",KANJSNBRCNMZMV-ABRZTLGGSA-N,exact DDInter name query,ambiguous,excluded_title_mismatch,"https://pubchem.ncbi.nlm.nih.gov/rest/pug/compound/name/Fondaparinux/property/Title,ConnectivitySMILES,SMILES,InChI,InChIKey/JSON",2026-09-22
DDInter776,Formoterol,3410,Formoterol,CC(CC1=CC=C(C=C1)OC)NCC(C2=CC(=C(C=C2)O)NC=O)O,CC(CC1=CC=C(C=C1)OC)NCC(C2=CC(=C(C=C2)O)NC=O)O,"InChI=1S/C19H24N2O4/c1-13(9-14-3-6-16(25-2)7-4-14)20-11-19(24)15-5-8-18(23)17(10-15)21-12-22/h3-8,10,12-13,19-20,23-24H,9,11H2,1-2H3,(H,21,22)",BPZSYCZIITTYBL-UHFFFAOYSA-N,exact DDInter name query,exact_unique,valid,"https://pubchem.ncbi.nlm.nih.gov/rest/pug/compound/name/Formoterol/property/Title,ConnectivitySMILES,SMILES,InChI,InChIKey/JSON",2026-09-22
DDInter777,Fosamprenavir,131536,Fosamprenavir,CC(C)CN(CC(C(CC1=CC=CC=C1)NC(=O)OC2CCOC2)OP(=O)(O)O)S(=O)(=O)C3=CC=C(C=C3)N,CC(C)CN(C[C@H]([C@H](CC1=CC=CC=C1)NC(=O)O[C@H]2CCOC2)OP(=O)(O)O)S(=O)(=O)C3=CC=C(C=C3)N,"InChI=1S/C25H36N3O9PS/c1-18(2)15-28(39(33,34)22-10-8-20(26)9-11-22)16-24(37-38(30,31)32)23(14-19-6-4-3-5-7-19)27-25(29)36-21-12-13-35-17-21/h3-11,18,21,23-24H,12-17,26H2,1-2H3,(H,27,29)(H2,30,31,32)/t21-,23-,24+/m0/s1",MLBVMOWEQCZNCC-OEMFJLHTSA-N,exact DDInter name query,exact_unique,valid,"https://pubchem.ncbi.nlm.nih.gov/rest/pug/compound/name/Fosamprenavir/property/Title,ConnectivitySMILES,SMILES,InChI,InChIKey/JSON",2026-09-22
DDInter778,Fosaprepitant,135413538,Fosaprepitant,CC(C1=CC(=CC(=C1)C(F)(F)F)C(F)(F)F)OC2C(N(CCO2)CC3=NN(C(=O)N3)P(=O)(O)O)C4=CC=C(C=C4)F,C[C@H](C1=CC(=CC(=C1)C(F)(F)F)C(F)(F)F)O[C@@H]2[C@@H](N(CCO2)CC3=NN(C(=O)N3)P(=O)(O)O)C4=CC=C(C=C4)F,"InChI=1S/C23H22F7N4O6P/c1-12(14-8-15(22(25,26)27)10-16(9-14)23(28,29)30)40-20-19(13-2-4-17(24)5-3-13)33(6-7-39-20)11-18-31-21(35)34(32-18)41(36,37)38/h2-5,8-10,12,19-20H,6-7,11H2,1H3,(H,31,32,35)(H2,36,37,38)/t12-,19+,20-/m1/s1",BARDROPHSZEBKC-OITMNORJSA-N,exact DDInter name query,exact_unique,valid,"https://pubchem.ncbi.nlm.nih.gov/rest/pug/compound/name/Fosaprepitant/property/Title,ConnectivitySMILES,SMILES,InChI,InChIKey/JSON",2026-09-22
DDInter779,Foscarnet,3415,Foscarnet,C(=O)(O)P(=O)(O)O,C(=O)(O)P(=O)(O)O,"InChI=1S/CH3O5P/c2-1(3)7(4,5)6/h(H,2,3)(H2,4,5,6)",ZJAOAACCNHFJAH-UHFFFAOYSA-N,exact DDInter name query,exact_unique,valid,"https://pubchem.ncbi.nlm.nih.gov/rest/pug/compound/name/Foscarnet/property/Title,ConnectivitySMILES,SMILES,InChI,InChIKey/JSON",2026-09-22
DDInter78,Amitriptyline,2160,Amitriptyline,CN(C)CCC=C1C2=CC=CC=C2CCC3=CC=CC=C31,CN(C)CCC=C1C2=CC=CC=C2CCC3=CC=CC=C31,"InChI=1S/C20H23N/c1-21(2)15-7-12-20-18-10-5-3-8-16(18)13-14-17-9-4-6-11-19(17)20/h3-6,8-12H,7,13-15H2,1-2H3",KRMDCWKBEZIMAB-UHFFFAOYSA-N,exact DDInter name query,exact_unique,valid,"https://pubchem.ncbi.nlm.nih.gov/rest/pug/compound/name/Amitriptyline/property/Title,ConnectivitySMILES,SMILES,InChI,InChIKey/JSON",2026-09-22
DDInter780,Fosfomycin,446987,Fosfomycin,CC1C(O1)P(=O)(O)O,C[C@H]1[C@H](O1)P(=O)(O)O,"InChI=1S/C3H7O4P/c1-2-3(7-2)8(4,5)6/h2-3H,1H3,(H2,4,5,6)/t2-,3+/m0/s1",YMDXZJFXQJVXBF-STHAYSLISA-N,exact DDInter name query,exact_unique,valid,"https://pubchem.ncbi.nlm.nih.gov/rest/pug/compound/name/Fosfomycin/property/Title,ConnectivitySMILES,SMILES,InChI,InChIKey/JSON",2026-09-22
DDInter781,Fosinopril,9601226,Fosinopril,CCC(=O)OC(C(C)C)OP(=O)(CCCCC1=CC=CC=C1)CC(=O)N2CC(CC2C(=O)O)C3CCCCC3,CCC(=O)O[C@H](C(C)C)O[P@](=O)(CCCCC1=CC=CC=C1)CC(=O)N2C[C@@H](C[C@H]2C(=O)O)C3CCCCC3,"InChI=1S/C30H46NO7P/c1-4-28(33)37-30(22(2)3)38-39(36,18-12-11-15-23-13-7-5-8-14-23)21-27(32)31-20-25(19-26(31)29(34)35)24-16-9-6-10-17-24/h5,7-8,13-14,22,24-26,30H,4,6,9-12,15-21H2,1-3H3,(H,34,35)/t25-,26+,30+,39-/m1/s1",BIDNLKIUORFRQP-XYGFDPSESA-N,exact DDInter name query,exact_unique,valid,"https://pubchem.ncbi.nlm.nih.gov/rest/pug/compound/name/Fosinopril/property/Title,ConnectivitySMILES,SMILES,InChI,InChIKey/JSON",2026-09-22
DDInter782,Fosnetupitant,71544786,Fosnetupitant,CC1=CC=CC=C1C2=CC(=NC=C2N(C)C(=O)C(C)(C)C3=CC(=CC(=C3)C(F)(F)F)C(F)(F)F)N4CC[N+](CC4)(C)COP(=O)(O)[O-],CC1=CC=CC=C1C2=CC(=NC=C2N(C)C(=O)C(C)(C)C3=CC(=CC(=C3)C(F)(F)F)C(F)(F)F)N4CC[N+](CC4)(C)COP(=O)(O)[O-],"InChI=1S/C31H35F6N4O5P/c1-20-8-6-7-9-24(20)25-17-27(40-10-12-41(5,13-11-40)19-46-47(43,44)45)38-18-26(25)39(4)28(42)29(2,3)21-14-22(30(32,33)34)16-23(15-21)31(35,36)37/h6-9,14-18H,10-13,19H2,1-5H3,(H-,43,44,45)",HZIYEEMJNBKMJH-UHFFFAOYSA-N,exact DDInter name query,exact_unique,valid,"https://pubchem.ncbi.nlm.nih.gov/rest/pug/compound/name/Fosnetupitant/property/Title,ConnectivitySMILES,SMILES,InChI,InChIKey/JSON",2026-09-22
DDInter783,Fosphenytoin,56339,Fosphenytoin,C1=CC=C(C=C1)C2(C(=O)N(C(=O)N2)COP(=O)(O)O)C3=CC=CC=C3,C1=CC=C(C=C1)C2(C(=O)N(C(=O)N2)COP(=O)(O)O)C3=CC=CC=C3,"InChI=1S/C16H15N2O6P/c19-14-16(12-7-3-1-4-8-12,13-9-5-2-6-10-13)17-15(20)18(14)11-24-25(21,22)23/h1-10H,11H2,(H,17,20)(H2,21,22,23)",XWLUWCNOOVRFPX-UHFFFAOYSA-N,exact DDInter name query,exact_unique,valid,"https://pubchem.ncbi.nlm.nih.gov/rest/pug/compound/name/Fosphenytoin/property/Title,ConnectivitySMILES,SMILES,InChI,InChIKey/JSON",2026-09-22
DDInter784,Fospropofol,3038498,Fospropofol,CC(C)C1=C(C(=CC=C1)C(C)C)OCOP(=O)(O)O,CC(C)C1=C(C(=CC=C1)C(C)C)OCOP(=O)(O)O,"InChI=1S/C13H21O5P/c1-9(2)11-6-5-7-12(10(3)4)13(11)17-8-18-19(14,15)16/h5-7,9-10H,8H2,1-4H3,(H2,14,15,16)",QVNNONOFASOXQV-UHFFFAOYSA-N,exact DDInter name query,exact_unique,valid,"https://pubchem.ncbi.nlm.nih.gov/rest/pug/compound/name/Fospropofol/property/Title,ConnectivitySMILES,SMILES,InChI,InChIKey/JSON",2026-09-22
DDInter785,Fostamatinib,11671467,Fostamatinib,CC1(C(=O)N(C2=C(O1)C=CC(=N2)NC3=NC(=NC=C3F)NC4=CC(=C(C(=C4)OC)OC)OC)COP(=O)(O)O)C,CC1(C(=O)N(C2=C(O1)C=CC(=N2)NC3=NC(=NC=C3F)NC4=CC(=C(C(=C4)OC)OC)OC)COP(=O)(O)O)C,"InChI=1S/C23H26FN6O9P/c1-23(2)21(31)30(11-38-40(32,33)34)20-14(39-23)6-7-17(28-20)27-19-13(24)10-25-22(29-19)26-12-8-15(35-3)18(37-5)16(9-12)36-4/h6-10H,11H2,1-5H3,(H2,32,33,34)(H2,25,26,27,28,29)",GKDRMWXFWHEQQT-UHFFFAOYSA-N,exact DDInter name query,exact_unique,valid,"https://pubchem.ncbi.nlm.nih.gov/rest/pug/compound/name/Fostamatinib/property/Title,ConnectivitySMILES,SMILES,InChI,InChIKey/JSON",2026-09-22
DDInter786,Fostemsavir,11319217,Fostemsavir,CC1=NN(C=N1)C2=NC=C(C3=C2N(C=C3C(=O)C(=O)N4CCN(CC4)C(=O)C5=CC=CC=C5)COP(=O)(O)O)OC,CC1=NN(C=N1)C2=NC=C(C3=C2N(C=C3C(=O)C(=O)N4CCN(CC4)C(=O)C5=CC=CC=C5)COP(=O)(O)O)OC,"InChI=1S/C25H26N7O8P/c1-16-27-14-32(28-16)23-21-20(19(39-2)12-26-23)18(13-31(21)15-40-41(36,37)38)22(33)25(35)30-10-8-29(9-11-30)24(34)17-6-4-3-5-7-17/h3-7,12-14H,8-11,15H2,1-2H3,(H2,36,37,38)",SWMDAPWAQQTBOG-UHFFFAOYSA-N,exact DDInter name query,exact_unique,valid,"https://pubchem.ncbi.nlm.nih.gov/rest/pug/compound/name/Fostemsavir/property/Title,ConnectivitySMILES,SMILES,InChI,InChIKey/JSON",2026-09-22
DDInter787,Frangula purshiana bark,,,,,,,exact DDInter name query,unmapped,unavailable,"https://pubchem.ncbi.nlm.nih.gov/rest/pug/compound/name/Frangula%20purshiana%20bark/property/Title,ConnectivitySMILES,SMILES,InChI,InChIKey/JSON",2026-09-22
DDInter788,Frovatriptan,77992,Frovatriptan,CNC1CCC2=C(C1)C3=C(N2)C=CC(=C3)C(=O)N,CN[C@@H]1CCC2=C(C1)C3=C(N2)C=CC(=C3)C(=O)N,"InChI=1S/C14H17N3O/c1-16-9-3-5-13-11(7-9)10-6-8(14(15)18)2-4-12(10)17-13/h2,4,6,9,16-17H,3,5,7H2,1H3,(H2,15,18)/t9-/m1/s1",XPSQPHWEGNHMSK-SECBINFHSA-N,exact DDInter name query,exact_unique,valid,"https://pubchem.ncbi.nlm.nih.gov/rest/pug/compound/name/Frovatriptan/property/Title,ConnectivitySMILES,SMILES,InChI,InChIKey/JSON",2026-09-22
DDInter789,Fulvestrant,104741,Fulvestrant,CC12CCC3C(C1CCC2O)C(CC4=C3C=CC(=C4)O)CCCCCCCCCS(=O)CCCC(C(F)(F)F)(F)F,C[C@]12CC[C@H]3[C@H]([C@@H]1CC[C@@H]2O)[C@@H](CC4=C3C=CC(=C4)O)CCCCCCCCCS(=O)CCCC(C(F)(F)F)(F)F,"InChI=1S/C32H47F5O3S/c1-30-17-15-26-25-12-11-24(38)21-23(25)20-22(29(26)27(30)13-14-28(30)39)10-7-5-3-2-4-6-8-18-41(40)19-9-16-31(33,34)32(35,36)37/h11-12,21-22,26-29,38-39H,2-10,13-20H2,1H3/t22-,26-,27+,28+,29-,30+,41?/m1/s1",VWUXBMIQPBEWFH-WCCTWKNTSA-N,exact DDInter name query,exact_unique,valid,"https://pubchem.ncbi.nlm.nih.gov/rest/pug/compound/name/Fulvestrant/property/Title,ConnectivitySMILES,SMILES,InChI,InChIKey/JSON",2026-09-22
DDInter79,Amlodipine,2162,Amlodipine,CCOC(=O)C1=C(NC(=C(C1C2=CC=CC=C2Cl)C(=O)OC)C)COCCN,CCOC(=O)C1=C(NC(=C(C1C2=CC=CC=C2Cl)C(=O)OC)C)COCCN,"InChI=1S/C20H25ClN2O5/c1-4-28-20(25)18-15(11-27-10-9-22)23-12(2)16(19(24)26-3)17(18)13-7-5-6-8-14(13)21/h5-8,17,23H,4,9-11,22H2,1-3H3",HTIQEAQVCYTUBX-UHFFFAOYSA-N,exact DDInter name query,exact_unique,valid,"https://pubchem.ncbi.nlm.nih.gov/rest/pug/compound/name/Amlodipine/property/Title,ConnectivitySMILES,SMILES,InChI,InChIKey/JSON",2026-09-22
DDInter790,Furosemide,3440,Furosemide,C1=COC(=C1)CNC2=CC(=C(C=C2C(=O)O)S(=O)(=O)N)Cl,C1=COC(=C1)CNC2=CC(=C(C=C2C(=O)O)S(=O)(=O)N)Cl,"InChI=1S/C12H11ClN2O5S/c13-9-5-10(15-6-7-2-1-3-20-7)8(12(16)17)4-11(9)21(14,18)19/h1-5,15H,6H2,(H,16,17)(H2,14,18,19)",ZZUFCTLCJUWOSV-UHFFFAOYSA-N,exact DDInter name query,exact_unique,valid,"https://pubchem.ncbi.nlm.nih.gov/rest/pug/compound/name/Furosemide/property/Title,ConnectivitySMILES,SMILES,InChI,InChIKey/JSON",2026-09-22
DDInter791,Gabapentin,3446,Gabapentin,C1CCC(CC1)(CC(=O)O)CN,C1CCC(CC1)(CC(=O)O)CN,"InChI=1S/C9H17NO2/c10-7-9(6-8(11)12)4-2-1-3-5-9/h1-7,10H2,(H,11,12)",UGJMXCAKCUNAIE-UHFFFAOYSA-N,exact DDInter name query,exact_unique,valid,"https://pubchem.ncbi.nlm.nih.gov/rest/pug/compound/name/Gabapentin/property/Title,ConnectivitySMILES,SMILES,InChI,InChIKey/JSON",2026-09-22
DDInter792,Gadobenic acid,18177388,Gadobenic Acid,[H+].[H+].C1=CC=C(C=C1)COCC(C(=O)[O-])N(CCN(CCN(CC(=O)[O-])CC(=O)[O-])CC(=O)[O-])CC(=O)[O-].[Gd+3],[H+].[H+].C1=CC=C(C=C1)COCC(C(=O)[O-])N(CCN(CCN(CC(=O)[O-])CC(=O)[O-])CC(=O)[O-])CC(=O)[O-].[Gd+3],"InChI=1S/C22H31N3O11.Gd/c26-18(27)10-23(6-7-24(11-19(28)29)12-20(30)31)8-9-25(13-21(32)33)17(22(34)35)15-36-14-16-4-2-1-3-5-16;/h1-5,17H,6-15H2,(H,26,27)(H,28,29)(H,30,31)(H,32,33)(H,34,35);/q;+3/p-3",MXZROTBGJUUXID-UHFFFAOYSA-K,exact DDInter name query,exact_unique,valid,"https://pubchem.ncbi.nlm.nih.gov/rest/pug/compound/name/Gadobenic%20acid/property/Title,ConnectivitySMILES,SMILES,InChI,InChIKey/JSON",2026-09-22
DDInter793,Gadobutrol,6102852,Gadobutrol,C1CN(CCN(CCN(CCN1CC(=O)[O-])CC(=O)[O-])C(CO)C(CO)O)CC(=O)[O-].[Gd+3],C1CN(CCN(CCN(CCN1CC(=O)[O-])CC(=O)[O-])[C@H](CO)[C@@H](CO)O)CC(=O)[O-].[Gd+3],"InChI=1S/C18H34N4O9.Gd/c23-12-14(15(25)13-24)22-7-5-20(10-17(28)29)3-1-19(9-16(26)27)2-4-21(6-8-22)11-18(30)31;/h14-15,23-25H,1-13H2,(H,26,27)(H,28,29)(H,30,31);/q;+3/p-3/t14-,15-;/m1./s1",ZPDFIIGFYAHNSK-CTHHTMFSSA-K,exact DDInter name query,exact_unique,valid,"https://pubchem.ncbi.nlm.nih.gov/rest/pug/compound/name/Gadobutrol/property/Title,ConnectivitySMILES,SMILES,InChI,InChIKey/JSON",2026-09-22
DDInter794,Gadodiamide,153921,Gadodiamide,CNC(=O)CN(CCN(CCN(CC(=O)NC)CC(=O)[O-])CC(=O)[O-])CC(=O)[O-].[Gd+3],CNC(=O)CN(CCN(CCN(CC(=O)NC)CC(=O)[O-])CC(=O)[O-])CC(=O)[O-].[Gd+3],"InChI=1S/C16H29N5O8.Gd/c1-17-12(22)7-20(10-15(26)27)5-3-19(9-14(24)25)4-6-21(11-16(28)29)8-13(23)18-2;/h3-11H2,1-2H3,(H,17,22)(H,18,23)(H,24,25)(H,26,27)(H,28,29);/q;+3/p-3",HZHFFEYYPYZMNU-UHFFFAOYSA-K,exact DDInter name query,exact_unique,valid,"https://pubchem.ncbi.nlm.nih.gov/rest/pug/compound/name/Gadodiamide/property/Title,ConnectivitySMILES,SMILES,InChI,InChIKey/JSON",2026-09-22
DDInter795,Gadofosveset trisodium,73049652,Gadofosveset Trisodium,C1CC(CCC1OP(=O)([O-])OCC(CN(CCN(CC(=O)[O-])CC(=O)[O-])CC(=O)[O-])N(CC(=O)[O-])CC(=O)[O-])(C2=CC=CC=C2)C3=CC=CC=C3.[Na+].[Na+].[Na+].[Gd+3],C1CC(CCC1OP(=O)([O-])OCC(CN(CCN(CC(=O)[O-])CC(=O)[O-])CC(=O)[O-])N(CC(=O)[O-])CC(=O)[O-])(C2=CC=CC=C2)C3=CC=CC=C3.[Na+].[Na+].[Na+].[Gd+3],"InChI=1S/C33H44N3O14P.Gd.3Na/c37-28(38)18-34(15-16-35(19-29(39)40)20-30(41)42)17-26(36(21-31(43)44)22-32(45)46)23-49-51(47,48)50-27-11-13-33(14-12-27,24-7-3-1-4-8-24)25-9-5-2-6-10-25;;;;/h1-10,26-27H,11-23H2,(H,37,38)(H,39,40)(H,41,42)(H,43,44)(H,45,46)(H,47,48);;;;/q;+3;3*+1/p-6",XGOSYNSWSRUASG-UHFFFAOYSA-H,exact DDInter name query,exact_unique,valid,"https://pubchem.ncbi.nlm.nih.gov/rest/pug/compound/name/Gadofosveset%20trisodium/property/Title,ConnectivitySMILES,SMILES,InChI,InChIKey/JSON",2026-09-22
DDInter796,Gadopentetic acid,6857474,Gadopentetic Acid,C(CN(CC(=O)O)CC(=O)[O-])N(CCN(CC(=O)O)CC(=O)[O-])CC(=O)[O-].[Gd+3],C(CN(CC(=O)O)CC(=O)[O-])N(CCN(CC(=O)O)CC(=O)[O-])CC(=O)[O-].[Gd+3],"InChI=1S/C14H23N3O10.Gd/c18-10(19)5-15(1-3-16(6-11(20)21)7-12(22)23)2-4-17(8-13(24)25)9-14(26)27;/h1-9H2,(H,18,19)(H,20,21)(H,22,23)(H,24,25)(H,26,27);/q;+3/p-3",IZOOGPBRAOKZFK-UHFFFAOYSA-K,exact DDInter name query,exact_unique,valid,"https://pubchem.ncbi.nlm.nih.gov/rest/pug/compound/name/Gadopentetic%20acid/property/Title,ConnectivitySMILES,SMILES,InChI,InChIKey/JSON",2026-09-22
DDInter797,Gadoteric acid,158536,Gadoteric Acid,C1CN(CCN(CCN(CCN1CC(=O)O)CC(=O)[O-])CC(=O)[O-])CC(=O)[O-].[Gd+3],C1CN(CCN(CCN(CCN1CC(=O)O)CC(=O)[O-])CC(=O)[O-])CC(=O)[O-].[Gd+3],"InChI=1S/C16H28N4O8.Gd/c21-13(22)9-17-1-2-18(10-14(23)24)5-6-20(12-16(27)28)8-7-19(4-3-17)11-15(25)26;/h1-12H2,(H,21,22)(H,23,24)(H,25,26)(H,27,28);/q;+3/p-3",GFSTXYOTEVLASN-UHFFFAOYSA-K,exact DDInter name query,exact_unique,valid,"https://pubchem.ncbi.nlm.nih.gov/rest/pug/compound/name/Gadoteric%20acid/property/Title,ConnectivitySMILES,SMILES,InChI,InChIKey/JSON",2026-09-22
DDInter798,Gadoteridol,60714,Gadoteridol,CC(CN1CCN(CCN(CCN(CC1)CC(=O)[O-])CC(=O)[O-])CC(=O)[O-])O.[Gd+3],CC(CN1CCN(CCN(CCN(CC1)CC(=O)[O-])CC(=O)[O-])CC(=O)[O-])O.[Gd+3],"InChI=1S/C17H32N4O7.Gd/c1-14(22)10-18-2-4-19(11-15(23)24)6-8-21(13-17(27)28)9-7-20(5-3-18)12-16(25)26;/h14,22H,2-13H2,1H3,(H,23,24)(H,25,26)(H,27,28);/q;+3/p-3",DPNNNPAKRZOSMO-UHFFFAOYSA-K,exact DDInter name query,exact_unique,valid,"https://pubchem.ncbi.nlm.nih.gov/rest/pug/compound/name/Gadoteridol/property/Title,ConnectivitySMILES,SMILES,InChI,InChIKey/JSON",2026-09-22
DDInter799,Gadoversetamide,444013,Gadoversetamide,COCCNC(=O)CN(CCN(CCN(CC(=O)NCCOC)CC(=O)[O-])CC(=O)[O-])CC(=O)[O-].[Gd+3],COCCNC(=O)CN(CCN(CCN(CC(=O)NCCOC)CC(=O)[O-])CC(=O)[O-])CC(=O)[O-].[Gd+3],"InChI=1S/C20H37N5O10.Gd/c1-34-9-3-21-16(26)11-24(14-19(30)31)7-5-23(13-18(28)29)6-8-25(15-20(32)33)12-17(27)22-4-10-35-2;/h3-15H2,1-2H3,(H,21,26)(H,22,27)(H,28,29)(H,30,31)(H,32,33);/q;+3/p-3",HBEAOBRDTOXWRZ-UHFFFAOYSA-K,exact DDInter name query,exact_unique,valid,"https://pubchem.ncbi.nlm.nih.gov/rest/pug/compound/name/Gadoversetamide/property/Title,ConnectivitySMILES,SMILES,InChI,InChIKey/JSON",2026-09-22
DDInter8,Abiraterone,132971,Abiraterone,CC12CCC(CC1=CCC3C2CCC4(C3CC=C4C5=CN=CC=C5)C)O,C[C@]12CC[C@@H](CC1=CC[C@@H]3[C@@H]2CC[C@]4([C@H]3CC=C4C5=CN=CC=C5)C)O,"InChI=1S/C24H31NO/c1-23-11-9-18(26)14-17(23)5-6-19-21-8-7-20(16-4-3-13-25-15-16)24(21,2)12-10-22(19)23/h3-5,7,13,15,18-19,21-22,26H,6,8-12,14H2,1-2H3/t18-,19-,21-,22-,23-,24+/m0/s1",GZOSMCIZMLWJML-VJLLXTKPSA-N,exact DDInter name query,exact_unique,valid,"https://pubchem.ncbi.nlm.nih.gov/rest/pug/compound/name/Abiraterone/property/Title,ConnectivitySMILES,SMILES,InChI,InChIKey/JSON",2026-09-22
DDInter80,Ammonium chloride,25517,Ammonium Chloride,[NH4+].[Cl-],[NH4+].[Cl-],InChI=1S/ClH.H3N/h1H;1H3,NLXLAEXVIDQMFP-UHFFFAOYSA-N,exact DDInter name query,exact_unique,valid,"https://pubchem.ncbi.nlm.nih.gov/rest/pug/compound/name/Ammonium%20chloride/property/Title,ConnectivitySMILES,SMILES,InChI,InChIKey/JSON",2026-09-22
DDInter800,Gadoxetic acid,25203894,Gadoxetic Acid,[H+].[H+].CCOC1=CC=C(C=C1)CC(CN(CCN(CC(=O)[O-])CC(=O)[O-])CC(=O)[O-])N(CC(=O)[O-])CC(=O)[O-].[Gd+3],[H+].[H+].CCOC1=CC=C(C=C1)C[C@@H](CN(CCN(CC(=O)[O-])CC(=O)[O-])CC(=O)[O-])N(CC(=O)[O-])CC(=O)[O-].[Gd+3],"InChI=1S/C23H33N3O11.Gd/c1-2-37-18-5-3-16(4-6-18)9-17(26(14-22(33)34)15-23(35)36)10-24(11-19(27)28)7-8-25(12-20(29)30)13-21(31)32;/h3-6,17H,2,7-15H2,1H3,(H,27,28)(H,29,30)(H,31,32)(H,33,34)(H,35,36);/q;+3/p-3/t17-;/m0./s1",PCZHWPSNPWAQNF-LMOVPXPDSA-K,exact DDInter name query,exact_unique,valid,"https://pubchem.ncbi.nlm.nih.gov/rest/pug/compound/name/Gadoxetic%20acid/property/Title,ConnectivitySMILES,SMILES,InChI,InChIKey/JSON",2026-09-22
DDInter801,Galactose,6036,D-Galactose,C(C1C(C(C(C(O1)O)O)O)O)O,C([C@@H]1[C@@H]([C@@H]([C@H](C(O1)O)O)O)O)O,"InChI=1S/C6H12O6/c7-1-2-3(8)4(9)5(10)6(11)12-2/h2-11H,1H2/t2-,3+,4+,5-,6?/m1/s1",WQZGKKKJIJFFOK-SVZMEOIVSA-N,exact DDInter name query,ambiguous,excluded_title_mismatch,"https://pubchem.ncbi.nlm.nih.gov/rest/pug/compound/name/Galactose/property/Title,ConnectivitySMILES,SMILES,InChI,InChIKey/JSON",2026-09-22
DDInter802,Galantamine,9651,(-)-Galantamine,CN1CCC23C=CC(CC2OC4=C(C=CC(=C34)C1)OC)O,CN1CC[C@@]23C=C[C@@H](C[C@@H]2OC4=C(C=CC(=C34)C1)OC)O,"InChI=1S/C17H21NO3/c1-18-8-7-17-6-5-12(19)9-14(17)21-16-13(20-2)4-3-11(10-18)15(16)17/h3-6,12,14,19H,7-10H2,1-2H3/t12-,14-,17-/m0/s1",ASUTZQLVASHGKV-JDFRZJQESA-N,exact DDInter name query,ambiguous,excluded_title_mismatch,"https://pubchem.ncbi.nlm.nih.gov/rest/pug/compound/name/Galantamine/property/Title,ConnectivitySMILES,SMILES,InChI,InChIKey/JSON",2026-09-22
DDInter803,Gallium chloride Ga-67,73415785,Gallium chloride Ga-67,[Cl-].[Cl-].[Cl-].[Ga+3],[Cl-].[Cl-].[Cl-].[67Ga+3],InChI=1S/3ClH.Ga/h3*1H;/q;;;+3/p-3/i;;;1-3,UPWPDUACHOATKO-MPZFSRPWSA-K,exact DDInter name query,exact_unique,valid,"https://pubchem.ncbi.nlm.nih.gov/rest/pug/compound/name/Gallium%20chloride%20Ga-67/property/Title,ConnectivitySMILES,SMILES,InChI,InChIKey/JSON",2026-09-22
DDInter804,Gallium nitrate,61635,Gallium nitrate,[N+](=O)([O-])[O-].[N+](=O)([O-])[O-].[N+](=O)([O-])[O-].[Ga+3],[N+](=O)([O-])[O-].[N+](=O)([O-])[O-].[N+](=O)([O-])[O-].[Ga+3],InChI=1S/Ga.3NO3/c;3*2-1(3)4/q+3;3*-1,CHPZKNULDCNCBW-UHFFFAOYSA-N,exact DDInter name query,exact_unique,valid,"https://pubchem.ncbi.nlm.nih.gov/rest/pug/compound/name/Gallium%20nitrate/property/Title,ConnectivitySMILES,SMILES,InChI,InChIKey/JSON",2026-09-22
DDInter805,gamma-Aminobutyric acid,119,Gamma-Aminobutyric Acid,C(CC(=O)O)CN,C(CC(=O)O)CN,"InChI=1S/C4H9NO2/c5-3-1-2-4(6)7/h1-3,5H2,(H,6,7)",BTCSSZJGUNDROE-UHFFFAOYSA-N,exact DDInter name query,exact_unique,valid,"https://pubchem.ncbi.nlm.nih.gov/rest/pug/compound/name/gamma-Aminobutyric%20acid/property/Title,ConnectivitySMILES,SMILES,InChI,InChIKey/JSON",2026-09-22
DDInter806,Ganciclovir,135398740,Ganciclovir,C1=NC2=C(N1COC(CO)CO)N=C(NC2=O)N,C1=NC2=C(N1COC(CO)CO)N=C(NC2=O)N,"InChI=1S/C9H13N5O4/c10-9-12-7-6(8(17)13-9)11-3-14(7)4-18-5(1-15)2-16/h3,5,15-16H,1-2,4H2,(H3,10,12,13,17)",IRSCQMHQWWYFCW-UHFFFAOYSA-N,exact DDInter name query,exact_unique,valid,"https://pubchem.ncbi.nlm.nih.gov/rest/pug/compound/name/Ganciclovir/property/Title,ConnectivitySMILES,SMILES,InChI,InChIKey/JSON",2026-09-22
DDInter807,Ganirelix,16130957,Ganirelix,CCNC(=NCCCCC(C(=O)NC(CC(C)C)C(=O)NC(CCCCN=C(NCC)NCC)C(=O)N1CCCC1C(=O)NC(C)C(=O)N)NC(=O)C(CC2=CC=C(C=C2)O)NC(=O)C(CO)NC(=O)C(CC3=CN=CC=C3)NC(=O)C(CC4=CC=C(C=C4)Cl)NC(=O)C(CC5=CC6=CC=CC=C6C=C5)NC(=O)C)NCC,CCNC(=NCCCC[C@H](C(=O)N[C@@H](CC(C)C)C(=O)N[C@@H](CCCCN=C(NCC)NCC)C(=O)N1CCC[C@H]1C(=O)N[C@H](C)C(=O)N)NC(=O)[C@H](CC2=CC=C(C=C2)O)NC(=O)[C@H](CO)NC(=O)[C@@H](CC3=CN=CC=C3)NC(=O)[C@@H](CC4=CC=C(C=C4)Cl)NC(=O)[C@@H](CC5=CC6=CC=CC=C6C=C5)NC(=O)C)NCC,"InChI=1S/C80H113ClN18O13/c1-9-84-79(85-10-2)88-38-17-15-24-60(70(104)94-62(41-49(5)6)71(105)93-61(25-16-18-39-89-80(86-11-3)87-12-4)78(112)99-40-20-26-68(99)77(111)90-50(7)69(82)103)92-73(107)64(44-53-30-35-59(102)36-31-53)97-76(110)67(48-100)98-75(109)66(46-55-21-19-37-83-47-55)96-74(108)65(43-52-28-33-58(81)34-29-52)95-72(106)63(91-51(8)101)45-54-27-32-56-22-13-14-23-57(56)42-54/h13-14,19,21-23,27-37,42,47,49-50,60-68,100,102H,9-12,15-18,20,24-26,38-41,43-46,48H2,1-8H3,(H2,82,103)(H,90,111)(H,91,101)(H,92,107)(H,93,105)(H,94,104)(H,95,106)(H,96,108)(H,97,110)(H,98,109)(H2,84,85,88)(H2,86,87,89)/t50-,60-,61+,62+,63-,64+,65-,66-,67+,68+/m1/s1",GJNXBNATEDXMAK-PFLSVRRQSA-N,exact DDInter name query,exact_unique,valid,"https://pubchem.ncbi.nlm.nih.gov/rest/pug/compound/name/Ganirelix/property/Title,ConnectivitySMILES,SMILES,InChI,InChIKey/JSON",2026-09-22
DDInter808,Garlic,,,,,,,exact DDInter name query,unmapped,unavailable,"https://pubchem.ncbi.nlm.nih.gov/rest/pug/compound/name/Garlic/property/Title,ConnectivitySMILES,SMILES,InChI,InChIKey/JSON",2026-09-22
DDInter809,Gatifloxacin,5379,Gatifloxacin,CC1CN(CCN1)C2=C(C=C3C(=C2OC)N(C=C(C3=O)C(=O)O)C4CC4)F,CC1CN(CCN1)C2=C(C=C3C(=C2OC)N(C=C(C3=O)C(=O)O)C4CC4)F,"InChI=1S/C19H22FN3O4/c1-10-8-22(6-5-21-10)16-14(20)7-12-15(18(16)27-2)23(11-3-4-11)9-13(17(12)24)19(25)26/h7,9-11,21H,3-6,8H2,1-2H3,(H,25,26)",XUBOMFCQGDBHNK-UHFFFAOYSA-N,exact DDInter name query,exact_unique,valid,"https://pubchem.ncbi.nlm.nih.gov/rest/pug/compound/name/Gatifloxacin/property/Title,ConnectivitySMILES,SMILES,InChI,InChIKey/JSON",2026-09-22
DDInter81,Amobarbital,2164,Amobarbital,CCC1(C(=O)NC(=O)NC1=O)CCC(C)C,CCC1(C(=O)NC(=O)NC1=O)CCC(C)C,"InChI=1S/C11H18N2O3/c1-4-11(6-5-7(2)3)8(14)12-10(16)13-9(11)15/h7H,4-6H2,1-3H3,(H2,12,13,14,15,16)",VIROVYVQCGLCII-UHFFFAOYSA-N,exact DDInter name query,exact_unique,valid,"https://pubchem.ncbi.nlm.nih.gov/rest/pug/compound/name/Amobarbital/property/Title,ConnectivitySMILES,SMILES,InChI,InChIKey/JSON",2026-09-22
DDInter810,Gefitinib,123631,Gefitinib,COC1=C(C=C2C(=C1)N=CN=C2NC3=CC(=C(C=C3)F)Cl)OCCCN4CCOCC4,COC1=C(C=C2C(=C1)N=CN=C2NC3=CC(=C(C=C3)F)Cl)OCCCN4CCOCC4,"InChI=1S/C22H24ClFN4O3/c1-29-20-13-19-16(12-21(20)31-8-2-5-28-6-9-30-10-7-28)22(26-14-25-19)27-15-3-4-18(24)17(23)11-15/h3-4,11-14H,2,5-10H2,1H3,(H,25,26,27)",XGALLCVXEZPNRQ-UHFFFAOYSA-N,exact DDInter name query,exact_unique,valid,"https://pubchem.ncbi.nlm.nih.gov/rest/pug/compound/name/Gefitinib/property/Title,ConnectivitySMILES,SMILES,InChI,InChIKey/JSON",2026-09-22
DDInter811,Gemcitabine,60750,Gemcitabine,C1=CN(C(=O)N=C1N)C2C(C(C(O2)CO)O)(F)F,C1=CN(C(=O)N=C1N)[C@H]2C([C@@H]([C@H](O2)CO)O)(F)F,"InChI=1S/C9H11F2N3O4/c10-9(11)6(16)4(3-15)18-7(9)14-2-1-5(12)13-8(14)17/h1-2,4,6-7,15-16H,3H2,(H2,12,13,17)/t4-,6-,7-/m1/s1",SDUQYLNIPVEERB-QPPQHZFASA-N,exact DDInter name query,exact_unique,valid,"https://pubchem.ncbi.nlm.nih.gov/rest/pug/compound/name/Gemcitabine/property/Title,ConnectivitySMILES,SMILES,InChI,InChIKey/JSON",2026-09-22
DDInter812,Gemfibrozil,3463,Gemfibrozil,CC1=CC(=C(C=C1)C)OCCCC(C)(C)C(=O)O,CC1=CC(=C(C=C1)C)OCCCC(C)(C)C(=O)O,"InChI=1S/C15H22O3/c1-11-6-7-12(2)13(10-11)18-9-5-8-15(3,4)14(16)17/h6-7,10H,5,8-9H2,1-4H3,(H,16,17)",HEMJJKBWTPKOJG-UHFFFAOYSA-N,exact DDInter name query,exact_unique,valid,"https://pubchem.ncbi.nlm.nih.gov/rest/pug/compound/name/Gemfibrozil/property/Title,ConnectivitySMILES,SMILES,InChI,InChIKey/JSON",2026-09-22
DDInter813,Gemifloxacin,9571107,Gemifloxacin,CON=C1CN(CC1CN)C2=C(C=C3C(=O)C(=CN(C3=N2)C4CC4)C(=O)O)F,CO/N=C/1\CN(CC1CN)C2=C(C=C3C(=O)C(=CN(C3=N2)C4CC4)C(=O)O)F,"InChI=1S/C18H20FN5O4/c1-28-22-14-8-23(6-9(14)5-20)17-13(19)4-11-15(25)12(18(26)27)7-24(10-2-3-10)16(11)21-17/h4,7,9-10H,2-3,5-6,8,20H2,1H3,(H,26,27)/b22-14+",ZRCVYEYHRGVLOC-HYARGMPZSA-N,exact DDInter name query,exact_unique,valid,"https://pubchem.ncbi.nlm.nih.gov/rest/pug/compound/name/Gemifloxacin/property/Title,ConnectivitySMILES,SMILES,InChI,InChIKey/JSON",2026-09-22
DDInter814,Gemtuzumab ozogamicin,,,,,,,exact DDInter name query,unmapped,unavailable,"https://pubchem.ncbi.nlm.nih.gov/rest/pug/compound/name/Gemtuzumab%20ozogamicin/property/Title,ConnectivitySMILES,SMILES,InChI,InChIKey/JSON",2026-09-22
DDInter815,Gentamicin,3467,Gentamicin,CC(C1CCC(C(O1)OC2C(CC(C(C2O)OC3C(C(C(CO3)(C)O)NC)O)N)N)N)NC,CC(C1CCC(C(O1)OC2C(CC(C(C2O)OC3C(C(C(CO3)(C)O)NC)O)N)N)N)NC,"InChI=1S/C21H43N5O7/c1-9(25-3)13-6-5-10(22)19(31-13)32-16-11(23)7-12(24)17(14(16)27)33-20-15(28)18(26-4)21(2,29)8-30-20/h9-20,25-29H,5-8,22-24H2,1-4H3",CEAZRRDELHUEMR-UHFFFAOYSA-N,exact DDInter name query,exact_unique,valid,"https://pubchem.ncbi.nlm.nih.gov/rest/pug/compound/name/Gentamicin/property/Title,ConnectivitySMILES,SMILES,InChI,InChIKey/JSON",2026-09-22
DDInter816,Gentamicin (topical),,,,,,,exact DDInter name query,unmapped,unavailable,"https://pubchem.ncbi.nlm.nih.gov/rest/pug/compound/name/Gentamicin%20%28topical%29/property/Title,ConnectivitySMILES,SMILES,InChI,InChIKey/JSON",2026-09-22
DDInter817,Gilteritinib,49803313,Gilteritinib,CCC1=C(N=C(C(=N1)C(=O)N)NC2=CC(=C(C=C2)N3CCC(CC3)N4CCN(CC4)C)OC)NC5CCOCC5,CCC1=C(N=C(C(=N1)C(=O)N)NC2=CC(=C(C=C2)N3CCC(CC3)N4CCN(CC4)C)OC)NC5CCOCC5,"InChI=1S/C29H44N8O3/c1-4-23-28(31-20-9-17-40-18-10-20)34-29(26(33-23)27(30)38)32-21-5-6-24(25(19-21)39-3)37-11-7-22(8-12-37)36-15-13-35(2)14-16-36/h5-6,19-20,22H,4,7-18H2,1-3H3,(H2,30,38)(H2,31,32,34)",GYQYAJJFPNQOOW-UHFFFAOYSA-N,exact DDInter name query,exact_unique,valid,"https://pubchem.ncbi.nlm.nih.gov/rest/pug/compound/name/Gilteritinib/property/Title,ConnectivitySMILES,SMILES,InChI,InChIKey/JSON",2026-09-22
DDInter818,Ginger,,,,,,,exact DDInter name query,unmapped,unavailable,"https://pubchem.ncbi.nlm.nih.gov/rest/pug/compound/name/Ginger/property/Title,ConnectivitySMILES,SMILES,InChI,InChIKey/JSON",2026-09-22
DDInter819,Ginkgo biloba,,,,,,,exact DDInter name query,unmapped,unavailable,"https://pubchem.ncbi.nlm.nih.gov/rest/pug/compound/name/Ginkgo%20biloba/property/Title,ConnectivitySMILES,SMILES,InChI,InChIKey/JSON",2026-09-22
DDInter82,Amoxapine,2170,Amoxapine,C1CN(CCN1)C2=NC3=CC=CC=C3OC4=C2C=C(C=C4)Cl,C1CN(CCN1)C2=NC3=CC=CC=C3OC4=C2C=C(C=C4)Cl,"InChI=1S/C17H16ClN3O/c18-12-5-6-15-13(11-12)17(21-9-7-19-8-10-21)20-14-3-1-2-4-16(14)22-15/h1-6,11,19H,7-10H2",QWGDMFLQWFTERH-UHFFFAOYSA-N,exact DDInter name query,exact_unique,valid,"https://pubchem.ncbi.nlm.nih.gov/rest/pug/compound/name/Amoxapine/property/Title,ConnectivitySMILES,SMILES,InChI,InChIKey/JSON",2026-09-22
DDInter820,Ginseng,,,,,,,exact DDInter name query,unmapped,unavailable,"https://pubchem.ncbi.nlm.nih.gov/rest/pug/compound/name/Ginseng/property/Title,ConnectivitySMILES,SMILES,InChI,InChIKey/JSON",2026-09-22
DDInter821,Givosiran,,,,,,,exact DDInter name query,unmapped,unavailable,"https://pubchem.ncbi.nlm.nih.gov/rest/pug/compound/name/Givosiran/property/Title,ConnectivitySMILES,SMILES,InChI,InChIKey/JSON",2026-09-22
DDInter822,Glasdegib,25166913,Glasdegib,CN1CCC(CC1C2=NC3=CC=CC=C3N2)NC(=O)NC4=CC=C(C=C4)C#N,CN1CC[C@H](C[C@@H]1C2=NC3=CC=CC=C3N2)NC(=O)NC4=CC=C(C=C4)C#N,"InChI=1S/C21H22N6O/c1-27-11-10-16(24-21(28)23-15-8-6-14(13-22)7-9-15)12-19(27)20-25-17-4-2-3-5-18(17)26-20/h2-9,16,19H,10-12H2,1H3,(H,25,26)(H2,23,24,28)/t16-,19-/m1/s1",SFNSLLSYNZWZQG-VQIMIIECSA-N,exact DDInter name query,exact_unique,valid,"https://pubchem.ncbi.nlm.nih.gov/rest/pug/compound/name/Glasdegib/property/Title,ConnectivitySMILES,SMILES,InChI,InChIKey/JSON",2026-09-22
DDInter823,Glatiramer,,,,,,,exact DDInter name query,unmapped,unavailable,"https://pubchem.ncbi.nlm.nih.gov/rest/pug/compound/name/Glatiramer/property/Title,ConnectivitySMILES,SMILES,InChI,InChIKey/JSON",2026-09-22
DDInter824,Glecaprevir,66828839,Glecaprevir,CC1(CC1)S(=O)(=O)NC(=O)C2(CC2C(F)F)NC(=O)C3CC4CN3C(=O)C(NC(=O)OC5CCCC5OCC=CC(C6=NC7=CC=CC=C7N=C6O4)(F)F)C(C)(C)C,CC1(CC1)S(=O)(=O)NC(=O)[C@]2(C[C@H]2C(F)F)NC(=O)[C@@H]3C[C@@H]4CN3C(=O)[C@@H](NC(=O)O[C@@H]5CCC[C@H]5OC/C=C/C(C6=NC7=CC=CC=C7N=C6O4)(F)F)C(C)(C)C,"InChI=1S/C38H46F4N6O9S/c1-35(2,3)28-32(50)48-19-20(17-24(48)30(49)46-37(18-21(37)29(39)40)33(51)47-58(53,54)36(4)14-15-36)56-31-27(43-22-9-5-6-10-23(22)44-31)38(41,42)13-8-16-55-25-11-7-12-26(25)57-34(52)45-28/h5-6,8-10,13,20-21,24-26,28-29H,7,11-12,14-19H2,1-4H3,(H,45,52)(H,46,49)(H,47,51)/b13-8+/t20-,21+,24+,25-,26-,28-,37-/m1/s1",MLSQGNCUYAMAHD-ITNVBOSISA-N,exact DDInter name query,exact_unique,valid,"https://pubchem.ncbi.nlm.nih.gov/rest/pug/compound/name/Glecaprevir/property/Title,ConnectivitySMILES,SMILES,InChI,InChIKey/JSON",2026-09-22
DDInter825,Glimepiride,3476,"1H-Pyrrole-1-carboxamide, 3-ethyl-2,5-dihydro-4-methyl-N-2-4-(trans-4-methylcyclohexyl)aminocarbonylaminosulfonylphenylethyl-2-oxo-",CCC1=C(CN(C1=O)C(=O)NCCC2=CC=C(C=C2)S(=O)(=O)NC(=O)NC3CCC(CC3)C)C,CCC1=C(CN(C1=O)C(=O)NCCC2=CC=C(C=C2)S(=O)(=O)NC(=O)NC3CCC(CC3)C)C,"InChI=1S/C24H34N4O5S/c1-4-21-17(3)15-28(22(21)29)24(31)25-14-13-18-7-11-20(12-8-18)34(32,33)27-23(30)26-19-9-5-16(2)6-10-19/h7-8,11-12,16,19H,4-6,9-10,13-15H2,1-3H3,(H,25,31)(H2,26,27,30)",WIGIZIANZCJQQY-UHFFFAOYSA-N,exact DDInter name query,ambiguous,excluded_title_mismatch,"https://pubchem.ncbi.nlm.nih.gov/rest/pug/compound/name/Glimepiride/property/Title,ConnectivitySMILES,SMILES,InChI,InChIKey/JSON",2026-09-22
DDInter826,Glipizide,3478,Glipizide,CC1=CN=C(C=N1)C(=O)NCCC2=CC=C(C=C2)S(=O)(=O)NC(=O)NC3CCCCC3,CC1=CN=C(C=N1)C(=O)NCCC2=CC=C(C=C2)S(=O)(=O)NC(=O)NC3CCCCC3,"InChI=1S/C21H27N5O4S/c1-15-13-24-19(14-23-15)20(27)22-12-11-16-7-9-18(10-8-16)31(29,30)26-21(28)25-17-5-3-2-4-6-17/h7-10,13-14,17H,2-6,11-12H2,1H3,(H,22,27)(H2,25,26,28)",ZJJXGWJIGJFDTL-UHFFFAOYSA-N,exact DDInter name query,exact_unique,valid,"https://pubchem.ncbi.nlm.nih.gov/rest/pug/compound/name/Glipizide/property/Title,ConnectivitySMILES,SMILES,InChI,InChIKey/JSON",2026-09-22
DDInter827,Glucagon,16132283,Glucagon,CC(C)CC(C(=O)NC(CCSC)C(=O)NC(CC(=O)N)C(=O)NC(C(C)O)C(=O)O)NC(=O)C(CC1=CNC2=CC=CC=C21)NC(=O)C(CCC(=O)N)NC(=O)C(C(C)C)NC(=O)C(CC3=CC=CC=C3)NC(=O)C(CC(=O)O)NC(=O)C(CCC(=O)N)NC(=O)C(C)NC(=O)C(CCCNC(=N)N)NC(=O)C(CCCNC(=N)N)NC(=O)C(CO)NC(=O)C(CC(=O)O)NC(=O)C(CC(C)C)NC(=O)C(CC4=CC=C(C=C4)O)NC(=O)C(CCCCN)NC(=O)C(CO)NC(=O)C(CC5=CC=C(C=C5)O)NC(=O)C(CC(=O)O)NC(=O)C(CO)NC(=O)C(C(C)O)NC(=O)C(CC6=CC=CC=C6)NC(=O)C(C(C)O)NC(=O)CNC(=O)C(CCC(=O)N)NC(=O)C(CO)NC(=O)C(CC7=CN=CN7)N,C[C@H]([C@@H](C(=O)N[C@@H](CC1=CC=CC=C1)C(=O)N[C@@H]([C@@H](C)O)C(=O)N[C@@H](CO)C(=O)N[C@@H](CC(=O)O)C(=O)N[C@@H](CC2=CC=C(C=C2)O)C(=O)N[C@@H](CO)C(=O)N[C@@H](CCCCN)C(=O)N[C@@H](CC3=CC=C(C=C3)O)C(=O)N[C@@H](CC(C)C)C(=O)N[C@@H](CC(=O)O)C(=O)N[C@@H](CO)C(=O)N[C@@H](CCCNC(=N)N)C(=O)N[C@@H](CCCNC(=N)N)C(=O)N[C@@H](C)C(=O)N[C@@H](CCC(=O)N)C(=O)N[C@@H](CC(=O)O)C(=O)N[C@@H](CC4=CC=CC=C4)C(=O)N[C@@H](C(C)C)C(=O)N[C@@H](CCC(=O)N)C(=O)N[C@@H](CC5=CNC6=CC=CC=C65)C(=O)N[C@@H](CC(C)C)C(=O)N[C@@H](CCSC)C(=O)N[C@@H](CC(=O)N)C(=O)N[C@@H]([C@@H](C)O)C(=O)O)NC(=O)CNC(=O)[C@H](CCC(=O)N)NC(=O)[C@H](CO)NC(=O)[C@H](CC7=CN=CN7)N)O,"InChI=1S/C153H225N43O49S/c1-72(2)52-97(133(226)176-96(47-51-246-11)132(225)184-104(60-115(159)209)143(236)196-123(78(10)203)151(244)245)179-137(230)103(58-83-64-167-89-29-19-18-28-87(83)89)183-131(224)95(43-46-114(158)208)177-148(241)120(74(5)6)194-141(234)101(54-79-24-14-12-15-25-79)182-138(231)105(61-117(211)212)185-130(223)94(42-45-113(157)207)171-124(217)75(7)170-127(220)91(31-22-49-165-152(160)161)172-128(221)92(32-23-50-166-153(162)163)174-146(239)110(69-199)191-140(233)107(63-119(215)216)186-134(227)98(53-73(3)4)178-135(228)99(56-81-33-37-85(204)38-34-81)180-129(222)90(30-20-21-48-154)173-145(238)109(68-198)190-136(229)100(57-82-35-39-86(205)40-36-82)181-139(232)106(62-118(213)214)187-147(240)111(70-200)192-150(243)122(77(9)202)195-142(235)102(55-80-26-16-13-17-27-80)188-149(242)121(76(8)201)193-116(210)66-168-126(219)93(41-44-112(156)206)175-144(237)108(67-197)189-125(218)88(155)59-84-65-164-71-169-84/h12-19,24-29,33-40,64-65,71-78,88,90-111,120-123,167,197-205H,20-23,30-32,41-63,66-70,154-155H2,1-11H3,(H2,156,206)(H2,157,207)(H2,158,208)(H2,159,209)(H,164,169)(H,168,219)(H,170,220)(H,171,217)(H,172,221)(H,173,238)(H,174,239)(H,175,237)(H,176,226)(H,177,241)(H,178,228)(H,179,230)(H,180,222)(H,181,232)(H,182,231)(H,183,224)(H,184,225)(H,185,223)(H,186,227)(H,187,240)(H,188,242)(H,189,218)(H,190,229)(H,191,233)(H,192,243)(H,193,210)(H,194,234)(H,195,235)(H,196,236)(H,211,212)(H,213,214)(H,215,216)(H,244,245)(H4,160,161,165)(H4,162,163,166)/t75-,76+,77+,78+,88-,90-,91-,92-,93-,94-,95-,96-,97-,98-,99-,100-,101-,102-,103-,104-,105-,106-,107-,108-,109-,110-,111-,120-,121-,122-,123-/m0/s1",MASNOZXLGMXCHN-ZLPAWPGGSA-N,exact DDInter name query,exact_unique,valid,"https://pubchem.ncbi.nlm.nih.gov/rest/pug/compound/name/Glucagon/property/Title,ConnectivitySMILES,SMILES,InChI,InChIKey/JSON",2026-09-22
DDInter828,Glucarpidase,21195079,gamma-Glutamyl hydrolase,[Zn+2].[Zn+2].[Zn+2].[Zn+2],[Zn+2].[Zn+2].[Zn+2].[Zn+2],InChI=1S/4Zn/q4*+2,LZQXMCNBQHANEY-UHFFFAOYSA-N,exact DDInter name query,ambiguous,excluded_title_mismatch,"https://pubchem.ncbi.nlm.nih.gov/rest/pug/compound/name/Glucarpidase/property/Title,ConnectivitySMILES,SMILES,InChI,InChIKey/JSON",2026-09-22
DDInter829,Glucosamine,439213,D-Glucosamine,C(C1C(C(C(C(O1)O)N)O)O)O,C([C@@H]1[C@H]([C@@H]([C@H](C(O1)O)N)O)O)O,"InChI=1S/C6H13NO5/c7-3-5(10)4(9)2(1-8)12-6(3)11/h2-6,8-11H,1,7H2/t2-,3-,4-,5-,6?/m1/s1",MSWZFWKMSRAUBD-IVMDWMLBSA-N,exact DDInter name query,ambiguous,excluded_title_mismatch,"https://pubchem.ncbi.nlm.nih.gov/rest/pug/compound/name/Glucosamine/property/Title,ConnectivitySMILES,SMILES,InChI,InChIKey/JSON",2026-09-22
DDInter83,Amoxicillin,33613,Amoxicillin,CC1(C(N2C(S1)C(C2=O)NC(=O)C(C3=CC=C(C=C3)O)N)C(=O)O)C,CC1([C@@H](N2[C@H](S1)[C@@H](C2=O)NC(=O)[C@@H](C3=CC=C(C=C3)O)N)C(=O)O)C,"InChI=1S/C16H19N3O5S/c1-16(2)11(15(23)24)19-13(22)10(14(19)25-16)18-12(21)9(17)7-3-5-8(20)6-4-7/h3-6,9-11,14,20H,17H2,1-2H3,(H,18,21)(H,23,24)/t9-,10-,11+,14-/m1/s1",LSQZJLSUYDQPKJ-NJBDSQKTSA-N,exact DDInter name query,exact_unique,valid,"https://pubchem.ncbi.nlm.nih.gov/rest/pug/compound/name/Amoxicillin/property/Title,ConnectivitySMILES,SMILES,InChI,InChIKey/JSON",2026-09-22
DDInter830,Glutamic acid,33032,L-Glutamic Acid,C(CC(=O)O)C(C(=O)O)N,C(CC(=O)O)[C@@H](C(=O)O)N,"InChI=1S/C5H9NO4/c6-3(5(9)10)1-2-4(7)8/h3H,1-2,6H2,(H,7,8)(H,9,10)/t3-/m0/s1",WHUUTDBJXJRKMK-VKHMYHEASA-N,exact DDInter name query,ambiguous,excluded_title_mismatch,"https://pubchem.ncbi.nlm.nih.gov/rest/pug/compound/name/Glutamic%20acid/property/Title,ConnectivitySMILES,SMILES,InChI,InChIKey/JSON",2026-09-22
DDInter831,Glyburide,3488,Glibenclamide,COC1=C(C=C(C=C1)Cl)C(=O)NCCC2=CC=C(C=C2)S(=O)(=O)NC(=O)NC3CCCCC3,COC1=C(C=C(C=C1)Cl)C(=O)NCCC2=CC=C(C=C2)S(=O)(=O)NC(=O)NC3CCCCC3,"InChI=1S/C23H28ClN3O5S/c1-32-21-12-9-17(24)15-20(21)22(28)25-14-13-16-7-10-19(11-8-16)33(30,31)27-23(29)26-18-5-3-2-4-6-18/h7-12,15,18H,2-6,13-14H2,1H3,(H,25,28)(H2,26,27,29)",ZNNLBTZKUZBEKO-UHFFFAOYSA-N,exact DDInter name query,ambiguous,excluded_title_mismatch,"https://pubchem.ncbi.nlm.nih.gov/rest/pug/compound/name/Glyburide/property/Title,ConnectivitySMILES,SMILES,InChI,InChIKey/JSON",2026-09-22
DDInter832,Glycerin,753,Glycerol,C(C(CO)O)O,C(C(CO)O)O,"InChI=1S/C3H8O3/c4-1-3(6)2-5/h3-6H,1-2H2",PEDCQBHIVMGVHV-UHFFFAOYSA-N,exact DDInter name query,ambiguous,excluded_title_mismatch,"https://pubchem.ncbi.nlm.nih.gov/rest/pug/compound/name/Glycerin/property/Title,ConnectivitySMILES,SMILES,InChI,InChIKey/JSON",2026-09-22
DDInter833,Glycerol phenylbutyrate,10482134,Glycerol Phenylbutyrate,C1=CC=C(C=C1)CCCC(=O)OCC(COC(=O)CCCC2=CC=CC=C2)OC(=O)CCCC3=CC=CC=C3,C1=CC=C(C=C1)CCCC(=O)OCC(COC(=O)CCCC2=CC=CC=C2)OC(=O)CCCC3=CC=CC=C3,"InChI=1S/C33H38O6/c34-31(22-10-19-27-13-4-1-5-14-27)37-25-30(39-33(36)24-12-21-29-17-8-3-9-18-29)26-38-32(35)23-11-20-28-15-6-2-7-16-28/h1-9,13-18,30H,10-12,19-26H2",ZSDBFLMJVAGKOU-UHFFFAOYSA-N,exact DDInter name query,exact_unique,valid,"https://pubchem.ncbi.nlm.nih.gov/rest/pug/compound/name/Glycerol%20phenylbutyrate/property/Title,ConnectivitySMILES,SMILES,InChI,InChIKey/JSON",2026-09-22
DDInter834,Glycopyrronium,3494,Glycopyrronium,C[N+]1(CCC(C1)OC(=O)C(C2CCCC2)(C3=CC=CC=C3)O)C,C[N+]1(CCC(C1)OC(=O)C(C2CCCC2)(C3=CC=CC=C3)O)C,"InChI=1S/C19H28NO3/c1-20(2)13-12-17(14-20)23-18(21)19(22,16-10-6-7-11-16)15-8-4-3-5-9-15/h3-5,8-9,16-17,22H,6-7,10-14H2,1-2H3/q+1",ANGKOCUUWGHLCE-UHFFFAOYSA-N,exact DDInter name query,exact_unique,valid,"https://pubchem.ncbi.nlm.nih.gov/rest/pug/compound/name/Glycopyrronium/property/Title,ConnectivitySMILES,SMILES,InChI,InChIKey/JSON",2026-09-22
DDInter835,Glycopyrronium (topical),,,,,,,exact DDInter name query,unmapped,unavailable,"https://pubchem.ncbi.nlm.nih.gov/rest/pug/compound/name/Glycopyrronium%20%28topical%29/property/Title,ConnectivitySMILES,SMILES,InChI,InChIKey/JSON",2026-09-22
DDInter836,Goldenseal,,,,,,,exact DDInter name query,unmapped,unavailable,"https://pubchem.ncbi.nlm.nih.gov/rest/pug/compound/name/Goldenseal/property/Title,ConnectivitySMILES,SMILES,InChI,InChIKey/JSON",2026-09-22
DDInter837,Golimumab,,,,,,,exact DDInter name query,unmapped,unavailable,"https://pubchem.ncbi.nlm.nih.gov/rest/pug/compound/name/Golimumab/property/Title,ConnectivitySMILES,SMILES,InChI,InChIKey/JSON",2026-09-22
DDInter838,Gonadorelin,638793,Gonadorelin,CC(C)CC(C(=O)NC(CCCN=C(N)N)C(=O)N1CCCC1C(=O)NCC(=O)N)NC(=O)CNC(=O)C(CC2=CC=C(C=C2)O)NC(=O)C(CO)NC(=O)C(CC3=CNC4=CC=CC=C43)NC(=O)C(CC5=CN=CN5)NC(=O)C6CCC(=O)N6,CC(C)C[C@@H](C(=O)N[C@@H](CCCN=C(N)N)C(=O)N1CCC[C@H]1C(=O)NCC(=O)N)NC(=O)CNC(=O)[C@H](CC2=CC=C(C=C2)O)NC(=O)[C@H](CO)NC(=O)[C@H](CC3=CNC4=CC=CC=C43)NC(=O)[C@H](CC5=CN=CN5)NC(=O)[C@@H]6CCC(=O)N6,"InChI=1S/C55H75N17O13/c1-29(2)19-38(49(80)67-37(9-5-17-60-55(57)58)54(85)72-18-6-10-43(72)53(84)62-25-44(56)75)66-46(77)26-63-47(78)39(20-30-11-13-33(74)14-12-30)68-52(83)42(27-73)71-50(81)40(21-31-23-61-35-8-4-3-7-34(31)35)69-51(82)41(22-32-24-59-28-64-32)70-48(79)36-15-16-45(76)65-36/h3-4,7-8,11-14,23-24,28-29,36-43,61,73-74H,5-6,9-10,15-22,25-27H2,1-2H3,(H2,56,75)(H,59,64)(H,62,84)(H,63,78)(H,65,76)(H,66,77)(H,67,80)(H,68,83)(H,69,82)(H,70,79)(H,71,81)(H4,57,58,60)/t36-,37-,38-,39-,40-,41-,42-,43-/m0/s1",XLXSAKCOAKORKW-AQJXLSMYSA-N,exact DDInter name query,exact_unique,valid,"https://pubchem.ncbi.nlm.nih.gov/rest/pug/compound/name/Gonadorelin/property/Title,ConnectivitySMILES,SMILES,InChI,InChIKey/JSON",2026-09-22
DDInter839,Goserelin,5311128,Goserelin,CC(C)CC(C(=O)NC(CCCN=C(N)N)C(=O)N1CCCC1C(=O)NNC(=O)N)NC(=O)C(COC(C)(C)C)NC(=O)C(CC2=CC=C(C=C2)O)NC(=O)C(CO)NC(=O)C(CC3=CNC4=CC=CC=C43)NC(=O)C(CC5=CN=CN5)NC(=O)C6CCC(=O)N6,CC(C)C[C@@H](C(=O)N[C@@H](CCCN=C(N)N)C(=O)N1CCC[C@H]1C(=O)NNC(=O)N)NC(=O)[C@@H](COC(C)(C)C)NC(=O)[C@H](CC2=CC=C(C=C2)O)NC(=O)[C@H](CO)NC(=O)[C@H](CC3=CNC4=CC=CC=C43)NC(=O)[C@H](CC5=CN=CN5)NC(=O)[C@@H]6CCC(=O)N6,"InChI=1S/C59H84N18O14/c1-31(2)22-40(49(82)68-39(12-8-20-64-57(60)61)56(89)77-21-9-13-46(77)55(88)75-76-58(62)90)69-54(87)45(29-91-59(3,4)5)74-50(83)41(23-32-14-16-35(79)17-15-32)70-53(86)44(28-78)73-51(84)42(24-33-26-65-37-11-7-6-10-36(33)37)71-52(85)43(25-34-27-63-30-66-34)72-48(81)38-18-19-47(80)67-38/h6-7,10-11,14-17,26-27,30-31,38-46,65,78-79H,8-9,12-13,18-25,28-29H2,1-5H3,(H,63,66)(H,67,80)(H,68,82)(H,69,87)(H,70,86)(H,71,85)(H,72,81)(H,73,84)(H,74,83)(H,75,88)(H4,60,61,64)(H3,62,76,90)/t38-,39-,40-,41-,42-,43-,44-,45+,46-/m0/s1",BLCLNMBMMGCOAS-URPVMXJPSA-N,exact DDInter name query,exact_unique,valid,"https://pubchem.ncbi.nlm.nih.gov/rest/pug/compound/name/Goserelin/property/Title,ConnectivitySMILES,SMILES,InChI,InChIKey/JSON",2026-09-22
DDInter84,Amphetamine,3007,Amphetamine,CC(CC1=CC=CC=C1)N,CC(CC1=CC=CC=C1)N,"InChI=1S/C9H13N/c1-8(10)7-9-5-3-2-4-6-9/h2-6,8H,7,10H2,1H3",KWTSXDURSIMDCE-UHFFFAOYSA-N,exact DDInter name query,exact_unique,valid,"https://pubchem.ncbi.nlm.nih.gov/rest/pug/compound/name/Amphetamine/property/Title,ConnectivitySMILES,SMILES,InChI,InChIKey/JSON",2026-09-22
DDInter840,Granisetron,5284566,Granisetron (JAN/USAN/INN),CN1C2CCCC1CC(C2)NC(=O)C3=NN(C4=CC=CC=C43)C,CN1[C@@H]2CCC[C@H]1CC(C2)NC(=O)C3=NN(C4=CC=CC=C43)C,"InChI=1S/C18H24N4O/c1-21-13-6-5-7-14(21)11-12(10-13)19-18(23)17-15-8-3-4-9-16(15)22(2)20-17/h3-4,8-9,12-14H,5-7,10-11H2,1-2H3,(H,19,23)/t12?,13-,14+",MFWNKCLOYSRHCJ-AGUYFDCRSA-N,exact DDInter name query,ambiguous,excluded_title_mismatch,"https://pubchem.ncbi.nlm.nih.gov/rest/pug/compound/name/Granisetron/property/Title,ConnectivitySMILES,SMILES,InChI,InChIKey/JSON",2026-09-22
DDInter841,Grazoprevir,44603531,Grazoprevir,CC(C)(C)C1C(=O)N2CC(CC2C(=O)NC3(CC3C=C)C(=O)NS(=O)(=O)C4CC4)OC5=NC6=C(C=CC(=C6)OC)N=C5CCCCCC7CC7OC(=O)N1,CC(C)(C)[C@H]1C(=O)N2C[C@@H](C[C@H]2C(=O)N[C@@]3(C[C@H]3C=C)C(=O)NS(=O)(=O)C4CC4)OC5=NC6=C(C=CC(=C6)OC)N=C5CCCCC[C@@H]7C[C@H]7OC(=O)N1,"InChI=1S/C38H50N6O9S/c1-6-22-19-38(22,35(47)43-54(49,50)25-13-14-25)42-32(45)29-18-24-20-44(29)34(46)31(37(2,3)4)41-36(48)53-30-16-21(30)10-8-7-9-11-27-33(52-24)40-28-17-23(51-5)12-15-26(28)39-27/h6,12,15,17,21-22,24-25,29-31H,1,7-11,13-14,16,18-20H2,2-5H3,(H,41,48)(H,42,45)(H,43,47)/t21-,22-,24-,29+,30-,31-,38-/m1/s1",OBMNJSNZOWALQB-NCQNOWPTSA-N,exact DDInter name query,exact_unique,valid,"https://pubchem.ncbi.nlm.nih.gov/rest/pug/compound/name/Grazoprevir/property/Title,ConnectivitySMILES,SMILES,InChI,InChIKey/JSON",2026-09-22
DDInter842,Grepafloxacin,72474,Grepafloxacin,CC1CN(CCN1)C2=C(C(=C3C(=C2)N(C=C(C3=O)C(=O)O)C4CC4)C)F,CC1CN(CCN1)C2=C(C(=C3C(=C2)N(C=C(C3=O)C(=O)O)C4CC4)C)F,"InChI=1S/C19H22FN3O3/c1-10-8-22(6-5-21-10)15-7-14-16(11(2)17(15)20)18(24)13(19(25)26)9-23(14)12-3-4-12/h7,9-10,12,21H,3-6,8H2,1-2H3,(H,25,26)",AIJTTZAVMXIJGM-UHFFFAOYSA-N,exact DDInter name query,exact_unique,valid,"https://pubchem.ncbi.nlm.nih.gov/rest/pug/compound/name/Grepafloxacin/property/Title,ConnectivitySMILES,SMILES,InChI,InChIKey/JSON",2026-09-22
DDInter843,Griseofulvin,441140,Griseofulvin,CC1CC(=O)C=C(C12C(=O)C3=C(O2)C(=C(C=C3OC)OC)Cl)OC,C[C@@H]1CC(=O)C=C([C@]12C(=O)C3=C(O2)C(=C(C=C3OC)OC)Cl)OC,"InChI=1S/C17H17ClO6/c1-8-5-9(19)6-12(23-4)17(8)16(20)13-10(21-2)7-11(22-3)14(18)15(13)24-17/h6-8H,5H2,1-4H3/t8-,17+/m1/s1",DDUHZTYCFQRHIY-RBHXEPJQSA-N,exact DDInter name query,exact_unique,valid,"https://pubchem.ncbi.nlm.nih.gov/rest/pug/compound/name/Griseofulvin/property/Title,ConnectivitySMILES,SMILES,InChI,InChIKey/JSON",2026-09-22
DDInter844,Guanabenz,5702063,Guanabenz,C1=CC(=C(C(=C1)Cl)C=NN=C(N)N)Cl,C1=CC(=C(C(=C1)Cl)/C=N/N=C(N)N)Cl,"InChI=1S/C8H8Cl2N4/c9-6-2-1-3-7(10)5(6)4-13-14-8(11)12/h1-4H,(H4,11,12,14)/b13-4+",WDZVGELJXXEGPV-YIXHJXPBSA-N,exact DDInter name query,exact_unique,valid,"https://pubchem.ncbi.nlm.nih.gov/rest/pug/compound/name/Guanabenz/property/Title,ConnectivitySMILES,SMILES,InChI,InChIKey/JSON",2026-09-22
DDInter845,Guanadrel,38521,Guanadrel,C1CCC2(CC1)OCC(O2)CN=C(N)N,C1CCC2(CC1)OCC(O2)CN=C(N)N,"InChI=1S/C10H19N3O2/c11-9(12)13-6-8-7-14-10(15-8)4-2-1-3-5-10/h8H,1-7H2,(H4,11,12,13)",HPBNRIOWIXYZFK-UHFFFAOYSA-N,exact DDInter name query,exact_unique,valid,"https://pubchem.ncbi.nlm.nih.gov/rest/pug/compound/name/Guanadrel/property/Title,ConnectivitySMILES,SMILES,InChI,InChIKey/JSON",2026-09-22
DDInter846,Guanethidine,3518,Guanethidine,C1CCCN(CCC1)CCN=C(N)N,C1CCCN(CCC1)CCN=C(N)N,"InChI=1S/C10H22N4/c11-10(12)13-6-9-14-7-4-2-1-3-5-8-14/h1-9H2,(H4,11,12,13)",ACGDKVXYNVEAGU-UHFFFAOYSA-N,exact DDInter name query,exact_unique,valid,"https://pubchem.ncbi.nlm.nih.gov/rest/pug/compound/name/Guanethidine/property/Title,ConnectivitySMILES,SMILES,InChI,InChIKey/JSON",2026-09-22
DDInter847,Guanfacine,3519,Guanfacine,C1=CC(=C(C(=C1)Cl)CC(=O)N=C(N)N)Cl,C1=CC(=C(C(=C1)Cl)CC(=O)N=C(N)N)Cl,"InChI=1S/C9H9Cl2N3O/c10-6-2-1-3-7(11)5(6)4-8(15)14-9(12)13/h1-3H,4H2,(H4,12,13,14,15)",INJOMKTZOLKMBF-UHFFFAOYSA-N,exact DDInter name query,exact_unique,valid,"https://pubchem.ncbi.nlm.nih.gov/rest/pug/compound/name/Guanfacine/property/Title,ConnectivitySMILES,SMILES,InChI,InChIKey/JSON",2026-09-22
DDInter848,Guanidine,3520,Guanidine,C(=N)(N)N,C(=N)(N)N,"InChI=1S/CH5N3/c2-1(3)4/h(H5,2,3,4)",ZRALSGWEFCBTJO-UHFFFAOYSA-N,exact DDInter name query,exact_unique,valid,"https://pubchem.ncbi.nlm.nih.gov/rest/pug/compound/name/Guanidine/property/Title,ConnectivitySMILES,SMILES,InChI,InChIKey/JSON",2026-09-22
DDInter849,Guselkumab,,,,,,,exact DDInter name query,unmapped,unavailable,"https://pubchem.ncbi.nlm.nih.gov/rest/pug/compound/name/Guselkumab/property/Title,ConnectivitySMILES,SMILES,InChI,InChIKey/JSON",2026-09-22
DDInter85,Amphotericin B,5280965,Amphotericin B,CC1C=CC=CC=CC=CC=CC=CC=CC(CC2C(C(CC(O2)(CC(CC(C(CCC(CC(CC(=O)OC(C(C1O)C)C)O)O)O)O)O)O)O)C(=O)O)OC3C(C(C(C(O3)C)O)N)O,C[C@H]1/C=C/C=C/C=C/C=C/C=C/C=C/C=C/[C@@H](C[C@H]2[C@@H]([C@H](C[C@](O2)(C[C@H](C[C@H]([C@@H](CC[C@H](C[C@H](CC(=O)O[C@H]([C@@H]([C@@H]1O)C)C)O)O)O)O)O)O)O)C(=O)O)O[C@H]3[C@H]([C@H]([C@@H]([C@H](O3)C)O)N)O,"InChI=1S/C47H73NO17/c1-27-17-15-13-11-9-7-5-6-8-10-12-14-16-18-34(64-46-44(58)41(48)43(57)30(4)63-46)24-38-40(45(59)60)37(54)26-47(61,65-38)25-33(51)22-36(53)35(52)20-19-31(49)21-32(50)23-39(55)62-29(3)28(2)42(27)56/h5-18,27-38,40-44,46,49-54,56-58,61H,19-26,48H2,1-4H3,(H,59,60)/b6-5+,9-7+,10-8+,13-11+,14-12+,17-15+,18-16+/t27-,28-,29-,30+,31+,32+,33-,34-,35+,36+,37-,38-,40+,41-,42+,43+,44-,46-,47+/m0/s1",APKFDSVGJQXUKY-INPOYWNPSA-N,exact DDInter name query,exact_unique,valid,"https://pubchem.ncbi.nlm.nih.gov/rest/pug/compound/name/Amphotericin%20B/property/Title,ConnectivitySMILES,SMILES,InChI,InChIKey/JSON",2026-09-22
DDInter850,Halazepam,31640,Halazepam,C1C(=O)N(C2=C(C=C(C=C2)Cl)C(=N1)C3=CC=CC=C3)CC(F)(F)F,C1C(=O)N(C2=C(C=C(C=C2)Cl)C(=N1)C3=CC=CC=C3)CC(F)(F)F,"InChI=1S/C17H12ClF3N2O/c18-12-6-7-14-13(8-12)16(11-4-2-1-3-5-11)22-9-15(24)23(14)10-17(19,20)21/h1-8H,9-10H2",WYCLKVQLVUQKNZ-UHFFFAOYSA-N,exact DDInter name query,exact_unique,valid,"https://pubchem.ncbi.nlm.nih.gov/rest/pug/compound/name/Halazepam/property/Title,ConnectivitySMILES,SMILES,InChI,InChIKey/JSON",2026-09-22
DDInter851,Halcinonide (topical),,,,,,,exact DDInter name query,unmapped,unavailable,"https://pubchem.ncbi.nlm.nih.gov/rest/pug/compound/name/Halcinonide%20%28topical%29/property/Title,ConnectivitySMILES,SMILES,InChI,InChIKey/JSON",2026-09-22
DDInter852,Halofantrine,37393,Halofantrine,CCCCN(CCCC)CCC(C1=C2C=CC(=CC2=C3C=C(C=C(C3=C1)Cl)Cl)C(F)(F)F)O,CCCCN(CCCC)CCC(C1=C2C=CC(=CC2=C3C=C(C=C(C3=C1)Cl)Cl)C(F)(F)F)O,"InChI=1S/C26H30Cl2F3NO/c1-3-5-10-32(11-6-4-2)12-9-25(33)23-16-22-21(14-18(27)15-24(22)28)20-13-17(26(29,30)31)7-8-19(20)23/h7-8,13-16,25,33H,3-6,9-12H2,1-2H3",FOHHNHSLJDZUGQ-UHFFFAOYSA-N,exact DDInter name query,exact_unique,valid,"https://pubchem.ncbi.nlm.nih.gov/rest/pug/compound/name/Halofantrine/property/Title,ConnectivitySMILES,SMILES,InChI,InChIKey/JSON",2026-09-22
DDInter853,Haloperidol,3559,Haloperidol,C1CN(CCC1(C2=CC=C(C=C2)Cl)O)CCCC(=O)C3=CC=C(C=C3)F,C1CN(CCC1(C2=CC=C(C=C2)Cl)O)CCCC(=O)C3=CC=C(C=C3)F,"InChI=1S/C21H23ClFNO2/c22-18-7-5-17(6-8-18)21(26)11-14-24(15-12-21)13-1-2-20(25)16-3-9-19(23)10-4-16/h3-10,26H,1-2,11-15H2",LNEPOXFFQSENCJ-UHFFFAOYSA-N,exact DDInter name query,exact_unique,valid,"https://pubchem.ncbi.nlm.nih.gov/rest/pug/compound/name/Haloperidol/property/Title,ConnectivitySMILES,SMILES,InChI,InChIKey/JSON",2026-09-22
DDInter854,Halothane,3562,Halothane,C(C(F)(F)F)(Cl)Br,C(C(F)(F)F)(Cl)Br,"InChI=1S/C2HBrClF3/c3-1(4)2(5,6)7/h1H",BCQZXOMGPXTTIC-UHFFFAOYSA-N,exact DDInter name query,exact_unique,valid,"https://pubchem.ncbi.nlm.nih.gov/rest/pug/compound/name/Halothane/property/Title,ConnectivitySMILES,SMILES,InChI,InChIKey/JSON",2026-09-22
DDInter855,Hemin,,,,,,,exact DDInter name query,ambiguous,excluded_multiple_candidates,"https://pubchem.ncbi.nlm.nih.gov/rest/pug/compound/name/Hemin/property/Title,ConnectivitySMILES,SMILES,InChI,InChIKey/JSON",2026-09-22
DDInter856,Heparin,,,,,,,exact DDInter name query,unmapped,unavailable,"https://pubchem.ncbi.nlm.nih.gov/rest/pug/compound/name/Heparin/property/Title,ConnectivitySMILES,SMILES,InChI,InChIKey/JSON",2026-09-22
DDInter857,Heparin (flush),,,,,,,exact DDInter name query,unmapped,unavailable,"https://pubchem.ncbi.nlm.nih.gov/rest/pug/compound/name/Heparin%20%28flush%29/property/Title,ConnectivitySMILES,SMILES,InChI,InChIKey/JSON",2026-09-22
DDInter858,Hepatitis A Vaccine,,,,,,,exact DDInter name query,unmapped,unavailable,"https://pubchem.ncbi.nlm.nih.gov/rest/pug/compound/name/Hepatitis%20A%20Vaccine/property/Title,ConnectivitySMILES,SMILES,InChI,InChIKey/JSON",2026-09-22
DDInter86,Amphotericin B (cholesteryl sulfate),,,,,,,exact DDInter name query,unmapped,unavailable,"https://pubchem.ncbi.nlm.nih.gov/rest/pug/compound/name/Amphotericin%20B%20%28cholesteryl%20sulfate%29/property/Title,ConnectivitySMILES,SMILES,InChI,InChIKey/JSON",2026-09-22
DDInter860,Hepatitis B Vaccine (Recombinant),,,,,,,exact DDInter name query,unmapped,unavailable,"https://pubchem.ncbi.nlm.nih.gov/rest/pug/compound/name/Hepatitis%20B%20Vaccine%20%28Recombinant%29/property/Title,ConnectivitySMILES,SMILES,InChI,InChIKey/JSON",2026-09-22
DDInter861,Hexachlorophene (topical),,,,,,,exact DDInter name query,unmapped,unavailable,"https://pubchem.ncbi.nlm.nih.gov/rest/pug/compound/name/Hexachlorophene%20%28topical%29/property/Title,ConnectivitySMILES,SMILES,InChI,InChIKey/JSON",2026-09-22
DDInter862,Hexaminolevulinate,6433083,5-Aminolevulinic acid hexyl ester,CCCCCCOC(=O)CCC(=O)CN,CCCCCCOC(=O)CCC(=O)CN,"InChI=1S/C11H21NO3/c1-2-3-4-5-8-15-11(14)7-6-10(13)9-12/h2-9,12H2,1H3",RYQOILLJDKPETL-UHFFFAOYSA-N,exact DDInter name query,ambiguous,excluded_title_mismatch,"https://pubchem.ncbi.nlm.nih.gov/rest/pug/compound/name/Hexaminolevulinate/property/Title,ConnectivitySMILES,SMILES,InChI,InChIKey/JSON",2026-09-22
DDInter863,Histamine,774,Histamine,C1=C(NC=N1)CCN,C1=C(NC=N1)CCN,"InChI=1S/C5H9N3/c6-2-1-5-3-7-4-8-5/h3-4H,1-2,6H2,(H,7,8)",NTYJJOPFIAHURM-UHFFFAOYSA-N,exact DDInter name query,exact_unique,valid,"https://pubchem.ncbi.nlm.nih.gov/rest/pug/compound/name/Histamine/property/Title,ConnectivitySMILES,SMILES,InChI,InChIKey/JSON",2026-09-22
DDInter864,Histrelin,25077993,Histrelin,CCNC(=O)C1CCCN1C(=O)C(CCCN=C(N)N)NC(=O)C(CC(C)C)NC(=O)C(CC2=CN(C=N2)CC3=CC=CC=C3)NC(=O)C(CC4=CC=C(C=C4)O)NC(=O)C(CO)NC(=O)C(CC5=CNC6=CC=CC=C65)NC(=O)C(CC7=CN=CN7)NC(=O)C8CCC(=O)N8,CCNC(=O)[C@@H]1CCCN1C(=O)[C@H](CCCN=C(N)N)NC(=O)[C@H](CC(C)C)NC(=O)[C@@H](CC2=CN(C=N2)CC3=CC=CC=C3)NC(=O)[C@H](CC4=CC=C(C=C4)O)NC(=O)[C@H](CO)NC(=O)[C@H](CC5=CNC6=CC=CC=C65)NC(=O)[C@H](CC7=CN=CN7)NC(=O)[C@@H]8CCC(=O)N8,"InChI=1S/C66H86N18O12/c1-4-70-64(95)55-17-11-25-84(55)65(96)48(16-10-24-71-66(67)68)76-58(89)49(26-38(2)3)77-62(93)53(30-43-34-83(37-74-43)33-40-12-6-5-7-13-40)81-59(90)50(27-39-18-20-44(86)21-19-39)78-63(94)54(35-85)82-60(91)51(28-41-31-72-46-15-9-8-14-45(41)46)79-61(92)52(29-42-32-69-36-73-42)80-57(88)47-22-23-56(87)75-47/h5-9,12-15,18-21,31-32,34,36-38,47-55,72,85-86H,4,10-11,16-17,22-30,33,35H2,1-3H3,(H,69,73)(H,70,95)(H,75,87)(H,76,89)(H,77,93)(H,78,94)(H,79,92)(H,80,88)(H,81,90)(H,82,91)(H4,67,68,71)/t47-,48-,49-,50-,51-,52-,53+,54-,55-/m0/s1",HHXHVIJIIXKSOE-QILQGKCVSA-N,exact DDInter name query,exact_unique,valid,"https://pubchem.ncbi.nlm.nih.gov/rest/pug/compound/name/Histrelin/property/Title,ConnectivitySMILES,SMILES,InChI,InChIKey/JSON",2026-09-22
DDInter865,Homatropine,5282593,Npc13206,CN1C2CCC1CC(C2)OC(=O)C(C3=CC=CC=C3)O,CN1[C@@H]2CC[C@H]1CC(C2)OC(=O)C(C3=CC=CC=C3)O,"InChI=1S/C16H21NO3/c1-17-12-7-8-13(17)10-14(9-12)20-16(19)15(18)11-5-3-2-4-6-11/h2-6,12-15,18H,7-10H2,1H3/t12-,13+,14?,15?",ZTVIKZXZYLEVOL-DGKWVBSXSA-N,exact DDInter name query,ambiguous,excluded_title_mismatch,"https://pubchem.ncbi.nlm.nih.gov/rest/pug/compound/name/Homatropine/property/Title,ConnectivitySMILES,SMILES,InChI,InChIKey/JSON",2026-09-22
DDInter866,Homatropine (ophthalmic),,,,,,,exact DDInter name query,unmapped,unavailable,"https://pubchem.ncbi.nlm.nih.gov/rest/pug/compound/name/Homatropine%20%28ophthalmic%29/property/Title,ConnectivitySMILES,SMILES,InChI,InChIKey/JSON",2026-09-22
DDInter867,Human adenovirus e serotype 4 strain cl-68578 antigen,,,,,,,exact DDInter name query,unmapped,unavailable,"https://pubchem.ncbi.nlm.nih.gov/rest/pug/compound/name/Human%20adenovirus%20e%20serotype%204%20strain%20cl-68578%20antigen/property/Title,ConnectivitySMILES,SMILES,InChI,InChIKey/JSON",2026-09-22
DDInter868,Human botulinum neurotoxin A/B immune globulin,,,,,,,exact DDInter name query,unmapped,unavailable,"https://pubchem.ncbi.nlm.nih.gov/rest/pug/compound/name/Human%20botulinum%20neurotoxin%20A%2FB%20immune%20globulin/property/Title,ConnectivitySMILES,SMILES,InChI,InChIKey/JSON",2026-09-22
DDInter869,Human C1-esterase inhibitor,,,,,,,exact DDInter name query,unmapped,unavailable,"https://pubchem.ncbi.nlm.nih.gov/rest/pug/compound/name/Human%20C1-esterase%20inhibitor/property/Title,ConnectivitySMILES,SMILES,InChI,InChIKey/JSON",2026-09-22
DDInter87,Amphotericin B (lipid complex),,,,,,,exact DDInter name query,unmapped,unavailable,"https://pubchem.ncbi.nlm.nih.gov/rest/pug/compound/name/Amphotericin%20B%20%28lipid%20complex%29/property/Title,ConnectivitySMILES,SMILES,InChI,InChIKey/JSON",2026-09-22
DDInter870,Human cytomegalovirus immune globulin,,,,,,,exact DDInter name query,unmapped,unavailable,"https://pubchem.ncbi.nlm.nih.gov/rest/pug/compound/name/Human%20cytomegalovirus%20immune%20globulin/property/Title,ConnectivitySMILES,SMILES,InChI,InChIKey/JSON",2026-09-22
DDInter871,Human immunoglobulin G (intramuscular),,,,,,,exact DDInter name query,unmapped,unavailable,"https://pubchem.ncbi.nlm.nih.gov/rest/pug/compound/name/Human%20immunoglobulin%20G%20%28intramuscular%29/property/Title,ConnectivitySMILES,SMILES,InChI,InChIKey/JSON",2026-09-22
DDInter872,Human immunoglobulin G (intravenous and subcutaneous),,,,,,,exact DDInter name query,unmapped,unavailable,"https://pubchem.ncbi.nlm.nih.gov/rest/pug/compound/name/Human%20immunoglobulin%20G%20%28intravenous%20and%20subcutaneous%29/property/Title,ConnectivitySMILES,SMILES,InChI,InChIKey/JSON",2026-09-22
DDInter873,Human immunoglobulin G (intravenous),,,,,,,exact DDInter name query,unmapped,unavailable,"https://pubchem.ncbi.nlm.nih.gov/rest/pug/compound/name/Human%20immunoglobulin%20G%20%28intravenous%29/property/Title,ConnectivitySMILES,SMILES,InChI,InChIKey/JSON",2026-09-22
DDInter874,Human immunoglobulin G (subcutaneous),,,,,,,exact DDInter name query,unmapped,unavailable,"https://pubchem.ncbi.nlm.nih.gov/rest/pug/compound/name/Human%20immunoglobulin%20G%20%28subcutaneous%29/property/Title,ConnectivitySMILES,SMILES,InChI,InChIKey/JSON",2026-09-22
DDInter875,Human papillomavirus type 11 L1 capsid protein antigen,,,,,,,exact DDInter name query,unmapped,unavailable,"https://pubchem.ncbi.nlm.nih.gov/rest/pug/compound/name/Human%20papillomavirus%20type%2011%20L1%20capsid%20protein%20antigen/property/Title,ConnectivitySMILES,SMILES,InChI,InChIKey/JSON",2026-09-22
DDInter877,Human Rho(D) immune globulin,,,,,,,exact DDInter name query,unmapped,unavailable,"https://pubchem.ncbi.nlm.nih.gov/rest/pug/compound/name/Human%20Rho%28D%29%20immune%20globulin/property/Title,ConnectivitySMILES,SMILES,InChI,InChIKey/JSON",2026-09-22
DDInter88,Amphotericin B (liposomal),,,,,,,exact DDInter name query,unmapped,unavailable,"https://pubchem.ncbi.nlm.nih.gov/rest/pug/compound/name/Amphotericin%20B%20%28liposomal%29/property/Title,ConnectivitySMILES,SMILES,InChI,InChIKey/JSON",2026-09-22
DDInter880,Hyaluronic acid,,,,,,,exact DDInter name query,unmapped,unavailable,"https://pubchem.ncbi.nlm.nih.gov/rest/pug/compound/name/Hyaluronic%20acid/property/Title,ConnectivitySMILES,SMILES,InChI,InChIKey/JSON",2026-09-22
DDInter881,Hyaluronidase,,,,,,,exact DDInter name query,unmapped,unavailable,"https://pubchem.ncbi.nlm.nih.gov/rest/pug/compound/name/Hyaluronidase/property/Title,ConnectivitySMILES,SMILES,InChI,InChIKey/JSON",2026-09-22
DDInter882,Hydralazine,3637,Hydralazine,C1=CC=C2C(=C1)C=NN=C2NN,C1=CC=C2C(=C1)C=NN=C2NN,"InChI=1S/C8H8N4/c9-11-8-7-4-2-1-3-6(7)5-10-12-8/h1-5H,9H2,(H,11,12)",RPTUSVTUFVMDQK-UHFFFAOYSA-N,exact DDInter name query,exact_unique,valid,"https://pubchem.ncbi.nlm.nih.gov/rest/pug/compound/name/Hydralazine/property/Title,ConnectivitySMILES,SMILES,InChI,InChIKey/JSON",2026-09-22
DDInter883,Hydrochlorothiazide,3639,Hydrochlorothiazide,C1NC2=CC(=C(C=C2S(=O)(=O)N1)S(=O)(=O)N)Cl,C1NC2=CC(=C(C=C2S(=O)(=O)N1)S(=O)(=O)N)Cl,"InChI=1S/C7H8ClN3O4S2/c8-4-1-5-7(2-6(4)16(9,12)13)17(14,15)11-3-10-5/h1-2,10-11H,3H2,(H2,9,12,13)",JZUFKLXOESDKRF-UHFFFAOYSA-N,exact DDInter name query,exact_unique,valid,"https://pubchem.ncbi.nlm.nih.gov/rest/pug/compound/name/Hydrochlorothiazide/property/Title,ConnectivitySMILES,SMILES,InChI,InChIKey/JSON",2026-09-22
DDInter884,Hydrocodone,5284569,Hydrocodone,CN1CCC23C4C1CC5=C2C(=C(C=C5)OC)OC3C(=O)CC4,CN1CC[C@]23[C@@H]4[C@H]1CC5=C2C(=C(C=C5)OC)O[C@H]3C(=O)CC4,"InChI=1S/C18H21NO3/c1-19-8-7-18-11-4-5-13(20)17(18)22-16-14(21-2)6-3-10(15(16)18)9-12(11)19/h3,6,11-12,17H,4-5,7-9H2,1-2H3/t11-,12+,17-,18-/m0/s1",LLPOLZWFYMWNKH-CMKMFDCUSA-N,exact DDInter name query,exact_unique,valid,"https://pubchem.ncbi.nlm.nih.gov/rest/pug/compound/name/Hydrocodone/property/Title,ConnectivitySMILES,SMILES,InChI,InChIKey/JSON",2026-09-22
DDInter885,Hydrocortisone,5754,Cortisol,CC12CCC(=O)C=C1CCC3C2C(CC4(C3CCC4(C(=O)CO)O)C)O,C[C@]12CCC(=O)C=C1CC[C@@H]3[C@@H]2[C@H](C[C@]4([C@H]3CC[C@@]4(C(=O)CO)O)C)O,"InChI=1S/C21H30O5/c1-19-7-5-13(23)9-12(19)3-4-14-15-6-8-21(26,17(25)11-22)20(15,2)10-16(24)18(14)19/h9,14-16,18,22,24,26H,3-8,10-11H2,1-2H3/t14-,15-,16-,18+,19-,20-,21-/m0/s1",JYGXADMDTFJGBT-VWUMJDOOSA-N,exact DDInter name query,ambiguous,excluded_title_mismatch,"https://pubchem.ncbi.nlm.nih.gov/rest/pug/compound/name/Hydrocortisone/property/Title,ConnectivitySMILES,SMILES,InChI,InChIKey/JSON",2026-09-22
DDInter886,Hydrocortisone (ophthalmic),,,,,,,exact DDInter name query,unmapped,unavailable,"https://pubchem.ncbi.nlm.nih.gov/rest/pug/compound/name/Hydrocortisone%20%28ophthalmic%29/property/Title,ConnectivitySMILES,SMILES,InChI,InChIKey/JSON",2026-09-22
DDInter887,Hydrocortisone (topical),,,,,,,exact DDInter name query,unmapped,unavailable,"https://pubchem.ncbi.nlm.nih.gov/rest/pug/compound/name/Hydrocortisone%20%28topical%29/property/Title,ConnectivitySMILES,SMILES,InChI,InChIKey/JSON",2026-09-22
DDInter888,Hydrocortisone butyrate,26133,Hydrocortisone Butyrate,CCCC(=O)OC1(CCC2C1(CC(C3C2CCC4=CC(=O)CCC34C)O)C)C(=O)CO,CCCC(=O)O[C@@]1(CC[C@@H]2[C@@]1(C[C@@H]([C@H]3[C@H]2CCC4=CC(=O)CC[C@]34C)O)C)C(=O)CO,"InChI=1S/C25H36O6/c1-4-5-21(30)31-25(20(29)14-26)11-9-18-17-7-6-15-12-16(27)8-10-23(15,2)22(17)19(28)13-24(18,25)3/h12,17-19,22,26,28H,4-11,13-14H2,1-3H3/t17-,18-,19-,22+,23-,24-,25-/m0/s1",BMCQMVFGOVHVNG-TUFAYURCSA-N,exact DDInter name query,exact_unique,valid,"https://pubchem.ncbi.nlm.nih.gov/rest/pug/compound/name/Hydrocortisone%20butyrate/property/Title,ConnectivitySMILES,SMILES,InChI,InChIKey/JSON",2026-09-22
DDInter889,Hydroflumethiazide,3647,Hydroflumethiazide,C1NC2=C(C=C(C(=C2)C(F)(F)F)S(=O)(=O)N)S(=O)(=O)N1,C1NC2=C(C=C(C(=C2)C(F)(F)F)S(=O)(=O)N)S(=O)(=O)N1,"InChI=1S/C8H8F3N3O4S2/c9-8(10,11)4-1-5-7(2-6(4)19(12,15)16)20(17,18)14-3-13-5/h1-2,13-14H,3H2,(H2,12,15,16)",DMDGGSIALPNSEE-UHFFFAOYSA-N,exact DDInter name query,exact_unique,valid,"https://pubchem.ncbi.nlm.nih.gov/rest/pug/compound/name/Hydroflumethiazide/property/Title,ConnectivitySMILES,SMILES,InChI,InChIKey/JSON",2026-09-22
DDInter89,Ampicillin,6249,Ampicillin,CC1(C(N2C(S1)C(C2=O)NC(=O)C(C3=CC=CC=C3)N)C(=O)O)C,CC1([C@@H](N2[C@H](S1)[C@@H](C2=O)NC(=O)[C@@H](C3=CC=CC=C3)N)C(=O)O)C,"InChI=1S/C16H19N3O4S/c1-16(2)11(15(22)23)19-13(21)10(14(19)24-16)18-12(20)9(17)8-6-4-3-5-7-8/h3-7,9-11,14H,17H2,1-2H3,(H,18,20)(H,22,23)/t9-,10-,11+,14-/m1/s1",AVKUERGKIZMTKX-NJBDSQKTSA-N,exact DDInter name query,exact_unique,valid,"https://pubchem.ncbi.nlm.nih.gov/rest/pug/compound/name/Ampicillin/property/Title,ConnectivitySMILES,SMILES,InChI,InChIKey/JSON",2026-09-22
DDInter890,Hydromorphone,5284570,Hydromorphone,CN1CCC23C4C1CC5=C2C(=C(C=C5)O)OC3C(=O)CC4,CN1CC[C@]23[C@@H]4[C@H]1CC5=C2C(=C(C=C5)O)O[C@H]3C(=O)CC4,"InChI=1S/C17H19NO3/c1-18-7-6-17-10-3-5-13(20)16(17)21-15-12(19)4-2-9(14(15)17)8-11(10)18/h2,4,10-11,16,19H,3,5-8H2,1H3/t10-,11+,16-,17-/m0/s1",WVLOADHCBXTIJK-YNHQPCIGSA-N,exact DDInter name query,exact_unique,valid,"https://pubchem.ncbi.nlm.nih.gov/rest/pug/compound/name/Hydromorphone/property/Title,ConnectivitySMILES,SMILES,InChI,InChIKey/JSON",2026-09-22
DDInter891,Hydroxocobalamin,44475014,Hydroxocobalamin,CC1=CC2=C(C=C1C)N(C=N2)C3C(C(C(O3)CO)OP(=O)([O-])OC(C)CNC(=O)CCC4(C(C5C6(C(C(C(=N6)C(=C7C(C(C(=N7)C=C8C(C(C(=N8)C(=C4[N-]5)C)CCC(=O)N)(C)C)CCC(=O)N)(C)CC(=O)N)C)CCC(=O)N)(C)CC(=O)N)C)CC(=O)N)C)O.[OH-].[Co+3],CC1=CC2=C(C=C1C)N(C=N2)[C@@H]3[C@@H]([C@@H]([C@H](O3)CO)OP(=O)([O-])O[C@H](C)CNC(=O)CC[C@@]\4([C@H]([C@@H]5[C@]6([C@@]([C@@H](C(=N6)/C(=C\7/[C@@]([C@@H](C(=N7)/C=C\8/C([C@@H](C(=N8)/C(=C4\[N-]5)/C)CCC(=O)N)(C)C)CCC(=O)N)(C)CC(=O)N)/C)CCC(=O)N)(C)CC(=O)N)C)CC(=O)N)C)O.[OH-].[Co+3],"InChI=1S/C62H90N13O14P.Co.H2O/c1-29-20-39-40(21-30(29)2)75(28-70-39)57-52(84)53(41(27-76)87-57)89-90(85,86)88-31(3)26-69-49(83)18-19-59(8)37(22-46(66)80)56-62(11)61(10,25-48(68)82)36(14-17-45(65)79)51(74-62)33(5)55-60(9,24-47(67)81)34(12-15-43(63)77)38(71-55)23-42-58(6,7)35(13-16-44(64)78)50(72-42)32(4)54(59)73-56;;/h20-21,23,28,31,34-37,41,52-53,56-57,76,84H,12-19,22,24-27H2,1-11H3,(H15,63,64,65,66,67,68,69,71,72,73,74,77,78,79,80,81,82,83,85,86);;1H2/q;+3;/p-3/t31-,34-,35-,36-,37+,41-,52-,53-,56-,57+,59-,60+,61+,62+;;/m1../s1",YOZNUFWCRFCGIH-WZHZPDAFSA-K,exact DDInter name query,exact_unique,valid,"https://pubchem.ncbi.nlm.nih.gov/rest/pug/compound/name/Hydroxocobalamin/property/Title,ConnectivitySMILES,SMILES,InChI,InChIKey/JSON",2026-09-22
DDInter892,Hydroxyamphetamine (ophthalmic),,,,,,,exact DDInter name query,unmapped,unavailable,"https://pubchem.ncbi.nlm.nih.gov/rest/pug/compound/name/Hydroxyamphetamine%20%28ophthalmic%29/property/Title,ConnectivitySMILES,SMILES,InChI,InChIKey/JSON",2026-09-22
DDInter893,Hydroxychloroquine,3652,Hydroxychloroquine,CCN(CCCC(C)NC1=C2C=CC(=CC2=NC=C1)Cl)CCO,CCN(CCCC(C)NC1=C2C=CC(=CC2=NC=C1)Cl)CCO,"InChI=1S/C18H26ClN3O/c1-3-22(11-12-23)10-4-5-14(2)21-17-8-9-20-18-13-15(19)6-7-16(17)18/h6-9,13-14,23H,3-5,10-12H2,1-2H3,(H,20,21)",XXSMGPRMXLTPCZ-UHFFFAOYSA-N,exact DDInter name query,exact_unique,valid,"https://pubchem.ncbi.nlm.nih.gov/rest/pug/compound/name/Hydroxychloroquine/property/Title,ConnectivitySMILES,SMILES,InChI,InChIKey/JSON",2026-09-22
DDInter894,Hydroxyurea,3657,Hydroxyurea,C(=O)(N)NO,C(=O)(N)NO,"InChI=1S/CH4N2O2/c2-1(4)3-5/h5H,(H3,2,3,4)",VSNHCAURESNICA-UHFFFAOYSA-N,exact DDInter name query,exact_unique,valid,"https://pubchem.ncbi.nlm.nih.gov/rest/pug/compound/name/Hydroxyurea/property/Title,ConnectivitySMILES,SMILES,InChI,InChIKey/JSON",2026-09-22
DDInter895,Hydroxyzine,3658,Hydroxyzine,C1CN(CCN1CCOCCO)C(C2=CC=CC=C2)C3=CC=C(C=C3)Cl,C1CN(CCN1CCOCCO)C(C2=CC=CC=C2)C3=CC=C(C=C3)Cl,"InChI=1S/C21H27ClN2O2/c22-20-8-6-19(7-9-20)21(18-4-2-1-3-5-18)24-12-10-23(11-13-24)14-16-26-17-15-25/h1-9,21,25H,10-17H2",ZQDWXGKKHFNSQK-UHFFFAOYSA-N,exact DDInter name query,exact_unique,valid,"https://pubchem.ncbi.nlm.nih.gov/rest/pug/compound/name/Hydroxyzine/property/Title,ConnectivitySMILES,SMILES,InChI,InChIKey/JSON",2026-09-22
DDInter896,Hyoscyamine,,,,,,,exact DDInter name query,ambiguous,excluded_multiple_candidates,"https://pubchem.ncbi.nlm.nih.gov/rest/pug/compound/name/Hyoscyamine/property/Title,ConnectivitySMILES,SMILES,InChI,InChIKey/JSON",2026-09-22
DDInter897,Ibandronate,60852,Ibandronate,CCCCCN(C)CCC(O)(P(=O)(O)O)P(=O)(O)O,CCCCCN(C)CCC(O)(P(=O)(O)O)P(=O)(O)O,"InChI=1S/C9H23NO7P2/c1-3-4-5-7-10(2)8-6-9(11,18(12,13)14)19(15,16)17/h11H,3-8H2,1-2H3,(H2,12,13,14)(H2,15,16,17)",MPBVHIBUJCELCL-UHFFFAOYSA-N,exact DDInter name query,exact_unique,valid,"https://pubchem.ncbi.nlm.nih.gov/rest/pug/compound/name/Ibandronate/property/Title,ConnectivitySMILES,SMILES,InChI,InChIKey/JSON",2026-09-22
DDInter898,Ibritumomab tiuxetan,,,,,,,exact DDInter name query,unmapped,unavailable,"https://pubchem.ncbi.nlm.nih.gov/rest/pug/compound/name/Ibritumomab%20tiuxetan/property/Title,ConnectivitySMILES,SMILES,InChI,InChIKey/JSON",2026-09-22
DDInter899,Ibrutinib,24821094,Ibrutinib,C=CC(=O)N1CCCC(C1)N2C3=NC=NC(=C3C(=N2)C4=CC=C(C=C4)OC5=CC=CC=C5)N,C=CC(=O)N1CCC[C@H](C1)N2C3=NC=NC(=C3C(=N2)C4=CC=C(C=C4)OC5=CC=CC=C5)N,"InChI=1S/C25H24N6O2/c1-2-21(32)30-14-6-7-18(15-30)31-25-22(24(26)27-16-28-25)23(29-31)17-10-12-20(13-11-17)33-19-8-4-3-5-9-19/h2-5,8-13,16,18H,1,6-7,14-15H2,(H2,26,27,28)/t18-/m1/s1",XYFPWWZEPKGCCK-GOSISDBHSA-N,exact DDInter name query,exact_unique,valid,"https://pubchem.ncbi.nlm.nih.gov/rest/pug/compound/name/Ibrutinib/property/Title,ConnectivitySMILES,SMILES,InChI,InChIKey/JSON",2026-09-22
DDInter9,Acalabrutinib,71226662,Acalabrutinib,CC#CC(=O)N1CCCC1C2=NC(=C3N2C=CN=C3N)C4=CC=C(C=C4)C(=O)NC5=CC=CC=N5,CC#CC(=O)N1CCC[C@H]1C2=NC(=C3N2C=CN=C3N)C4=CC=C(C=C4)C(=O)NC5=CC=CC=N5,"InChI=1S/C26H23N7O2/c1-2-6-21(34)32-15-5-7-19(32)25-31-22(23-24(27)29-14-16-33(23)25)17-9-11-18(12-10-17)26(35)30-20-8-3-4-13-28-20/h3-4,8-14,16,19H,5,7,15H2,1H3,(H2,27,29)(H,28,30,35)/t19-/m0/s1",WDENQIQQYWYTPO-IBGZPJMESA-N,exact DDInter name query,exact_unique,valid,"https://pubchem.ncbi.nlm.nih.gov/rest/pug/compound/name/Acalabrutinib/property/Title,ConnectivitySMILES,SMILES,InChI,InChIKey/JSON",2026-09-22
DDInter90,Amprenavir,65016,Amprenavir,CC(C)CN(CC(C(CC1=CC=CC=C1)NC(=O)OC2CCOC2)O)S(=O)(=O)C3=CC=C(C=C3)N,CC(C)CN(C[C@H]([C@H](CC1=CC=CC=C1)NC(=O)O[C@H]2CCOC2)O)S(=O)(=O)C3=CC=C(C=C3)N,"InChI=1S/C25H35N3O6S/c1-18(2)15-28(35(31,32)22-10-8-20(26)9-11-22)16-24(29)23(14-19-6-4-3-5-7-19)27-25(30)34-21-12-13-33-17-21/h3-11,18,21,23-24,29H,12-17,26H2,1-2H3,(H,27,30)/t21-,23-,24+/m0/s1",YMARZQAQMVYCKC-OEMFJLHTSA-N,exact DDInter name query,exact_unique,valid,"https://pubchem.ncbi.nlm.nih.gov/rest/pug/compound/name/Amprenavir/property/Title,ConnectivitySMILES,SMILES,InChI,InChIKey/JSON",2026-09-22
DDInter900,Ibuprofen,3672,"Ibuprofen, (+-)-",CC(C)CC1=CC=C(C=C1)C(C)C(=O)O,CC(C)CC1=CC=C(C=C1)C(C)C(=O)O,"InChI=1S/C13H18O2/c1-9(2)8-11-4-6-12(7-5-11)10(3)13(14)15/h4-7,9-10H,8H2,1-3H3,(H,14,15)",HEFNNWSXXWATRW-UHFFFAOYSA-N,exact DDInter name query,ambiguous,excluded_title_mismatch,"https://pubchem.ncbi.nlm.nih.gov/rest/pug/compound/name/Ibuprofen/property/Title,ConnectivitySMILES,SMILES,InChI,InChIKey/JSON",2026-09-22
DDInter901,Ibutilide,60753,Ibutilide,CCCCCCCN(CC)CCCC(C1=CC=C(C=C1)NS(=O)(=O)C)O,CCCCCCCN(CC)CCCC(C1=CC=C(C=C1)NS(=O)(=O)C)O,"InChI=1S/C20H36N2O3S/c1-4-6-7-8-9-16-22(5-2)17-10-11-20(23)18-12-14-19(15-13-18)21-26(3,24)25/h12-15,20-21,23H,4-11,16-17H2,1-3H3",ALOBUEHUHMBRLE-UHFFFAOYSA-N,exact DDInter name query,exact_unique,valid,"https://pubchem.ncbi.nlm.nih.gov/rest/pug/compound/name/Ibutilide/property/Title,ConnectivitySMILES,SMILES,InChI,InChIKey/JSON",2026-09-22
DDInter902,Icatibant,6918173,Icatibant,C1CCC2C(C1)CC(N2C(=O)C3CC4=CC=CC=C4CN3C(=O)C(CO)NC(=O)C(CC5=CC=CS5)NC(=O)CNC(=O)C6CC(CN6C(=O)C7CCCN7C(=O)C(CCCN=C(N)N)NC(=O)C(CCCN=C(N)N)N)O)C(=O)NC(CCCN=C(N)N)C(=O)O,C1CC[C@H]2[C@@H](C1)C[C@H](N2C(=O)[C@H]3CC4=CC=CC=C4CN3C(=O)[C@H](CO)NC(=O)[C@H](CC5=CC=CS5)NC(=O)CNC(=O)[C@@H]6C[C@H](CN6C(=O)[C@@H]7CCCN7C(=O)[C@H](CCCN=C(N)N)NC(=O)[C@@H](CCCN=C(N)N)N)O)C(=O)N[C@@H](CCCN=C(N)N)C(=O)O,"InChI=1S/C59H89N19O13S/c60-37(14-5-19-67-57(61)62)48(82)72-38(15-6-20-68-58(63)64)52(86)75-22-8-18-43(75)54(88)77-30-35(80)26-44(77)50(84)70-28-47(81)71-40(27-36-13-9-23-92-36)49(83)74-41(31-79)53(87)76-29-34-12-2-1-10-32(34)24-46(76)55(89)78-42-17-4-3-11-33(42)25-45(78)51(85)73-39(56(90)91)16-7-21-69-59(65)66/h1-2,9-10,12-13,23,33,35,37-46,79-80H,3-8,11,14-22,24-31,60H2,(H,70,84)(H,71,81)(H,72,82)(H,73,85)(H,74,83)(H,90,91)(H4,61,62,67)(H4,63,64,68)(H4,65,66,69)/t33-,35+,37+,38-,39-,40-,41-,42-,43-,44-,45-,46+/m0/s1",QURWXBZNHXJZBE-SKXRKSCCSA-N,exact DDInter name query,exact_unique,valid,"https://pubchem.ncbi.nlm.nih.gov/rest/pug/compound/name/Icatibant/property/Title,ConnectivitySMILES,SMILES,InChI,InChIKey/JSON",2026-09-22
DDInter903,Icosapent,446284,Icosapent,CCC=CCC=CCC=CCC=CCC=CCCCC(=O)O,CC/C=C\C/C=C\C/C=C\C/C=C\C/C=C\CCCC(=O)O,"InChI=1S/C20H30O2/c1-2-3-4-5-6-7-8-9-10-11-12-13-14-15-16-17-18-19-20(21)22/h3-4,6-7,9-10,12-13,15-16H,2,5,8,11,14,17-19H2,1H3,(H,21,22)/b4-3-,7-6-,10-9-,13-12-,16-15-",JAZBEHYOTPTENJ-JLNKQSITSA-N,exact DDInter name query,exact_unique,valid,"https://pubchem.ncbi.nlm.nih.gov/rest/pug/compound/name/Icosapent/property/Title,ConnectivitySMILES,SMILES,InChI,InChIKey/JSON",2026-09-22
DDInter904,Idarubicin,42890,Idarubicin,CC1C(C(CC(O1)OC2CC(CC3=C2C(=C4C(=C3O)C(=O)C5=CC=CC=C5C4=O)O)(C(=O)C)O)N)O,C[C@H]1[C@H]([C@H](C[C@@H](O1)O[C@H]2C[C@@](CC3=C2C(=C4C(=C3O)C(=O)C5=CC=CC=C5C4=O)O)(C(=O)C)O)N)O,"InChI=1S/C26H27NO9/c1-10-21(29)15(27)7-17(35-10)36-16-9-26(34,11(2)28)8-14-18(16)25(33)20-19(24(14)32)22(30)12-5-3-4-6-13(12)23(20)31/h3-6,10,15-17,21,29,32-34H,7-9,27H2,1-2H3/t10-,15-,16-,17-,21+,26-/m0/s1",XDXDZDZNSLXDNA-TZNDIEGXSA-N,exact DDInter name query,exact_unique,valid,"https://pubchem.ncbi.nlm.nih.gov/rest/pug/compound/name/Idarubicin/property/Title,ConnectivitySMILES,SMILES,InChI,InChIKey/JSON",2026-09-22
DDInter905,Idelalisib,11625818,Idelalisib,CCC(C1=NC2=C(C(=CC=C2)F)C(=O)N1C3=CC=CC=C3)NC4=NC=NC5=C4NC=N5,CC[C@@H](C1=NC2=C(C(=CC=C2)F)C(=O)N1C3=CC=CC=C3)NC4=NC=NC5=C4NC=N5,"InChI=1S/C22H18FN7O/c1-2-15(28-20-18-19(25-11-24-18)26-12-27-20)21-29-16-10-6-9-14(23)17(16)22(31)30(21)13-7-4-3-5-8-13/h3-12,15H,2H2,1H3,(H2,24,25,26,27,28)/t15-/m0/s1",IFSDAJWBUCMOAH-HNNXBMFYSA-N,exact DDInter name query,exact_unique,valid,"https://pubchem.ncbi.nlm.nih.gov/rest/pug/compound/name/Idelalisib/property/Title,ConnectivitySMILES,SMILES,InChI,InChIKey/JSON",2026-09-22
DDInter906,Ifosfamide,3690,Ifosfamide,C1CN(P(=O)(OC1)NCCCl)CCCl,C1CN(P(=O)(OC1)NCCCl)CCCl,"InChI=1S/C7H15Cl2N2O2P/c8-2-4-10-14(12)11(6-3-9)5-1-7-13-14/h1-7H2,(H,10,12)",HOMGKSMUEGBAAB-UHFFFAOYSA-N,exact DDInter name query,exact_unique,valid,"https://pubchem.ncbi.nlm.nih.gov/rest/pug/compound/name/Ifosfamide/property/Title,ConnectivitySMILES,SMILES,InChI,InChIKey/JSON",2026-09-22
DDInter907,Iloperidone,71360,Iloperidone,CC(=O)C1=CC(=C(C=C1)OCCCN2CCC(CC2)C3=NOC4=C3C=CC(=C4)F)OC,CC(=O)C1=CC(=C(C=C1)OCCCN2CCC(CC2)C3=NOC4=C3C=CC(=C4)F)OC,"InChI=1S/C24H27FN2O4/c1-16(28)18-4-7-21(23(14-18)29-2)30-13-3-10-27-11-8-17(9-12-27)24-20-6-5-19(25)15-22(20)31-26-24/h4-7,14-15,17H,3,8-13H2,1-2H3",XMXHEBAFVSFQEX-UHFFFAOYSA-N,exact DDInter name query,exact_unique,valid,"https://pubchem.ncbi.nlm.nih.gov/rest/pug/compound/name/Iloperidone/property/Title,ConnectivitySMILES,SMILES,InChI,InChIKey/JSON",2026-09-22
DDInter908,Iloprost,5311181,Iloprost,CC#CCC(C)C(C=CC1C(CC2C1CC(=CCCCC(=O)O)C2)O)O,CC#CCC(C)[C@@H](/C=C/[C@H]1[C@@H](C[C@H]2[C@@H]1C/C(=C/CCCC(=O)O)/C2)O)O,"InChI=1S/C22H32O4/c1-3-4-7-15(2)20(23)11-10-18-19-13-16(8-5-6-9-22(25)26)12-17(19)14-21(18)24/h8,10-11,15,17-21,23-24H,5-7,9,12-14H2,1-2H3,(H,25,26)/b11-10+,16-8+/t15?,17-,18+,19-,20+,21+/m0/s1",HIFJCPQKFCZDDL-ACWOEMLNSA-N,exact DDInter name query,exact_unique,valid,"https://pubchem.ncbi.nlm.nih.gov/rest/pug/compound/name/Iloprost/property/Title,ConnectivitySMILES,SMILES,InChI,InChIKey/JSON",2026-09-22
DDInter909,Imatinib,5291,Imatinib,CC1=C(C=C(C=C1)NC(=O)C2=CC=C(C=C2)CN3CCN(CC3)C)NC4=NC=CC(=N4)C5=CN=CC=C5,CC1=C(C=C(C=C1)NC(=O)C2=CC=C(C=C2)CN3CCN(CC3)C)NC4=NC=CC(=N4)C5=CN=CC=C5,"InChI=1S/C29H31N7O/c1-21-5-10-25(18-27(21)34-29-31-13-11-26(33-29)24-4-3-12-30-19-24)32-28(37)23-8-6-22(7-9-23)20-36-16-14-35(2)15-17-36/h3-13,18-19H,14-17,20H2,1-2H3,(H,32,37)(H,31,33,34)",KTUFNOKKBVMGRW-UHFFFAOYSA-N,exact DDInter name query,exact_unique,valid,"https://pubchem.ncbi.nlm.nih.gov/rest/pug/compound/name/Imatinib/property/Title,ConnectivitySMILES,SMILES,InChI,InChIKey/JSON",2026-09-22
DDInter91,Amrinone,3698,Amrinone,C1=CN=CC=C1C2=CNC(=O)C(=C2)N,C1=CN=CC=C1C2=CNC(=O)C(=C2)N,"InChI=1S/C10H9N3O/c11-9-5-8(6-13-10(9)14)7-1-3-12-4-2-7/h1-6H,11H2,(H,13,14)",RNLQIBCLLYYYFJ-UHFFFAOYSA-N,exact DDInter name query,exact_unique,valid,"https://pubchem.ncbi.nlm.nih.gov/rest/pug/compound/name/Amrinone/property/Title,ConnectivitySMILES,SMILES,InChI,InChIKey/JSON",2026-09-22
DDInter910,Imiglucerase,,,,,,,exact DDInter name query,unmapped,unavailable,"https://pubchem.ncbi.nlm.nih.gov/rest/pug/compound/name/Imiglucerase/property/Title,ConnectivitySMILES,SMILES,InChI,InChIKey/JSON",2026-09-22
DDInter911,Imipenem,104838,Imipenem,CC(C1C2CC(=C(N2C1=O)C(=O)O)SCCN=CN)O,C[C@H]([C@@H]1[C@H]2CC(=C(N2C1=O)C(=O)O)SCCN=CN)O,"InChI=1S/C12H17N3O4S/c1-6(16)9-7-4-8(20-3-2-14-5-13)10(12(18)19)15(7)11(9)17/h5-7,9,16H,2-4H2,1H3,(H2,13,14)(H,18,19)/t6-,7-,9-/m1/s1",ZSKVGTPCRGIANV-ZXFLCMHBSA-N,exact DDInter name query,exact_unique,valid,"https://pubchem.ncbi.nlm.nih.gov/rest/pug/compound/name/Imipenem/property/Title,ConnectivitySMILES,SMILES,InChI,InChIKey/JSON",2026-09-22
DDInter912,Imipramine,3696,Imipramine,CN(C)CCCN1C2=CC=CC=C2CCC3=CC=CC=C31,CN(C)CCCN1C2=CC=CC=C2CCC3=CC=CC=C31,"InChI=1S/C19H24N2/c1-20(2)14-7-15-21-18-10-5-3-8-16(18)12-13-17-9-4-6-11-19(17)21/h3-6,8-11H,7,12-15H2,1-2H3",BCGWQEUPMDMJNV-UHFFFAOYSA-N,exact DDInter name query,exact_unique,valid,"https://pubchem.ncbi.nlm.nih.gov/rest/pug/compound/name/Imipramine/property/Title,ConnectivitySMILES,SMILES,InChI,InChIKey/JSON",2026-09-22
DDInter913,Imiquimod,57469,Imiquimod,CC(C)CN1C=NC2=C1C3=CC=CC=C3N=C2N,CC(C)CN1C=NC2=C1C3=CC=CC=C3N=C2N,"InChI=1S/C14H16N4/c1-9(2)7-18-8-16-12-13(18)10-5-3-4-6-11(10)17-14(12)15/h3-6,8-9H,7H2,1-2H3,(H2,15,17)",DOUYETYNHWVLEO-UHFFFAOYSA-N,exact DDInter name query,exact_unique,valid,"https://pubchem.ncbi.nlm.nih.gov/rest/pug/compound/name/Imiquimod/property/Title,ConnectivitySMILES,SMILES,InChI,InChIKey/JSON",2026-09-22
DDInter914,Imiquimod (topical),,,,,,,exact DDInter name query,unmapped,unavailable,"https://pubchem.ncbi.nlm.nih.gov/rest/pug/compound/name/Imiquimod%20%28topical%29/property/Title,ConnectivitySMILES,SMILES,InChI,InChIKey/JSON",2026-09-22
DDInter915,Indacaterol,6918554,Indacaterol,CCC1=C(C=C2CC(CC2=C1)NCC(C3=C4C=CC(=O)NC4=C(C=C3)O)O)CC,CCC1=C(C=C2CC(CC2=C1)NC[C@@H](C3=C4C=CC(=O)NC4=C(C=C3)O)O)CC,"InChI=1S/C24H28N2O3/c1-3-14-9-16-11-18(12-17(16)10-15(14)4-2)25-13-22(28)19-5-7-21(27)24-20(19)6-8-23(29)26-24/h5-10,18,22,25,27-28H,3-4,11-13H2,1-2H3,(H,26,29)/t22-/m0/s1",QZZUEBNBZAPZLX-QFIPXVFZSA-N,exact DDInter name query,exact_unique,valid,"https://pubchem.ncbi.nlm.nih.gov/rest/pug/compound/name/Indacaterol/property/Title,ConnectivitySMILES,SMILES,InChI,InChIKey/JSON",2026-09-22
DDInter916,Indapamide,3702,Indapamide,CC1CC2=CC=CC=C2N1NC(=O)C3=CC(=C(C=C3)Cl)S(=O)(=O)N,CC1CC2=CC=CC=C2N1NC(=O)C3=CC(=C(C=C3)Cl)S(=O)(=O)N,"InChI=1S/C16H16ClN3O3S/c1-10-8-11-4-2-3-5-14(11)20(10)19-16(21)12-6-7-13(17)15(9-12)24(18,22)23/h2-7,9-10H,8H2,1H3,(H,19,21)(H2,18,22,23)",NDDAHWYSQHTHNT-UHFFFAOYSA-N,exact DDInter name query,exact_unique,valid,"https://pubchem.ncbi.nlm.nih.gov/rest/pug/compound/name/Indapamide/property/Title,ConnectivitySMILES,SMILES,InChI,InChIKey/JSON",2026-09-22
DDInter917,Indinavir,5362440,Indinavir,CC(C)(C)NC(=O)C1CN(CCN1CC(CC(CC2=CC=CC=C2)C(=O)NC3C(CC4=CC=CC=C34)O)O)CC5=CN=CC=C5,CC(C)(C)NC(=O)[C@@H]1CN(CCN1C[C@H](C[C@@H](CC2=CC=CC=C2)C(=O)N[C@@H]3[C@@H](CC4=CC=CC=C34)O)O)CC5=CN=CC=C5,"InChI=1S/C36H47N5O4/c1-36(2,3)39-35(45)31-24-40(22-26-12-9-15-37-21-26)16-17-41(31)23-29(42)19-28(18-25-10-5-4-6-11-25)34(44)38-33-30-14-8-7-13-27(30)20-32(33)43/h4-15,21,28-29,31-33,42-43H,16-20,22-24H2,1-3H3,(H,38,44)(H,39,45)/t28-,29+,31+,32-,33+/m1/s1",CBVCZFGXHXORBI-PXQQMZJSSA-N,exact DDInter name query,exact_unique,valid,"https://pubchem.ncbi.nlm.nih.gov/rest/pug/compound/name/Indinavir/property/Title,ConnectivitySMILES,SMILES,InChI,InChIKey/JSON",2026-09-22
DDInter918,Indium In-111 oxyquinoline,119117,Indium In-111 Oxyquinoline,C1=CC2=C(C(=C1)[O-])N=CC=C2.C1=CC2=C(C(=C1)[O-])N=CC=C2.C1=CC2=C(C(=C1)[O-])N=CC=C2.[In+3],C1=CC2=C(C(=C1)[O-])N=CC=C2.C1=CC2=C(C(=C1)[O-])N=CC=C2.C1=CC2=C(C(=C1)[O-])N=CC=C2.[111In+3],"InChI=1S/3C9H7NO.In/c3*11-8-5-1-3-7-4-2-6-10-9(7)8;/h3*1-6,11H;/q;;;+3/p-3/i;;;1-4",AEGSYIKLTCZUEZ-FZTWWWDYSA-K,exact DDInter name query,exact_unique,valid,"https://pubchem.ncbi.nlm.nih.gov/rest/pug/compound/name/Indium%20In-111%20oxyquinoline/property/Title,ConnectivitySMILES,SMILES,InChI,InChIKey/JSON",2026-09-22
DDInter919,Indium In-111 pentetate,76967078,Indium In 111 Pentetate,[H+].[H+].C(CN(CC(=O)[O-])CC(=O)[O-])N(CCN(CC(=O)[O-])CC(=O)[O-])CC(=O)[O-].[In+3],[H+].[H+].C(CN(CC(=O)[O-])CC(=O)[O-])N(CCN(CC(=O)[O-])CC(=O)[O-])CC(=O)[O-].[111In+3],"InChI=1S/C14H23N3O10.In/c18-10(19)5-15(1-3-16(6-11(20)21)7-12(22)23)2-4-17(8-13(24)25)9-14(26)27;/h1-9H2,(H,18,19)(H,20,21)(H,22,23)(H,24,25)(H,26,27);/q;+3/p-3/i;1-4",BLALCKLYSDDAOC-JWFOFJTQSA-K,exact DDInter name query,ambiguous,excluded_title_mismatch,"https://pubchem.ncbi.nlm.nih.gov/rest/pug/compound/name/Indium%20In-111%20pentetate/property/Title,ConnectivitySMILES,SMILES,InChI,InChIKey/JSON",2026-09-22
DDInter92,Amyl Nitrite,8053,Isoamyl Nitrite,CC(C)CCON=O,CC(C)CCON=O,"InChI=1S/C5H11NO2/c1-5(2)3-4-8-6-7/h5H,3-4H2,1-2H3",OWFXIOWLTKNBAP-UHFFFAOYSA-N,exact DDInter name query,ambiguous,excluded_title_mismatch,"https://pubchem.ncbi.nlm.nih.gov/rest/pug/compound/name/Amyl%20Nitrite/property/Title,ConnectivitySMILES,SMILES,InChI,InChIKey/JSON",2026-09-22
DDInter920,Indium In-111 pentetreotide,76871863,Indium In-111 Pentetreotide,CC(C1C(=O)NC(CSSCC(C(=O)NC(C(=O)NC(C(=O)NC(C(=O)N1)CCCCN)CC2=CNC3=CC=CC=C32)CC4=CC=CC=C4)NC(=O)C(CC5=CC=CC=C5)NC(=O)CN(CCN(CCC(C(=O)[O-])C(=O)[O-])CC(=O)[O-])CC(=O)[O-])C(=O)NC(CO)C(C)O)O.[In+3],CC(C1C(=O)NC(CSSCC(C(=O)NC(C(=O)NC(C(=O)NC(C(=O)N1)CCCCN)CC2=CNC3=CC=CC=C32)CC4=CC=CC=C4)NC(=O)C(CC5=CC=CC=C5)NC(=O)CN(CCN(CCC(C(=O)[O-])C(=O)[O-])CC(=O)[O-])CC(=O)[O-])C(=O)NC(CO)C(C)O)O.[111In+3],"InChI=1S/C62H84N12O19S2.In/c1-35(76)47(32-75)69-59(88)49-34-95-94-33-48(70-55(84)44(25-37-13-5-3-6-14-37)65-50(78)29-74(31-52(81)82)24-23-73(30-51(79)80)22-20-41(61(90)91)62(92)93)58(87)67-45(26-38-15-7-4-8-16-38)56(85)68-46(27-39-28-64-42-18-10-9-17-40(39)42)57(86)66-43(19-11-12-21-63)54(83)72-53(36(2)77)60(89)71-49;/h3-10,13-18,28,35-36,41,43-49,53,64,75-77H,11-12,19-27,29-34,63H2,1-2H3,(H,65,78)(H,66,86)(H,67,87)(H,68,85)(H,69,88)(H,70,84)(H,71,89)(H,72,83)(H,79,80)(H,81,82)(H,90,91)(H,92,93);/q;+3/p-4/i;1-4",ZKZPXKKVDJOAIS-JWFOFJTQSA-J,exact DDInter name query,exact_unique,valid,"https://pubchem.ncbi.nlm.nih.gov/rest/pug/compound/name/Indium%20In-111%20pentetreotide/property/Title,ConnectivitySMILES,SMILES,InChI,InChIKey/JSON",2026-09-22
DDInter921,Indomethacin,3715,Indomethacin,CC1=C(C2=C(N1C(=O)C3=CC=C(C=C3)Cl)C=CC(=C2)OC)CC(=O)O,CC1=C(C2=C(N1C(=O)C3=CC=C(C=C3)Cl)C=CC(=C2)OC)CC(=O)O,"InChI=1S/C19H16ClNO4/c1-11-15(10-18(22)23)16-9-14(25-2)7-8-17(16)21(11)19(24)12-3-5-13(20)6-4-12/h3-9H,10H2,1-2H3,(H,22,23)",CGIGDMFJXJATDK-UHFFFAOYSA-N,exact DDInter name query,exact_unique,valid,"https://pubchem.ncbi.nlm.nih.gov/rest/pug/compound/name/Indomethacin/property/Title,ConnectivitySMILES,SMILES,InChI,InChIKey/JSON",2026-09-22
DDInter922,Inebilizumab,,,,,,,exact DDInter name query,unmapped,unavailable,"https://pubchem.ncbi.nlm.nih.gov/rest/pug/compound/name/Inebilizumab/property/Title,ConnectivitySMILES,SMILES,InChI,InChIKey/JSON",2026-09-22
DDInter923,Infliximab,,,,,,,exact DDInter name query,unmapped,unavailable,"https://pubchem.ncbi.nlm.nih.gov/rest/pug/compound/name/Infliximab/property/Title,ConnectivitySMILES,SMILES,InChI,InChIKey/JSON",2026-09-22
DDInter924,Influenza A virus A/California/7/2009 (H1N1)-like antigen (propiolactone inactivated),,,,,,,exact DDInter name query,unmapped,unavailable,"https://pubchem.ncbi.nlm.nih.gov/rest/pug/compound/name/Influenza%20A%20virus%20A%2FCalifornia%2F7%2F2009%20%28H1N1%29-like%20antigen%20%28propiolactone%20inactivated%29/property/Title,ConnectivitySMILES,SMILES,InChI,InChIKey/JSON",2026-09-22
DDInter925,Influenza A virus A/Vietnam/1194/2004 (H5N1) antigen (formaldehyde inactivated),,,,,,,exact DDInter name query,unmapped,unavailable,"https://pubchem.ncbi.nlm.nih.gov/rest/pug/compound/name/Influenza%20A%20virus%20A%2FVietnam%2F1194%2F2004%20%28H5N1%29%20antigen%20%28formaldehyde%20inactivated%29/property/Title,ConnectivitySMILES,SMILES,InChI,InChIKey/JSON",2026-09-22
DDInter926,Inotersen,,,,,,,exact DDInter name query,unmapped,unavailable,"https://pubchem.ncbi.nlm.nih.gov/rest/pug/compound/name/Inotersen/property/Title,ConnectivitySMILES,SMILES,InChI,InChIKey/JSON",2026-09-22
DDInter927,Inotuzumab ozogamicin,,,,,,,exact DDInter name query,unmapped,unavailable,"https://pubchem.ncbi.nlm.nih.gov/rest/pug/compound/name/Inotuzumab%20ozogamicin/property/Title,ConnectivitySMILES,SMILES,InChI,InChIKey/JSON",2026-09-22
DDInter928,Insulin aspart (aspart protamine),,,,,,,exact DDInter name query,unmapped,unavailable,"https://pubchem.ncbi.nlm.nih.gov/rest/pug/compound/name/Insulin%20aspart%20%28aspart%20protamine%29/property/Title,ConnectivitySMILES,SMILES,InChI,InChIKey/JSON",2026-09-22
DDInter929,Insulin aspart (aspart),,,,,,,exact DDInter name query,unmapped,unavailable,"https://pubchem.ncbi.nlm.nih.gov/rest/pug/compound/name/Insulin%20aspart%20%28aspart%29/property/Title,ConnectivitySMILES,SMILES,InChI,InChIKey/JSON",2026-09-22
DDInter93,Anagrelide,135409400,Anagrelide,C1C2=C(C=CC(=C2Cl)Cl)N=C3N1CC(=O)N3,C1C2=C(C=CC(=C2Cl)Cl)N=C3N1CC(=O)N3,"InChI=1S/C10H7Cl2N3O/c11-6-1-2-7-5(9(6)12)3-15-4-8(16)14-10(15)13-7/h1-2H,3-4H2,(H,13,14,16)",OTBXOEAOVRKTNQ-UHFFFAOYSA-N,exact DDInter name query,exact_unique,valid,"https://pubchem.ncbi.nlm.nih.gov/rest/pug/compound/name/Anagrelide/property/Title,ConnectivitySMILES,SMILES,InChI,InChIKey/JSON",2026-09-22
DDInter930,Insulin degludec,118984462,Insulin Degludec,CCC(C)C1C(=O)NC2CSSCC(C(=O)NC(CSSCC(C(=O)NCC(=O)NC(C(=O)NC(C(=O)NC(C(=O)NC(C(=O)NC(C(=O)NC(C(=O)NC(C(=O)NC(C(=O)NC(C(=O)NC(C(=O)NC(CSSCC(NC(=O)C(NC(=O)C(NC(=O)C(NC(=O)C(NC(=O)C(NC(=O)C(NC(=O)C(NC(=O)C(NC2=O)CO)CC(C)C)CC3=CC=C(C=C3)O)CCC(=O)N)CC(C)C)CCC(=O)O)CC(=O)N)CC4=CC=C(C=C4)O)C(=O)NC(CC(=O)N)C(=O)O)C(=O)NCC(=O)NC(CCC(=O)O)C(=O)NC(CCCNC(=N)N)C(=O)NCC(=O)NC(CC5=CC=CC=C5)C(=O)NC(CC6=CC=CC=C6)C(=O)NC(CC7=CC=C(C=C7)O)C(=O)NC(C(C)O)C(=O)N8CCCC8C(=O)NC(CCCCNC(=O)CCC(C(=O)O)NC(=O)CCCCCCCCCCCCCCC(=O)O)C(=O)O)C(C)C)CC(C)C)CC9=CC=C(C=C9)O)CC(C)C)C)CCC(=O)O)C(C)C)CC(C)C)CC2=CNC=N2)CO)NC(=O)C(CC(C)C)NC(=O)C(CC2=CNC=N2)NC(=O)C(CCC(=O)N)NC(=O)C(CC(=O)N)NC(=O)C(C(C)C)NC(=O)C(CC2=CC=CC=C2)N)C(=O)NC(C(=O)NC(C(=O)N1)CO)C(C)O)NC(=O)C(CCC(=O)N)NC(=O)C(CCC(=O)O)NC(=O)C(C(C)C)NC(=O)C(C(C)CC)NC(=O)CN,CC[C@H](C)[C@H]1C(=O)N[C@H]2CSSC[C@@H](C(=O)N[C@@H](CSSC[C@@H](C(=O)NCC(=O)N[C@H](C(=O)N[C@H](C(=O)N[C@H](C(=O)N[C@H](C(=O)N[C@H](C(=O)N[C@H](C(=O)N[C@H](C(=O)N[C@H](C(=O)N[C@H](C(=O)N[C@H](C(=O)N[C@@H](CSSC[C@H](NC(=O)[C@@H](NC(=O)[C@@H](NC(=O)[C@@H](NC(=O)[C@@H](NC(=O)[C@@H](NC(=O)[C@@H](NC(=O)[C@@H](NC(=O)[C@@H](NC2=O)CO)CC(C)C)CC3=CC=C(C=C3)O)CCC(=O)N)CC(C)C)CCC(=O)O)CC(=O)N)CC4=CC=C(C=C4)O)C(=O)N[C@@H](CC(=O)N)C(=O)O)C(=O)NCC(=O)N[C@@H](CCC(=O)O)C(=O)N[C@@H](CCCNC(=N)N)C(=O)NCC(=O)N[C@@H](CC5=CC=CC=C5)C(=O)N[C@@H](CC6=CC=CC=C6)C(=O)N[C@@H](CC7=CC=C(C=C7)O)C(=O)N[C@@H]([C@@H](C)O)C(=O)N8CCC[C@H]8C(=O)N[C@@H](CCCCNC(=O)CC[C@@H](C(=O)O)NC(=O)CCCCCCCCCCCCCCC(=O)O)C(=O)O)C(C)C)CC(C)C)CC9=CC=C(C=C9)O)CC(C)C)C)CCC(=O)O)C(C)C)CC(C)C)CC2=CNC=N2)CO)NC(=O)[C@H](CC(C)C)NC(=O)[C@H](CC2=CNC=N2)NC(=O)[C@H](CCC(=O)N)NC(=O)[C@H](CC(=O)N)NC(=O)[C@H](C(C)C)NC(=O)[C@H](CC2=CC=CC=C2)N)C(=O)N[C@H](C(=O)N[C@H](C(=O)N1)CO)[C@@H](C)O)NC(=O)[C@H](CCC(=O)N)NC(=O)[C@H](CCC(=O)O)NC(=O)[C@H](C(C)C)NC(=O)[C@H]([C@@H](C)CC)NC(=O)CN,"InChI=1S/C274H411N65O81S6/c1-28-146(23)223(331-210(357)119-275)268(412)335-222(145(21)22)264(408)305-172(89-97-218(369)370)234(378)300-169(84-92-204(279)351)238(382)326-198-131-424-425-132-199-259(403)323-193(126-341)256(400)312-177(103-138(7)8)241(385)313-183(110-154-66-74-160(345)75-67-154)244(388)301-167(82-90-202(277)349)235(379)308-176(102-137(5)6)239(383)303-171(88-96-217(367)368)237(381)320-189(116-205(280)352)251(395)316-185(112-156-70-78-162(347)79-71-156)247(391)327-197(258(402)322-191(273(419)420)118-207(282)354)130-423-422-129-196(231(375)290-122-211(358)295-166(86-94-215(363)364)233(377)299-165(62-53-99-288-274(283)284)229(373)289-123-212(359)297-181(108-152-57-45-41-46-58-152)243(387)315-182(109-153-59-47-42-48-60-153)246(390)317-186(113-157-72-80-163(348)81-73-157)254(398)338-226(150(27)344)270(414)339-100-54-63-201(339)262(406)306-173(271(415)416)61-51-52-98-287-208(355)93-85-174(272(417)418)296-209(356)64-49-38-36-34-32-30-31-33-35-37-39-50-65-214(361)362)329-266(410)221(144(19)20)334-252(396)179(105-140(11)12)310-245(389)184(111-155-68-76-161(346)77-69-155)314-240(384)175(101-136(3)4)307-227(371)148(25)294-232(376)170(87-95-216(365)366)304-263(407)220(143(17)18)333-253(397)180(106-141(13)14)311-249(393)188(115-159-121-286-135-293-159)319-255(399)192(125-340)298-213(360)124-291-230(374)195(128-421-426-133-200(328-260(198)404)261(405)337-225(149(26)343)269(413)324-194(127-342)257(401)336-224(147(24)29-2)267(411)330-199)325-242(386)178(104-139(9)10)309-248(392)187(114-158-120-285-134-292-158)318-236(380)168(83-91-203(278)350)302-250(394)190(117-206(281)353)321-265(409)219(142(15)16)332-228(372)164(276)107-151-55-43-40-44-56-151/h40-48,55-60,66-81,120-121,134-150,164-201,219-226,340-348H,28-39,49-54,61-65,82-119,122-133,275-276H2,1-27H3,(H2,277,349)(H2,278,350)(H2,279,351)(H2,280,352)(H2,281,353)(H2,282,354)(H,285,292)(H,286,293)(H,287,355)(H,289,373)(H,290,375)(H,291,374)(H,294,376)(H,295,358)(H,296,356)(H,297,359)(H,298,360)(H,299,377)(H,300,378)(H,301,388)(H,302,394)(H,303,383)(H,304,407)(H,305,408)(H,306,406)(H,307,371)(H,308,379)(H,309,392)(H,310,389)(H,311,393)(H,312,400)(H,313,385)(H,314,384)(H,315,387)(H,316,395)(H,317,390)(H,318,380)(H,319,399)(H,320,381)(H,321,409)(H,322,402)(H,323,403)(H,324,413)(H,325,386)(H,326,382)(H,327,391)(H,328,404)(H,329,410)(H,330,411)(H,331,357)(H,332,372)(H,333,397)(H,334,396)(H,335,412)(H,336,401)(H,337,405)(H,338,398)(H,361,362)(H,363,364)(H,365,366)(H,367,368)(H,369,370)(H,415,416)(H,417,418)(H,419,420)(H4,283,284,288)/t146-,147-,148-,149+,150+,164-,165-,166-,167-,168-,169-,170-,171-,172-,173-,174-,175-,176-,177-,178-,179-,180-,181-,182-,183-,184-,185-,186-,187-,188-,189-,190-,191-,192-,193-,194-,195-,196-,197-,198-,199-,200-,201-,219-,220-,221-,222-,223-,224-,225-,226-/m0/s1",FYZPCMFQCNBYCY-WIWKJPBBSA-N,exact DDInter name query,exact_unique,valid,"https://pubchem.ncbi.nlm.nih.gov/rest/pug/compound/name/Insulin%20degludec/property/Title,ConnectivitySMILES,SMILES,InChI,InChIKey/JSON",2026-09-22
DDInter931,Insulin detemir,16137271,Insulin Detemir,CCCCCCCCCCCCCC(=O)NCCCCC(C(=O)O)NC(=O)C1CCCN1C(=O)C(C(C)O)NC(=O)C(CC2=CC=C(C=C2)O)NC(=O)C(CC3=CC=CC=C3)NC(=O)C(CC4=CC=CC=C4)NC(=O)CNC(=O)C(CCCNC(=N)N)NC(=O)C(CCC(=O)O)NC(=O)CNC(=O)C5CSSCC(NC(=O)C(NC(=O)C(NC(=O)C(NC(=O)C(NC(=O)C(NC(=O)C(NC(=O)C(NC(=O)C(NC(=O)C6CSSCC(C(=O)NC(CSSCC(C(=O)NCC(=O)NC(C(=O)NC(C(=O)NC(C(=O)NC(C(=O)NC(C(=O)NC(C(=O)NC(C(=O)NC(C(=O)NC(C(=O)NC(C(=O)N5)C(C)C)CC(C)C)CC7=CC=C(C=C7)O)CC(C)C)C)CCC(=O)O)C(C)C)CC(C)C)CC8=CNC=N8)CO)NC(=O)C(CC(C)C)NC(=O)C(CC9=CNC=N9)NC(=O)C(CCC(=O)N)NC(=O)C(CC(=O)N)NC(=O)C(C(C)C)NC(=O)C(CC1=CC=CC=C1)N)C(=O)NC(C(=O)NC(C(=O)NC(C(=O)N6)C(C)CC)CO)C(C)O)NC(=O)C(CCC(=O)N)NC(=O)C(CCC(=O)O)NC(=O)C(C(C)C)NC(=O)C(C(C)CC)NC(=O)CN)CO)CC(C)C)CC1=CC=C(C=C1)O)CCC(=O)N)CC(C)C)CCC(=O)O)CC(=O)N)CC1=CC=C(C=C1)O)C(=O)NC(CC(=O)N)C(=O)O,CCCCCCCCCCCCCC(=O)NCCCC[C@@H](C(=O)O)NC(=O)[C@@H]1CCCN1C(=O)[C@H]([C@@H](C)O)NC(=O)[C@H](CC2=CC=C(C=C2)O)NC(=O)[C@H](CC3=CC=CC=C3)NC(=O)[C@H](CC4=CC=CC=C4)NC(=O)CNC(=O)[C@H](CCCNC(=N)N)NC(=O)[C@H](CCC(=O)O)NC(=O)CNC(=O)[C@@H]5CSSC[C@H](NC(=O)[C@@H](NC(=O)[C@@H](NC(=O)[C@@H](NC(=O)[C@@H](NC(=O)[C@@H](NC(=O)[C@@H](NC(=O)[C@@H](NC(=O)[C@@H](NC(=O)[C@@H]6CSSC[C@@H](C(=O)N[C@@H](CSSC[C@@H](C(=O)NCC(=O)N[C@H](C(=O)N[C@H](C(=O)N[C@H](C(=O)N[C@H](C(=O)N[C@H](C(=O)N[C@H](C(=O)N[C@H](C(=O)N[C@H](C(=O)N[C@H](C(=O)N[C@H](C(=O)N5)C(C)C)CC(C)C)CC7=CC=C(C=C7)O)CC(C)C)C)CCC(=O)O)C(C)C)CC(C)C)CC8=CNC=N8)CO)NC(=O)[C@H](CC(C)C)NC(=O)[C@H](CC9=CNC=N9)NC(=O)[C@H](CCC(=O)N)NC(=O)[C@H](CC(=O)N)NC(=O)[C@H](C(C)C)NC(=O)[C@H](CC1=CC=CC=C1)N)C(=O)N[C@H](C(=O)N[C@H](C(=O)N[C@H](C(=O)N6)[C@@H](C)CC)CO)[C@@H](C)O)NC(=O)[C@H](CCC(=O)N)NC(=O)[C@H](CCC(=O)O)NC(=O)[C@H](C(C)C)NC(=O)[C@H]([C@@H](C)CC)NC(=O)CN)CO)CC(C)C)CC1=CC=C(C=C1)O)CCC(=O)N)CC(C)C)CCC(=O)O)CC(=O)N)CC1=CC=C(C=C1)O)C(=O)N[C@@H](CC(=O)N)C(=O)O,"InChI=1S/C267H402N64O76S6/c1-29-32-33-34-35-36-37-38-39-40-50-64-204(347)280-95-52-51-61-170(265(404)405)298-256(395)197-63-54-97-331(197)264(403)220(147(28)336)330-248(387)182(110-154-71-79-160(340)80-72-154)309-240(379)178(106-150-59-48-43-49-60-150)307-237(376)177(105-149-57-46-42-47-58-149)289-207(350)120-282-223(362)162(62-53-96-281-267(276)277)291-227(366)163(84-91-209(352)353)288-206(349)119-283-225(364)192-126-409-410-127-193(252(391)314-187(266(406)407)115-203(275)346)319-241(380)181(109-153-69-77-159(339)78-70-153)308-245(384)185(113-201(273)344)312-231(370)168(86-93-211(356)357)295-233(372)172(99-134(6)7)300-229(368)164(81-88-198(270)341)293-238(377)179(107-151-65-73-157(337)74-66-151)305-235(374)173(100-135(8)9)304-250(389)189(123-333)315-253(392)195-129-412-411-128-194(318-232(371)166(83-90-200(272)343)292-228(367)169(87-94-212(358)359)297-258(397)216(142(22)23)327-262(401)217(143(24)30-2)323-205(348)116-268)254(393)320-196(255(394)329-219(146(27)335)263(402)316-190(124-334)251(390)328-218(144(25)31-3)261(400)322-195)130-413-408-125-191(317-236(375)174(101-136(10)11)301-242(381)183(111-155-117-278-131-285-155)310-230(369)165(82-89-199(271)342)294-244(383)186(114-202(274)345)313-259(398)213(139(16)17)324-222(361)161(269)104-148-55-44-41-45-56-148)224(363)284-121-208(351)290-188(122-332)249(388)311-184(112-156-118-279-132-286-156)243(382)303-176(103-138(14)15)247(386)325-214(140(18)19)257(396)296-167(85-92-210(354)355)226(365)287-145(26)221(360)299-171(98-133(4)5)234(373)306-180(108-152-67-75-158(338)76-68-152)239(378)302-175(102-137(12)13)246(385)326-215(141(20)21)260(399)321-192/h41-49,55-60,65-80,117-118,131-147,161-197,213-220,332-340H,29-40,50-54,61-64,81-116,119-130,268-269H2,1-28H3,(H2,270,341)(H2,271,342)(H2,272,343)(H2,273,344)(H2,274,345)(H2,275,346)(H,278,285)(H,279,286)(H,280,347)(H,282,362)(H,283,364)(H,284,363)(H,287,365)(H,288,349)(H,289,350)(H,290,351)(H,291,366)(H,292,367)(H,293,377)(H,294,383)(H,295,372)(H,296,396)(H,297,397)(H,298,395)(H,299,360)(H,300,368)(H,301,381)(H,302,378)(H,303,382)(H,304,389)(H,305,374)(H,306,373)(H,307,376)(H,308,384)(H,309,379)(H,310,369)(H,311,388)(H,312,370)(H,313,398)(H,314,391)(H,315,392)(H,316,402)(H,317,375)(H,318,371)(H,319,380)(H,320,393)(H,321,399)(H,322,400)(H,323,348)(H,324,361)(H,325,386)(H,326,385)(H,327,401)(H,328,390)(H,329,394)(H,330,387)(H,352,353)(H,354,355)(H,356,357)(H,358,359)(H,404,405)(H,406,407)(H4,276,277,281)/t143-,144-,145-,146+,147+,161-,162-,163-,164-,165-,166-,167-,168-,169-,170-,171-,172-,173-,174-,175-,176-,177-,178-,179-,180-,181-,182-,183-,184-,185-,186-,187-,188-,189-,190-,191-,192-,193-,194-,195-,196-,197-,213-,214-,215-,216-,217-,218-,219-,220-/m0/s1",UGOZVNFCFYTPAZ-IOXYNQHNSA-N,exact DDInter name query,exact_unique,valid,"https://pubchem.ncbi.nlm.nih.gov/rest/pug/compound/name/Insulin%20detemir/property/Title,ConnectivitySMILES,SMILES,InChI,InChIKey/JSON",2026-09-22
DDInter932,Insulin glargine,118984454,Insulin Glargine,CCC(C)C1C(=O)NC2CSSCC(C(=O)NC(CSSCC(C(=O)NCC(=O)NC(C(=O)NC(C(=O)NC(C(=O)NC(C(=O)NC(C(=O)NC(C(=O)NC(C(=O)NC(C(=O)NC(C(=O)NC(C(=O)NC(CSSCC(NC(=O)C(NC(=O)C(NC(=O)C(NC(=O)C(NC(=O)C(NC(=O)C(NC(=O)C(NC(=O)C(NC2=O)CO)CC(C)C)CC3=CC=C(C=C3)O)CCC(=O)N)CC(C)C)CCC(=O)O)CC(=O)N)CC4=CC=C(C=C4)O)C(=O)NCC(=O)O)C(=O)NCC(=O)NC(CCC(=O)O)C(=O)NC(CCCNC(=N)N)C(=O)NCC(=O)NC(CC5=CC=CC=C5)C(=O)NC(CC6=CC=CC=C6)C(=O)NC(CC7=CC=C(C=C7)O)C(=O)NC(C(C)O)C(=O)N8CCCC8C(=O)NC(CCCCN)C(=O)NC(C(C)O)C(=O)NC(CCCNC(=N)N)C(=O)NC(CCCNC(=N)N)C(=O)O)C(C)C)CC(C)C)CC9=CC=C(C=C9)O)CC(C)C)C)CCC(=O)O)C(C)C)CC(C)C)CC2=CNC=N2)CO)NC(=O)C(CC(C)C)NC(=O)C(CC2=CNC=N2)NC(=O)C(CCC(=O)N)NC(=O)C(CC(=O)N)NC(=O)C(C(C)C)NC(=O)C(CC2=CC=CC=C2)N)C(=O)NC(C(=O)NC(C(=O)N1)CO)C(C)O)NC(=O)C(CCC(=O)N)NC(=O)C(CCC(=O)O)NC(=O)C(C(C)C)NC(=O)C(C(C)CC)NC(=O)CN,CC[C@H](C)[C@H]1C(=O)N[C@H]2CSSC[C@@H](C(=O)N[C@@H](CSSC[C@@H](C(=O)NCC(=O)N[C@H](C(=O)N[C@H](C(=O)N[C@H](C(=O)N[C@H](C(=O)N[C@H](C(=O)N[C@H](C(=O)N[C@H](C(=O)N[C@H](C(=O)N[C@H](C(=O)N[C@H](C(=O)N[C@@H](CSSC[C@H](NC(=O)[C@@H](NC(=O)[C@@H](NC(=O)[C@@H](NC(=O)[C@@H](NC(=O)[C@@H](NC(=O)[C@@H](NC(=O)[C@@H](NC(=O)[C@@H](NC2=O)CO)CC(C)C)CC3=CC=C(C=C3)O)CCC(=O)N)CC(C)C)CCC(=O)O)CC(=O)N)CC4=CC=C(C=C4)O)C(=O)NCC(=O)O)C(=O)NCC(=O)N[C@@H](CCC(=O)O)C(=O)N[C@@H](CCCNC(=N)N)C(=O)NCC(=O)N[C@@H](CC5=CC=CC=C5)C(=O)N[C@@H](CC6=CC=CC=C6)C(=O)N[C@@H](CC7=CC=C(C=C7)O)C(=O)N[C@@H]([C@@H](C)O)C(=O)N8CCC[C@H]8C(=O)N[C@@H](CCCCN)C(=O)N[C@@H]([C@@H](C)O)C(=O)N[C@@H](CCCNC(=N)N)C(=O)N[C@@H](CCCNC(=N)N)C(=O)O)C(C)C)CC(C)C)CC9=CC=C(C=C9)O)CC(C)C)C)CCC(=O)O)C(C)C)CC(C)C)CC2=CNC=N2)CO)NC(=O)[C@H](CC(C)C)NC(=O)[C@H](CC2=CNC=N2)NC(=O)[C@H](CCC(=O)N)NC(=O)[C@H](CC(=O)N)NC(=O)[C@H](C(C)C)NC(=O)[C@H](CC2=CC=CC=C2)N)C(=O)N[C@H](C(=O)N[C@H](C(=O)N1)CO)[C@@H](C)O)NC(=O)[C@H](CCC(=O)N)NC(=O)[C@H](CCC(=O)O)NC(=O)[C@H](C(C)C)NC(=O)[C@H]([C@@H](C)CC)NC(=O)CN,"InChI=1S/C267H404N72O78S6/c1-29-137(23)212(330-199(355)109-269)260(412)334-211(136(21)22)256(408)305-166(79-86-206(365)366)226(378)298-163(75-82-196(273)352)230(382)326-190-122-421-422-123-191-251(403)322-185(117-341)249(401)312-170(94-129(7)8)234(386)313-176(101-146-57-65-152(346)66-58-146)237(389)299-161(73-80-194(271)350)227(379)308-169(93-128(5)6)232(384)301-165(78-85-205(363)364)229(381)320-182(107-197(274)353)244(396)316-178(103-148-61-69-154(348)70-62-148)240(392)325-188(222(374)290-115-207(367)368)120-418-420-121-189(221(373)288-112-200(356)294-160(76-83-203(359)360)225(377)297-157(53-42-88-284-265(276)277)219(371)287-113-201(357)295-174(99-144-48-36-32-37-49-144)236(388)315-175(100-145-50-38-33-39-51-145)239(391)317-179(104-149-63-71-155(349)72-64-149)247(399)338-216(142(28)345)263(415)339-91-45-56-193(339)254(406)302-158(52-40-41-87-268)231(383)336-214(140(26)343)261(413)303-159(54-43-89-285-266(278)279)224(376)306-167(264(416)417)55-44-90-286-267(280)281)328-258(410)210(135(19)20)333-245(397)172(96-131(11)12)310-238(390)177(102-147-59-67-153(347)68-60-147)314-233(385)168(92-127(3)4)307-217(369)139(25)293-223(375)164(77-84-204(361)362)304-255(407)209(134(17)18)332-246(398)173(97-132(13)14)311-242(394)181(106-151-111-283-126-292-151)319-248(400)184(116-340)296-202(358)114-289-220(372)187(119-419-423-124-192(327-252(190)404)253(405)337-215(141(27)344)262(414)323-186(118-342)250(402)335-213(138(24)30-2)259(411)329-191)324-235(387)171(95-130(9)10)309-241(393)180(105-150-110-282-125-291-150)318-228(380)162(74-81-195(272)351)300-243(395)183(108-198(275)354)321-257(409)208(133(15)16)331-218(370)156(270)98-143-46-34-31-35-47-143/h31-39,46-51,57-72,110-111,125-142,156-193,208-216,340-349H,29-30,40-45,52-56,73-109,112-124,268-270H2,1-28H3,(H2,271,350)(H2,272,351)(H2,273,352)(H2,274,353)(H2,275,354)(H,282,291)(H,283,292)(H,287,371)(H,288,373)(H,289,372)(H,290,374)(H,293,375)(H,294,356)(H,295,357)(H,296,358)(H,297,377)(H,298,378)(H,299,389)(H,300,395)(H,301,384)(H,302,406)(H,303,413)(H,304,407)(H,305,408)(H,306,376)(H,307,369)(H,308,379)(H,309,393)(H,310,390)(H,311,394)(H,312,401)(H,313,386)(H,314,385)(H,315,388)(H,316,396)(H,317,391)(H,318,380)(H,319,400)(H,320,381)(H,321,409)(H,322,403)(H,323,414)(H,324,387)(H,325,392)(H,326,382)(H,327,404)(H,328,410)(H,329,411)(H,330,355)(H,331,370)(H,332,398)(H,333,397)(H,334,412)(H,335,402)(H,336,383)(H,337,405)(H,338,399)(H,359,360)(H,361,362)(H,363,364)(H,365,366)(H,367,368)(H,416,417)(H4,276,277,284)(H4,278,279,285)(H4,280,281,286)/t137-,138-,139-,140+,141+,142+,156-,157-,158-,159-,160-,161-,162-,163-,164-,165-,166-,167-,168-,169-,170-,171-,172-,173-,174-,175-,176-,177-,178-,179-,180-,181-,182-,183-,184-,185-,186-,187-,188-,189-,190-,191-,192-,193-,208-,209-,210-,211-,212-,213-,214-,215-,216-/m0/s1",COCFEDIXXNGUNL-RFKWWTKHSA-N,exact DDInter name query,exact_unique,valid,"https://pubchem.ncbi.nlm.nih.gov/rest/pug/compound/name/Insulin%20glargine/property/Title,ConnectivitySMILES,SMILES,InChI,InChIKey/JSON",2026-09-22
DDInter933,Insulin glulisine,168324398,Insulin-glulisine,CCC(C)C1C(=NC2CSSCC(C(=NC(CSSCC(C(=NCC(=NC(C(=NC(C(=NC(C(=NC(C(=NC(C(=NC(C(=NC(C(=NC(C(=NC(C(=NC(C(=NC(CSSCC(N=C(C(N=C(C(N=C(C(N=C(C(N=C(C(N=C(C(N=C(C(N=C(C(N=C2O)CO)O)CC(C)C)O)CC3=CC=C(C=C3)O)O)CCC(=N)O)O)CC(C)C)O)CCC(=O)O)O)CC(=N)O)O)CC4=CC=C(C=C4)O)O)C(=NC(CC(=N)O)C(=O)O)O)C(=NCC(=NC(CCC(=O)O)C(=NC(CCCNC(=N)N)C(=NCC(=NC(CC5=CC=CC=C5)C(=NC(CC6=CC=CC=C6)C(=NC(CC7=CC=C(C=C7)O)C(=NC(C(C)O)C(=O)N8CCCC8C(=NC(CCC(=O)O)C(=NC(C(C)O)C(=O)O)O)O)O)O)O)O)O)O)O)O)O)C(C)C)O)CC(C)C)O)CC9=CC=C(C=C9)O)O)CC(C)C)O)C)O)CCC(=O)O)O)C(C)C)O)CC(C)C)O)CC2=CN=CN2)O)CO)O)O)N=C(C(CC(C)C)N=C(C(CC2=CN=CN2)N=C(C(CCC(=N)O)N=C(C(CCCCN)N=C(C(C(C)C)N=C(C(CC2=CC=CC=C2)N)O)O)O)O)O)O)C(=NC(C(=NC(C(=N1)O)CO)O)C(C)O)O)O)N=C(C(CCC(=N)O)N=C(C(CCC(=O)O)N=C(C(C(C)C)N=C(C(C(C)CC)N=C(CN)O)O)O)O)O)O,CCC(C)C1C(=NC2CSSCC(C(=NC(CSSCC(C(=NCC(=NC(C(=NC(C(=NC(C(=NC(C(=NC(C(=NC(C(=NC(C(=NC(C(=NC(C(=NC(C(=NC(CSSCC(N=C(C(N=C(C(N=C(C(N=C(C(N=C(C(N=C(C(N=C(C(N=C(C(N=C2O)CO)O)CC(C)C)O)CC3=CC=C(C=C3)O)O)CCC(=N)O)O)CC(C)C)O)CCC(=O)O)O)CC(=N)O)O)CC4=CC=C(C=C4)O)O)C(=NC(CC(=N)O)C(=O)O)O)C(=NCC(=NC(CCC(=O)O)C(=NC(CCCNC(=N)N)C(=NCC(=NC(CC5=CC=CC=C5)C(=NC(CC6=CC=CC=C6)C(=NC(CC7=CC=C(C=C7)O)C(=NC(C(C)O)C(=O)N8CCCC8C(=NC(CCC(=O)O)C(=NC(C(C)O)C(=O)O)O)O)O)O)O)O)O)O)O)O)O)C(C)C)O)CC(C)C)O)CC9=CC=C(C=C9)O)O)CC(C)C)O)C)O)CCC(=O)O)O)C(C)C)O)CC(C)C)O)CC2=CN=CN2)O)CO)O)O)N=C(C(CC(C)C)N=C(C(CC2=CN=CN2)N=C(C(CCC(=N)O)N=C(C(CCCCN)N=C(C(C(C)C)N=C(C(CC2=CC=CC=C2)N)O)O)O)O)O)O)C(=NC(C(=NC(C(=N1)O)CO)O)C(C)O)O)O)N=C(C(CCC(=N)O)N=C(C(CCC(=O)O)N=C(C(C(C)C)N=C(C(C(C)CC)N=C(CN)O)O)O)O)O)O,"InChI=1S/C258H384N64O78S6/c1-29-132(23)206(313-193(338)105-260)253(394)317-205(131(21)22)250(391)289-160(75-83-200(348)349)219(360)283-157(71-79-190(264)335)223(364)308-184-117-404-405-118-185-244(385)305-179(112-324)241(382)295-164(90-124(7)8)227(368)296-170(97-141-53-61-147(329)62-54-141)230(371)284-156(70-78-189(263)334)220(361)291-163(89-123(5)6)225(366)285-159(74-82-199(346)347)222(363)303-176(103-191(265)336)236(377)299-172(99-143-57-65-149(331)66-58-143)233(374)309-183(243(384)304-177(256(397)398)104-192(266)337)116-403-402-115-182(215(356)273-108-194(339)278-154(72-80-197(342)343)218(359)281-152(51-42-86-271-258(267)268)213(354)272-109-195(340)279-168(95-139-46-36-32-37-47-139)229(370)298-169(96-140-48-38-33-39-49-140)232(373)300-173(100-144-59-67-150(332)68-60-144)239(380)320-209(136(27)327)255(396)322-87-43-52-187(322)247(388)286-161(76-84-201(350)351)224(365)321-210(137(28)328)257(399)400)311-251(392)204(130(19)20)316-237(378)166(92-126(11)12)293-231(372)171(98-142-55-63-148(330)64-56-142)297-226(367)162(88-122(3)4)290-211(352)134(25)277-216(357)158(73-81-198(344)345)288-249(390)203(129(17)18)315-238(379)167(93-127(13)14)294-235(376)175(102-146-107-270-121-276-146)302-240(381)178(111-323)280-196(341)110-274-214(355)181(114-401-406-119-186(310-245(184)386)246(387)319-208(135(26)326)254(395)306-180(113-325)242(383)318-207(133(24)30-2)252(393)312-185)307-228(369)165(91-125(9)10)292-234(375)174(101-145-106-269-120-275-145)301-221(362)155(69-77-188(262)333)282-217(358)153(50-40-41-85-259)287-248(389)202(128(15)16)314-212(353)151(261)94-138-44-34-31-35-45-138/h31-39,44-49,53-68,106-107,120-137,151-187,202-210,323-332H,29-30,40-43,50-52,69-105,108-119,259-261H2,1-28H3,(H2,262,333)(H2,263,334)(H2,264,335)(H2,265,336)(H2,266,337)(H,269,275)(H,270,276)(H,272,354)(H,273,356)(H,274,355)(H,277,357)(H,278,339)(H,279,340)(H,280,341)(H,281,359)(H,282,358)(H,283,360)(H,284,371)(H,285,366)(H,286,388)(H,287,389)(H,288,390)(H,289,391)(H,290,352)(H,291,361)(H,292,375)(H,293,372)(H,294,376)(H,295,382)(H,296,368)(H,297,367)(H,298,370)(H,299,377)(H,300,373)(H,301,362)(H,302,381)(H,303,363)(H,304,384)(H,305,385)(H,306,395)(H,307,369)(H,308,364)(H,309,374)(H,310,386)(H,311,392)(H,312,393)(H,313,338)(H,314,353)(H,315,379)(H,316,378)(H,317,394)(H,318,383)(H,319,387)(H,320,380)(H,321,365)(H,342,343)(H,344,345)(H,346,347)(H,348,349)(H,350,351)(H,397,398)(H,399,400)(H4,267,268,271)",RCHHVVGSTHAVPF-UHFFFAOYSA-N,exact DDInter name query,ambiguous,excluded_title_mismatch,"https://pubchem.ncbi.nlm.nih.gov/rest/pug/compound/name/Insulin%20glulisine/property/Title,ConnectivitySMILES,SMILES,InChI,InChIKey/JSON",2026-09-22
DDInter934,Insulin human,118984375,Insulin Human,CCC(C)C1C(=O)NC2CSSCC(C(=O)NC(CSSCC(C(=O)NCC(=O)NC(C(=O)NC(C(=O)NC(C(=O)NC(C(=O)NC(C(=O)NC(C(=O)NC(C(=O)NC(C(=O)NC(C(=O)NC(C(=O)NC(CSSCC(NC(=O)C(NC(=O)C(NC(=O)C(NC(=O)C(NC(=O)C(NC(=O)C(NC(=O)C(NC(=O)C(NC2=O)CO)CC(C)C)CC3=CC=C(C=C3)O)CCC(=O)N)CC(C)C)CCC(=O)O)CC(=O)N)CC4=CC=C(C=C4)O)C(=O)NC(CC(=O)N)C(=O)O)C(=O)NCC(=O)NC(CCC(=O)O)C(=O)NC(CCCNC(=N)N)C(=O)NCC(=O)NC(CC5=CC=CC=C5)C(=O)NC(CC6=CC=CC=C6)C(=O)NC(CC7=CC=C(C=C7)O)C(=O)NC(C(C)O)C(=O)N8CCCC8C(=O)NC(CCCCN)C(=O)NC(C(C)O)C(=O)O)C(C)C)CC(C)C)CC9=CC=C(C=C9)O)CC(C)C)C)CCC(=O)O)C(C)C)CC(C)C)CC2=CNC=N2)CO)NC(=O)C(CC(C)C)NC(=O)C(CC2=CNC=N2)NC(=O)C(CCC(=O)N)NC(=O)C(CC(=O)N)NC(=O)C(C(C)C)NC(=O)C(CC2=CC=CC=C2)N)C(=O)NC(C(=O)NC(C(=O)N1)CO)C(C)O)NC(=O)C(CCC(=O)N)NC(=O)C(CCC(=O)O)NC(=O)C(C(C)C)NC(=O)C(C(C)CC)NC(=O)CN,CC[C@H](C)[C@H]1C(=O)N[C@H]2CSSC[C@@H](C(=O)N[C@@H](CSSC[C@@H](C(=O)NCC(=O)N[C@H](C(=O)N[C@H](C(=O)N[C@H](C(=O)N[C@H](C(=O)N[C@H](C(=O)N[C@H](C(=O)N[C@H](C(=O)N[C@H](C(=O)N[C@H](C(=O)N[C@H](C(=O)N[C@@H](CSSC[C@H](NC(=O)[C@@H](NC(=O)[C@@H](NC(=O)[C@@H](NC(=O)[C@@H](NC(=O)[C@@H](NC(=O)[C@@H](NC(=O)[C@@H](NC(=O)[C@@H](NC2=O)CO)CC(C)C)CC3=CC=C(C=C3)O)CCC(=O)N)CC(C)C)CCC(=O)O)CC(=O)N)CC4=CC=C(C=C4)O)C(=O)N[C@@H](CC(=O)N)C(=O)O)C(=O)NCC(=O)N[C@@H](CCC(=O)O)C(=O)N[C@@H](CCCNC(=N)N)C(=O)NCC(=O)N[C@@H](CC5=CC=CC=C5)C(=O)N[C@@H](CC6=CC=CC=C6)C(=O)N[C@@H](CC7=CC=C(C=C7)O)C(=O)N[C@@H]([C@@H](C)O)C(=O)N8CCC[C@H]8C(=O)N[C@@H](CCCCN)C(=O)N[C@@H]([C@@H](C)O)C(=O)O)C(C)C)CC(C)C)CC9=CC=C(C=C9)O)CC(C)C)C)CCC(=O)O)C(C)C)CC(C)C)CC2=CNC=N2)CO)NC(=O)[C@H](CC(C)C)NC(=O)[C@H](CC2=CNC=N2)NC(=O)[C@H](CCC(=O)N)NC(=O)[C@H](CC(=O)N)NC(=O)[C@H](C(C)C)NC(=O)[C@H](CC2=CC=CC=C2)N)C(=O)N[C@H](C(=O)N[C@H](C(=O)N1)CO)[C@@H](C)O)NC(=O)[C@H](CCC(=O)N)NC(=O)[C@H](CCC(=O)O)NC(=O)[C@H](C(C)C)NC(=O)[C@H]([C@@H](C)CC)NC(=O)CN,"InChI=1S/C257H383N65O77S6/c1-29-131(23)205(313-193(339)104-259)252(393)317-204(130(21)22)248(389)288-159(75-82-200(349)350)217(358)282-156(71-78-189(263)335)221(362)308-183-116-403-404-117-184-243(384)305-178(111-324)240(381)294-162(88-123(7)8)225(366)295-168(95-140-53-61-146(329)62-54-140)228(369)283-154(69-76-187(261)333)218(359)290-161(87-122(5)6)223(364)285-158(74-81-199(347)348)220(361)302-174(101-190(264)336)235(376)298-170(97-142-57-65-148(331)66-58-142)231(372)309-182(242(383)304-176(255(396)397)103-192(266)338)115-402-401-114-181(214(355)273-107-194(340)278-153(72-79-197(343)344)216(357)281-151(51-42-84-271-257(267)268)212(353)272-108-195(341)279-166(93-138-46-36-32-37-47-138)227(368)297-167(94-139-48-38-33-39-49-139)230(371)299-171(98-143-59-67-149(332)68-60-143)238(379)320-208(135(27)327)254(395)322-85-43-52-186(322)246(387)286-152(50-40-41-83-258)222(363)321-209(136(28)328)256(398)399)311-250(391)203(129(19)20)316-236(377)164(90-125(11)12)292-229(370)169(96-141-55-63-147(330)64-56-141)296-224(365)160(86-121(3)4)289-210(351)133(25)277-215(356)157(73-80-198(345)346)287-247(388)202(128(17)18)315-237(378)165(91-126(13)14)293-233(374)173(100-145-106-270-120-276-145)301-239(380)177(110-323)280-196(342)109-274-213(354)180(113-400-405-118-185(310-244(183)385)245(386)319-207(134(26)326)253(394)306-179(112-325)241(382)318-206(132(24)30-2)251(392)312-184)307-226(367)163(89-124(9)10)291-232(373)172(99-144-105-269-119-275-144)300-219(360)155(70-77-188(262)334)284-234(375)175(102-191(265)337)303-249(390)201(127(15)16)314-211(352)150(260)92-137-44-34-31-35-45-137/h31-39,44-49,53-68,105-106,119-136,150-186,201-209,323-332H,29-30,40-43,50-52,69-104,107-118,258-260H2,1-28H3,(H2,261,333)(H2,262,334)(H2,263,335)(H2,264,336)(H2,265,337)(H2,266,338)(H,269,275)(H,270,276)(H,272,353)(H,273,355)(H,274,354)(H,277,356)(H,278,340)(H,279,341)(H,280,342)(H,281,357)(H,282,358)(H,283,369)(H,284,375)(H,285,364)(H,286,387)(H,287,388)(H,288,389)(H,289,351)(H,290,359)(H,291,373)(H,292,370)(H,293,374)(H,294,381)(H,295,366)(H,296,365)(H,297,368)(H,298,376)(H,299,371)(H,300,360)(H,301,380)(H,302,361)(H,303,390)(H,304,383)(H,305,384)(H,306,394)(H,307,367)(H,308,362)(H,309,372)(H,310,385)(H,311,391)(H,312,392)(H,313,339)(H,314,352)(H,315,378)(H,316,377)(H,317,393)(H,318,382)(H,319,386)(H,320,379)(H,321,363)(H,343,344)(H,345,346)(H,347,348)(H,349,350)(H,396,397)(H,398,399)(H4,267,268,271)/t131-,132-,133-,134+,135+,136+,150-,151-,152-,153-,154-,155-,156-,157-,158-,159-,160-,161-,162-,163-,164-,165-,166-,167-,168-,169-,170-,171-,172-,173-,174-,175-,176-,177-,178-,179-,180-,181-,182-,183-,184-,185-,186-,201-,202-,203-,204-,205-,206-,207-,208-,209-/m0/s1",PBGKTOXHQIOBKM-FHFVDXKLSA-N,exact DDInter name query,exact_unique,valid,"https://pubchem.ncbi.nlm.nih.gov/rest/pug/compound/name/Insulin%20human/property/Title,ConnectivitySMILES,SMILES,InChI,InChIKey/JSON",2026-09-22
DDInter935,"Insulin human (inhalation, rapid acting)",,,,,,,exact DDInter name query,unmapped,unavailable,"https://pubchem.ncbi.nlm.nih.gov/rest/pug/compound/name/Insulin%20human%20%28inhalation%2C%20rapid%20acting%29/property/Title,ConnectivitySMILES,SMILES,InChI,InChIKey/JSON",2026-09-22
DDInter936,Insulin human (isophane),,,,,,,exact DDInter name query,unmapped,unavailable,"https://pubchem.ncbi.nlm.nih.gov/rest/pug/compound/name/Insulin%20human%20%28isophane%29/property/Title,ConnectivitySMILES,SMILES,InChI,InChIKey/JSON",2026-09-22
DDInter937,Insulin human (regular),,,,,,,exact DDInter name query,unmapped,unavailable,"https://pubchem.ncbi.nlm.nih.gov/rest/pug/compound/name/Insulin%20human%20%28regular%29/property/Title,ConnectivitySMILES,SMILES,InChI,InChIKey/JSON",2026-09-22
DDInter938,Insulin human (zinc extended),,,,,,,exact DDInter name query,unmapped,unavailable,"https://pubchem.ncbi.nlm.nih.gov/rest/pug/compound/name/Insulin%20human%20%28zinc%20extended%29/property/Title,ConnectivitySMILES,SMILES,InChI,InChIKey/JSON",2026-09-22
DDInter939,Insulin human (zinc),,,,,,,exact DDInter name query,unmapped,unavailable,"https://pubchem.ncbi.nlm.nih.gov/rest/pug/compound/name/Insulin%20human%20%28zinc%29/property/Title,ConnectivitySMILES,SMILES,InChI,InChIKey/JSON",2026-09-22
DDInter94,Anakinra,,,,,,,exact DDInter name query,unmapped,unavailable,"https://pubchem.ncbi.nlm.nih.gov/rest/pug/compound/name/Anakinra/property/Title,ConnectivitySMILES,SMILES,InChI,InChIKey/JSON",2026-09-22
DDInter940,Insulin lispro,16132438,Insulin Lispro,CCC(C)C(C(=O)NC(C(C)C)C(=O)NC(CCC(=O)O)C(=O)NC(CCC(=O)N)C(=O)NC(CS)C(=O)NC(CS)C(=O)NC(C(C)O)C(=O)NC(CO)C(=O)NC(C(C)CC)C(=O)NC(CS)C(=O)NC(CO)C(=O)NC(CC(C)C)C(=O)NC(CC1=CC=C(C=C1)O)C(=O)NC(CCC(=O)N)C(=O)NC(CC(C)C)C(=O)NC(CCC(=O)O)C(=O)NC(CC(=O)N)C(=O)NC(CC2=CC=C(C=C2)O)C(=O)NC(CS)C(=O)NC(CC(=O)N)C(=O)O)NC(=O)CN.CC(C)CC(C(=O)NC(CC1=CC=C(C=C1)O)C(=O)NC(CC(C)C)C(=O)NC(C(C)C)C(=O)NC(CS)C(=O)NCC(=O)NC(CCC(=O)O)C(=O)NC(CCCNC(=N)N)C(=O)NCC(=O)NC(CC2=CC=CC=C2)C(=O)NC(CC3=CC=CC=C3)C(=O)NC(CC4=CC=C(C=C4)O)C(=O)NC(C(C)O)C(=O)NC(CCCCN)C(=O)N5CCCC5C(=O)NC(C(C)O)C(=O)O)NC(=O)C(C)NC(=O)C(CCC(=O)O)NC(=O)C(C(C)C)NC(=O)C(CC(C)C)NC(=O)C(CC6=CN=CN6)NC(=O)C(CO)NC(=O)CNC(=O)C(CS)NC(=O)C(CC(C)C)NC(=O)C(CC7=CN=CN7)NC(=O)C(CCC(=O)N)NC(=O)C(CC(=O)N)NC(=O)C(C(C)C)NC(=O)C(CC8=CC=CC=C8)N,CC[C@H](C)[C@@H](C(=O)N[C@@H](C(C)C)C(=O)N[C@@H](CCC(=O)O)C(=O)N[C@@H](CCC(=O)N)C(=O)N[C@@H](CS)C(=O)N[C@@H](CS)C(=O)N[C@@H]([C@@H](C)O)C(=O)N[C@@H](CO)C(=O)N[C@@H]([C@@H](C)CC)C(=O)N[C@@H](CS)C(=O)N[C@@H](CO)C(=O)N[C@@H](CC(C)C)C(=O)N[C@@H](CC1=CC=C(C=C1)O)C(=O)N[C@@H](CCC(=O)N)C(=O)N[C@@H](CC(C)C)C(=O)N[C@@H](CCC(=O)O)C(=O)N[C@@H](CC(=O)N)C(=O)N[C@@H](CC2=CC=C(C=C2)O)C(=O)N[C@@H](CS)C(=O)N[C@@H](CC(=O)N)C(=O)O)NC(=O)CN.C[C@H]([C@@H](C(=O)N[C@@H](CCCCN)C(=O)N1CCC[C@H]1C(=O)N[C@@H]([C@@H](C)O)C(=O)O)NC(=O)[C@H](CC2=CC=C(C=C2)O)NC(=O)[C@H](CC3=CC=CC=C3)NC(=O)[C@H](CC4=CC=CC=C4)NC(=O)CNC(=O)[C@H](CCCNC(=N)N)NC(=O)[C@H](CCC(=O)O)NC(=O)CNC(=O)[C@H](CS)NC(=O)[C@H](C(C)C)NC(=O)[C@H](CC(C)C)NC(=O)[C@H](CC5=CC=C(C=C5)O)NC(=O)[C@H](CC(C)C)NC(=O)[C@H](C)NC(=O)[C@H](CCC(=O)O)NC(=O)[C@H](C(C)C)NC(=O)[C@H](CC(C)C)NC(=O)[C@H](CC6=CN=CN6)NC(=O)[C@H](CO)NC(=O)CNC(=O)[C@H](CS)NC(=O)[C@H](CC(C)C)NC(=O)[C@H](CC7=CN=CN7)NC(=O)[C@H](CCC(=O)N)NC(=O)[C@H](CC(=O)N)NC(=O)[C@H](C(C)C)NC(=O)[C@H](CC8=CC=CC=C8)N)O,"InChI=1S/C158H234N40O42S2.C99H155N25O35S4/c1-79(2)57-104(181-131(213)86(15)173-136(218)102(50-53-125(211)212)179-152(234)127(84(11)12)194-148(230)107(60-82(7)8)184-145(227)113(67-95-70-166-78-172-95)189-150(232)115(74-199)176-123(208)73-170-134(216)116(75-241)191-140(222)105(58-80(3)4)182-144(226)112(66-94-69-165-77-171-94)188-138(220)101(48-51-119(161)204)178-146(228)114(68-120(162)205)190-153(235)126(83(9)10)193-132(214)98(160)61-89-31-21-18-22-32-89)139(221)185-110(64-92-40-44-96(202)45-41-92)142(224)183-106(59-81(5)6)147(229)195-128(85(13)14)154(236)192-117(76-242)135(217)169-71-121(206)174-100(49-52-124(209)210)137(219)177-99(38-29-55-167-158(163)164)133(215)168-72-122(207)175-108(62-90-33-23-19-24-34-90)141(223)186-109(63-91-35-25-20-26-36-91)143(225)187-111(65-93-42-46-97(203)47-43-93)149(231)196-129(87(16)200)155(237)180-103(37-27-28-54-159)156(238)198-56-30-39-118(198)151(233)197-130(88(17)201)157(239)240;1-12-46(9)77(121-73(134)36-100)97(156)122-76(45(7)8)95(154)108-56(25-29-75(137)138)80(139)105-54(23-27-70(102)131)83(142)117-66(40-161)93(152)119-68(42-163)94(153)124-79(48(11)127)98(157)116-64(38-126)90(149)123-78(47(10)13-2)96(155)120-67(41-162)92(151)115-63(37-125)89(148)110-58(31-44(5)6)85(144)111-59(32-49-14-18-51(128)19-15-49)86(145)106-53(22-26-69(101)130)81(140)109-57(30-43(3)4)84(143)107-55(24-28-74(135)136)82(141)113-61(34-71(103)132)88(147)112-60(33-50-16-20-52(129)21-17-50)87(146)118-65(39-160)91(150)114-62(99(158)159)35-72(104)133/h18-26,31-36,40-47,69-70,77-88,98-118,126-130,199-203,241-242H,27-30,37-39,48-68,71-76,159-160H2,1-17H3,(H2,161,204)(H2,162,205)(H,165,171)(H,166,172)(H,168,215)(H,169,217)(H,170,216)(H,173,218)(H,174,206)(H,175,207)(H,176,208)(H,177,219)(H,178,228)(H,179,234)(H,180,237)(H,181,213)(H,182,226)(H,183,224)(H,184,227)(H,185,221)(H,186,223)(H,187,225)(H,188,220)(H,189,232)(H,190,235)(H,191,222)(H,192,236)(H,193,214)(H,194,230)(H,195,229)(H,196,231)(H,197,233)(H,209,210)(H,211,212)(H,239,240)(H4,163,164,167);14-21,43-48,53-68,76-79,125-129,160-163H,12-13,22-42,100H2,1-11H3,(H2,101,130)(H2,102,131)(H2,103,132)(H2,104,133)(H,105,139)(H,106,145)(H,107,143)(H,108,154)(H,109,140)(H,110,148)(H,111,144)(H,112,147)(H,113,141)(H,114,150)(H,115,151)(H,116,157)(H,117,142)(H,118,146)(H,119,152)(H,120,155)(H,121,134)(H,122,156)(H,123,149)(H,124,153)(H,135,136)(H,137,138)(H,158,159)/t86-,87+,88+,98-,99-,100-,101-,102-,103-,104-,105-,106-,107-,108-,109-,110-,111-,112-,113-,114-,115-,116-,117-,118-,126-,127-,128-,129-,130-;46-,47-,48+,53-,54-,55-,56-,57-,58-,59-,60-,61-,62-,63-,64-,65-,66-,67-,68-,76-,77-,78-,79-/m00/s1",WNRQPCUGRUFHED-DETKDSODSA-N,exact DDInter name query,exact_unique,valid,"https://pubchem.ncbi.nlm.nih.gov/rest/pug/compound/name/Insulin%20lispro/property/Title,ConnectivitySMILES,SMILES,InChI,InChIKey/JSON",2026-09-22
DDInter941,Insulin lispro (protamine),,,,,,,exact DDInter name query,unmapped,unavailable,"https://pubchem.ncbi.nlm.nih.gov/rest/pug/compound/name/Insulin%20lispro%20%28protamine%29/property/Title,ConnectivitySMILES,SMILES,InChI,InChIKey/JSON",2026-09-22
DDInter942,"Interferon alfa-2a, Recombinant",,,,,,,exact DDInter name query,unmapped,unavailable,"https://pubchem.ncbi.nlm.nih.gov/rest/pug/compound/name/Interferon%20alfa-2a%2C%20Recombinant/property/Title,ConnectivitySMILES,SMILES,InChI,InChIKey/JSON",2026-09-22
DDInter943,Interferon alfa-2b,71306834,Interferon Alfa-2B,CCCN(CCOC1=C(C=C(C=C1Cl)Cl)Cl)C(=O)N2C=CN=C2.C(S(=O)(=O)[O-])(I)I.[Na+],CCCN(CCOC1=C(C=C(C=C1Cl)Cl)Cl)C(=O)N2C=CN=C2.C(S(=O)(=O)[O-])(I)I.[Na+],"InChI=1S/C15H16Cl3N3O2.CH2I2O3S.Na/c1-2-4-20(15(22)21-5-3-19-10-21)6-7-23-14-12(17)8-11(16)9-13(14)18;2-1(3)7(4,5)6;/h3,5,8-10H,2,4,6-7H2,1H3;1H,(H,4,5,6);/q;;+1/p-1",MIXCUJKCXRNYFM-UHFFFAOYSA-M,exact DDInter name query,exact_unique,valid,"https://pubchem.ncbi.nlm.nih.gov/rest/pug/compound/name/Interferon%20alfa-2b/property/Title,ConnectivitySMILES,SMILES,InChI,InChIKey/JSON",2026-09-22
DDInter944,Interferon alfa-n1,,,,,,,exact DDInter name query,unmapped,unavailable,"https://pubchem.ncbi.nlm.nih.gov/rest/pug/compound/name/Interferon%20alfa-n1/property/Title,ConnectivitySMILES,SMILES,InChI,InChIKey/JSON",2026-09-22
DDInter945,Interferon alfa-n3,,,,,,,exact DDInter name query,unmapped,unavailable,"https://pubchem.ncbi.nlm.nih.gov/rest/pug/compound/name/Interferon%20alfa-n3/property/Title,ConnectivitySMILES,SMILES,InChI,InChIKey/JSON",2026-09-22
DDInter946,Interferon alfacon-1,,,,,,,exact DDInter name query,unmapped,unavailable,"https://pubchem.ncbi.nlm.nih.gov/rest/pug/compound/name/Interferon%20alfacon-1/property/Title,ConnectivitySMILES,SMILES,InChI,InChIKey/JSON",2026-09-22
DDInter947,Interferon beta-1a,,,,,,,exact DDInter name query,unmapped,unavailable,"https://pubchem.ncbi.nlm.nih.gov/rest/pug/compound/name/Interferon%20beta-1a/property/Title,ConnectivitySMILES,SMILES,InChI,InChIKey/JSON",2026-09-22
DDInter948,Interferon beta-1b,,,,,,,exact DDInter name query,unmapped,unavailable,"https://pubchem.ncbi.nlm.nih.gov/rest/pug/compound/name/Interferon%20beta-1b/property/Title,ConnectivitySMILES,SMILES,InChI,InChIKey/JSON",2026-09-22
DDInter949,Interferon gamma-1b,,,,,,,exact DDInter name query,unmapped,unavailable,"https://pubchem.ncbi.nlm.nih.gov/rest/pug/compound/name/Interferon%20gamma-1b/property/Title,ConnectivitySMILES,SMILES,InChI,InChIKey/JSON",2026-09-22
DDInter95,Anastrozole,2187,Anastrozole,CC(C)(C#N)C1=CC(=CC(=C1)CN2C=NC=N2)C(C)(C)C#N,CC(C)(C#N)C1=CC(=CC(=C1)CN2C=NC=N2)C(C)(C)C#N,"InChI=1S/C17H19N5/c1-16(2,9-18)14-5-13(8-22-12-20-11-21-22)6-15(7-14)17(3,4)10-19/h5-7,11-12H,8H2,1-4H3",YBBLVLTVTVSKRW-UHFFFAOYSA-N,exact DDInter name query,exact_unique,valid,"https://pubchem.ncbi.nlm.nih.gov/rest/pug/compound/name/Anastrozole/property/Title,ConnectivitySMILES,SMILES,InChI,InChIKey/JSON",2026-09-22
DDInter950,Inulin,,,,,,,exact DDInter name query,unmapped,unavailable,"https://pubchem.ncbi.nlm.nih.gov/rest/pug/compound/name/Inulin/property/Title,ConnectivitySMILES,SMILES,InChI,InChIKey/JSON",2026-09-22
DDInter951,Iobenguane (I-123),,,,,,,exact DDInter name query,unmapped,unavailable,"https://pubchem.ncbi.nlm.nih.gov/rest/pug/compound/name/Iobenguane%20%28I-123%29/property/Title,ConnectivitySMILES,SMILES,InChI,InChIKey/JSON",2026-09-22
DDInter952,Iobenguane (I-131),,,,,,,exact DDInter name query,unmapped,unavailable,"https://pubchem.ncbi.nlm.nih.gov/rest/pug/compound/name/Iobenguane%20%28I-131%29/property/Title,ConnectivitySMILES,SMILES,InChI,InChIKey/JSON",2026-09-22
DDInter953,Iodide I-123,135300,Iodide ion i-123,[I-],[123I-],InChI=1S/HI/h1H/p-1/i1-4,XMBWDFGMSWQBCA-AHCXROLUSA-M,exact DDInter name query,ambiguous,excluded_title_mismatch,"https://pubchem.ncbi.nlm.nih.gov/rest/pug/compound/name/Iodide%20I-123/property/Title,ConnectivitySMILES,SMILES,InChI,InChIKey/JSON",2026-09-22
DDInter954,Iodide I-131,167195,Iodide Ion I-131,[I-],[131I-],InChI=1S/HI/h1H/p-1/i1+4,XMBWDFGMSWQBCA-RNFDNDRNSA-M,exact DDInter name query,ambiguous,excluded_title_mismatch,"https://pubchem.ncbi.nlm.nih.gov/rest/pug/compound/name/Iodide%20I-131/property/Title,ConnectivitySMILES,SMILES,InChI,InChIKey/JSON",2026-09-22
DDInter955,Iodine,807,Iodine,II,II,InChI=1S/I2/c1-2,PNDPGZBMCMUPRI-UHFFFAOYSA-N,exact DDInter name query,exact_unique,valid,"https://pubchem.ncbi.nlm.nih.gov/rest/pug/compound/name/Iodine/property/Title,ConnectivitySMILES,SMILES,InChI,InChIKey/JSON",2026-09-22
DDInter956,Iodine (topical),,,,,,,exact DDInter name query,unmapped,unavailable,"https://pubchem.ncbi.nlm.nih.gov/rest/pug/compound/name/Iodine%20%28topical%29/property/Title,ConnectivitySMILES,SMILES,InChI,InChIKey/JSON",2026-09-22
DDInter957,Iodipamide,3739,Adipiodon,C1=C(C(=C(C(=C1I)NC(=O)CCCCC(=O)NC2=C(C=C(C(=C2I)C(=O)O)I)I)I)C(=O)O)I,C1=C(C(=C(C(=C1I)NC(=O)CCCCC(=O)NC2=C(C=C(C(=C2I)C(=O)O)I)I)I)C(=O)O)I,"InChI=1S/C20H14I6N2O6/c21-7-5-9(23)17(15(25)13(7)19(31)32)27-11(29)3-1-2-4-12(30)28-18-10(24)6-8(22)14(16(18)26)20(33)34/h5-6H,1-4H2,(H,27,29)(H,28,30)(H,31,32)(H,33,34)",FFINMCNLQNTKLU-UHFFFAOYSA-N,exact DDInter name query,ambiguous,excluded_title_mismatch,"https://pubchem.ncbi.nlm.nih.gov/rest/pug/compound/name/Iodipamide/property/Title,ConnectivitySMILES,SMILES,InChI,InChIKey/JSON",2026-09-22
DDInter958,Iodixanol,3724,Iodixanol,CC(=O)N(CC(CN(C1=C(C(=C(C(=C1I)C(=O)NCC(CO)O)I)C(=O)NCC(CO)O)I)C(=O)C)O)C2=C(C(=C(C(=C2I)C(=O)NCC(CO)O)I)C(=O)NCC(CO)O)I,CC(=O)N(CC(CN(C1=C(C(=C(C(=C1I)C(=O)NCC(CO)O)I)C(=O)NCC(CO)O)I)C(=O)C)O)C2=C(C(=C(C(=C2I)C(=O)NCC(CO)O)I)C(=O)NCC(CO)O)I,"InChI=1S/C35H44I6N6O15/c1-13(52)46(30-26(38)20(32(59)42-3-15(54)9-48)24(36)21(27(30)39)33(60)43-4-16(55)10-49)7-19(58)8-47(14(2)53)31-28(40)22(34(61)44-5-17(56)11-50)25(37)23(29(31)41)35(62)45-6-18(57)12-51/h15-19,48-51,54-58H,3-12H2,1-2H3,(H,42,59)(H,43,60)(H,44,61)(H,45,62)",NBQNWMBBSKPBAY-UHFFFAOYSA-N,exact DDInter name query,exact_unique,valid,"https://pubchem.ncbi.nlm.nih.gov/rest/pug/compound/name/Iodixanol/property/Title,ConnectivitySMILES,SMILES,InChI,InChIKey/JSON",2026-09-22
DDInter959,Ioflupane I-123,3086674,Ioflupane I-123,COC(=O)C1C2CCC(N2CCCF)CC1C3=CC=C(C=C3)I,COC(=O)[C@@H]1[C@H]2CC[C@H](N2CCCF)C[C@@H]1C3=CC=C(C=C3)[123I],"InChI=1S/C18H23FINO2/c1-23-18(22)17-15(12-3-5-13(20)6-4-12)11-14-7-8-16(17)21(14)10-2-9-19/h3-6,14-17H,2,7-11H2,1H3/t14-,15+,16+,17-/m0/s1/i20-4",HXWLAJVUJSVENX-HFIFKADTSA-N,exact DDInter name query,exact_unique,valid,"https://pubchem.ncbi.nlm.nih.gov/rest/pug/compound/name/Ioflupane%20I-123/property/Title,ConnectivitySMILES,SMILES,InChI,InChIKey/JSON",2026-09-22
DDInter960,Iohexol,3730,Iohexol,CC(=O)N(CC(CO)O)C1=C(C(=C(C(=C1I)C(=O)NCC(CO)O)I)C(=O)NCC(CO)O)I,CC(=O)N(CC(CO)O)C1=C(C(=C(C(=C1I)C(=O)NCC(CO)O)I)C(=O)NCC(CO)O)I,"InChI=1S/C19H26I3N3O9/c1-8(29)25(4-11(32)7-28)17-15(21)12(18(33)23-2-9(30)5-26)14(20)13(16(17)22)19(34)24-3-10(31)6-27/h9-11,26-28,30-32H,2-7H2,1H3,(H,23,33)(H,24,34)",NTHXOOBQLCIOLC-UHFFFAOYSA-N,exact DDInter name query,exact_unique,valid,"https://pubchem.ncbi.nlm.nih.gov/rest/pug/compound/name/Iohexol/property/Title,ConnectivitySMILES,SMILES,InChI,InChIKey/JSON",2026-09-22
DDInter961,Iopamidol,65492,Iopamidol,CC(C(=O)NC1=C(C(=C(C(=C1I)C(=O)NC(CO)CO)I)C(=O)NC(CO)CO)I)O,C[C@@H](C(=O)NC1=C(C(=C(C(=C1I)C(=O)NC(CO)CO)I)C(=O)NC(CO)CO)I)O,"InChI=1S/C17H22I3N3O8/c1-6(28)15(29)23-14-12(19)9(16(30)21-7(2-24)3-25)11(18)10(13(14)20)17(31)22-8(4-26)5-27/h6-8,24-28H,2-5H2,1H3,(H,21,30)(H,22,31)(H,23,29)/t6-/m0/s1",XQZXYNRDCRIARQ-LURJTMIESA-N,exact DDInter name query,exact_unique,valid,"https://pubchem.ncbi.nlm.nih.gov/rest/pug/compound/name/Iopamidol/property/Title,ConnectivitySMILES,SMILES,InChI,InChIKey/JSON",2026-09-22
DDInter962,Iopanoic acid,3735,Iopanoic Acid,CCC(CC1=C(C(=C(C=C1I)I)N)I)C(=O)O,CCC(CC1=C(C(=C(C=C1I)I)N)I)C(=O)O,"InChI=1S/C11H12I3NO2/c1-2-5(11(16)17)3-6-7(12)4-8(13)10(15)9(6)14/h4-5H,2-3,15H2,1H3,(H,16,17)",OIRFJRBSRORBCM-UHFFFAOYSA-N,exact DDInter name query,exact_unique,valid,"https://pubchem.ncbi.nlm.nih.gov/rest/pug/compound/name/Iopanoic%20acid/property/Title,ConnectivitySMILES,SMILES,InChI,InChIKey/JSON",2026-09-22
DDInter963,Iopodic acid,5241,Oragrafin,CN(C)C=NC1=C(C=C(C(=C1I)CCC(=O)O)I)I,CN(C)C=NC1=C(C=C(C(=C1I)CCC(=O)O)I)I,"InChI=1S/C12H13I3N2O2/c1-17(2)6-16-12-9(14)5-8(13)7(11(12)15)3-4-10(18)19/h5-6H,3-4H2,1-2H3,(H,18,19)",YQNFBOJPTAXAKV-UHFFFAOYSA-N,exact DDInter name query,ambiguous,excluded_title_mismatch,"https://pubchem.ncbi.nlm.nih.gov/rest/pug/compound/name/Iopodic%20acid/property/Title,ConnectivitySMILES,SMILES,InChI,InChIKey/JSON",2026-09-22
DDInter964,Iopromide,3736,Iopromide,CN(CC(CO)O)C(=O)C1=C(C(=C(C(=C1I)C(=O)NCC(CO)O)I)NC(=O)COC)I,CN(CC(CO)O)C(=O)C1=C(C(=C(C(=C1I)C(=O)NCC(CO)O)I)NC(=O)COC)I,"InChI=1S/C18H24I3N3O8/c1-24(4-9(28)6-26)18(31)12-13(19)11(17(30)22-3-8(27)5-25)14(20)16(15(12)21)23-10(29)7-32-2/h8-9,25-28H,3-7H2,1-2H3,(H,22,30)(H,23,29)",DGAIEPBNLOQYER-UHFFFAOYSA-N,exact DDInter name query,exact_unique,valid,"https://pubchem.ncbi.nlm.nih.gov/rest/pug/compound/name/Iopromide/property/Title,ConnectivitySMILES,SMILES,InChI,InChIKey/JSON",2026-09-22
DDInter965,Iothalamic acid,3737,Iothalamic Acid,CC(=O)NC1=C(C(=C(C(=C1I)C(=O)O)I)C(=O)NC)I,CC(=O)NC1=C(C(=C(C(=C1I)C(=O)O)I)C(=O)NC)I,"InChI=1S/C11H9I3N2O4/c1-3(17)16-9-7(13)4(10(18)15-2)6(12)5(8(9)14)11(19)20/h1-2H3,(H,15,18)(H,16,17)(H,19,20)",UXIGWFXRQKWHHA-UHFFFAOYSA-N,exact DDInter name query,exact_unique,valid,"https://pubchem.ncbi.nlm.nih.gov/rest/pug/compound/name/Iothalamic%20acid/property/Title,ConnectivitySMILES,SMILES,InChI,InChIKey/JSON",2026-09-22
DDInter966,Ioversol,3741,Ioversol,C(CO)N(C1=C(C(=C(C(=C1I)C(=O)NCC(CO)O)I)C(=O)NCC(CO)O)I)C(=O)CO,C(CO)N(C1=C(C(=C(C(=C1I)C(=O)NCC(CO)O)I)C(=O)NCC(CO)O)I)C(=O)CO,"InChI=1S/C18H24I3N3O9/c19-13-11(17(32)22-3-8(29)5-26)14(20)16(24(1-2-25)10(31)7-28)15(21)12(13)18(33)23-4-9(30)6-27/h8-9,25-30H,1-7H2,(H,22,32)(H,23,33)",AMDBBAQNWSUWGN-UHFFFAOYSA-N,exact DDInter name query,exact_unique,valid,"https://pubchem.ncbi.nlm.nih.gov/rest/pug/compound/name/Ioversol/property/Title,ConnectivitySMILES,SMILES,InChI,InChIKey/JSON",2026-09-22
DDInter967,Ioxilan,3743,Ioxilan,CC(=O)N(CC(CO)O)C1=C(C(=C(C(=C1I)C(=O)NCC(CO)O)I)C(=O)NCCO)I,CC(=O)N(CC(CO)O)C1=C(C(=C(C(=C1I)C(=O)NCC(CO)O)I)C(=O)NCCO)I,"InChI=1S/C18H24I3N3O8/c1-8(28)24(5-10(30)7-27)16-14(20)11(17(31)22-2-3-25)13(19)12(15(16)21)18(32)23-4-9(29)6-26/h9-10,25-27,29-30H,2-7H2,1H3,(H,22,31)(H,23,32)",UUMLTINZBQPNGF-UHFFFAOYSA-N,exact DDInter name query,exact_unique,valid,"https://pubchem.ncbi.nlm.nih.gov/rest/pug/compound/name/Ioxilan/property/Title,ConnectivitySMILES,SMILES,InChI,InChIKey/JSON",2026-09-22
DDInter968,Ipecac,,,,,,,exact DDInter name query,unmapped,unavailable,"https://pubchem.ncbi.nlm.nih.gov/rest/pug/compound/name/Ipecac/property/Title,ConnectivitySMILES,SMILES,InChI,InChIKey/JSON",2026-09-22
DDInter969,Ipilimumab,,,,,,,exact DDInter name query,unmapped,unavailable,"https://pubchem.ncbi.nlm.nih.gov/rest/pug/compound/name/Ipilimumab/property/Title,ConnectivitySMILES,SMILES,InChI,InChIKey/JSON",2026-09-22
DDInter97,Anidulafungin,166548,Anidulafungin,CCCCCOC1=CC=C(C=C1)C2=CC=C(C=C2)C3=CC=C(C=C3)C(=O)NC4CC(C(NC(=O)C5C(C(CN5C(=O)C(NC(=O)C(NC(=O)C6CC(CN6C(=O)C(NC4=O)C(C)O)O)C(C(C7=CC=C(C=C7)O)O)O)C(C)O)C)O)O)O,CCCCCOC1=CC=C(C=C1)C2=CC=C(C=C2)C3=CC=C(C=C3)C(=O)N[C@H]4C[C@H]([C@H](NC(=O)[C@@H]5[C@H]([C@H](CN5C(=O)[C@@H](NC(=O)[C@@H](NC(=O)[C@@H]6C[C@H](CN6C(=O)[C@@H](NC4=O)[C@@H](C)O)O)[C@@H]([C@H](C7=CC=C(C=C7)O)O)O)[C@@H](C)O)C)O)O)O,"InChI=1S/C58H73N7O17/c1-5-6-7-24-82-40-22-18-35(19-23-40)33-10-8-32(9-11-33)34-12-14-37(15-13-34)51(74)59-41-26-43(70)54(77)63-56(79)47-48(71)29(2)27-65(47)58(81)45(31(4)67)61-55(78)46(50(73)49(72)36-16-20-38(68)21-17-36)62-53(76)42-25-39(69)28-64(42)57(80)44(30(3)66)60-52(41)75/h8-23,29-31,39,41-50,54,66-73,77H,5-7,24-28H2,1-4H3,(H,59,74)(H,60,75)(H,61,78)(H,62,76)(H,63,79)/t29-,30+,31+,39+,41-,42-,43+,44-,45-,46-,47-,48-,49-,50-,54+/m0/s1",JHVAMHSQVVQIOT-MFAJLEFUSA-N,exact DDInter name query,exact_unique,valid,"https://pubchem.ncbi.nlm.nih.gov/rest/pug/compound/name/Anidulafungin/property/Title,ConnectivitySMILES,SMILES,InChI,InChIKey/JSON",2026-09-22
DDInter970,Ipratropium,657309,Ipratropium,CC(C)[N+]1(C2CCC1CC(C2)OC(=O)C(CO)C3=CC=CC=C3)C,CC(C)[N+]1([C@@H]2CC[C@H]1CC(C2)OC(=O)C(CO)C3=CC=CC=C3)C,"InChI=1S/C20H30NO3/c1-14(2)21(3)16-9-10-17(21)12-18(11-16)24-20(23)19(13-22)15-7-5-4-6-8-15/h4-8,14,16-19,22H,9-13H2,1-3H3/q+1/t16-,17+,18?,19?,21?",OEXHQOGQTVQTAT-BZQJJPTISA-N,exact DDInter name query,exact_unique,valid,"https://pubchem.ncbi.nlm.nih.gov/rest/pug/compound/name/Ipratropium/property/Title,ConnectivitySMILES,SMILES,InChI,InChIKey/JSON",2026-09-22
DDInter971,Ipratropium (nasal),,,,,,,exact DDInter name query,unmapped,unavailable,"https://pubchem.ncbi.nlm.nih.gov/rest/pug/compound/name/Ipratropium%20%28nasal%29/property/Title,ConnectivitySMILES,SMILES,InChI,InChIKey/JSON",2026-09-22
DDInter972,Irbesartan,3749,Irbesartan,CCCCC1=NC2(CCCC2)C(=O)N1CC3=CC=C(C=C3)C4=CC=CC=C4C5=NNN=N5,CCCCC1=NC2(CCCC2)C(=O)N1CC3=CC=C(C=C3)C4=CC=CC=C4C5=NNN=N5,"InChI=1S/C25H28N6O/c1-2-3-10-22-26-25(15-6-7-16-25)24(32)31(22)17-18-11-13-19(14-12-18)20-8-4-5-9-21(20)23-27-29-30-28-23/h4-5,8-9,11-14H,2-3,6-7,10,15-17H2,1H3,(H,27,28,29,30)",YOSHYTLCDANDAN-UHFFFAOYSA-N,exact DDInter name query,exact_unique,valid,"https://pubchem.ncbi.nlm.nih.gov/rest/pug/compound/name/Irbesartan/property/Title,ConnectivitySMILES,SMILES,InChI,InChIKey/JSON",2026-09-22
DDInter973,Irinotecan,60838,Irinotecan,CCC1=C2CN3C(=CC4=C(C3=O)COC(=O)C4(CC)O)C2=NC5=C1C=C(C=C5)OC(=O)N6CCC(CC6)N7CCCCC7,CCC1=C2CN3C(=CC4=C(C3=O)COC(=O)[C@@]4(CC)O)C2=NC5=C1C=C(C=C5)OC(=O)N6CCC(CC6)N7CCCCC7,"InChI=1S/C33H38N4O6/c1-3-22-23-16-21(43-32(40)36-14-10-20(11-15-36)35-12-6-5-7-13-35)8-9-27(23)34-29-24(22)18-37-28(29)17-26-25(30(37)38)19-42-31(39)33(26,41)4-2/h8-9,16-17,20,41H,3-7,10-15,18-19H2,1-2H3/t33-/m0/s1",UWKQSNNFCGGAFS-XIFFEERXSA-N,exact DDInter name query,exact_unique,valid,"https://pubchem.ncbi.nlm.nih.gov/rest/pug/compound/name/Irinotecan/property/Title,ConnectivitySMILES,SMILES,InChI,InChIKey/JSON",2026-09-22
DDInter974,Irinotecan (liposomal),,,,,,,exact DDInter name query,unmapped,unavailable,"https://pubchem.ncbi.nlm.nih.gov/rest/pug/compound/name/Irinotecan%20%28liposomal%29/property/Title,ConnectivitySMILES,SMILES,InChI,InChIKey/JSON",2026-09-22
DDInter975,Iron,23925,Iron,[Fe],[Fe],InChI=1S/Fe,XEEYBQQBJWHFJM-UHFFFAOYSA-N,exact DDInter name query,exact_unique,valid,"https://pubchem.ncbi.nlm.nih.gov/rest/pug/compound/name/Iron/property/Title,ConnectivitySMILES,SMILES,InChI,InChIKey/JSON",2026-09-22
DDInter976,Iron Dextran,,,,,,,exact DDInter name query,unmapped,unavailable,"https://pubchem.ncbi.nlm.nih.gov/rest/pug/compound/name/Iron%20Dextran/property/Title,ConnectivitySMILES,SMILES,InChI,InChIKey/JSON",2026-09-22
DDInter977,Iron protein succinylate,,,,,,,exact DDInter name query,unmapped,unavailable,"https://pubchem.ncbi.nlm.nih.gov/rest/pug/compound/name/Iron%20protein%20succinylate/property/Title,ConnectivitySMILES,SMILES,InChI,InChIKey/JSON",2026-09-22
DDInter978,Iron sucrose,,,,,,,exact DDInter name query,unmapped,unavailable,"https://pubchem.ncbi.nlm.nih.gov/rest/pug/compound/name/Iron%20sucrose/property/Title,ConnectivitySMILES,SMILES,InChI,InChIKey/JSON",2026-09-22
DDInter979,Isatuximab,,,,,,,exact DDInter name query,unmapped,unavailable,"https://pubchem.ncbi.nlm.nih.gov/rest/pug/compound/name/Isatuximab/property/Title,ConnectivitySMILES,SMILES,InChI,InChIKey/JSON",2026-09-22
DDInter98,Anisindione,2197,Anisindione,COC1=CC=C(C=C1)C2C(=O)C3=CC=CC=C3C2=O,COC1=CC=C(C=C1)C2C(=O)C3=CC=CC=C3C2=O,"InChI=1S/C16H12O3/c1-19-11-8-6-10(7-9-11)14-15(17)12-4-2-3-5-13(12)16(14)18/h2-9,14H,1H3",XRCFXMGQEVUZFC-UHFFFAOYSA-N,exact DDInter name query,exact_unique,valid,"https://pubchem.ncbi.nlm.nih.gov/rest/pug/compound/name/Anisindione/property/Title,ConnectivitySMILES,SMILES,InChI,InChIKey/JSON",2026-09-22
DDInter980,Isavuconazonium,6918606,Isavuconazonium,CC(C1=NC(=CS1)C2=CC=C(C=C2)C#N)C(CN3C=[N+](C=N3)C(C)OC(=O)N(C)C4=C(C=CC=N4)COC(=O)CNC)(C5=C(C=CC(=C5)F)F)O,C[C@@H](C1=NC(=CS1)C2=CC=C(C=C2)C#N)[C@](CN3C=[N+](C=N3)C(C)OC(=O)N(C)C4=C(C=CC=N4)COC(=O)CNC)(C5=C(C=CC(=C5)F)F)O,"InChI=1S/C35H35F2N8O5S/c1-22(33-42-30(18-51-33)25-9-7-24(15-38)8-10-25)35(48,28-14-27(36)11-12-29(28)37)19-45-21-44(20-41-45)23(2)50-34(47)43(4)32-26(6-5-13-40-32)17-49-31(46)16-39-3/h5-14,18,20-23,39,48H,16-17,19H2,1-4H3/q+1/t22-,23?,35+/m0/s1",RSWOJTICKMKTER-QXLBVTBOSA-N,exact DDInter name query,exact_unique,valid,"https://pubchem.ncbi.nlm.nih.gov/rest/pug/compound/name/Isavuconazonium/property/Title,ConnectivitySMILES,SMILES,InChI,InChIKey/JSON",2026-09-22
DDInter981,Isocarboxazid,3759,Isocarboxazid,CC1=CC(=NO1)C(=O)NNCC2=CC=CC=C2,CC1=CC(=NO1)C(=O)NNCC2=CC=CC=C2,"InChI=1S/C12H13N3O2/c1-9-7-11(15-17-9)12(16)14-13-8-10-5-3-2-4-6-10/h2-7,13H,8H2,1H3,(H,14,16)",XKFPYPQQHFEXRZ-UHFFFAOYSA-N,exact DDInter name query,exact_unique,valid,"https://pubchem.ncbi.nlm.nih.gov/rest/pug/compound/name/Isocarboxazid/property/Title,ConnectivitySMILES,SMILES,InChI,InChIKey/JSON",2026-09-22
DDInter982,Isoetharine,3762,Isoetharine,CCC(C(C1=CC(=C(C=C1)O)O)O)NC(C)C,CCC(C(C1=CC(=C(C=C1)O)O)O)NC(C)C,"InChI=1S/C13H21NO3/c1-4-10(14-8(2)3)13(17)9-5-6-11(15)12(16)7-9/h5-8,10,13-17H,4H2,1-3H3",HUYWAWARQUIQLE-UHFFFAOYSA-N,exact DDInter name query,exact_unique,valid,"https://pubchem.ncbi.nlm.nih.gov/rest/pug/compound/name/Isoetharine/property/Title,ConnectivitySMILES,SMILES,InChI,InChIKey/JSON",2026-09-22
DDInter983,Isoflurane,3763,Isoflurane,C(C(F)(F)F)(OC(F)F)Cl,C(C(F)(F)F)(OC(F)F)Cl,"InChI=1S/C3H2ClF5O/c4-1(3(7,8)9)10-2(5)6/h1-2H",PIWKPBJCKXDKJR-UHFFFAOYSA-N,exact DDInter name query,exact_unique,valid,"https://pubchem.ncbi.nlm.nih.gov/rest/pug/compound/name/Isoflurane/property/Title,ConnectivitySMILES,SMILES,InChI,InChIKey/JSON",2026-09-22
DDInter984,Isoflurophate (ophthalmic),,,,,,,exact DDInter name query,unmapped,unavailable,"https://pubchem.ncbi.nlm.nih.gov/rest/pug/compound/name/Isoflurophate%20%28ophthalmic%29/property/Title,ConnectivitySMILES,SMILES,InChI,InChIKey/JSON",2026-09-22
DDInter985,Isometheptene,22297,Isometheptene,CC(CCC=C(C)C)NC,CC(CCC=C(C)C)NC,"InChI=1S/C9H19N/c1-8(2)6-5-7-9(3)10-4/h6,9-10H,5,7H2,1-4H3",XVQUOJBERHHONY-UHFFFAOYSA-N,exact DDInter name query,exact_unique,valid,"https://pubchem.ncbi.nlm.nih.gov/rest/pug/compound/name/Isometheptene/property/Title,ConnectivitySMILES,SMILES,InChI,InChIKey/JSON",2026-09-22
DDInter986,Isoniazid,3767,Isoniazid,C1=CN=CC=C1C(=O)NN,C1=CN=CC=C1C(=O)NN,"InChI=1S/C6H7N3O/c7-9-6(10)5-1-3-8-4-2-5/h1-4H,7H2,(H,9,10)",QRXWMOHMRWLFEY-UHFFFAOYSA-N,exact DDInter name query,exact_unique,valid,"https://pubchem.ncbi.nlm.nih.gov/rest/pug/compound/name/Isoniazid/property/Title,ConnectivitySMILES,SMILES,InChI,InChIKey/JSON",2026-09-22
DDInter987,Isoprenaline,3779,Isoproterenol,CC(C)NCC(C1=CC(=C(C=C1)O)O)O,CC(C)NCC(C1=CC(=C(C=C1)O)O)O,"InChI=1S/C11H17NO3/c1-7(2)12-6-11(15)8-3-4-9(13)10(14)5-8/h3-5,7,11-15H,6H2,1-2H3",JWZZKOKVBUJMES-UHFFFAOYSA-N,exact DDInter name query,ambiguous,excluded_title_mismatch,"https://pubchem.ncbi.nlm.nih.gov/rest/pug/compound/name/Isoprenaline/property/Title,ConnectivitySMILES,SMILES,InChI,InChIKey/JSON",2026-09-22
DDInter988,Isosorbide,12597,Isosorbide,C1C(C2C(O1)C(CO2)O)O,C1[C@H]([C@@H]2[C@H](O1)[C@H](CO2)O)O,"InChI=1S/C6H10O4/c7-3-1-9-6-4(8)2-10-5(3)6/h3-8H,1-2H2/t3-,4+,5-,6-/m1/s1",KLDXJTOLSGUMSJ-JGWLITMVSA-N,exact DDInter name query,exact_unique,valid,"https://pubchem.ncbi.nlm.nih.gov/rest/pug/compound/name/Isosorbide/property/Title,ConnectivitySMILES,SMILES,InChI,InChIKey/JSON",2026-09-22
DDInter989,Isosorbide dinitrate,6883,Isosorbide Dinitrate,C1C(C2C(O1)C(CO2)O[N+](=O)[O-])O[N+](=O)[O-],C1[C@H]([C@@H]2[C@H](O1)[C@H](CO2)O[N+](=O)[O-])O[N+](=O)[O-],"InChI=1S/C6H8N2O8/c9-7(10)15-3-1-13-6-4(16-8(11)12)2-14-5(3)6/h3-6H,1-2H2/t3-,4+,5-,6-/m1/s1",MOYKHGMNXAOIAT-JGWLITMVSA-N,exact DDInter name query,exact_unique,valid,"https://pubchem.ncbi.nlm.nih.gov/rest/pug/compound/name/Isosorbide%20dinitrate/property/Title,ConnectivitySMILES,SMILES,InChI,InChIKey/JSON",2026-09-22
DDInter99,Anistreplase,,,,,,,exact DDInter name query,unmapped,unavailable,"https://pubchem.ncbi.nlm.nih.gov/rest/pug/compound/name/Anistreplase/property/Title,ConnectivitySMILES,SMILES,InChI,InChIKey/JSON",2026-09-22
DDInter990,Isosorbide mononitrate,27661,Isosorbide Mononitrate,C1C(C2C(O1)C(CO2)O[N+](=O)[O-])O,C1[C@@H]([C@@H]2[C@H](O1)[C@@H](CO2)O[N+](=O)[O-])O,"InChI=1S/C6H9NO6/c8-3-1-11-6-4(13-7(9)10)2-12-5(3)6/h3-6,8H,1-2H2/t3-,4+,5+,6+/m0/s1",YWXYYJSYQOXTPL-SLPGGIOYSA-N,exact DDInter name query,exact_unique,valid,"https://pubchem.ncbi.nlm.nih.gov/rest/pug/compound/name/Isosorbide%20mononitrate/property/Title,ConnectivitySMILES,SMILES,InChI,InChIKey/JSON",2026-09-22
DDInter991,Isotretinoin,5282379,Isotretinoin,CC1=C(C(CCC1)(C)C)C=CC(=CC=CC(=CC(=O)O)C)C,CC1=C(C(CCC1)(C)C)/C=C/C(=C/C=C/C(=C\C(=O)O)/C)/C,"InChI=1S/C20H28O2/c1-15(8-6-9-16(2)14-19(21)22)11-12-18-17(3)10-7-13-20(18,4)5/h6,8-9,11-12,14H,7,10,13H2,1-5H3,(H,21,22)/b9-6+,12-11+,15-8+,16-14-",SHGAZHPCJJPHSC-XFYACQKRSA-N,exact DDInter name query,exact_unique,valid,"https://pubchem.ncbi.nlm.nih.gov/rest/pug/compound/name/Isotretinoin/property/Title,ConnectivitySMILES,SMILES,InChI,InChIKey/JSON",2026-09-22
DDInter992,Isoxsuprine,11779629,Isoxsuprine,CC(COC1=CC=CC=C1)NC(C)C(C2=CC=C(C=C2)O)O,C[C@H](COC1=CC=CC=C1)N[C@H](C)[C@H](C2=CC=C(C=C2)O)O,"InChI=1S/C18H23NO3/c1-13(12-22-17-6-4-3-5-7-17)19-14(2)18(21)15-8-10-16(20)11-9-15/h3-11,13-14,18-21H,12H2,1-2H3/t13-,14-,18-/m1/s1",BMUKKTUHUDJSNZ-HBUWYVDXSA-N,exact DDInter name query,exact_unique,valid,"https://pubchem.ncbi.nlm.nih.gov/rest/pug/compound/name/Isoxsuprine/property/Title,ConnectivitySMILES,SMILES,InChI,InChIKey/JSON",2026-09-22
DDInter993,Isradipine,3784,Isradipine,CC1=C(C(C(=C(N1)C)C(=O)OC(C)C)C2=CC=CC3=NON=C32)C(=O)OC,CC1=C(C(C(=C(N1)C)C(=O)OC(C)C)C2=CC=CC3=NON=C32)C(=O)OC,"InChI=1S/C19H21N3O5/c1-9(2)26-19(24)15-11(4)20-10(3)14(18(23)25-5)16(15)12-7-6-8-13-17(12)22-27-21-13/h6-9,16,20H,1-5H3",HMJIYCCIJYRONP-UHFFFAOYSA-N,exact DDInter name query,exact_unique,valid,"https://pubchem.ncbi.nlm.nih.gov/rest/pug/compound/name/Isradipine/property/Title,ConnectivitySMILES,SMILES,InChI,InChIKey/JSON",2026-09-22
DDInter994,Istradefylline,5311037,Istradefylline,CCN1C2=C(C(=O)N(C1=O)CC)N(C(=N2)C=CC3=CC(=C(C=C3)OC)OC)C,CCN1C2=C(C(=O)N(C1=O)CC)N(C(=N2)/C=C/C3=CC(=C(C=C3)OC)OC)C,"InChI=1S/C20H24N4O4/c1-6-23-18-17(19(25)24(7-2)20(23)26)22(3)16(21-18)11-9-13-8-10-14(27-4)15(12-13)28-5/h8-12H,6-7H2,1-5H3/b11-9+",IQVRBWUUXZMOPW-PKNBQFBNSA-N,exact DDInter name query,exact_unique,valid,"https://pubchem.ncbi.nlm.nih.gov/rest/pug/compound/name/Istradefylline/property/Title,ConnectivitySMILES,SMILES,InChI,InChIKey/JSON",2026-09-22
DDInter995,Itraconazole,55283,Itraconazole,CCC(C)N1C(=O)N(C=N1)C2=CC=C(C=C2)N3CCN(CC3)C4=CC=C(C=C4)OCC5COC(O5)(CN6C=NC=N6)C7=C(C=C(C=C7)Cl)Cl,CCC(C)N1C(=O)N(C=N1)C2=CC=C(C=C2)N3CCN(CC3)C4=CC=C(C=C4)OC[C@H]5CO[C@](O5)(CN6C=NC=N6)C7=C(C=C(C=C7)Cl)Cl,"InChI=1S/C35H38Cl2N8O4/c1-3-25(2)45-34(46)44(24-40-45)29-7-5-27(6-8-29)41-14-16-42(17-15-41)28-9-11-30(12-10-28)47-19-31-20-48-35(49-31,21-43-23-38-22-39-43)32-13-4-26(36)18-33(32)37/h4-13,18,22-25,31H,3,14-17,19-21H2,1-2H3/t25?,31-,35-/m0/s1",VHVPQPYKVGDNFY-ZPGVKDDISA-N,exact DDInter name query,exact_unique,valid,"https://pubchem.ncbi.nlm.nih.gov/rest/pug/compound/name/Itraconazole/property/Title,ConnectivitySMILES,SMILES,InChI,InChIKey/JSON",2026-09-22
DDInter996,Ivabradine,132999,Ivabradine,CN(CCCN1CCC2=CC(=C(C=C2CC1=O)OC)OC)CC3CC4=CC(=C(C=C34)OC)OC,CN(CCCN1CCC2=CC(=C(C=C2CC1=O)OC)OC)C[C@H]3CC4=CC(=C(C=C34)OC)OC,"InChI=1S/C27H36N2O5/c1-28(17-21-11-20-14-25(33-4)26(34-5)16-22(20)21)8-6-9-29-10-7-18-12-23(31-2)24(32-3)13-19(18)15-27(29)30/h12-14,16,21H,6-11,15,17H2,1-5H3/t21-/m1/s1",ACRHBAYQBXXRTO-OAQYLSRUSA-N,exact DDInter name query,exact_unique,valid,"https://pubchem.ncbi.nlm.nih.gov/rest/pug/compound/name/Ivabradine/property/Title,ConnectivitySMILES,SMILES,InChI,InChIKey/JSON",2026-09-22
DDInter997,Ivacaftor,16220172,Ivacaftor,CC(C)(C)C1=CC(=C(C=C1NC(=O)C2=CNC3=CC=CC=C3C2=O)O)C(C)(C)C,CC(C)(C)C1=CC(=C(C=C1NC(=O)C2=CNC3=CC=CC=C3C2=O)O)C(C)(C)C,"InChI=1S/C24H28N2O3/c1-23(2,3)16-11-17(24(4,5)6)20(27)12-19(16)26-22(29)15-13-25-18-10-8-7-9-14(18)21(15)28/h7-13,27H,1-6H3,(H,25,28)(H,26,29)",PURKAOJPTOLRMP-UHFFFAOYSA-N,exact DDInter name query,exact_unique,valid,"https://pubchem.ncbi.nlm.nih.gov/rest/pug/compound/name/Ivacaftor/property/Title,ConnectivitySMILES,SMILES,InChI,InChIKey/JSON",2026-09-22
DDInter998,Ivermectin,,,,,,,exact DDInter name query,unmapped,unavailable,"https://pubchem.ncbi.nlm.nih.gov/rest/pug/compound/name/Ivermectin/property/Title,ConnectivitySMILES,SMILES,InChI,InChIKey/JSON",2026-09-22
DDInter999,Ivermectin (topical),,,,,,,exact DDInter name query,unmapped,unavailable,"https://pubchem.ncbi.nlm.nih.gov/rest/pug/compound/name/Ivermectin%20%28topical%29/property/Title,ConnectivitySMILES,SMILES,InChI,InChIKey/JSON",2026-09-22
