source,metaedge,target
Compound::DB01291,CrC,Compound::DB01203
Compound::DB00999,CrC,Compound::DB01021
Compound::DB00872,CrC,Compound::DB01076
Compound::DB00393,CrC,Compound::DB00270
Compound::DB00489,CrC,Compound::DB00187
Compound::DB00571,CrC,Compound::DB00264
Compound::DB00393,CrC,Compound::DB01023
Compound::DB00247,CrC,Compound::DB01200
Compound::DB01115,CrC,Compound::DB01054
Compound::DB00177,CrC,Compound::DB00796
Compound::DB00195,CrC,Compound::DB01580
Compound::DB00856,CrC,Compound::DB00195
Compound::DB00968,CrC,Compound::DB00244
Compound::DB00571,CrC,Compound::DB00289
Compound::DB01023,CrC,Compound::DB00528
Compound::DB00598,CrC,Compound::DB00542
Compound::DB00584,CrC,Compound::DB00790
Compound::DB00839,CrC,Compound::DB00634
Compound::DB00722,CrC,Compound::DB00731
Compound::DB01162,CrC,Compound::DB00590
Compound::DB01049,CrC,Compound::DB01200
Compound::DB00839,CrC,Compound::DB01016
Compound::DB00264,CrC,Compound::DB00187
Compound::DB08998,CrC,Compound::DB01136
Compound::DB01420,CrC,Compound::DB00700
Compound::DB00421,CrC,Compound::DB00621
Compound::DB00973,CrC,Compound::DB04842
Compound::DB00866,CrC,Compound::DB00264
Compound::DB00270,CrC,Compound::DB01054
Compound::DB00571,CrC,Compound::DB01193
Compound::DB00945,CrC,Compound::DB00939
Compound::DB00731,CrC,Compound::DB00188
Compound::DB01252,CrC,Compound::DB00492
Compound::DB01393,CrC,Compound::DB01016
Compound::DB00492,CrC,Compound::DB01340
Compound::DB00177,CrC,Compound::DB01349
Compound::DB00731,CrC,Compound::DB00120
Compound::DB00232,CrC,Compound::DB00999
Compound::DB01244,CrC,Compound::DB01116
Compound::DB08808,CrC,Compound::DB01203
Compound::DB00731,CrC,Compound::DB01576
Compound::DB00856,CrC,Compound::DB00264
Compound::DB00519,CrC,Compound::DB00731
Compound::DB00741,CrC,Compound::DB00700
Compound::DB00731,CrC,Compound::DB01577
Compound::DB00722,CrC,Compound::DB00691
Compound::DB00270,CrC,Compound::DB00401
Compound::DB00264,CrC,Compound::DB01193
Compound::DB00960,CrC,Compound::DB00521
Compound::DB01115,CrC,Compound::DB06712
Compound::DB00571,CrC,Compound::DB08941
Compound::DB01359,CrC,Compound::DB00866
Compound::DB01297,CrC,Compound::DB01193
Compound::DB00874,CrC,Compound::DB01359
Compound::DB00524,CrC,Compound::DB00808
Compound::DB00421,CrC,Compound::DB00624
Compound::DB01021,CrC,Compound::DB00880
Compound::DB00966,CrC,Compound::DB01609
Compound::DB00999,CrC,Compound::DB00606
Compound::DB01395,CrC,Compound::DB00700
Compound::DB01182,CrC,Compound::DB00542
Compound::DB00960,CrC,Compound::DB01203
Compound::DB00519,CrC,Compound::DB00691
Compound::DB00700,CrC,Compound::DB00603
Compound::DB08954,CrC,Compound::DB00598
Compound::DB01359,CrC,Compound::DB00521
Compound::DB01244,CrC,Compound::DB00925
Compound::DB01102,CrC,Compound::DB00598
Compound::DB00421,CrC,Compound::DB09015
Compound::DB00960,CrC,Compound::DB01214
Compound::DB01324,CrC,Compound::DB00436
Compound::DB00232,CrC,Compound::DB00524
Compound::DB01393,CrC,Compound::DB01039
Compound::DB00401,CrC,Compound::DB04920
Compound::DB00177,CrC,Compound::DB00678
Compound::DB00622,CrC,Compound::DB04920
Compound::DB00968,CrC,Compound::DB00221
Compound::DB00275,CrC,Compound::DB08822
Compound::DB01064,CrC,Compound::DB00598
Compound::DB00310,CrC,Compound::DB00562
Compound::DB01325,CrC,Compound::DB00880
Compound::DB00774,CrC,Compound::DB00606
Compound::DB00571,CrC,Compound::DB00195
Compound::DB00270,CrC,Compound::DB01023
Compound::DB01251,CrC,Compound::DB01067
Compound::DB00676,CrC,Compound::DB00542
Compound::DB00973,CrC,Compound::DB04841
Compound::DB01162,CrC,Compound::DB00346
Compound::DB01119,CrC,Compound::DB00880
Compound::DB01113,CrC,Compound::DB00661
Compound::DB00178,CrC,Compound::DB01348
Compound::DB00584,CrC,Compound::DB00691
Compound::DB00945,CrC,Compound::DB01398
Compound::DB01023,CrC,Compound::DB01054
Compound::DB01403,CrC,Compound::DB00343
Compound::DB01098,CrC,Compound::DB01095
Compound::DB01580,CrC,Compound::DB01193
Compound::DB00571,CrC,Compound::DB01012
Compound::DB00381,CrC,Compound::DB04920
Compound::DB00722,CrC,Compound::DB01255
Compound::DB00796,CrC,Compound::DB01342
Compound::DB00678,CrC,Compound::DB01342
Compound::DB00575,CrC,Compound::DB00964
Compound::DB00573,CrC,Compound::DB00598
Compound::DB00968,CrC,Compound::DB00190
Compound::DB00335,CrC,Compound::DB00187
Compound::DB00571,CrC,Compound::DB01295
Compound::DB00672,CrC,Compound::DB00634
Compound::DB00584,CrC,Compound::DB00492
Compound::DB08893,CrC,Compound::DB00598
Compound::DB01214,CrC,Compound::DB01193
Compound::DB00960,CrC,Compound::DB01580
Compound::DB00966,CrC,Compound::DB00678
Compound::DB01429,CrC,Compound::DB00881
Compound::DB00647,CrC,Compound::DB00881
Compound::DB01580,CrC,Compound::DB00187
Compound::DB00866,CrC,Compound::DB00187
Compound::DB00999,CrC,Compound::DB00436
Compound::DB00636,CrC,Compound::DB01039
Compound::DB00866,CrC,Compound::DB01193
Compound::DB08860,CrC,Compound::DB01076
Compound::DB00839,CrC,Compound::DB01067
Compound::DB00839,CrC,Compound::DB01124
Compound::DB01241,CrC,Compound::DB08808
Compound::DB00687,CrC,Compound::DB00421
Compound::DB00790,CrC,Compound::DB00881
Compound::DB00421,CrC,Compound::DB00351
Compound::DB00571,CrC,Compound::DB01297
Compound::DB06274,CrC,Compound::DB00881
Compound::DB00691,CrC,Compound::DB00881
Compound::DB00391,CrC,Compound::DB01016
Compound::DB00423,CrC,Compound::DB01136
Compound::DB01185,CrC,Compound::DB00700
Compound::DB00401,CrC,Compound::DB06712
Compound::DB00584,CrC,Compound::DB01197
Compound::DB00335,CrC,Compound::DB01193
Compound::DB01244,CrC,Compound::DB00676
Compound::DB00843,CrC,Compound::DB00590
Compound::DB00712,CrC,Compound::DB00598
Compound::DB00549,CrC,Compound::DB01016
Compound::DB00571,CrC,Compound::DB01136
Compound::DB00519,CrC,Compound::DB00881
Compound::DB00178,CrC,Compound::DB00691
Compound::DB01120,CrC,Compound::DB01067
Compound::DB01340,CrC,Compound::DB00881
Compound::DB00284,CrC,Compound::DB01421
Compound::DB01115,CrC,Compound::DB00622
Compound::DB00492,CrC,Compound::DB01348
Compound::DB01182,CrC,Compound::DB00881
Compound::DB01274,CrC,Compound::DB00598
Compound::DB01069,CrC,Compound::DB00343
Compound::DB01420,CrC,Compound::DB00421
Compound::DB00876,CrC,Compound::DB00678
Compound::DB00521,CrC,Compound::DB01203
Compound::DB08996,CrC,Compound::DB00343
Compound::DB01246,CrC,Compound::DB00343
Compound::DB00999,CrC,Compound::DB01144
Compound::DB01297,CrC,Compound::DB00960
Compound::DB00700,CrC,Compound::DB00769
Compound::DB00678,CrC,Compound::DB01349
Compound::DB00420,CrC,Compound::DB00343
Compound::DB00519,CrC,Compound::DB00584
Compound::DB00695,CrC,Compound::DB00887
Compound::DB00691,CrC,Compound::DB01348
Compound::DB00841,CrC,Compound::DB00598
Compound::DB01124,CrC,Compound::DB00634
Compound::DB00396,CrC,Compound::DB00700
Compound::DB00562,CrC,Compound::DB00524
Compound::DB01125,CrC,Compound::DB00343
Compound::DB00571,CrC,Compound::DB00335
Compound::DB01146,CrC,Compound::DB01244
Compound::DB00396,CrC,Compound::DB00421
Compound::DB00284,CrC,Compound::DB00581
Compound::DB01029,CrC,Compound::DB00796
Compound::DB00774,CrC,Compound::DB00436
Compound::DB00968,CrC,Compound::DB00368
Compound::DB01023,CrC,Compound::DB00381
Compound::DB01251,CrC,Compound::DB00222
Compound::DB00178,CrC,Compound::DB00731
Compound::DB00880,CrC,Compound::DB00606
Compound::DB00571,CrC,Compound::DB00243
Compound::DB00222,CrC,Compound::DB01016
Compound::DB01182,CrC,Compound::DB01136
Compound::DB01029,CrC,Compound::DB01342
Compound::DB01124,CrC,Compound::DB00672
Compound::DB00706,CrC,Compound::DB01136
Compound::DB00731,CrC,Compound::DB00182
Compound::DB00945,CrC,Compound::DB00784
Compound::DB00381,CrC,Compound::DB01115
Compound::DB00524,CrC,Compound::DB00880
Compound::DB00579,CrC,Compound::DB00310
Compound::DB00741,CrC,Compound::DB00421
Compound::DB00571,CrC,Compound::DB00612
Compound::DB00243,CrC,Compound::DB01136
Compound::DB00678,CrC,Compound::DB01029
Compound::DB01089,CrC,Compound::DB00206
Compound::DB01214,CrC,Compound::DB00264
Compound::DB00575,CrC,Compound::DB00697
Compound::DB00973,CrC,Compound::DB01100
Compound::DB00571,CrC,Compound::DB06711
Compound::DB00571,CrC,Compound::DB00187
Compound::DB00284,CrC,Compound::DB00452
Compound::DB00966,CrC,Compound::DB00275
Compound::DB00374,CrC,Compound::DB01203
Compound::DB01295,CrC,Compound::DB00264
Compound::DB00586,CrC,Compound::DB01018
Compound::DB00195,CrC,Compound::DB00335
Compound::DB00571,CrC,Compound::DB00192
Compound::DB01428,CrC,Compound::DB00598
Compound::DB00672,CrC,Compound::DB01067
Compound::DB00562,CrC,Compound::DB00880
Compound::DB00731,CrC,Compound::DB06218
Compound::DB00839,CrC,Compound::DB01120
Compound::DB00571,CrC,Compound::DB01210
Compound::DB00960,CrC,Compound::DB00264
Compound::DB00968,CrC,Compound::DB00988
Compound::DB00945,CrC,Compound::DB00507
Compound::DB00938,CrC,Compound::DB00598
Compound::DB00758,CrC,Compound::DB06209
Compound::DB00436,CrC,Compound::DB00606
Compound::DB00275,CrC,Compound::DB01349
Compound::DB01023,CrC,Compound::DB00622
Compound::DB01162,CrC,Compound::DB00457
Compound::DB00839,CrC,Compound::DB00672
Compound::DB08954,CrC,Compound::DB01244
Compound::DB01067,CrC,Compound::DB00222
Compound::DB00808,CrC,Compound::DB00776
Compound::DB00168,CrC,Compound::DB00881
Compound::DB00575,CrC,Compound::DB00586
Compound::DB01136,CrC,Compound::DB08807
Compound::DB00706,CrC,Compound::DB00887
Compound::DB00678,CrC,Compound::DB00796
Compound::DB00968,CrC,Compound::DB01064
Compound::DB00519,CrC,Compound::DB00178
Compound::DB00187,CrC,Compound::DB01050
Compound::DB00412,CrC,Compound::DB08800
Compound::DB00722,CrC,Compound::DB00168
Compound::DB00968,CrC,Compound::DB00668
Compound::DB00661,CrC,Compound::DB00662
Compound::DB00731,CrC,Compound::DB00584
Compound::DB01289,CrC,Compound::DB01016
Compound::DB01359,CrC,Compound::DB01210
Compound::DB01244,CrC,Compound::DB00792
Compound::DB00275,CrC,Compound::DB01029
Compound::DB01115,CrC,Compound::DB04920
Compound::DB00519,CrC,Compound::DB00168
Compound::DB06262,CrC,Compound::DB00968
Compound::DB01324,CrC,Compound::DB00774
Compound::DB00373,CrC,Compound::DB01210
Compound::DB01132,CrC,Compound::DB00412
Compound::DB01180,CrC,Compound::DB00206
Compound::DB08811,CrC,Compound::DB00661
Compound::DB00373,CrC,Compound::DB01359
Compound::DB00373,CrC,Compound::DB08808
Compound::DB01244,CrC,Compound::DB01231
Compound::DB00700,CrC,Compound::DB01380
Compound::DB00999,CrC,Compound::DB00562
Compound::DB01251,CrC,Compound::DB01016
Compound::DB00384,CrC,Compound::DB00555
Compound::DB00722,CrC,Compound::DB01340
Compound::DB00393,CrC,Compound::DB01115
Compound::DB00195,CrC,Compound::DB00264
Compound::DB01011,CrC,Compound::DB00627
Compound::DB00796,CrC,Compound::DB08822
Compound::DB00489,CrC,Compound::DB00264
Compound::DB01098,CrC,Compound::DB08860
Compound::DB00421,CrC,Compound::DB00894
Compound::DB00178,CrC,Compound::DB00881
Compound::DB00945,CrC,Compound::DB00936
Compound::DB00310,CrC,Compound::DB00808
Compound::DB01120,CrC,Compound::DB01016
Compound::DB08941,CrC,Compound::DB00598
Compound::DB00421,CrC,Compound::DB00603
Compound::DB00178,CrC,Compound::DB01252
Compound::DB00796,CrC,Compound::DB01411
Compound::DB00813,CrC,Compound::DB00881
Compound::DB00571,CrC,Compound::DB00521
Compound::DB01615,CrC,Compound::DB00343
Compound::DB01325,CrC,Compound::DB00524
Compound::DB06691,CrC,Compound::DB00343
Compound::DB01121,CrC,Compound::DB01018
Compound::DB00519,CrC,Compound::DB00790
Compound::DB00178,CrC,Compound::DB00168
Compound::DB06712,CrC,Compound::DB00622
Compound::DB01009,CrC,Compound::DB00598
Compound::DB00731,CrC,Compound::DB00168
Compound::DB00999,CrC,Compound::DB00880
Compound::DB06691,CrC,Compound::DB00412
Compound::DB00421,CrC,Compound::DB00769
Compound::DB00994,CrC,Compound::DB00284
Compound::DB00571,CrC,Compound::DB00476
Compound::DB00421,CrC,Compound::DB01380
Compound::DB00584,CrC,Compound::DB01348
Compound::DB00195,CrC,Compound::DB01193
Compound::DB01151,CrC,Compound::DB00542
Compound::DB00722,CrC,Compound::DB00584
Compound::DB01023,CrC,Compound::DB04920
Compound::DB01001,CrC,Compound::DB01203
Compound::DB01591,CrC,Compound::DB00542
Compound::DB00528,CrC,Compound::DB00622
Compound::DB01395,CrC,Compound::DB00421
Compound::DB00178,CrC,Compound::DB00542
Compound::DB01324,CrC,Compound::DB00999
Compound::DB00571,CrC,Compound::DB01182
Compound::DB00178,CrC,Compound::DB00790
Compound::DB00464,CrC,Compound::DB01083
Compound::DB00796,CrC,Compound::DB01349
Compound::DB01120,CrC,Compound::DB00634
Compound::DB00722,CrC,Compound::DB00492
Compound::DB01124,CrC,Compound::DB01032
Compound::DB04877,CrC,Compound::DB00206
Compound::DB00401,CrC,Compound::DB00622
Compound::DB00966,CrC,Compound::DB00796
Compound::DB01023,CrC,Compound::DB06712
Compound::DB00195,CrC,Compound::DB00612
Compound::DB00808,CrC,Compound::DB00887
Compound::DB00528,CrC,Compound::DB01115
Compound::DB00695,CrC,Compound::DB00808
Compound::DB00584,CrC,Compound::DB00542
Compound::DB00722,CrC,Compound::DB00178
Compound::DB00571,CrC,Compound::DB00857
Compound::DB00270,CrC,Compound::DB01115
Compound::DB00983,CrC,Compound::DB00598
Compound::DB00672,CrC,Compound::DB00222
Compound::DB01324,CrC,Compound::DB00880
Compound::DB09000,CrC,Compound::DB00343
Compound::DB00856,CrC,Compound::DB00187
Compound::DB00175,CrC,Compound::DB00641
Compound::DB01359,CrC,Compound::DB01203
Compound::DB00195,CrC,Compound::DB01297
Compound::DB01120,CrC,Compound::DB00222
Compound::DB00813,CrC,Compound::DB01244
Compound::DB01021,CrC,Compound::DB00774
Compound::DB00270,CrC,Compound::DB00381
Compound::DB00275,CrC,Compound::DB00796
Compound::DB00232,CrC,Compound::DB00880
Compound::DB00731,CrC,Compound::DB01121
Compound::DB00421,CrC,Compound::DB06710
Compound::DB00571,CrC,Compound::DB00874
Compound::DB01348,CrC,Compound::DB00881
Compound::DB00222,CrC,Compound::DB01289
Compound::DB00936,CrC,Compound::DB00627
Compound::DB01399,CrC,Compound::DB00598
Compound::DB00562,CrC,Compound::DB00436
Compound::DB00612,CrC,Compound::DB00264
Compound::DB06274,CrC,Compound::DB00542
Compound::DB00731,CrC,Compound::DB01252
Compound::DB00700,CrC,Compound::DB00624
Compound::DB00519,CrC,Compound::DB01340
Compound::DB00328,CrC,Compound::DB01039
Compound::DB00722,CrC,Compound::DB00881
Compound::DB00421,CrC,Compound::DB01185
Compound::DB00790,CrC,Compound::DB01348
Compound::DB01182,CrC,Compound::DB00187
Compound::DB00381,CrC,Compound::DB00622
Compound::DB00790,CrC,Compound::DB01340
Compound::DB00508,CrC,Compound::DB00343
Compound::DB01244,CrC,Compound::DB00865
Compound::DB00178,CrC,Compound::DB00584
Compound::DB01288,CrC,Compound::DB00598
Compound::DB06203,CrC,Compound::DB08882
Compound::DB00320,CrC,Compound::DB01200
Compound::DB00777,CrC,Compound::DB00343
Compound::DB01120,CrC,Compound::DB00672
Compound::DB00945,CrC,Compound::DB01399
Compound::DB00731,CrC,Compound::DB01340
Compound::DB00700,CrC,Compound::DB06710
Compound::DB00421,CrC,Compound::DB00700
Compound::DB00622,CrC,Compound::DB01054
Compound::DB00691,CrC,Compound::DB00790
Compound::DB00310,CrC,Compound::DB01511
Compound::DB00204,CrC,Compound::DB00412
Compound::DB01036,CrC,Compound::DB00598
Compound::DB01244,CrC,Compound::DB08990
Compound::DB00519,CrC,Compound::DB01252
Compound::DB00874,CrC,Compound::DB00960
Compound::DB01064,CrC,Compound::DB00960
Compound::DB00774,CrC,Compound::DB00880
Compound::DB01297,CrC,Compound::DB00264
Compound::DB00571,CrC,Compound::DB01580
Compound::DB01340,CrC,Compound::DB00542
Compound::DB00672,CrC,Compound::DB00181
Compound::DB00275,CrC,Compound::DB00678
Compound::DB00227,CrC,Compound::DB00641
Compound::DB00731,CrC,Compound::DB01348
Compound::DB00874,CrC,Compound::DB01136
Compound::DB00612,CrC,Compound::DB01193
Compound::DB01021,CrC,Compound::DB00436
Compound::DB01609,CrC,Compound::DB00796
Compound::DB00968,CrC,Compound::DB06707
Compound::DB01023,CrC,Compound::DB01115
Compound::DB00960,CrC,Compound::DB00335
Compound::DB01095,CrC,Compound::DB08860
Compound::DB00571,CrC,Compound::DB00423
Compound::DB01067,CrC,Compound::DB01289
Compound::DB01210,CrC,Compound::DB01203
Compound::DB08797,CrC,Compound::DB00598
Compound::DB01297,CrC,Compound::DB00187
Compound::DB00310,CrC,Compound::DB00186
Compound::DB00346,CrC,Compound::DB00590
Compound::DB00584,CrC,Compound::DB00168
Compound::DB00519,CrC,Compound::DB00542
Compound::DB00232,CrC,Compound::DB00774
Compound::DB00346,CrC,Compound::DB00457
Compound::DB00968,CrC,Compound::DB01235
Compound::DB00275,CrC,Compound::DB01342
Compound::DB00691,CrC,Compound::DB01340
Compound::DB00393,CrC,Compound::DB00381
Compound::DB00192,CrC,Compound::DB00598
Compound::DB00264,CrC,Compound::DB01580
Compound::DB01120,CrC,Compound::DB01289
Compound::DB00881,CrC,Compound::DB00598
Compound::DB00584,CrC,Compound::DB01340
Compound::DB00195,CrC,Compound::DB00866
Compound::DB00813,CrC,Compound::DB00542
Compound::DB00960,CrC,Compound::DB08808
Compound::DB00571,CrC,Compound::DB01214
Compound::DB00275,CrC,Compound::DB00177
Compound::DB00393,CrC,Compound::DB00622
Compound::DB00691,CrC,Compound::DB00843
Compound::DB00401,CrC,Compound::DB01054
Compound::DB00519,CrC,Compound::DB00492
Compound::DB01359,CrC,Compound::DB01580
Compound::DB00999,CrC,Compound::DB00774
Compound::DB00177,CrC,Compound::DB01342
Compound::DB01083,CrC,Compound::DB06689
Compound::DB01067,CrC,Compound::DB01016
Compound::DB00187,CrC,Compound::DB01193
Compound::DB00960,CrC,Compound::DB01193
Compound::DB00960,CrC,Compound::DB01210
Compound::DB00381,CrC,Compound::DB06712
Compound::DB00968,CrC,Compound::DB00233
Compound::DB00573,CrC,Compound::DB00887
Compound::DB01124,CrC,Compound::DB00222
Compound::DB00270,CrC,Compound::DB00622
Compound::DB00696,CrC,Compound::DB01200
Compound::DB00726,CrC,Compound::DB00542
Compound::DB00584,CrC,Compound::DB00881
Compound::DB01614,CrC,Compound::DB00343
Compound::DB00491,CrC,Compound::DB00419
Compound::DB01124,CrC,Compound::DB01289
Compound::DB00195,CrC,Compound::DB00960
Compound::DB00612,CrC,Compound::DB00960
Compound::DB01392,CrC,Compound::DB00206
Compound::DB01244,CrC,Compound::DB01616
Compound::DB00195,CrC,Compound::DB00187
Compound::DB00393,CrC,Compound::DB00401
Compound::DB00672,CrC,Compound::DB01289
Compound::DB01244,CrC,Compound::DB08799
Compound::DB01214,CrC,Compound::DB00187
Compound::DB00177,CrC,Compound::DB01029
Compound::DB00792,CrC,Compound::DB00412
Compound::DB00629,CrC,Compound::DB01018
Compound::DB01244,CrC,Compound::DB01176
Compound::DB01029,CrC,Compound::DB01349
Compound::DB00672,CrC,Compound::DB01016
Compound::DB00270,CrC,Compound::DB06712
Compound::DB01182,CrC,Compound::DB00598
Compound::DB00612,CrC,Compound::DB00187
Compound::DB01295,CrC,Compound::DB01136
Compound::DB01348,CrC,Compound::DB00542
Compound::DB01295,CrC,Compound::DB00661
Compound::DB01255,CrC,Compound::DB00598
Compound::DB08983,CrC,Compound::DB01039
Compound::DB01253,CrC,Compound::DB01200
Compound::DB00722,CrC,Compound::DB00542
Compound::DB00310,CrC,Compound::DB01068
Compound::DB00343,CrC,Compound::DB01228
Compound::DB00381,CrC,Compound::DB01054
Compound::DB00590,CrC,Compound::DB00457
Compound::DB00571,CrC,Compound::DB08998
Compound::DB00672,CrC,Compound::DB01032
Compound::DB01244,CrC,Compound::DB01075
Compound::DB01359,CrC,Compound::DB08808
Compound::DB01295,CrC,Compound::DB00187
Compound::DB01124,CrC,Compound::DB01067
Compound::DB00378,CrC,Compound::DB00421
Compound::DB01244,CrC,Compound::DB00647
Compound::DB00519,CrC,Compound::DB00722
Compound::DB00960,CrC,Compound::DB00187
Compound::DB00519,CrC,Compound::DB01348
Compound::DB00284,CrC,Compound::DB01172
Compound::DB01325,CrC,Compound::DB00999
Compound::DB00687,CrC,Compound::DB00700
Compound::DB00691,CrC,Compound::DB00542
Compound::DB00335,CrC,Compound::DB00264
Compound::DB00571,CrC,Compound::DB08807
Compound::DB00458,CrC,Compound::DB00542
Compound::DB00571,CrC,Compound::DB01359
Compound::DB01325,CrC,Compound::DB00310
Compound::DB00571,CrC,Compound::DB00960
Compound::DB00722,CrC,Compound::DB01348
Compound::DB00401,CrC,Compound::DB00381
Compound::DB00178,CrC,Compound::DB01340
Compound::DB00575,CrC,Compound::DB04948
Compound::DB00353,CrC,Compound::DB01200
Compound::DB01124,CrC,Compound::DB01120
Compound::DB00678,CrC,Compound::DB08822
Compound::DB00175,CrC,Compound::DB00227
Compound::DB00401,CrC,Compound::DB01115
Compound::DB00178,CrC,Compound::DB00492
Compound::DB00571,CrC,Compound::DB00866
Compound::DB00758,CrC,Compound::DB00208
Compound::DB00284,CrC,Compound::DB00479
Compound::DB00270,CrC,Compound::DB04920
Compound::DB00867,CrC,Compound::DB00598
Compound::DB00477,CrC,Compound::DB00343
Compound::DB00968,CrC,Compound::DB00765
Compound::DB00839,CrC,Compound::DB01289
Compound::DB00310,CrC,Compound::DB00524
Compound::DB00960,CrC,Compound::DB00866
Compound::DB00966,CrC,Compound::DB08822
Compound::DB00401,CrC,Compound::DB01023
Compound::DB00575,CrC,Compound::DB00484
Compound::DB01144,CrC,Compound::DB00880
Compound::DB00945,CrC,Compound::DB08797
Compound::DB00401,CrC,Compound::DB00528
Compound::DB00881,CrC,Compound::DB00542
Compound::DB01095,CrC,Compound::DB01076
Compound::DB00206,CtD,Disease::DOID:10763
Compound::DB00960,CtD,Disease::DOID:10763
Compound::DB00808,CtD,Disease::DOID:10763
Compound::DB01244,CtD,Disease::DOID:10763
Compound::DB01275,CtD,Disease::DOID:10763
Compound::DB00401,CtD,Disease::DOID:10763
Compound::DB00222,CtD,Disease::DOID:9352
Compound::DB01023,CtD,Disease::DOID:10763
Compound::DB00491,CtD,Disease::DOID:9352
Compound::DB00661,CtD,Disease::DOID:6364
Compound::DB00177,CtD,Disease::DOID:3393
Compound::DB01098,CtD,Disease::DOID:3393
Compound::DB01197,CtD,Disease::DOID:418
Compound::DB01029,CtD,Disease::DOID:10763
Compound::DB01170,CtD,Disease::DOID:10763
Compound::DB00641,CtD,Disease::DOID:3393
Compound::DB00178,CtD,Disease::DOID:9744
Compound::DB01120,CtD,Disease::DOID:9352
Compound::DB00270,CtD,Disease::DOID:10763
Compound::DB00226,CtD,Disease::DOID:10763
Compound::DB00492,CtD,Disease::DOID:10763
Compound::DB00973,CtD,Disease::DOID:1936
Compound::DB00775,CtD,Disease::DOID:3393
Compound::DB00876,CtD,Disease::DOID:10763
Compound::DB08816,CtD,Disease::DOID:3393
Compound::DB00178,CtD,Disease::DOID:10763
Compound::DB00331,CtD,Disease::DOID:9352
Compound::DB00691,CtD,Disease::DOID:10763
Compound::DB00331,CtD,Disease::DOID:11612
Compound::DB00195,CtD,Disease::DOID:1686
Compound::DB00880,CtD,Disease::DOID:10763
Compound::DB00695,CtD,Disease::DOID:12930
Compound::DB08860,CtD,Disease::DOID:3393
Compound::DB00678,CtD,Disease::DOID:10763
Compound::DB00678,CtD,Disease::DOID:3393
Compound::DB01197,CtD,Disease::DOID:10763
Compound::DB01261,CtD,Disease::DOID:9352
Compound::DB00195,CtD,Disease::DOID:10763
Compound::DB00331,CtD,Disease::DOID:14221
Compound::DB00421,CtD,Disease::DOID:10763
Compound::DB00966,CtD,Disease::DOID:3393
Compound::DB00227,CtD,Disease::DOID:1936
Compound::DB00177,CtD,Disease::DOID:10763
Compound::DB00839,CtD,Disease::DOID:9352
Compound::DB01124,CtD,Disease::DOID:9352
Compound::DB00672,CtD,Disease::DOID:9352
Compound::DB00178,CtD,Disease::DOID:9352
Compound::DB00373,CtD,Disease::DOID:6364
Compound::DB01162,CtD,Disease::DOID:10763
Compound::DB01200,CtD,Disease::DOID:9352
Compound::DB01132,CtD,Disease::DOID:9352
Compound::DB01115,CtD,Disease::DOID:10763
Compound::DB01203,CtD,Disease::DOID:10763
Compound::DB00177,CtD,Disease::DOID:9352
Compound::DB00622,CtD,Disease::DOID:10763
Compound::DB01136,CtD,Disease::DOID:10763
Compound::DB01029,CtD,Disease::DOID:9352
Compound::DB00800,CtD,Disease::DOID:10763
Compound::DB00629,CtD,Disease::DOID:10763
Compound::DB00774,CtD,Disease::DOID:10763
Compound::DB00571,CtD,Disease::DOID:6364
Compound::DB00999,CtD,Disease::DOID:10763
Compound::DB00627,CtD,Disease::DOID:3393
Compound::DB00700,CtD,Disease::DOID:3393
Compound::DB00187,CtD,Disease::DOID:10763
Compound::DB00421,CtD,Disease::DOID:12930
Compound::DB00264,CtD,Disease::DOID:10763
Compound::DB00973,CtD,Disease::DOID:3393
Compound::DB00722,CtD,Disease::DOID:12930
Compound::DB00436,CtD,Disease::DOID:10763
Compound::DB00275,CtD,Disease::DOID:3393
Compound::DB00575,CtD,Disease::DOID:10763
Compound::DB00594,CtD,Disease::DOID:10763
Compound::DB00881,CtD,Disease::DOID:10763
Compound::DB00519,CtD,Disease::DOID:3393
Compound::DB00968,CtD,Disease::DOID:10763
Compound::DB00310,CtD,Disease::DOID:10763
Compound::DB01076,CtD,Disease::DOID:10763
Compound::DB00350,CtD,Disease::DOID:10763
Compound::DB00678,CtD,Disease::DOID:9352
Compound::DB00661,CtD,Disease::DOID:10763
Compound::DB00575,CtD,Disease::DOID:1686
Compound::DB00584,CtD,Disease::DOID:10763
Compound::DB01016,CtD,Disease::DOID:11714
Compound::DB00695,CtD,Disease::DOID:3393
Compound::DB01039,CtD,Disease::DOID:3393
Compound::DB01016,CtD,Disease::DOID:9352
Compound::DB01076,CtD,Disease::DOID:3393
Compound::DB00519,CtD,Disease::DOID:10763
Compound::DB01083,CtD,Disease::DOID:9970
Compound::DB00722,CtD,Disease::DOID:3393
Compound::DB01098,CtD,Disease::DOID:1936
Compound::DB00227,CtD,Disease::DOID:3393
Compound::DB04861,CtD,Disease::DOID:10763
Compound::DB00284,CtD,Disease::DOID:9352
Compound::DB01197,CtD,Disease::DOID:3393
Compound::DB01359,CtD,Disease::DOID:3393
Compound::DB00641,CtD,Disease::DOID:1936
Compound::DB01241,CtD,Disease::DOID:3393
Compound::DB01067,CtD,Disease::DOID:9352
Compound::DB00412,CtD,Disease::DOID:9352
Compound::DB00731,CtD,Disease::DOID:9352
Compound::DB00384,CtD,Disease::DOID:10763
Compound::DB00457,CtD,Disease::DOID:10763
Compound::DB00945,CtD,Disease::DOID:3393
Compound::DB00722,CtD,Disease::DOID:418
Compound::DB00584,CtD,Disease::DOID:3393
Compound::DB00343,CtD,Disease::DOID:10763
Compound::DB00790,CtD,Disease::DOID:3393
Compound::DB00722,CtD,Disease::DOID:10763
Compound::DB00178,CtD,Disease::DOID:3393
Compound::DB00571,CtD,Disease::DOID:10763
Compound::DB00542,CtD,Disease::DOID:10763
Compound::DB00373,CtD,Disease::DOID:1686
Compound::DB00796,CtD,Disease::DOID:10763
Compound::DB08882,CtD,Disease::DOID:9352
Compound::DB01083,CtD,Disease::DOID:9352
Compound::DB00790,CtD,Disease::DOID:10763
Compound::DB00966,CtD,Disease::DOID:10763
Compound::DB00903,CtD,Disease::DOID:10763
Compound::DB00590,CtD,Disease::DOID:10763
Compound::DB01018,CtD,Disease::DOID:10763
Compound::DB00999,CtD,Disease::DOID:585
Compound::DB00524,CtD,Disease::DOID:10763
Compound::DB00700,CtD,Disease::DOID:10763
Compound::DB00373,CtD,Disease::DOID:10763
Compound::DB00175,CtD,Disease::DOID:1936
Compound::DB00373,CtD,Disease::DOID:3393
Compound::DB00214,CtD,Disease::DOID:10763
Compound::DB00275,CtD,Disease::DOID:10763
Compound::DB00627,CtD,Disease::DOID:1936
Compound::DB00912,CtD,Disease::DOID:9352
Compound::DB00758,CtD,Disease::DOID:3393
Compound::DB00945,CtD,Disease::DOID:13378
Compound::DB00175,CtD,Disease::DOID:3393
Compound::DB00598,CtD,Disease::DOID:10763
Compound::DB00887,CtD,Disease::DOID:10763
Compound::DB00695,CtD,Disease::DOID:10763
Compound::DB01193,CtD,Disease::DOID:10763
Compound::DB00381,CtD,Disease::DOID:10763
Compound::DB00657,CtD,Disease::DOID:10763
Compound::DB01359,CtD,Disease::DOID:10763
Compound::DB00175,CbG,Gene::1577
Compound::DB01115,CbG,Gene::8912
Compound::DB00575,CbG,Gene::148
Compound::DB00381,CbG,Gene::1558
Compound::DB00594,CbG,Gene::6339
Compound::DB00492,CbG,Gene::1636
Compound::DB01029,CbG,Gene::1576
Compound::DB04861,CbG,Gene::3350
Compound::DB00945,CbG,Gene::5743
Compound::DB00774,CbG,Gene::768
Compound::DB01076,CbG,Gene::28234
Compound::DB01136,CbG,Gene::7498
Compound::DB00270,CbG,Gene::779
Compound::DB00214,CbG,Gene::1557
Compound::DB00973,CbG,Gene::6646
Compound::DB00839,CbG,Gene::3767
Compound::DB01244,CbG,Gene::1565
Compound::DB00381,CbG,Gene::775
Compound::DB00796,CbG,Gene::1559
Compound::DB00661,CbG,Gene::775
Compound::DB00661,CbG,Gene::8912
Compound::DB00887,CbG,Gene::6579
Compound::DB00880,CbG,Gene::762
Compound::DB01098,CbG,Gene::1577
Compound::DB00808,CbG,Gene::771
Compound::DB00731,CbG,Gene::5468
Compound::DB01016,CbG,Gene::10060
Compound::DB00758,CbG,Gene::64805
Compound::DB00641,CbG,Gene::1565
Compound::DB01132,CbG,Gene::1565
Compound::DB00331,CbG,Gene::4538
Compound::DB01076,CbG,Gene::3156
Compound::DB00331,CbG,Gene::5564
Compound::DB00800,CbG,Gene::1816
Compound::DB00575,CbG,Gene::146
Compound::DB00912,CbG,Gene::3767
Compound::DB00622,CbG,Gene::781
Compound::DB00774,CbG,Gene::766
Compound::DB00678,CbG,Gene::10599
Compound::DB00758,CbG,Gene::1558
Compound::DB00731,CbG,Gene::1565
Compound::DB00571,CbG,Gene::155
Compound::DB00887,CbG,Gene::6557
Compound::DB01115,CbG,Gene::801
Compound::DB01241,CbG,Gene::1558
Compound::DB01136,CbG,Gene::1543
Compound::DB00343,CbG,Gene::1557
Compound::DB01244,CbG,Gene::3784
Compound::DB01197,CbG,Gene::2147
Compound::DB00584,CbG,Gene::9376
Compound::DB00214,CbG,Gene::5742
Compound::DB00264,CbG,Gene::153
Compound::DB00412,CbG,Gene::1544
Compound::DB00275,CbG,Gene::185
Compound::DB00700,CbG,Gene::1576
Compound::DB00331,CbG,Gene::126328
Compound::DB00227,CbG,Gene::1551
Compound::DB08860,CbG,Gene::10599
Compound::DB01016,CbG,Gene::5243
Compound::DB00575,CbG,Gene::1576
Compound::DB00796,CbG,Gene::1558
Compound::DB01016,CbG,Gene::6833
Compound::DB00774,CbG,Gene::771
Compound::DB00661,CbG,Gene::6583
Compound::DB08860,CbG,Gene::3156
Compound::DB00973,CbG,Gene::8714
Compound::DB01132,CbG,Gene::1576
Compound::DB01067,CbG,Gene::6833
Compound::DB00627,CbG,Gene::11309
Compound::DB01244,CbG,Gene::476
Compound::DB01244,CbG,Gene::5243
Compound::DB00774,CbG,Gene::6559
Compound::DB00175,CbG,Gene::28234
Compound::DB00661,CbG,Gene::785
Compound::DB00421,CbG,Gene::6579
Compound::DB00491,CbG,Gene::8972
Compound::DB01098,CbG,Gene::4363
Compound::DB00590,CbG,Gene::5243
Compound::DB00691,CbG,Gene::6565
Compound::DB00691,CbG,Gene::59272
Compound::DB00973,CbG,Gene::54659
Compound::DB00571,CbG,Gene::1544
Compound::DB00331,CbG,Gene::91942
Compound::DB00590,CbG,Gene::146
Compound::DB08860,CbG,Gene::6554
Compound::DB00903,CbG,Gene::476
Compound::DB00887,CbG,Gene::5743
Compound::DB00731,CbG,Gene::1577
Compound::DB00973,CbG,Gene::64240
Compound::DB00436,CbG,Gene::759
Compound::DB00594,CbG,Gene::5328
Compound::DB01136,CbG,Gene::6401
Compound::DB00381,CbG,Gene::781
Compound::DB08860,CbG,Gene::1244
Compound::DB00731,CbG,Gene::6565
Compound::DB01115,CbG,Gene::1543
Compound::DB00381,CbG,Gene::774
Compound::DB00945,CbG,Gene::3309
Compound::DB01098,CbG,Gene::213
Compound::DB00350,CbG,Gene::10060
Compound::DB00331,CbG,Gene::4715
Compound::DB00373,CbG,Gene::153
Compound::DB00571,CbG,Gene::153
Compound::DB00436,CbG,Gene::762
Compound::DB00384,CbG,Gene::6339
Compound::DB00584,CbG,Gene::1636
Compound::DB01023,CbG,Gene::5153
Compound::DB01193,CbG,Gene::154
Compound::DB00731,CbG,Gene::6833
Compound::DB00695,CbG,Gene::9376
Compound::DB01275,CbG,Gene::8639
Compound::DB08860,CbG,Gene::5004
Compound::DB00542,CbG,Gene::1636
Compound::DB00661,CbG,Gene::1562
Compound::DB00678,CbG,Gene::185
Compound::DB00373,CbG,Gene::155
Compound::DB00622,CbG,Gene::1128
Compound::DB01200,CbG,Gene::3350
Compound::DB00264,CbG,Gene::154
Compound::DB00678,CbG,Gene::213
Compound::DB00331,CbG,Gene::4729
Compound::DB00661,CbG,Gene::1557
Compound::DB00774,CbG,Gene::476
Compound::DB01029,CbG,Gene::5742
Compound::DB00678,CbG,Gene::1559
Compound::DB00590,CbG,Gene::1565
Compound::DB08882,CbG,Gene::5243
Compound::DB00622,CbG,Gene::1559
Compound::DB01244,CbG,Gene::801
Compound::DB00491,CbG,Gene::2548
Compound::DB01124,CbG,Gene::3767
Compound::DB00695,CbG,Gene::6557
Compound::DB00381,CbG,Gene::100861540
Compound::DB00519,CbG,Gene::1066
Compound::DB00641,CbG,Gene::54658
Compound::DB00968,CbG,Gene::1644
Compound::DB00412,CbG,Gene::5742
Compound::DB00331,CbG,Gene::4706
Compound::DB00731,CbG,Gene::100861540
Compound::DB01115,CbG,Gene::783
Compound::DB00492,CbG,Gene::6565
Compound::DB01076,CbG,Gene::1803
Compound::DB01115,CbG,Gene::1559
Compound::DB00973,CbG,Gene::64241
Compound::DB00722,CbG,Gene::5243
Compound::DB00903,CbG,Gene::2939
Compound::DB00457,CbG,Gene::150
Compound::DB01359,CbG,Gene::154
Compound::DB00973,CbG,Gene::5243
Compound::DB00331,CbG,Gene::4717
Compound::DB00384,CbG,Gene::6337
Compound::DB00800,CbG,Gene::148
Compound::DB00876,CbG,Gene::1559
Compound::DB00590,CbG,Gene::147
Compound::DB00968,CbG,Gene::1312
Compound::DB01023,CbG,Gene::9254
Compound::DB00945,CbG,Gene::9356
Compound::DB00594,CbG,Gene::26
Compound::DB00678,CbG,Gene::9356
Compound::DB00222,CbG,Gene::3767
Compound::DB00175,CbG,Gene::1559
Compound::DB01016,CbG,Gene::10864
Compound::DB00222,CbG,Gene::3758
Compound::DB00876,CbG,Gene::1244
Compound::DB01115,CbG,Gene::805
Compound::DB00571,CbG,Gene::1557
Compound::DB01136,CbG,Gene::151
Compound::DB01162,CbG,Gene::146
Compound::DB01016,CbG,Gene::6565
Compound::DB00661,CbG,Gene::6579
Compound::DB00808,CbG,Gene::766
Compound::DB00457,CbG,Gene::3352
Compound::DB00381,CbG,Gene::5243
Compound::DB01076,CbG,Gene::7364
Compound::DB00758,CbG,Gene::1577
Compound::DB01029,CbG,Gene::3725
Compound::DB00343,CbG,Gene::775
Compound::DB01359,CbG,Gene::5004
Compound::DB00384,CbG,Gene::1544
Compound::DB00350,CbG,Gene::5742
Compound::DB01200,CbG,Gene::1813
Compound::DB00594,CbG,Gene::6340
Compound::DB00331,CbG,Gene::4698
Compound::DB01115,CbG,Gene::1571
Compound::DB00177,CbG,Gene::213
Compound::DB01200,CbG,Gene::1576
Compound::DB00695,CbG,Gene::55867
Compound::DB01124,CbG,Gene::1562
Compound::DB00381,CbG,Gene::1577
Compound::DB01023,CbG,Gene::5136
Compound::DB00839,CbG,Gene::3758
Compound::DB01136,CbG,Gene::1571
Compound::DB01197,CbG,Gene::4318
Compound::DB00195,CbG,Gene::153
Compound::DB00966,CbG,Gene::28234
Compound::DB00542,CbG,Gene::4524
Compound::DB00700,CbG,Gene::1551
Compound::DB01076,CbG,Gene::5243
Compound::DB01162,CbG,Gene::147
Compound::DB00331,CbG,Gene::4700
Compound::DB00284,CbG,Gene::8972
Compound::DB01200,CbG,Gene::1544
Compound::DB01275,CbG,Gene::6262
Compound::DB00887,CbG,Gene::6560
Compound::DB00227,CbG,Gene::5446
Compound::DB00945,CbG,Gene::5243
Compound::DB00206,CbG,Gene::8647
Compound::DB00575,CbG,Gene::6581
Compound::DB00881,CbG,Gene::6565
Compound::DB00999,CbG,Gene::760
Compound::DB00627,CbG,Gene::1565
Compound::DB01120,CbG,Gene::1559
Compound::DB00175,CbG,Gene::5243
Compound::DB00887,CbG,Gene::55867
Compound::DB01076,CbG,Gene::1565
Compound::DB01016,CbG,Gene::6579
Compound::DB00672,CbG,Gene::9356
Compound::DB00661,CbG,Gene::778
Compound::DB00401,CbG,Gene::775
Compound::DB00678,CbG,Gene::54659
Compound::DB00331,CbG,Gene::4724
Compound::DB00436,CbG,Gene::6559
Compound::DB01029,CbG,Gene::1544
Compound::DB00571,CbG,Gene::1577
Compound::DB04861,CbG,Gene::153
Compound::DB08860,CbG,Gene::7364
Compound::DB00331,CbG,Gene::4539
Compound::DB00622,CbG,Gene::1555
Compound::DB00622,CbG,Gene::5136
Compound::DB00491,CbG,Gene::23193
Compound::DB01261,CbG,Gene::1558
Compound::DB00695,CbG,Gene::762
Compound::DB01136,CbG,Gene::5742
Compound::DB00731,CbG,Gene::54600
Compound::DB01200,CbG,Gene::1815
Compound::DB00945,CbG,Gene::5742
Compound::DB00457,CbG,Gene::9429
Compound::DB00401,CbG,Gene::776
Compound::DB00999,CbG,Gene::11238
Compound::DB00584,CbG,Gene::1576
Compound::DB00641,CbG,Gene::6579
Compound::DB01120,CbG,Gene::213
Compound::DB01076,CbG,Gene::6579
Compound::DB00731,CbG,Gene::9356
Compound::DB01076,CbG,Gene::1558
Compound::DB00270,CbG,Gene::783
Compound::DB00227,CbG,Gene::1577
Compound::DB00421,CbG,Gene::1558
Compound::DB00275,CbG,Gene::1244
Compound::DB01029,CbG,Gene::1559
Compound::DB00641,CbG,Gene::100861540
Compound::DB00661,CbG,Gene::783
Compound::DB01023,CbG,Gene::805
Compound::DB00622,CbG,Gene::1129
Compound::DB00575,CbG,Gene::147
Compound::DB01197,CbG,Gene::5972
Compound::DB00195,CbG,Gene::1544
Compound::DB00381,CbG,Gene::759
Compound::DB01244,CbG,Gene::808
Compound::DB00331,CbG,Gene::4714
Compound::DB00350,CbG,Gene::3767
Compound::DB00275,CbG,Gene::28234
Compound::DB00331,CbG,Gene::4537
Compound::DB00731,CbG,Gene::6564
Compound::DB00800,CbG,Gene::151
Compound::DB00524,CbG,Gene::766
Compound::DB00641,CbG,Gene::3156
Compound::DB00575,CbG,Gene::1543
Compound::DB00966,CbG,Gene::5468
Compound::DB00774,CbG,Gene::11238
Compound::DB00945,CbG,Gene::1559
Compound::DB00571,CbG,Gene::6582
Compound::DB01203,CbG,Gene::154
Compound::DB01039,CbG,Gene::1576
Compound::DB00758,CbG,Gene::1544
Compound::DB01016,CbG,Gene::213
Compound::DB00457,CbG,Gene::4504
Compound::DB00227,CbG,Gene::3156
Compound::DB01136,CbG,Gene::7412
Compound::DB00968,CbG,Gene::6564
Compound::DB01023,CbG,Gene::781
Compound::DB01023,CbG,Gene::779
Compound::DB00175,CbG,Gene::3156
Compound::DB00195,CbG,Gene::1565
Compound::DB01136,CbG,Gene::3091
Compound::DB01098,CbG,Gene::23657
Compound::DB00672,CbG,Gene::6565
Compound::DB01083,CbG,Gene::5406
Compound::DB00678,CbG,Gene::5243
Compound::DB00343,CbG,Gene::5243
Compound::DB00436,CbG,Gene::3778
Compound::DB00175,CbG,Gene::9429
Compound::DB00790,CbG,Gene::6565
Compound::DB00331,CbG,Gene::4535
Compound::DB01076,CbG,Gene::54659
Compound::DB00722,CbG,Gene::6564
Compound::DB01244,CbG,Gene::5153
Compound::DB00457,CbG,Gene::151
Compound::DB00381,CbG,Gene::1551
Compound::DB00758,CbG,Gene::1576
Compound::DB01244,CbG,Gene::9254
Compound::DB00945,CbG,Gene::4792
Compound::DB01029,CbG,Gene::54659
Compound::DB00731,CbG,Gene::1559
Compound::DB00575,CbG,Gene::6530
Compound::DB01200,CbG,Gene::151
Compound::DB01136,CbG,Gene::1565
Compound::DB00629,CbG,Gene::152
Compound::DB01098,CbG,Gene::1576
Compound::DB00960,CbG,Gene::154
Compound::DB01016,CbG,Gene::3762
Compound::DB01083,CbG,Gene::8513
Compound::DB00331,CbG,Gene::4702
Compound::DB01076,CbG,Gene::1557
Compound::DB00590,CbG,Gene::5004
Compound::DB00310,CbG,Gene::6557
Compound::DB01244,CbG,Gene::5136
Compound::DB00661,CbG,Gene::779
Compound::DB00227,CbG,Gene::1557
Compound::DB01115,CbG,Gene::776
Compound::DB00661,CbG,Gene::776
Compound::DB00672,CbG,Gene::5243
Compound::DB01023,CbG,Gene::1559
Compound::DB00331,CbG,Gene::4704
Compound::DB00695,CbG,Gene::771
Compound::DB00641,CbG,Gene::1559
Compound::DB01098,CbG,Gene::8647
Compound::DB01023,CbG,Gene::7125
Compound::DB00175,CbG,Gene::10599
Compound::DB00641,CbG,Gene::1558
Compound::DB00421,CbG,Gene::5243
Compound::DB00457,CbG,Gene::6582
Compound::DB01098,CbG,Gene::10257
Compound::DB00887,CbG,Gene::23632
Compound::DB01016,CbG,Gene::8647
Compound::DB00800,CbG,Gene::147
Compound::DB00524,CbG,Gene::762
Compound::DB00661,CbG,Gene::10599
Compound::DB00590,CbG,Gene::3757
Compound::DB01067,CbG,Gene::5468
Compound::DB00973,CbG,Gene::29881
Compound::DB00175,CbG,Gene::1576
Compound::DB00264,CbG,Gene::6582
Compound::DB00912,CbG,Gene::5468
Compound::DB00331,CbG,Gene::222962
Compound::DB00571,CbG,Gene::3351
Compound::DB01076,CbG,Gene::11309
Compound::DB01083,CbG,Gene::5321
Compound::DB01193,CbG,Gene::153
Compound::DB00678,CbG,Gene::1636
Compound::DB00421,CbG,Gene::6462
Compound::DB00412,CbG,Gene::1557
Compound::DB00331,CbG,Gene::4719
Compound::DB01124,CbG,Gene::1557
Compound::DB00661,CbG,Gene::4363
Compound::DB00457,CbG,Gene::81033
Compound::DB00457,CbG,Gene::6581
Compound::DB00678,CbG,Gene::1558
Compound::DB00880,CbG,Gene::759
Compound::DB00774,CbG,Gene::3778
Compound::DB00641,CbG,Gene::1577
Compound::DB00436,CbG,Gene::760
Compound::DB00661,CbG,Gene::5243
Compound::DB01162,CbG,Gene::3757
Compound::DB00331,CbG,Gene::4541
Compound::DB01124,CbG,Gene::1558
Compound::DB01016,CbG,Gene::9356
Compound::DB08860,CbG,Gene::1559
Compound::DB01023,CbG,Gene::801
Compound::DB01115,CbG,Gene::3736
Compound::DB00227,CbG,Gene::6579
Compound::DB00808,CbG,Gene::762
Compound::DB00412,CbG,Gene::1558
Compound::DB00695,CbG,Gene::6578
Compound::DB00187,CbG,Gene::154
Compound::DB00627,CbG,Gene::338442
Compound::DB00195,CbG,Gene::154
Compound::DB00800,CbG,Gene::146
Compound::DB01115,CbG,Gene::1577
Compound::DB00381,CbG,Gene::776
Compound::DB00731,CbG,Gene::1576
Compound::DB00381,CbG,Gene::783
Compound::DB00598,CbG,Gene::1565
Compound::DB00796,CbG,Gene::54659
Compound::DB00175,CbG,Gene::1558
Compound::DB00178,CbG,Gene::1636
Compound::DB01023,CbG,Gene::4306
Compound::DB00457,CbG,Gene::6580
Compound::DB01076,CbG,Gene::1551
Compound::DB01115,CbG,Gene::8714
Compound::DB00627,CbG,Gene::6584
Compound::DB00401,CbG,Gene::1577
Compound::DB00661,CbG,Gene::10257
Compound::DB01200,CbG,Gene::147
Compound::DB01115,CbG,Gene::1555
Compound::DB00457,CbG,Gene::1543
Compound::DB00629,CbG,Gene::1544
Compound::DB00590,CbG,Gene::150
Compound::DB00672,CbG,Gene::6833
Compound::DB00571,CbG,Gene::5004
Compound::DB00227,CbG,Gene::1558
Compound::DB00887,CbG,Gene::9356
Compound::DB00491,CbG,Gene::279
Compound::DB00672,CbG,Gene::6564
Compound::DB00691,CbG,Gene::6564
Compound::DB00661,CbG,Gene::6331
Compound::DB00331,CbG,Gene::374291
Compound::DB00590,CbG,Gene::148
Compound::DB00594,CbG,Gene::6548
Compound::DB01076,CbG,Gene::1577
Compound::DB00661,CbG,Gene::8647
Compound::DB00373,CbG,Gene::1557
Compound::DB01018,CbG,Gene::1576
Compound::DB00206,CbG,Gene::6580
Compound::DB01076,CbG,Gene::54658
Compound::DB00657,CbG,Gene::1135
Compound::DB00584,CbG,Gene::9356
Compound::DB01132,CbG,Gene::28234
Compound::DB00343,CbG,Gene::1559
Compound::DB00177,CbG,Gene::1559
Compound::DB00796,CbG,Gene::5742
Compound::DB00571,CbG,Gene::1551
Compound::DB01120,CbG,Gene::7422
Compound::DB00661,CbG,Gene::6532
Compound::DB00331,CbG,Gene::51079
Compound::DB00775,CbG,Gene::3690
Compound::DB00627,CbG,Gene::9123
Compound::DB01098,CbG,Gene::1557
Compound::DB01018,CbG,Gene::150
Compound::DB00678,CbG,Gene::1557
Compound::DB00672,CbG,Gene::5742
Compound::DB01023,CbG,Gene::1565
Compound::DB00887,CbG,Gene::6554
Compound::DB01136,CbG,Gene::3757
Compound::DB00622,CbG,Gene::147
Compound::DB01136,CbG,Gene::7422
Compound::DB00412,CbG,Gene::2182
Compound::DB00641,CbG,Gene::5243
Compound::DB00524,CbG,Gene::11238
Compound::DB00598,CbG,Gene::153
Compound::DB00331,CbG,Gene::4723
Compound::DB00373,CbG,Gene::154
Compound::DB01076,CbG,Gene::196
Compound::DB00331,CbG,Gene::6582
Compound::DB00796,CbG,Gene::5243
Compound::DB00622,CbG,Gene::1133
Compound::DB00384,CbG,Gene::6340
Compound::DB00590,CbG,Gene::81033
Compound::DB01200,CbG,Gene::152
Compound::DB01261,CbG,Gene::1576
Compound::DB08860,CbG,Gene::5243
Compound::DB00758,CbG,Gene::1066
Compound::DB00175,CbG,Gene::10864
Compound::DB00622,CbG,Gene::5153
Compound::DB00903,CbG,Gene::213
Compound::DB00575,CbG,Gene::6580
Compound::DB00310,CbG,Gene::11238
Compound::DB00178,CbG,Gene::6564
Compound::DB01136,CbG,Gene::153
Compound::DB00731,CbG,Gene::10257
Compound::DB00519,CbG,Gene::6565
Compound::DB00264,CbG,Gene::5243
Compound::DB01098,CbG,Gene::3156
Compound::DB01162,CbG,Gene::90134
Compound::DB00945,CbG,Gene::10864
Compound::DB00661,CbG,Gene::774
Compound::DB00808,CbG,Gene::763
Compound::DB00622,CbG,Gene::776
Compound::DB01136,CbG,Gene::150
Compound::DB01241,CbG,Gene::5465
Compound::DB00401,CbG,Gene::1551
Compound::DB00331,CbG,Gene::4728
Compound::DB00887,CbG,Gene::1080
Compound::DB01016,CbG,Gene::1559
Compound::DB01132,CbG,Gene::1557
Compound::DB00284,CbG,Gene::279
Compound::DB00966,CbG,Gene::185
Compound::DB00678,CbG,Gene::116085
Compound::DB00206,CbG,Gene::6570
Compound::DB01200,CbG,Gene::3357
Compound::DB01098,CbG,Gene::28234
Compound::DB00275,CbG,Gene::10599
Compound::DB08860,CbG,Gene::9429
Compound::DB00227,CbG,Gene::3683
Compound::DB00270,CbG,Gene::1576
Compound::DB08860,CbG,Gene::213
Compound::DB00678,CbG,Gene::1576
Compound::DB00966,CbG,Gene::1244
Compound::DB00999,CbG,Gene::759
Compound::DB01115,CbG,Gene::1548
Compound::DB00331,CbG,Gene::4725
Compound::DB00227,CbG,Gene::3066
Compound::DB00966,CbG,Gene::1557
Compound::DB01120,CbG,Gene::1557
Compound::DB00331,CbG,Gene::4694
Compound::DB00310,CbG,Gene::6559
Compound::DB00331,CbG,Gene::56901
Compound::DB00960,CbG,Gene::3351
Compound::DB00968,CbG,Gene::150
Compound::DB00973,CbG,Gene::290
Compound::DB00401,CbG,Gene::781
Compound::DB01136,CbG,Gene::152
Compound::DB01076,CbG,Gene::1555
Compound::DB00206,CbG,Gene::5243
Compound::DB00731,CbG,Gene::6566
Compound::DB00808,CbG,Gene::11238
Compound::DB01124,CbG,Gene::3758
Compound::DB00331,CbG,Gene::4731
Compound::DB00571,CbG,Gene::5243
Compound::DB00758,CbG,Gene::1557
Compound::DB01083,CbG,Gene::26090
Compound::DB00641,CbG,Gene::1576
Compound::DB00627,CbG,Gene::160728
Compound::DB00973,CbG,Gene::9429
Compound::DB00381,CbG,Gene::1544
Compound::DB00264,CbG,Gene::1557
Compound::DB00999,CbG,Gene::3778
Compound::DB00661,CbG,Gene::1558
Compound::DB00774,CbG,Gene::759
Compound::DB00343,CbG,Gene::100861540
Compound::DB01023,CbG,Gene::775
Compound::DB00945,CbG,Gene::6197
Compound::DB00331,CbG,Gene::4695
Compound::DB00945,CbG,Gene::1558
Compound::DB00945,CbG,Gene::3551
Compound::DB01200,CbG,Gene::1814
Compound::DB01016,CbG,Gene::1576
Compound::DB08816,CbG,Gene::5243
Compound::DB00206,CbG,Gene::1577
Compound::DB00695,CbG,Gene::760
Compound::DB00310,CbG,Gene::759
Compound::DB00661,CbG,Gene::1559
Compound::DB00381,CbG,Gene::1543
Compound::DB00284,CbG,Gene::278
Compound::DB00622,CbG,Gene::1557
Compound::DB00960,CbG,Gene::155
Compound::DB00661,CbG,Gene::8714
Compound::DB00695,CbG,Gene::765
Compound::DB00571,CbG,Gene::1576
Compound::DB00622,CbG,Gene::805
Compound::DB00880,CbG,Gene::6559
Compound::DB00627,CbG,Gene::4837
Compound::DB01136,CbG,Gene::148
Compound::DB04861,CbG,Gene::1565
Compound::DB01193,CbG,Gene::1565
Compound::DB00412,CbG,Gene::1565
Compound::DB00206,CbG,Gene::6571
Compound::DB00575,CbG,Gene::6584
Compound::DB01136,CbG,Gene::154
Compound::DB00695,CbG,Gene::763
Compound::DB00331,CbG,Gene::4709
Compound::DB01067,CbG,Gene::1576
Compound::DB00661,CbG,Gene::6580
Compound::DB00175,CbG,Gene::55867
Compound::DB01200,CbG,Gene::1812
Compound::DB00999,CbG,Gene::9356
Compound::DB01023,CbG,Gene::7134
Compound::DB01136,CbG,Gene::1576
Compound::DB00401,CbG,Gene::1576
Compound::DB01076,CbG,Gene::10057
Compound::DB01244,CbG,Gene::776
Compound::DB00622,CbG,Gene::1577
Compound::DB01016,CbG,Gene::1244
Compound::DB00343,CbG,Gene::1565
Compound::DB00524,CbG,Gene::768
Compound::DB00270,CbG,Gene::781
Compound::DB00421,CbG,Gene::2908
Compound::DB01162,CbG,Gene::148
Compound::DB00966,CbG,Gene::9429
Compound::DB00839,CbG,Gene::6833
Compound::DB00695,CbG,Gene::9356
Compound::DB00575,CbG,Gene::6583
Compound::DB01016,CbG,Gene::3767
Compound::DB00270,CbG,Gene::775
Compound::DB00222,CbG,Gene::1559
Compound::DB00695,CbG,Gene::5226
Compound::DB00622,CbG,Gene::783
Compound::DB00331,CbG,Gene::4718
Compound::DB01023,CbG,Gene::1576
Compound::DB00331,CbG,Gene::6580
Compound::DB00887,CbG,Gene::768
Compound::DB01039,CbG,Gene::5465
Compound::DB00678,CbG,Gene::7364
Compound::DB01197,CbG,Gene::213
Compound::DB00627,CbG,Gene::6566
Compound::DB00401,CbG,Gene::779
Compound::DB01241,CbG,Gene::1557
Compound::DB00270,CbG,Gene::776
Compound::DB00575,CbG,Gene::11188
Compound::DB00945,CbG,Gene::213
Compound::DB00731,CbG,Gene::5004
Compound::DB00808,CbG,Gene::1576
Compound::DB00661,CbG,Gene::782
Compound::DB01018,CbG,Gene::1557
Compound::DB00519,CbG,Gene::6564
Compound::DB01083,CbG,Gene::7941
Compound::DB00912,CbG,Gene::1576
Compound::DB00731,CbG,Gene::5742
Compound::DB00227,CbG,Gene::54658
Compound::DB00594,CbG,Gene::6580
Compound::DB00973,CbG,Gene::7366
Compound::DB01124,CbG,Gene::1559
Compound::DB01275,CbG,Gene::1576
Compound::DB00206,CbG,Gene::1244
Compound::DB00381,CbG,Gene::779
Compound::DB00381,CbG,Gene::1559
Compound::DB01076,CbG,Gene::4363
Compound::DB00177,CbG,Gene::185
Compound::DB00457,CbG,Gene::148
Compound::DB00945,CbG,Gene::1557
Compound::DB00594,CbG,Gene::6582
Compound::DB00800,CbG,Gene::152
Compound::DB01115,CbG,Gene::779
Compound::DB00542,CbG,Gene::6564
Compound::DB01197,CbG,Gene::1636
Compound::DB01016,CbG,Gene::1374
Compound::DB00912,CbG,Gene::213
Compound::DB01076,CbG,Gene::100861540
Compound::DB00491,CbG,Gene::2595
Compound::DB00887,CbG,Gene::771
Compound::DB00457,CbG,Gene::5004
Compound::DB00542,CbG,Gene::6565
Compound::DB01136,CbG,Gene::146
Compound::DB01136,CbG,Gene::4718
Compound::DB01124,CbG,Gene::6565
Compound::DB01115,CbG,Gene::1576
Compound::DB00421,CbG,Gene::1244
Compound::DB00575,CbG,Gene::1544
Compound::DB00384,CbG,Gene::6338
Compound::DB01115,CbG,Gene::100861540
Compound::DB00401,CbG,Gene::100861540
Compound::DB00661,CbG,Gene::9429
Compound::DB00700,CbG,Gene::100861540
Compound::DB00227,CbG,Gene::5243
Compound::DB01016,CbG,Gene::4363
Compound::DB00401,CbG,Gene::783
Compound::DB01132,CbG,Gene::5468
Compound::DB00661,CbG,Gene::6584
Compound::DB01076,CbG,Gene::1244
Compound::DB00622,CbG,Gene::148
Compound::DB00672,CbG,Gene::1559
Compound::DB00622,CbG,Gene::1565
Compound::DB01076,CbG,Gene::1576
Compound::DB00622,CbG,Gene::1576
Compound::DB00222,CbG,Gene::6833
Compound::DB00575,CbG,Gene::150
Compound::DB00661,CbG,Gene::100861540
Compound::DB00695,CbG,Gene::759
Compound::DB00284,CbG,Gene::276
Compound::DB00678,CbG,Gene::7367
Compound::DB00331,CbG,Gene::4713
Compound::DB01244,CbG,Gene::805
Compound::DB01023,CbG,Gene::8912
Compound::DB00731,CbG,Gene::213
Compound::DB00808,CbG,Gene::760
Compound::DB00661,CbG,Gene::1244
Compound::DB00571,CbG,Gene::3350
Compound::DB08816,CbG,Gene::1576
Compound::DB00691,CbG,Gene::1636
Compound::DB01083,CbG,Gene::747
Compound::DB01018,CbG,Gene::1559
Compound::DB00331,CbG,Gene::55244
Compound::DB00214,CbG,Gene::6557
Compound::DB00343,CbG,Gene::1577
Compound::DB00641,CbG,Gene::3689
Compound::DB01115,CbG,Gene::1544
Compound::DB00695,CbG,Gene::768
Compound::DB00594,CbG,Gene::41
Compound::DB00381,CbG,Gene::6609
Compound::DB00731,CbG,Gene::3767
Compound::DB00678,CbG,Gene::28234
Compound::DB00421,CbG,Gene::4306
Compound::DB00175,CbG,Gene::9376
Compound::DB01193,CbG,Gene::5243
Compound::DB00678,CbG,Gene::54575
Compound::DB00594,CbG,Gene::6583
Compound::DB00881,CbG,Gene::1636
Compound::DB00622,CbG,Gene::1558
Compound::DB00412,CbG,Gene::1548
Compound::DB00310,CbG,Gene::766
Compound::DB01016,CbG,Gene::11309
Compound::DB00960,CbG,Gene::153
Compound::DB01136,CbG,Gene::147
Compound::DB01115,CbG,Gene::5243
Compound::DB01136,CbG,Gene::1559
Compound::DB00622,CbG,Gene::775
Compound::DB00331,CbG,Gene::4720
Compound::DB00227,CbG,Gene::100861540
Compound::DB00412,CbG,Gene::1559
Compound::DB01029,CbG,Gene::1565
Compound::DB00331,CbG,Gene::6581
Compound::DB00331,CbG,Gene::29078
Compound::DB01136,CbG,Gene::155
Compound::DB00331,CbG,Gene::4536
Compound::DB01023,CbG,Gene::100861540
Compound::DB00343,CbG,Gene::1576
Compound::DB00881,CbG,Gene::6564
Compound::DB00331,CbG,Gene::54539
Compound::DB01124,CbG,Gene::6579
Compound::DB01016,CbG,Gene::19
Compound::DB00331,CbG,Gene::4540
Compound::DB00887,CbG,Gene::10864
Compound::DB00206,CbG,Gene::6582
Compound::DB00887,CbG,Gene::9376
Compound::DB01023,CbG,Gene::808
Compound::DB00412,CbG,Gene::5468
Compound::DB00808,CbG,Gene::3753
Compound::DB01136,CbG,Gene::1544
Compound::DB00808,CbG,Gene::6559
Compound::DB00887,CbG,Gene::57468
Compound::DB00178,CbG,Gene::590
Compound::DB00331,CbG,Gene::4711
Compound::DB01067,CbG,Gene::3767
Compound::DB00722,CbG,Gene::59272
Compound::DB00421,CbG,Gene::1585
Compound::DB01200,CbG,Gene::3362
Compound::DB00973,CbG,Gene::1244
Compound::DB00657,CbG,Gene::1143
Compound::DB00381,CbG,Gene::1555
Compound::DB01200,CbG,Gene::1816
Compound::DB00966,CbG,Gene::5243
Compound::DB01124,CbG,Gene::9356
Compound::DB00661,CbG,Gene::773
Compound::DB00641,CbG,Gene::1557
Compound::DB00331,CbG,Gene::4696
Compound::DB00629,CbG,Gene::151
Compound::DB00661,CbG,Gene::1551
Compound::DB01016,CbG,Gene::1080
Compound::DB00331,CbG,Gene::4707
Compound::DB01016,CbG,Gene::3758
Compound::DB00421,CbG,Gene::5241
Compound::DB00661,CbG,Gene::784
Compound::DB01016,CbG,Gene::6564
Compound::DB01076,CbG,Gene::10599
Compound::DB00343,CbG,Gene::1558
Compound::DB01162,CbG,Gene::81033
Compound::DB00381,CbG,Gene::1565
Compound::DB01244,CbG,Gene::7134
Compound::DB01132,CbG,Gene::10599
Compound::DB00331,CbG,Gene::25915
Compound::DB00790,CbG,Gene::5243
Compound::DB01200,CbG,Gene::5243
Compound::DB00575,CbG,Gene::5243
Compound::DB00331,CbG,Gene::51103
Compound::DB00622,CbG,Gene::808
Compound::DB01124,CbG,Gene::11309
Compound::DB00622,CbG,Gene::801
Compound::DB01136,CbG,Gene::4879
Compound::DB01023,CbG,Gene::783
Compound::DB04861,CbG,Gene::154
Compound::DB00214,CbG,Gene::1558
Compound::DB00945,CbG,Gene::1645
Compound::DB00575,CbG,Gene::1577
Compound::DB01124,CbG,Gene::6564
Compound::DB01067,CbG,Gene::1559
Compound::DB00695,CbG,Gene::11238
Compound::DB00421,CbG,Gene::367
Compound::DB00722,CbG,Gene::1636
Compound::DB00594,CbG,Gene::40
Compound::DB08860,CbG,Gene::1558
Compound::DB00270,CbG,Gene::8912
Compound::DB00887,CbG,Gene::6558
Compound::DB00661,CbG,Gene::3767
Compound::DB00178,CbG,Gene::6565
Compound::DB00880,CbG,Gene::760
Compound::DB01016,CbG,Gene::1557
Compound::DB00903,CbG,Gene::9356
Compound::DB01098,CbG,Gene::11309
Compound::DB00808,CbG,Gene::3784
Compound::DB00945,CbG,Gene::1909
Compound::DB00381,CbG,Gene::1576
Compound::DB08860,CbG,Gene::54659
Compound::DB00695,CbG,Gene::766
Compound::DB00758,CbG,Gene::5243
Compound::DB00960,CbG,Gene::3350
Compound::DB00912,CbG,Gene::6833
Compound::DB00695,CbG,Gene::6584
Compound::DB00584,CbG,Gene::6564
Compound::DB00571,CbG,Gene::100861540
Compound::DB01115,CbG,Gene::1565
Compound::DB00331,CbG,Gene::55967
Compound::DB00700,CbG,Gene::4306
Compound::DB01241,CbG,Gene::1559
Compound::DB00999,CbG,Gene::771
Compound::DB00571,CbG,Gene::1543
Compound::DB00661,CbG,Gene::3757
Compound::DB00457,CbG,Gene::146
Compound::DB01132,CbG,Gene::5742
Compound::DB00373,CbG,Gene::5243
Compound::DB00175,CbG,Gene::11309
Compound::DB01162,CbG,Gene::5243
Compound::DB00584,CbG,Gene::5243
Compound::DB00264,CbG,Gene::1565
Compound::DB01083,CbG,Gene::221955
Compound::DB01076,CbG,Gene::10257
Compound::DB00227,CbG,Gene::10599
Compound::DB00758,CbG,Gene::1555
Compound::DB01083,CbG,Gene::7920
Compound::DB00177,CbG,Gene::10599
Compound::DB00175,CbG,Gene::1565
Compound::DB00808,CbG,Gene::768
Compound::DB00310,CbG,Gene::763
Compound::DB00999,CbG,Gene::768
Compound::DB00800,CbG,Gene::150
Compound::DB01200,CbG,Gene::3351
Compound::DB00457,CbG,Gene::3350
Compound::DB01018,CbG,Gene::11188
Compound::DB00758,CbG,Gene::1559
Compound::DB08860,CbG,Gene::11309
Compound::DB00457,CbG,Gene::147
Compound::DB00661,CbG,Gene::1577
Compound::DB00598,CbG,Gene::155
Compound::DB01359,CbG,Gene::3350
Compound::DB01200,CbG,Gene::3358
Compound::DB00381,CbG,Gene::55799
Compound::DB00177,CbG,Gene::28234
Compound::DB01170,CbG,Gene::1576
Compound::DB00524,CbG,Gene::6559
Compound::DB00790,CbG,Gene::590
Compound::DB00960,CbG,Gene::1565
Compound::DB00912,CbG,Gene::1558
Compound::DB00774,CbG,Gene::23632
Compound::DB00661,CbG,Gene::89845
Compound::DB00622,CbG,Gene::1132
Compound::DB00381,CbG,Gene::1548
Compound::DB00227,CbG,Gene::1565
Compound::DB01115,CbG,Gene::808
Compound::DB01200,CbG,Gene::150
Compound::DB00641,CbG,Gene::7364
Compound::DB00457,CbG,Gene::90134
Compound::DB00973,CbG,Gene::7364
Compound::DB01241,CbG,Gene::1576
Compound::DB08816,CbG,Gene::64805
Compound::DB00700,CbG,Gene::1577
Compound::DB01275,CbG,Gene::5033
Compound::DB01083,CbG,Gene::1576
Compound::DB00350,CbG,Gene::3758
Compound::DB01200,CbG,Gene::148
Compound::DB00227,CbG,Gene::54659
Compound::DB00880,CbG,Gene::9356
Compound::DB00622,CbG,Gene::146
Compound::DB01132,CbG,Gene::1558
Compound::DB00629,CbG,Gene::11188
Compound::DB00175,CbG,Gene::8647
Compound::DB00887,CbG,Gene::11238
Compound::DB01018,CbG,Gene::151
Compound::DB01132,CbG,Gene::1559
Compound::DB00594,CbG,Gene::6337
Compound::DB00457,CbG,Gene::3757
Compound::DB01016,CbG,Gene::9429
Compound::DB01115,CbG,Gene::1558
Compound::DB00331,CbG,Gene::4726
Compound::DB00629,CbG,Gene::150
Compound::DB00175,CbG,Gene::9356
Compound::DB00622,CbG,Gene::1131
Compound::DB01029,CbG,Gene::185
Compound::DB01023,CbG,Gene::1577
Compound::DB00401,CbG,Gene::1544
Compound::DB00774,CbG,Gene::762
Compound::DB00912,CbG,Gene::10599
Compound::DB01197,CbG,Gene::9356
Compound::DB00284,CbG,Gene::2548
Compound::DB01115,CbG,Gene::1551
Compound::DB01115,CbG,Gene::781
Compound::DB01115,CbG,Gene::1244
Compound::DB01098,CbG,Gene::6579
Compound::DB00227,CbG,Gene::7364
Compound::DB00774,CbG,Gene::760
Compound::DB01200,CbG,Gene::3356
Compound::DB01197,CbG,Gene::4048
Compound::DB00590,CbG,Gene::1557
Compound::DB00401,CbG,Gene::5243
Compound::DB00790,CbG,Gene::1636
Compound::DB01023,CbG,Gene::776
Compound::DB00598,CbG,Gene::154
Compound::DB00796,CbG,Gene::185
Compound::DB00227,CbG,Gene::1244
Compound::DB00310,CbG,Gene::771
Compound::DB01016,CbG,Gene::8714
Compound::DB00661,CbG,Gene::1544
Compound::DB00214,CbG,Gene::1559
Compound::DB01200,CbG,Gene::3352
Compound::DB00775,CbG,Gene::3674
Compound::DB00627,CbG,Gene::8843
Compound::DB00973,CbG,Gene::54658
Compound::DB01136,CbG,Gene::5243
Compound::DB00421,CbG,Gene::1584
Compound::DB00731,CbG,Gene::1551
Compound::DB01098,CbG,Gene::9429
Compound::DB00695,CbG,Gene::1244
Compound::DB01098,CbG,Gene::10599
Compound::DB01261,CbG,Gene::1803
Compound::DB00700,CbG,Gene::1585
Compound::DB00641,CbG,Gene::1555
Compound::DB01170,CbG,Gene::6530
Compound::DB01120,CbG,Gene::6833
Compound::DB01203,CbG,Gene::5243
Compound::DB01120,CbG,Gene::3767
Compound::DB00331,CbG,Gene::4701
Compound::DB01244,CbG,Gene::773
Compound::DB01023,CbG,Gene::5243
Compound::DB00590,CbG,Gene::90134
Compound::DB01076,CbG,Gene::1559
Compound::DB01197,CbG,Gene::1565
Compound::DB00331,CbG,Gene::4705
Compound::DB08882,CbG,Gene::1803
Compound::DB00571,CbG,Gene::1565
Compound::DB00331,CbG,Gene::4716
Compound::DB00641,CbG,Gene::1244
Compound::DB00575,CbG,Gene::1565
Compound::DB01200,CbG,Gene::146
Compound::DB00678,CbG,Gene::56606
Compound::DB00227,CbG,Gene::1576
Compound::DB00641,CbG,Gene::54659
Compound::DB01203,CbG,Gene::153
Compound::DB00695,CbG,Gene::23632
Compound::DB01023,CbG,Gene::1558
Compound::DB00412,CbG,Gene::10599
Compound::DB00887,CbG,Gene::766
Compound::DB00999,CbG,Gene::6559
Compound::DB00887,CbG,Gene::763
Compound::DB00945,CbG,Gene::7157
Compound::DB01098,CbG,Gene::1559
Compound::DB00800,CbG,Gene::1813
Compound::DB01023,CbG,Gene::1551
Compound::DB00661,CbG,Gene::8911
Compound::DB08860,CbG,Gene::28234
Compound::DB00519,CbG,Gene::1636
Compound::DB00790,CbG,Gene::6564
Compound::DB00331,CbG,Gene::4697
Compound::DB00622,CbG,Gene::5243
Compound::DB01203,CbG,Gene::155
Compound::DB00973,CbG,Gene::10599
Compound::DB01261,CbG,Gene::5243
Compound::DB00343,CbG,Gene::779
Compound::DB00343,CbG,Gene::786
Compound::DB00887,CbG,Gene::762
Compound::DB00284,CbG,Gene::277
Compound::DB00999,CbG,Gene::762
Compound::DB00584,CbG,Gene::10864
Compound::DB00672,CbG,Gene::1557
Compound::DB00175,CbG,Gene::1244
Compound::DB01029,CbG,Gene::1558
Compound::DB01197,CbG,Gene::4313
Compound::DB00903,CbG,Gene::6557
Compound::DB00876,CbG,Gene::185
Compound::DB00661,CbG,Gene::1555
Compound::DB01244,CbG,Gene::775
Compound::DB00175,CbG,Gene::6579
Compound::DB00175,CbG,Gene::6566
Compound::DB00226,CbG,Gene::6530
Compound::DB01124,CbG,Gene::6833
Compound::DB00678,CbG,Gene::54658
Compound::DB00331,CbG,Gene::4712
Compound::DB00310,CbG,Gene::762
Compound::DB00187,CbG,Gene::153
Compound::DB00661,CbG,Gene::1565
Compound::DB00524,CbG,Gene::771
Compound::DB00661,CbG,Gene::1576
Compound::DB01197,CbG,Gene::5243
Compound::DB01359,CbG,Gene::3351
Compound::DB00661,CbG,Gene::8913
Compound::DB00331,CbG,Gene::4722
Compound::DB00284,CbG,Gene::6476
Compound::DB00695,CbG,Gene::213
Compound::DB01244,CbG,Gene::8912
Compound::DB00373,CbG,Gene::1565
Compound::DB00622,CbG,Gene::1571
Compound::DB01241,CbG,Gene::1544
Compound::DB00575,CbG,Gene::151
Compound::DB01241,CbG,Gene::10599
Compound::DB01197,CbG,Gene::6564
Compound::DB00227,CbG,Gene::1559
Compound::DB08882,CbG,Gene::1576
Compound::DB00571,CbG,Gene::154
Compound::DB00492,CbG,Gene::6564
Compound::DB00672,CbG,Gene::3767
Compound::DB00343,CbG,Gene::1551
Compound::DB01039,CbG,Gene::1558
Compound::DB01039,CbG,Gene::1559
Compound::DB01029,CbG,Gene::1909
Compound::DB00331,CbG,Gene::4708
Compound::DB00594,CbG,Gene::6338
Compound::DB01200,CbG,Gene::3363
Compound::DB00310,CbG,Gene::760
Compound::DB01115,CbG,Gene::775
Compound::DB00973,CbG,Gene::1576
Compound::DB01136,CbG,Gene::2697
Compound::DB00524,CbG,Gene::763
Compound::DB00800,CbG,Gene::1812
Compound::DB01244,CbG,Gene::3757
Compound::DB00584,CbG,Gene::6579
Compound::DB01200,CbG,Gene::153
Compound::DB01193,CbG,Gene::6580
Compound::DB00641,CbG,Gene::1551
Compound::DB00331,CbG,Gene::4710
Compound::DB01359,CbG,Gene::153
Compound::DB00575,CbG,Gene::152
Compound::DB00270,CbG,Gene::9254
Compound::DB01083,CbG,Gene::2194
Compound::DB00641,CbG,Gene::10599
Compound::DB00657,CbG,Gene::1136
Compound::DB00412,CbG,Gene::213
Compound::DB00678,CbG,Gene::1577
Compound::DB00627,CbG,Gene::23475
Compound::DB00310,CbG,Gene::768
Compound::DB00436,CbG,Gene::7172
Compound::DB00457,CbG,Gene::5243
Compound::DB00774,CbG,Gene::6557
Compound::DB00678,CbG,Gene::1544
Compound::DB00381,CuG,Gene::3417
Compound::DB08860,CuG,Gene::256364
Compound::DB00227,CuG,Gene::80212
Compound::DB00227,CuG,Gene::5580
Compound::DB00968,CuG,Gene::25976
Compound::DB08860,CuG,Gene::11000
Compound::DB00960,CuG,Gene::51441
Compound::DB00903,CuG,Gene::8878
Compound::DB00657,CuG,Gene::5627
Compound::DB00641,CuG,Gene::91289
Compound::DB01120,CuG,Gene::10513
Compound::DB08860,CuG,Gene::79056
Compound::DB00227,CuG,Gene::10493
Compound::DB00903,CuG,Gene::3162
Compound::DB00973,CuG,Gene::10797
Compound::DB00206,CuG,Gene::3108
Compound::DB00412,CuG,Gene::23378
Compound::DB00641,CuG,Gene::823
Compound::DB08860,CuG,Gene::4597
Compound::DB01261,CuG,Gene::7103
Compound::DB00641,CuG,Gene::23383
Compound::DB00968,CuG,Gene::3339
Compound::DB00758,CuG,Gene::701
Compound::DB08860,CuG,Gene::10123
Compound::DB00227,CuG,Gene::994
Compound::DB08860,CuG,Gene::8349
Compound::DB00968,CuG,Gene::79600
Compound::DB00206,CuG,Gene::10043
Compound::DB08860,CuG,Gene::5331
Compound::DB00206,CuG,Gene::230
Compound::DB00227,CuG,Gene::901
Compound::DB00331,CuG,Gene::9641
Compound::DB00641,CuG,Gene::6817
Compound::DB01200,CuG,Gene::3162
Compound::DB00903,CuG,Gene::1514
Compound::DB00968,CuG,Gene::4775
Compound::DB00227,CuG,Gene::3725
Compound::DB00758,CuG,Gene::9918
Compound::DB00270,CuG,Gene::9903
Compound::DB00627,CuG,Gene::55008
Compound::DB00227,CuG,Gene::8349
Compound::DB01162,CuG,Gene::10057
Compound::DB00968,CuG,Gene::11264
Compound::DB00381,CuG,Gene::4864
Compound::DB08860,CuG,Gene::3303
Compound::DB00641,CuG,Gene::1846
Compound::DB00492,CuG,Gene::9143
Compound::DB00227,CuG,Gene::6804
Compound::DB01083,CuG,Gene::3949
Compound::DB00641,CuG,Gene::6810
Compound::DB00758,CuG,Gene::57406
Compound::DB00968,CuG,Gene::64167
Compound::DB08860,CuG,Gene::51257
Compound::DB00641,CuG,Gene::8349
Compound::DB00641,CuG,Gene::26020
Compound::DB00412,CuG,Gene::9221
Compound::DB00175,CuG,Gene::64167
Compound::DB00641,CuG,Gene::10039
Compound::DB00384,CuG,Gene::5743
Compound::DB00758,CuG,Gene::4998
Compound::DB00758,CuG,Gene::843
Compound::DB00968,CuG,Gene::2264
Compound::DB01016,CuG,Gene::10962
Compound::DB01083,CuG,Gene::4864
Compound::DB01200,CuG,Gene::5058
Compound::DB00876,CuG,Gene::2852
Compound::DB00661,CuG,Gene::10551
Compound::DB00968,CuG,Gene::79058
Compound::DB00373,CuG,Gene::54442
Compound::DB08860,CuG,Gene::80212
Compound::DB01261,CuG,Gene::9833
Compound::DB00903,CuG,Gene::1026
Compound::DB00641,CuG,Gene::80256
Compound::DB00641,CuG,Gene::4312
Compound::DB08860,CuG,Gene::6275
Compound::DB08860,CuG,Gene::81544
Compound::DB00641,CuG,Gene::10379
Compound::DB00641,CuG,Gene::57804
Compound::DB00206,CuG,Gene::3162
Compound::DB00758,CuG,Gene::2263
Compound::DB01098,CuG,Gene::994
Compound::DB00381,CuG,Gene::51171
Compound::DB00641,CuG,Gene::6988
Compound::DB00960,CuG,Gene::3223
Compound::DB00903,CuG,Gene::7296
Compound::DB08860,CuG,Gene::8273
Compound::DB01039,CuG,Gene::9053
Compound::DB00401,CuG,Gene::7494
Compound::DB00412,CuG,Gene::6793
Compound::DB00641,CuG,Gene::93129
Compound::DB00206,CuG,Gene::10782
Compound::DB08860,CuG,Gene::23787
Compound::DB00641,CuG,Gene::11078
Compound::DB00381,CuG,Gene::23588
Compound::DB08860,CuG,Gene::55957
Compound::DB01200,CuG,Gene::440
Compound::DB00641,CuG,Gene::9820
Compound::DB00903,CuG,Gene::9817
Compound::DB00678,CuG,Gene::4118
Compound::DB00206,CuG,Gene::23097
Compound::DB01115,CuG,Gene::79600
Compound::DB00412,CuG,Gene::10099
Compound::DB01197,CuG,Gene::1301
Compound::DB01076,CuG,Gene::4303
Compound::DB00381,CuG,Gene::3992
Compound::DB00960,CuG,Gene::27258
Compound::DB00373,CuG,Gene::6947
Compound::DB01115,CuG,Gene::23378
Compound::DB00641,CuG,Gene::8800
Compound::DB00206,CuG,Gene::8553
Compound::DB00227,CuG,Gene::5909
Compound::DB00758,CuG,Gene::10206
Compound::DB00206,CuG,Gene::93129
Compound::DB08860,CuG,Gene::55219
Compound::DB01076,CuG,Gene::4312
Compound::DB08860,CuG,Gene::79671
Compound::DB08860,CuG,Gene::79170
Compound::DB00206,CuG,Gene::5257
Compound::DB00641,CuG,Gene::4313
Compound::DB00381,CuG,Gene::4303
Compound::DB01067,CuG,Gene::8821
Compound::DB08860,CuG,Gene::56650
Compound::DB08860,CuG,Gene::78994
Compound::DB00960,CuG,Gene::11001
Compound::DB08860,CuG,Gene::5498
Compound::DB00381,CuG,Gene::51005
Compound::DB00227,CuG,Gene::6275
Compound::DB01016,CuG,Gene::23338
Compound::DB08860,CuG,Gene::3107
Compound::DB00227,CuG,Gene::1831
Compound::DB01083,CuG,Gene::4047
Compound::DB00284,CuG,Gene::55837
Compound::DB00968,CuG,Gene::3340
Compound::DB08860,CuG,Gene::4794
Compound::DB00641,CuG,Gene::6721
Compound::DB08860,CuG,Gene::23555
Compound::DB08860,CuG,Gene::3122
Compound::DB08860,CuG,Gene::8861
Compound::DB08860,CuG,Gene::10610
Compound::DB00641,CuG,Gene::4303
Compound::DB01098,CuG,Gene::10013
Compound::DB08860,CuG,Gene::307
Compound::DB00758,CuG,Gene::51362
Compound::DB00999,CuG,Gene::80212
Compound::DB01039,CuG,Gene::1475
Compound::DB00968,CuG,Gene::4850
Compound::DB00641,CuG,Gene::1727
Compound::DB00903,CuG,Gene::26020
Compound::DB00206,CuG,Gene::54541
Compound::DB08860,CuG,Gene::4851
Compound::DB01162,CuG,Gene::4482
Compound::DB08860,CuG,Gene::1647
Compound::DB01083,CuG,Gene::10682
Compound::DB01076,CuG,Gene::994
Compound::DB01083,CuG,Gene::11182
Compound::DB00758,CuG,Gene::9702
Compound::DB00381,CuG,Gene::4047
Compound::DB00641,CuG,Gene::54541
Compound::DB01241,CuG,Gene::387
Compound::DB00641,CuG,Gene::7485
Compound::DB08860,CuG,Gene::23113
Compound::DB01200,CuG,Gene::868
Compound::DB08860,CuG,Gene::9927
Compound::DB00381,CuG,Gene::54541
Compound::DB00381,CuG,Gene::3162
Compound::DB00381,CuG,Gene::63874
Compound::DB08860,CuG,Gene::5698
Compound::DB00641,CuG,Gene::5106
Compound::DB00790,CuG,Gene::154
Compound::DB00627,CuG,Gene::11197
Compound::DB00960,CuG,Gene::25966
Compound::DB00641,CuG,Gene::1831
Compound::DB08860,CuG,Gene::30846
Compound::DB00774,CuG,Gene::10559
Compound::DB00903,CuG,Gene::9710
Compound::DB00381,CuG,Gene::2222
Compound::DB00758,CuG,Gene::652
Compound::DB08860,CuG,Gene::51385
Compound::DB08860,CuG,Gene::22875
Compound::DB08860,CuG,Gene::8744
Compound::DB00227,CuG,Gene::10365
Compound::DB00903,CuG,Gene::3628
Compound::DB01016,CuG,Gene::10057
Compound::DB00641,CuG,Gene::5580
Compound::DB00381,CuG,Gene::9709
Compound::DB00214,CuG,Gene::1052
Compound::DB00800,CuG,Gene::6696
Compound::DB00227,CuG,Gene::3909
Compound::DB00641,CuG,Gene::11230
Compound::DB00381,CuG,Gene::57761
Compound::DB00641,CuG,Gene::728661
Compound::DB00227,CuG,Gene::2887
Compound::DB00373,CuG,Gene::57192
Compound::DB00641,CuG,Gene::6793
Compound::DB01083,CuG,Gene::1718
Compound::DB00641,CuG,Gene::23129
Compound::DB00310,CuG,Gene::29916
Compound::DB00381,CuG,Gene::6319
Compound::DB08860,CuG,Gene::6015
Compound::DB00758,CuG,Gene::2185
Compound::DB00206,CuG,Gene::4597
Compound::DB00227,CuG,Gene::7538
Compound::DB00641,CuG,Gene::842
Compound::DB01120,CuG,Gene::3480
Compound::DB08860,CuG,Gene::843
Compound::DB00206,CuG,Gene::6676
Compound::DB01124,CuG,Gene::7099
Compound::DB08860,CuG,Gene::7538
Compound::DB00758,CuG,Gene::79090
Compound::DB01241,CuG,Gene::2146
Compound::DB00381,CuG,Gene::11161
Compound::DB00968,CuG,Gene::8884
Compound::DB00381,CuG,Gene::10007
Compound::DB01115,CuG,Gene::56652
Compound::DB00968,CuG,Gene::5557
Compound::DB08860,CuG,Gene::3134
Compound::DB08860,CuG,Gene::1831
Compound::DB00641,CuG,Gene::2934
Compound::DB00641,CuG,Gene::4817
Compound::DB00227,CuG,Gene::51646
Compound::DB01241,CuG,Gene::6251
Compound::DB00641,CuG,Gene::10956
Compound::DB01120,CuG,Gene::1123
Compound::DB08860,CuG,Gene::6048
Compound::DB00641,CuG,Gene::23042
Compound::DB00206,CuG,Gene::26020
Compound::DB08860,CuG,Gene::3105
Compound::DB01124,CuG,Gene::6304
Compound::DB00641,CuG,Gene::10628
Compound::DB00206,CuG,Gene::9415
Compound::DB00960,CuG,Gene::8727
Compound::DB00968,CuG,Gene::3508
Compound::DB08860,CuG,Gene::27175
Compound::DB00968,CuG,Gene::9653
Compound::DB00584,CuG,Gene::116832
Compound::DB00227,CuG,Gene::54541
Compound::DB00960,CuG,Gene::10551
Compound::DB00206,CuG,Gene::10524
Compound::DB00968,CuG,Gene::5058
Compound::DB08860,CuG,Gene::3043
Compound::DB08860,CuG,Gene::24149
Compound::DB00227,CuG,Gene::868
Compound::DB00641,CuG,Gene::8202
Compound::DB00227,CuG,Gene::26020
Compound::DB00331,CuG,Gene::23335
Compound::DB01083,CuG,Gene::1717
Compound::DB00968,CuG,Gene::54438
Compound::DB00227,CuG,Gene::8202
Compound::DB08860,CuG,Gene::22889
Compound::DB00758,CuG,Gene::5796
Compound::DB00968,CuG,Gene::4312
Compound::DB00641,CuG,Gene::78994
Compound::DB00968,CuG,Gene::10057
Compound::DB08860,CuG,Gene::9820
Compound::DB00641,CuG,Gene::8398
Compound::DB00187,CuG,Gene::1050
Compound::DB00206,CuG,Gene::2941
Compound::DB00381,CuG,Gene::2896
Compound::DB00641,CuG,Gene::392
Compound::DB01115,CuG,Gene::5106
Compound::DB01083,CuG,Gene::1831
Compound::DB00641,CuG,Gene::10057
Compound::DB00641,CuG,Gene::5909
Compound::DB00412,CuG,Gene::3162
Compound::DB01083,CuG,Gene::5971
Compound::DB08860,CuG,Gene::65998
Compound::DB08860,CuG,Gene::8835
Compound::DB00227,CuG,Gene::10962
Compound::DB08860,CuG,Gene::9170
Compound::DB00641,CuG,Gene::80212
Compound::DB00641,CuG,Gene::847
Compound::DB00758,CuG,Gene::2769
Compound::DB08860,CuG,Gene::57658
Compound::DB00641,CuG,Gene::26959
Compound::DB01124,CuG,Gene::10695
Compound::DB00227,CuG,Gene::80256
Compound::DB00206,CuG,Gene::3156
Compound::DB08860,CuG,Gene::2523
Compound::DB00641,CuG,Gene::51646
Compound::DB00641,CuG,Gene::3909
Compound::DB00641,CuG,Gene::81544
Compound::DB00227,CuG,Gene::4783
Compound::DB08860,CuG,Gene::57406
Compound::DB00641,CuG,Gene::25949
Compound::DB00641,CuG,Gene::994
Compound::DB00381,CuG,Gene::2224
Compound::DB08860,CuG,Gene::3553
Compound::DB01115,CuG,Gene::23212
Compound::DB00903,CuG,Gene::9961
Compound::DB00227,CuG,Gene::25966
Compound::DB01016,CuG,Gene::7099
Compound::DB00381,CuG,Gene::1718
Compound::DB00758,CuG,Gene::5770
Compound::DB00968,CuG,Gene::79643
Compound::DB08860,CuG,Gene::6992
Compound::DB00381,CuG,Gene::3156
Compound::DB00641,CuG,Gene::5498
Compound::DB00381,CuG,Gene::23097
Compound::DB00381,CuG,Gene::1026
Compound::DB01039,CuG,Gene::6657
Compound::DB08860,CuG,Gene::6324
Compound::DB08860,CuG,Gene::55608
Compound::DB01162,CuG,Gene::54807
Compound::DB01076,CuG,Gene::387
Compound::DB08860,CuG,Gene::5058
Compound::DB00401,CuG,Gene::80212
Compound::DB00903,CuG,Gene::11098
Compound::DB00999,CuG,Gene::54807
Compound::DB00206,CuG,Gene::11284
Compound::DB01098,CuG,Gene::1831
Compound::DB08860,CuG,Gene::9246
Compound::DB01200,CuG,Gene::80212
Compound::DB08860,CuG,Gene::79187
Compound::DB08860,CuG,Gene::701
Compound::DB00641,CuG,Gene::9266
Compound::DB00381,CuG,Gene::16
Compound::DB00641,CuG,Gene::64743
Compound::DB00227,CuG,Gene::10567
Compound::DB01076,CuG,Gene::9961
Compound::DB00381,CuG,Gene::11182
Compound::DB00960,CuG,Gene::6947
Compound::DB00206,CuG,Gene::10493
Compound::DB00960,CuG,Gene::6402
Compound::DB08860,CuG,Gene::10347
Compound::DB00960,CuG,Gene::1545
Compound::DB00206,CuG,Gene::51005
Compound::DB01016,CuG,Gene::6166
Compound::DB00758,CuG,Gene::6915
Compound::DB00227,CuG,Gene::4303
Compound::DB08860,CuG,Gene::56997
Compound::DB00227,CuG,Gene::8900
Compound::DB00381,CuG,Gene::3949
Compound::DB00584,CuG,Gene::1429
Compound::DB00401,CuG,Gene::5359
Compound::DB08860,CuG,Gene::10904
Compound::DB00641,CuG,Gene::56967
Compound::DB00758,CuG,Gene::23161
Compound::DB00968,CuG,Gene::10557
Compound::DB01197,CuG,Gene::64422
Compound::DB00758,CuG,Gene::79170
Compound::DB00758,CuG,Gene::9246
Compound::DB08860,CuG,Gene::6919
Compound::DB00412,CuG,Gene::28969
Compound::DB00999,CuG,Gene::57406
Compound::DB00421,CuG,Gene::11197
Compound::DB08860,CuG,Gene::27336
Compound::DB00206,CuG,Gene::25987
Compound::DB01016,CuG,Gene::5331
Compound::DB00381,CuG,Gene::665
Compound::DB00206,CuG,Gene::5106
Compound::DB00641,CuG,Gene::23588
Compound::DB00641,CuG,Gene::5164
Compound::DB00758,CuG,Gene::58472
Compound::DB00206,CuG,Gene::2309
Compound::DB00641,CuG,Gene::23371
Compound::DB00227,CuG,Gene::23443
Compound::DB00641,CuG,Gene::26007
Compound::DB00381,CuG,Gene::10682
Compound::DB00641,CuG,Gene::4240
Compound::DB00999,CuG,Gene::4775
Compound::DB01124,CuG,Gene::6839
Compound::DB00999,CuG,Gene::6443
Compound::DB08860,CuG,Gene::8446
Compound::DB00641,CuG,Gene::7358
Compound::DB00661,CuG,Gene::8821
Compound::DB08860,CuG,Gene::6850
Compound::DB08860,CuG,Gene::2185
Compound::DB00641,CuG,Gene::8408
Compound::DB00381,CuG,Gene::2745
Compound::DB00206,CuG,Gene::4047
Compound::DB00214,CuG,Gene::5058
Compound::DB01083,CuG,Gene::6307
Compound::DB00206,CuG,Gene::10013
Compound::DB08860,CuG,Gene::4303
Compound::DB00903,CuG,Gene::8974
Compound::DB00758,CuG,Gene::23635
Compound::DB00641,CuG,Gene::79961
Compound::DB00774,CuG,Gene::10695
Compound::DB01016,CuG,Gene::6509
Compound::DB00227,CuG,Gene::6990
Compound::DB00657,CuG,Gene::22887
Compound::DB00657,CuG,Gene::1958
Compound::DB08860,CuG,Gene::55585
Compound::DB08860,CuG,Gene::7016
Compound::DB00343,CuG,Gene::9903
Compound::DB08860,CuG,Gene::23564
Compound::DB00206,CuG,Gene::1717
Compound::DB00661,CuG,Gene::55129
Compound::DB01200,CuG,Gene::6676
Compound::DB00758,CuG,Gene::64428
Compound::DB00641,CuG,Gene::11152
Compound::DB00641,CuG,Gene::5869
Compound::DB08860,CuG,Gene::60343
Compound::DB00774,CuG,Gene::6278
Compound::DB00968,CuG,Gene::22794
Compound::DB00206,CuG,Gene::6810
Compound::DB08860,CuG,Gene::3454
Compound::DB00629,CuG,Gene::843
Compound::DB00641,CuG,Gene::2065
Compound::DB00641,CuG,Gene::2664
Compound::DB00381,CuG,Gene::1649
Compound::DB00973,CuG,Gene::2817
Compound::DB00381,CuG,Gene::4758
Compound::DB00678,CuG,Gene::154
Compound::DB00412,CuG,Gene::10797
Compound::DB00641,CuG,Gene::85236
Compound::DB00381,CuG,Gene::64342
Compound::DB00758,CuG,Gene::7015
Compound::DB08860,CuG,Gene::1891
Compound::DB08860,CuG,Gene::8974
Compound::DB08860,CuG,Gene::10559
Compound::DB08860,CuG,Gene::5366
Compound::DB00641,CuG,Gene::3156
Compound::DB08860,CuG,Gene::4817
Compound::DB01016,CuG,Gene::4258
Compound::DB00206,CuG,Gene::63874
Compound::DB00641,CuG,Gene::9924
Compound::DB00584,CuG,Gene::3909
Compound::DB01132,CuG,Gene::2817
Compound::DB00206,CuG,Gene::6307
Compound::DB01076,CuG,Gene::9267
Compound::DB00758,CuG,Gene::1950
Compound::DB00774,CuG,Gene::3853
Compound::DB00641,CuG,Gene::79090
Compound::DB00206,CuG,Gene::16
Compound::DB08860,CuG,Gene::23623
Compound::DB08860,CuG,Gene::55146
Compound::DB08860,CuG,Gene::1643
Compound::DB08860,CuG,Gene::1950
Compound::DB00641,CuG,Gene::9605
Compound::DB00584,CuG,Gene::1021
Compound::DB00412,CuG,Gene::22887
Compound::DB00641,CuG,Gene::55793
Compound::DB00641,CuG,Gene::10957
Compound::DB00968,CuG,Gene::9150
Compound::DB00641,CuG,Gene::9665
Compound::DB01016,CuG,Gene::9928
Compound::DB00790,CuG,Gene::23131
Compound::DB00584,CuG,Gene::1396
Compound::DB00641,CuG,Gene::8900
Compound::DB00641,CuG,Gene::58190
Compound::DB00227,CuG,Gene::54521
Compound::DB00175,CuG,Gene::10153
Compound::DB00641,CuG,Gene::25844
Compound::DB08860,CuG,Gene::9817
Compound::DB08860,CuG,Gene::26277
Compound::DB01162,CuG,Gene::23212
Compound::DB00401,CuG,Gene::79090
Compound::DB00657,CuG,Gene::9143
Compound::DB00641,CuG,Gene::9695
Compound::DB01197,CuG,Gene::10810
Compound::DB08860,CuG,Gene::6094
Compound::DB00839,CuG,Gene::1831
Compound::DB00774,CuG,Gene::3108
Compound::DB00641,CuG,Gene::10276
Compound::DB00641,CuG,Gene::9143
Compound::DB00641,CuG,Gene::5900
Compound::DB00960,CuG,Gene::6908
Compound::DB01261,CuG,Gene::9488
Compound::DB00968,CuG,Gene::54807
Compound::DB00381,CuG,Gene::6721
Compound::DB08860,CuG,Gene::3104
Compound::DB00641,CuG,Gene::780
Compound::DB00412,CuG,Gene::2222
Compound::DB00175,CuG,Gene::9488
Compound::DB08860,CuG,Gene::9266
Compound::DB00264,CuG,Gene::10557
Compound::DB01115,CuG,Gene::22796
Compound::DB08860,CuG,Gene::10379
Compound::DB00227,CuG,Gene::55793
Compound::DB00641,CuG,Gene::79735
Compound::DB08860,CuG,Gene::3156
Compound::DB00641,CuG,Gene::23038
Compound::DB00903,CuG,Gene::873
Compound::DB00381,CuG,Gene::9695
Compound::DB00227,CuG,Gene::7485
Compound::DB01200,CuG,Gene::16
Compound::DB08860,CuG,Gene::57827
Compound::DB00661,CuG,Gene::27244
Compound::DB00641,CuG,Gene::9741
Compound::DB00903,CuG,Gene::5909
Compound::DB00758,CuG,Gene::22905
Compound::DB00227,CuG,Gene::9710
Compound::DB01016,CuG,Gene::23378
Compound::DB08860,CuG,Gene::2896
Compound::DB00412,CuG,Gene::7074
Compound::DB00381,CuG,Gene::39
Compound::DB00999,CuG,Gene::25
Compound::DB00381,CuG,Gene::230
Compound::DB08860,CuG,Gene::8444
Compound::DB01083,CuG,Gene::4597
Compound::DB00641,CuG,Gene::10365
Compound::DB00641,CuG,Gene::10826
Compound::DB00401,CuG,Gene::11197
Compound::DB08860,CuG,Gene::81566
Compound::DB00381,CuG,Gene::4597
Compound::DB00227,CuG,Gene::57804
Compound::DB00960,CuG,Gene::8324
Compound::DB00641,CuG,Gene::5927
Compound::DB01067,CuG,Gene::10695
Compound::DB00657,CuG,Gene::5019
Compound::DB01023,CuG,Gene::57192
Compound::DB00960,CuG,Gene::1021
Compound::DB00758,CuG,Gene::55893
Compound::DB00641,CuG,Gene::23097
Compound::DB00381,CuG,Gene::6307
Compound::DB00903,CuG,Gene::1645
Compound::DB00839,CuG,Gene::23338
Compound::DB00412,CuG,Gene::1891
Compound::DB01200,CuG,Gene::4925
Compound::DB01124,CuG,Gene::64080
Compound::DB00641,CuG,Gene::1066
Compound::DB08860,CuG,Gene::8859
Compound::DB00678,CuG,Gene::23212
Compound::DB00381,CuG,Gene::51478
Compound::DB08860,CuG,Gene::6988
Compound::DB00903,CuG,Gene::2730
Compound::DB00571,CuG,Gene::9695
Compound::DB00973,CuG,Gene::5106
Compound::DB01115,CuG,Gene::26227
Compound::DB08860,CuG,Gene::1301
Compound::DB00412,CuG,Gene::1050
Compound::DB01098,CuG,Gene::9961
Compound::DB08860,CuG,Gene::7020
Compound::DB01076,CuG,Gene::54541
Compound::DB00641,CuG,Gene::23224
Compound::DB00641,CuG,Gene::79991
Compound::DB00227,CuG,Gene::6793
Compound::DB00968,CuG,Gene::3028
Compound::DB01124,CuG,Gene::84890
Compound::DB00206,CuG,Gene::3638
Compound::DB00999,CuG,Gene::8837
Compound::DB01200,CuG,Gene::5106
Compound::DB00641,CuG,Gene::57658
Compound::DB00227,CuG,Gene::9181
Compound::DB00227,CuG,Gene::2852
Compound::DB00641,CuG,Gene::55958
Compound::DB00206,CuG,Gene::7376
Compound::DB00641,CuG,Gene::27332
Compound::DB00381,CuG,Gene::1595
Compound::DB00641,CuG,Gene::64781
Compound::DB00641,CuG,Gene::868
Compound::DB00284,CuG,Gene::5058
Compound::DB00187,CuG,Gene::7849
Compound::DB00758,CuG,Gene::10641
Compound::DB00641,CuG,Gene::1509
Compound::DB08860,CuG,Gene::5526
Compound::DB00999,CuG,Gene::11197
Compound::DB00903,CuG,Gene::355
Compound::DB00641,CuG,Gene::23564
Compound::DB00412,CuG,Gene::2817
Compound::DB00758,CuG,Gene::6832
Compound::DB08860,CuG,Gene::1026
Compound::DB08860,CuG,Gene::10628
Compound::DB00641,CuG,Gene::3553
Compound::DB00973,CuG,Gene::6301
Compound::DB01039,CuG,Gene::7376
Compound::DB08860,CuG,Gene::79735
Compound::DB00177,CuG,Gene::8324
Compound::DB01132,CuG,Gene::4609
Compound::DB08860,CuG,Gene::3300
Compound::DB00758,CuG,Gene::9670
Compound::DB08860,CuG,Gene::5777
Compound::DB00331,CuG,Gene::291
Compound::DB08860,CuG,Gene::6676
Compound::DB00758,CuG,Gene::1677
Compound::DB00641,CuG,Gene::1396
Compound::DB00412,CuG,Gene::2920
Compound::DB00968,CuG,Gene::8312
Compound::DB00381,CuG,Gene::10493
Compound::DB08860,CuG,Gene::22794
Compound::DB01115,CuG,Gene::10797
Compound::DB00206,CuG,Gene::7108
Compound::DB00641,CuG,Gene::7376
Compound::DB08860,CuG,Gene::55367
Compound::DB00796,CuG,Gene::3223
Compound::DB00774,CuG,Gene::2852
Compound::DB00758,CuG,Gene::7099
Compound::DB00401,CuG,Gene::5106
Compound::DB01039,CuG,Gene::3122
Compound::DB00641,CuG,Gene::387509
Compound::DB08860,CuG,Gene::5613
Compound::DB08860,CuG,Gene::10962
Compound::DB00187,CuG,Gene::9143
Compound::DB00758,CuG,Gene::3597
Compound::DB00584,CuG,Gene::54504
Compound::DB01083,CuG,Gene::3638
Compound::DB08860,CuG,Gene::8334
Compound::DB08860,CuG,Gene::51171
Compound::DB08860,CuG,Gene::11072
Compound::DB00177,CuG,Gene::57192
Compound::DB01016,CuG,Gene::64167
Compound::DB00657,CuG,Gene::9797
Compound::DB08860,CuG,Gene::2852
Compound::DB08860,CuG,Gene::115817
Compound::DB00227,CuG,Gene::9961
Compound::DB00412,CuG,Gene::3156
Compound::DB00641,CuG,Gene::6990
Compound::DB01067,CuG,Gene::7099
Compound::DB01261,CuG,Gene::3223
Compound::DB01136,CuG,Gene::3156
Compound::DB08860,CuG,Gene::652
Compound::DB00177,CuG,Gene::8800
Compound::DB00264,CuG,Gene::29911
Compound::DB00381,CuG,Gene::5106
Compound::DB00641,CuG,Gene::11031
Compound::DB00641,CuG,Gene::10221
Compound::DB00641,CuG,Gene::4335
Compound::DB00641,CuG,Gene::55608
Compound::DB08860,CuG,Gene::8408
Compound::DB08860,CuG,Gene::9540
Compound::DB00381,CuG,Gene::9415
Compound::DB01039,CuG,Gene::3566
Compound::DB08860,CuG,Gene::23368
Compound::DB00774,CuG,Gene::375346
Compound::DB00657,CuG,Gene::23530
Compound::DB00206,CuG,Gene::47
Compound::DB00412,CuG,Gene::5467
Compound::DB00641,CuG,Gene::976
Compound::DB01083,CuG,Gene::3157
Compound::DB08860,CuG,Gene::6915
Compound::DB00796,CuG,Gene::56924
Compound::DB00960,CuG,Gene::1672
Compound::DB00206,CuG,Gene::23659
Compound::DB00661,CuG,Gene::4850
Compound::DB00412,CuG,Gene::47
Compound::DB00968,CuG,Gene::51031
Compound::DB00622,CuG,Gene::9738
Compound::DB00999,CuG,Gene::7099
Compound::DB08860,CuG,Gene::79090
Compound::DB08860,CuG,Gene::27244
Compound::DB01083,CuG,Gene::6713
Compound::DB08860,CuG,Gene::10039
Compound::DB00381,CuG,Gene::3638
Compound::DB01162,CuG,Gene::1066
Compound::DB08860,CuG,Gene::79143
Compound::DB00227,CuG,Gene::93129
Compound::DB08860,CuG,Gene::1459
Compound::DB00412,CuG,Gene::2356
Compound::DB01083,CuG,Gene::230
Compound::DB00412,CuG,Gene::4609
Compound::DB00641,CuG,Gene::9961
Compound::DB01162,CuG,Gene::9738
Compound::DB00790,CuG,Gene::23335
Compound::DB00227,CuG,Gene::7494
Compound::DB00412,CuG,Gene::79071
Compound::DB00227,CuG,Gene::4312
Compound::DB00657,CuG,Gene::5359
Compound::DB01076,CuG,Gene::11344
Compound::DB00381,CuG,Gene::79071
Compound::DB08860,CuG,Gene::8321
Compound::DB00227,CuG,Gene::3156
Compound::DB00381,CuG,Gene::6713
Compound::DB08860,CuG,Gene::64601
Compound::DB08860,CuG,Gene::10525
Compound::DB00999,CuG,Gene::6909
Compound::DB01115,CuG,Gene::84890
Compound::DB00622,CuG,Gene::4200
Compound::DB08860,CuG,Gene::9854
Compound::DB01083,CuG,Gene::51478
Compound::DB00641,CuG,Gene::23635
Compound::DB00641,CuG,Gene::64755
Compound::DB01076,CuG,Gene::1026
Compound::DB01083,CuG,Gene::39
Compound::DB08860,CuG,Gene::822
Compound::DB01029,CuG,Gene::7538
Compound::DB00412,CuG,Gene::4860
Compound::DB00331,CuG,Gene::1399
Compound::DB08860,CuG,Gene::9851
Compound::DB01083,CuG,Gene::50814
Compound::DB00641,CuG,Gene::9181
Compound::DB00758,CuG,Gene::200734
Compound::DB00758,CuG,Gene::6919
Compound::DB00758,CuG,Gene::9915
Compound::DB08860,CuG,Gene::5566
Compound::DB00758,CuG,Gene::8835
Compound::DB00206,CuG,Gene::9695
Compound::DB08860,CuG,Gene::64395
Compound::DB00968,CuG,Gene::54929
Compound::DB00381,CuG,Gene::26959
Compound::DB08860,CuG,Gene::51646
Compound::DB01203,CuG,Gene::51466
Compound::DB08860,CuG,Gene::3678
Compound::DB01076,CuG,Gene::5580
Compound::DB01098,CuG,Gene::6804
Compound::DB00401,CuG,Gene::5627
Compound::DB00641,CuG,Gene::4582
Compound::DB00641,CuG,Gene::9289
Compound::DB00206,CuG,Gene::55209
Compound::DB00412,CuG,Gene::5580
Compound::DB00790,CuG,Gene::6304
Compound::DB00227,CuG,Gene::9267
Compound::DB00381,CuG,Gene::6696
Compound::DB00177,CuG,Gene::8821
Compound::DB01083,CuG,Gene::3422
Compound::DB08860,CuG,Gene::9918
Compound::DB08860,CuG,Gene::2167
Compound::DB00641,CuG,Gene::23344
Compound::DB08860,CuG,Gene::6890
Compound::DB00227,CuG,Gene::23097
Compound::DB00641,CuG,Gene::6804
Compound::DB00206,CuG,Gene::10057
Compound::DB08860,CuG,Gene::55958
Compound::DB00968,CuG,Gene::1052
Compound::DB01083,CuG,Gene::1595
Compound::DB00310,CuG,Gene::4118
Compound::DB00641,CuG,Gene::9709
Compound::DB01039,CuG,Gene::3815
Compound::DB08860,CuG,Gene::10482
Compound::DB08860,CuG,Gene::7376
Compound::DB00227,CuG,Gene::1396
Compound::DB00436,CuG,Gene::4118
Compound::DB00264,CuG,Gene::1019
Compound::DB00187,CuG,Gene::29978
Compound::DB00641,CuG,Gene::5331
Compound::DB08860,CuG,Gene::23152
Compound::DB08860,CuG,Gene::2034
Compound::DB00796,CuG,Gene::2690
Compound::DB00641,CuG,Gene::10610
Compound::DB01200,CuG,Gene::1978
Compound::DB00227,CuG,Gene::392
Compound::DB00206,CuG,Gene::5058
Compound::DB00960,CuG,Gene::7392
Compound::DB01083,CuG,Gene::6319
Compound::DB00973,CuG,Gene::54541
Compound::DB00641,CuG,Gene::10493
Compound::DB00960,CuG,Gene::1373
Compound::DB00206,CuG,Gene::4864
Compound::DB08860,CuG,Gene::355
Compound::DB08860,CuG,Gene::65055
Compound::DB00758,CuG,Gene::9170
Compound::DB08860,CuG,Gene::7726
Compound::DB00641,CuG,Gene::7494
Compound::DB01132,CuG,Gene::5467
Compound::DB00641,CuG,Gene::55152
Compound::DB00331,CuG,Gene::6714
Compound::DB08860,CuG,Gene::958
Compound::DB00350,CuG,Gene::10695
Compound::DB00227,CuG,Gene::4864
Compound::DB08860,CuG,Gene::55823
Compound::DB08860,CuG,Gene::26993
Compound::DB00903,CuG,Gene::23378
Compound::DB00960,CuG,Gene::9217
Compound::DB01162,CuG,Gene::835
Compound::DB00796,CuG,Gene::51719
Compound::DB00945,CuG,Gene::6804
Compound::DB00641,CuG,Gene::2817
Compound::DB00206,CuG,Gene::1831
Compound::DB00227,CuG,Gene::55062
Compound::DB00641,CuG,Gene::7074
Compound::DB00641,CuG,Gene::10013
Compound::DB00622,CuG,Gene::23530
Compound::DB00880,CuG,Gene::148022
Compound::DB08860,CuG,Gene::467
Compound::DB08860,CuG,Gene::23659
Compound::DB00968,CuG,Gene::835
Compound::DB00758,CuG,Gene::23522
Compound::DB01132,CuG,Gene::7074
Compound::DB08860,CuG,Gene::5164
Compound::DB00381,CuG,Gene::26471
Compound::DB01098,CuG,Gene::387
Compound::DB00206,CuG,Gene::4783
Compound::DB00381,CuG,Gene::8553
Compound::DB00381,CuG,Gene::1717
Compound::DB08860,CuG,Gene::29763
Compound::DB01136,CuG,Gene::3638
Compound::DB00758,CuG,Gene::8349
Compound::DB00960,CuG,Gene::3576
Compound::DB00973,CuG,Gene::26227
Compound::DB01115,CuG,Gene::5831
Compound::DB00227,CuG,Gene::9143
Compound::DB08860,CuG,Gene::230
Compound::DB08860,CuG,Gene::29890
Compound::DB00641,CuG,Gene::6919
Compound::DB00575,CuG,Gene::2042
Compound::DB00758,CuG,Gene::4931
Compound::DB00641,CuG,Gene::1646
Compound::DB08860,CuG,Gene::169611
Compound::DB08860,CuG,Gene::7852
Compound::DB00968,CuG,Gene::7982
Compound::DB08860,CuG,Gene::10903
Compound::DB00968,CuG,Gene::55008
Compound::DB08860,CuG,Gene::3728
Compound::DB00758,CuG,Gene::7852
Compound::DB01016,CuG,Gene::6652
Compound::DB00758,CuG,Gene::54438
Compound::DB00381,CuG,Gene::47
Compound::DB00381,CuG,Gene::3422
Compound::DB00641,CuG,Gene::9772
Compound::DB00796,CuG,Gene::5927
Compound::DB00227,CuG,Gene::10057
Compound::DB01115,CuG,Gene::11325
Compound::DB00187,CuG,Gene::51719
Compound::DB00641,CuG,Gene::55108
Compound::DB08860,CuG,Gene::780
Compound::DB00331,CuG,Gene::10898
Compound::DB00641,CuG,Gene::90864
Compound::DB01200,CuG,Gene::10797
Compound::DB00641,CuG,Gene::55219
Compound::DB00381,CuG,Gene::50814
Compound::DB00903,CuG,Gene::63874
Compound::DB00641,CuG,Gene::784
Compound::DB00227,CuG,Gene::6988
Compound::DB01200,CuG,Gene::2673
Compound::DB08860,CuG,Gene::93129
Compound::DB08860,CuG,Gene::4313
Compound::DB00641,CuG,Gene::10320
Compound::DB01115,CuG,Gene::4609
Compound::DB00264,CuG,Gene::4850
Compound::DB08860,CuG,Gene::9143
Compound::DB00206,CuG,Gene::57192
Compound::DB08860,CuG,Gene::7108
Compound::DB08860,CuG,Gene::51599
Compound::DB00457,CuG,Gene::58472
Compound::DB00206,CuG,Gene::1022
Compound::DB00641,CuG,Gene::9648
Compound::DB00641,CuG,Gene::55008
Compound::DB00641,CuG,Gene::3725
Compound::DB08860,CuG,Gene::9913
Compound::DB00381,CuG,Gene::3988
Compound::DB01200,CuG,Gene::9695
Compound::DB01016,CuG,Gene::12
Compound::DB00412,CuG,Gene::6908
Compound::DB01241,CuG,Gene::10962
Compound::DB08860,CuG,Gene::55793
Compound::DB00960,CuG,Gene::51005
Compound::DB08860,CuG,Gene::10206
Compound::DB00421,CuG,Gene::1021
Compound::DB00584,CuG,Gene::57192
Compound::DB00641,CuG,Gene::4864
Compound::DB01241,CuG,Gene::6714
Compound::DB08860,CuG,Gene::2263
Compound::DB00774,CuG,Gene::5997
Compound::DB00641,CuG,Gene::79654
Compound::DB08860,CuG,Gene::5252
Compound::DB00381,CuG,Gene::1509
Compound::DB00227,CuG,Gene::10013
Compound::DB08860,CuG,Gene::25844
Compound::DB01261,CuG,Gene::55148
Compound::DB00381,CuG,Gene::901
Compound::DB00412,CuG,Gene::10954
Compound::DB00412,CuG,Gene::25966
Compound::DB00264,CuG,Gene::1759
Compound::DB08860,CuG,Gene::79654
Compound::DB08860,CuG,Gene::2131
Compound::DB00206,CuG,Gene::26227
Compound::DB00903,CuG,Gene::8061
Compound::DB00227,CuG,Gene::3300
Compound::DB01124,CuG,Gene::8050
Compound::DB00227,CuG,Gene::5106
Compound::DB00206,CuG,Gene::26471
Compound::DB00641,CuG,Gene::10551
Compound::DB00622,CuG,Gene::3909
Compound::DB08860,CuG,Gene::9961
Compound::DB00381,CuG,Gene::23335
Compound::DB01016,CuG,Gene::6402
Compound::DB00903,CuG,Gene::27244
Compound::DB00641,CuG,Gene::57763
Compound::DB00629,CuG,Gene::7048
Compound::DB00412,CuG,Gene::154
Compound::DB01200,CuG,Gene::26227
Compound::DB01197,CuG,Gene::5971
Compound::DB00331,CuG,Gene::23131
Compound::DB00641,CuG,Gene::2852
Compound::DB00575,CuG,Gene::4118
Compound::DB01016,CuG,Gene::1021
Compound::DB00206,CuG,Gene::11182
Compound::DB00206,CuG,Gene::10180
Compound::DB00412,CuG,Gene::7494
Compound::DB08860,CuG,Gene::997
Compound::DB00903,CuG,Gene::1646
Compound::DB00401,CuG,Gene::3162
Compound::DB01029,CuG,Gene::230
Compound::DB08860,CuG,Gene::64288
Compound::DB01241,CuG,Gene::23224
Compound::DB00758,CuG,Gene::4312
Compound::DB01115,CuG,Gene::1978
Compound::DB01241,CuG,Gene::58472
Compound::DB08860,CuG,Gene::4776
Compound::DB08860,CuG,Gene::727
Compound::DB00629,CuG,Gene::23131
Compound::DB00960,CuG,Gene::7103
Compound::DB08860,CuG,Gene::823
Compound::DB00206,CuG,Gene::1514
Compound::DB00968,CuG,Gene::9088
Compound::DB01261,CuG,Gene::6402
Compound::DB01120,CuG,Gene::8396
Compound::DB00973,CuG,Gene::6509
Compound::DB00641,CuG,Gene::57326
Compound::DB00310,CuG,Gene::7074
Compound::DB01120,CuG,Gene::10123
Compound::DB00412,CuG,Gene::642
Compound::DB01023,CuG,Gene::10668
Compound::DB00206,CuG,Gene::3157
Compound::DB00622,CuG,Gene::6402
Compound::DB08860,CuG,Gene::5863
Compound::DB00641,CuG,Gene::6915
Compound::DB08860,CuG,Gene::9289
Compound::DB00657,CuG,Gene::7485
Compound::DB00206,CuG,Gene::6509
Compound::DB00381,CuG,Gene::3157
Compound::DB00641,CuG,Gene::4925
Compound::DB00227,CuG,Gene::387
Compound::DB00758,CuG,Gene::25966
Compound::DB01083,CuG,Gene::2224
Compound::DB00641,CuG,Gene::7538
Compound::DB00796,CuG,Gene::9797
Compound::DB01124,CuG,Gene::9851
Compound::DB00206,CuG,Gene::4925
Compound::DB01083,CuG,Gene::3156
Compound::DB00903,CuG,Gene::23670
Compound::DB00641,CuG,Gene::1026
Compound::DB00968,CuG,Gene::9276
Compound::DB00903,CuG,Gene::10058
Compound::DB00678,CuG,Gene::23378
Compound::DB00641,CuG,Gene::9170
Compound::DB01132,CuG,Gene::3553
Compound::DB01067,CuG,Gene::843
Compound::DB00641,CuG,Gene::2804
Compound::DB08860,CuG,Gene::10058
Compound::DB00641,CuG,Gene::57140
Compound::DB08860,CuG,Gene::85377
Compound::DB00381,CuG,Gene::8878
Compound::DB00796,CuG,Gene::1021
Compound::DB00401,CuG,Gene::54541
Compound::DB01029,CuG,Gene::6284
Compound::DB01098,CuG,Gene::4303
Compound::DB01029,CuG,Gene::1831
Compound::DB01083,CuG,Gene::2222
Compound::DB00641,CuG,Gene::387
Compound::DB00227,CuG,Gene::1026
Compound::DB00641,CuG,Gene::3551
Compound::DB00758,CuG,Gene::6850
Compound::DB00350,CuG,Gene::1021
Compound::DB08860,CuG,Gene::2664
Compound::DB00641,CuG,Gene::3797
Compound::DB00629,CuG,Gene::8869
Compound::DB00641,CuG,Gene::10351
Compound::DB00678,CuG,Gene::10320
Compound::DB08860,CuG,Gene::23
Compound::DB00206,CuG,Gene::6820
Compound::DB01016,CuG,Gene::23212
Compound::DB08860,CuG,Gene::2769
Compound::DB08860,CuG,Gene::8503
Compound::DB01016,CuG,Gene::154
Compound::DB00641,CuG,Gene::2771
Compound::DB00641,CuG,Gene::29978
Compound::DB08860,CuG,Gene::63874
Compound::DB00661,CuG,Gene::57192
Compound::DB01115,CuG,Gene::9702
Compound::DB08860,CuG,Gene::2624
Compound::DB08860,CuG,Gene::79089
Compound::DB00903,CuG,Gene::2817
Compound::DB00800,CuG,Gene::9053
Compound::DB00590,CuG,Gene::79961
Compound::DB00206,CuG,Gene::10898
Compound::DB01083,CuG,Gene::79071
Compound::DB08860,CuG,Gene::3106
Compound::DB08860,CuG,Gene::29919
Compound::DB00421,CuG,Gene::3108
Compound::DB08860,CuG,Gene::10013
Compound::DB08860,CuG,Gene::51278
Compound::DB00796,CuG,Gene::5359
Compound::DB00227,CuG,Gene::10610
Compound::DB00227,CuG,Gene::9709
Compound::DB00412,CuG,Gene::9943
Compound::DB00641,CuG,Gene::11344
Compound::DB00412,CuG,Gene::3638
Compound::DB01200,CuG,Gene::54541
Compound::DB08860,CuG,Gene::3135
Compound::DB01039,CuG,Gene::5654
Compound::DB01098,CuG,Gene::10493
Compound::DB00903,CuG,Gene::7358
Compound::DB00331,CuG,Gene::9276
Compound::DB00641,CuG,Gene::6275
Compound::DB01124,CuG,Gene::5331
Compound::DB00175,CuG,Gene::23131
Compound::DB00945,CpD,Disease::DOID:9074
Compound::DB01200,CpD,Disease::DOID:14330
Compound::DB00214,CpD,Disease::DOID:784
Compound::DB01115,CpD,Disease::DOID:418
Compound::DB00945,CpD,Disease::DOID:7148
Compound::DB00903,CpD,Disease::DOID:784
Compound::DB01018,CpD,Disease::DOID:1094
Compound::DB00575,CpD,Disease::DOID:1094
Compound::DB00575,CpD,Disease::DOID:11119
Compound::DB00575,CpD,Disease::DOID:0050425
Compound::DB00945,CpD,Disease::DOID:13189
Compound::DB00657,CpD,Disease::DOID:11119
Compound::DB00343,CpD,Disease::DOID:3393
Compound::DB00945,CpD,Disease::DOID:6364
Compound::DB00945,CpD,Disease::DOID:8398
Compound::DB00695,CpD,Disease::DOID:784
Compound::DB00381,CpD,Disease::DOID:3393
Compound::DB01115,CpD,Disease::DOID:3393
Compound::DB00575,CpD,Disease::DOID:12849
Compound::DB00887,CpD,Disease::DOID:784
Pharmacologic Class::N0000008832,PCiC,Compound::DB00758
Pharmacologic Class::N0000008553,PCiC,Compound::DB00973
Pharmacologic Class::N0000000069,PCiC,Compound::DB00270
Pharmacologic Class::N0000008859,PCiC,Compound::DB00594
Pharmacologic Class::N0000008054,PCiC,Compound::DB00672
Pharmacologic Class::N0000007556,PCiC,Compound::DB00381
Pharmacologic Class::N0000000070,PCiC,Compound::DB00966
Pharmacologic Class::N0000175912,PCiC,Compound::DB01261
Pharmacologic Class::N0000008859,PCiC,Compound::DB00384
Pharmacologic Class::N0000000166,PCiC,Compound::DB00491
Pharmacologic Class::N0000175359,PCiC,Compound::DB00880
Pharmacologic Class::N0000175359,PCiC,Compound::DB00436
Pharmacologic Class::N0000170118,PCiC,Compound::DB01132
Pharmacologic Class::N0000009923,PCiC,Compound::DB01136
Pharmacologic Class::N0000000069,PCiC,Compound::DB00343
Pharmacologic Class::N0000175359,PCiC,Compound::DB00384
Pharmacologic Class::N0000011272,PCiC,Compound::DB01132
Pharmacologic Class::N0000190482,PCiC,Compound::DB08816
Pharmacologic Class::N0000009924,PCiC,Compound::DB01136
Pharmacologic Class::N0000175359,PCiC,Compound::DB00808
Pharmacologic Class::N0000008836,PCiC,Compound::DB00945
Pharmacologic Class::N0000166469,PCiC,Compound::DB00436
Pharmacologic Class::N0000009918,PCiC,Compound::DB00575
Pharmacologic Class::N0000000069,PCiC,Compound::DB01023
Pharmacologic Class::N0000175359,PCiC,Compound::DB00310
Pharmacologic Class::N0000008054,PCiC,Compound::DB01067
Pharmacologic Class::N0000007556,PCiC,Compound::DB00622
Pharmacologic Class::N0000175359,PCiC,Compound::DB00999
Pharmacologic Class::N0000178477,PCiC,Compound::DB00542
Pharmacologic Class::N0000182143,PCiC,Compound::DB08816
Pharmacologic Class::N0000175375,PCiC,Compound::DB01039
Pharmacologic Class::N0000175359,PCiC,Compound::DB00524
Pharmacologic Class::N0000008054,PCiC,Compound::DB00839
Pharmacologic Class::N0000175379,PCiC,Compound::DB00350
Pharmacologic Class::N0000175366,PCiC,Compound::DB00695
Pharmacologic Class::N0000011310,PCiC,Compound::DB00700
Pharmacologic Class::N0000008054,PCiC,Compound::DB01124
Pharmacologic Class::N0000000070,PCiC,Compound::DB00177
Pharmacologic Class::N0000175912,PCiC,Compound::DB08882
Pharmacologic Class::N0000182143,PCiC,Compound::DB00758
Pharmacologic Class::N0000170118,PCiC,Compound::DB01039
Pharmacologic Class::N0000175374,PCiC,Compound::DB01132
Pharmacologic Class::N0000011272,PCiC,Compound::DB00412
Pharmacologic Class::N0000007556,PCiC,Compound::DB00270
Pharmacologic Class::N0000175359,PCiC,Compound::DB00594
Pharmacologic Class::N0000190115,PCiC,Compound::DB08816
Pharmacologic Class::N0000170119,PCiC,Compound::DB00412
Pharmacologic Class::N0000000069,PCiC,Compound::DB00381
Pharmacologic Class::N0000175721,PCiC,Compound::DB00945
Pharmacologic Class::N0000000069,PCiC,Compound::DB01115
Pharmacologic Class::N0000000069,PCiC,Compound::DB00401
Pharmacologic Class::N0000170118,PCiC,Compound::DB01241
Pharmacologic Class::N0000000166,PCiC,Compound::DB00284
Pharmacologic Class::N0000007618,PCiC,Compound::DB01200
Pharmacologic Class::N0000178477,PCiC,Compound::DB00584
Pharmacologic Class::N0000166469,PCiC,Compound::DB00774
Pharmacologic Class::N0000185503,PCiC,Compound::DB08816
Pharmacologic Class::N0000007556,PCiC,Compound::DB00401
Pharmacologic Class::N0000175448,PCiC,Compound::DB00912
Pharmacologic Class::N0000175359,PCiC,Compound::DB00774
Pharmacologic Class::N0000009918,PCiC,Compound::DB00629
Pharmacologic Class::N0000000070,PCiC,Compound::DB01029
Pharmacologic Class::N0000170119,PCiC,Compound::DB01132
Pharmacologic Class::N0000175366,PCiC,Compound::DB00887
Pharmacologic Class::N0000007698,PCiC,Compound::DB00331
Pharmacologic Class::N0000175644,PCiC,Compound::DB00657
Pharmacologic Class::N0000166469,PCiC,Compound::DB00999
Pharmacologic Class::N0000008054,PCiC,Compound::DB01016
Pharmacologic Class::N0000175379,PCiC,Compound::DB01275
Pharmacologic Class::N0000175366,PCiC,Compound::DB00214
Pharmacologic Class::N0000175366,PCiC,Compound::DB00903
Pharmacologic Class::N0000182141,PCiC,Compound::DB08816
Pharmacologic Class::N0000175375,PCiC,Compound::DB01241
Pharmacologic Class::N0000175650,PCiC,Compound::DB00206
Pharmacologic Class::N0000000069,PCiC,Compound::DB00622
Pharmacologic Class::N0000008832,PCiC,Compound::DB00775
Pharmacologic Class::N0000007556,PCiC,Compound::DB01115
Pharmacologic Class::N0000009916,PCiC,Compound::DB01083
Pharmacologic Class::N0000175448,PCiC,Compound::DB00731
Pharmacologic Class::N0000000069,PCiC,Compound::DB00661
Pharmacologic Class::N0000007556,PCiC,Compound::DB01023
Pharmacologic Class::N0000009918,PCiC,Compound::DB01018
Pharmacologic Class::N0000178477,PCiC,Compound::DB00401
Pharmacologic Class::N0000008054,PCiC,Compound::DB00222
Pharmacologic Class::N0000011310,PCiC,Compound::DB00421
Pharmacologic Class::N0000007641,PCiC,Compound::DB00627
Pharmacologic Class::N0000008832,PCiC,Compound::DB08816
Pharmacologic Class::N0000000070,PCiC,Compound::DB00876
Pharmacologic Class::N0000166469,PCiC,Compound::DB00880
Pharmacologic Class::N0000000070,PCiC,Compound::DB00678
Pharmacologic Class::N0000175374,PCiC,Compound::DB00412
Compound::DB00641,CdG,Gene::10436
Compound::DB00227,CdG,Gene::51096
Compound::DB00187,CdG,Gene::5255
Compound::DB00758,CdG,Gene::51021
Compound::DB00968,CdG,Gene::8520
Compound::DB01016,CdG,Gene::10818
Compound::DB00903,CdG,Gene::51053
Compound::DB08860,CdG,Gene::5111
Compound::DB01197,CdG,Gene::4864
Compound::DB08860,CdG,Gene::642
Compound::DB00384,CdG,Gene::5529
Compound::DB01016,CdG,Gene::1500
Compound::DB01098,CdG,Gene::1950
Compound::DB01261,CdG,Gene::9842
Compound::DB01115,CdG,Gene::29082
Compound::DB01067,CdG,Gene::4282
Compound::DB00412,CdG,Gene::10635
Compound::DB01261,CdG,Gene::27122
Compound::DB00903,CdG,Gene::5985
Compound::DB08860,CdG,Gene::51659
Compound::DB00641,CdG,Gene::9816
Compound::DB01115,CdG,Gene::6192
Compound::DB00960,CdG,Gene::1676
Compound::DB00629,CdG,Gene::9133
Compound::DB08860,CdG,Gene::55388
Compound::DB08860,CdG,Gene::23091
Compound::DB01197,CdG,Gene::29082
Compound::DB00206,CdG,Gene::9128
Compound::DB08860,CdG,Gene::1479
Compound::DB00206,CdG,Gene::10969
Compound::DB01197,CdG,Gene::1738
Compound::DB00641,CdG,Gene::8624
Compound::DB08860,CdG,Gene::51728
Compound::DB00584,CdG,Gene::5321
Compound::DB00960,CdG,Gene::7422
Compound::DB00641,CdG,Gene::10969
Compound::DB01197,CdG,Gene::6284
Compound::DB00758,CdG,Gene::5037
Compound::DB01016,CdG,Gene::5529
Compound::DB08860,CdG,Gene::8562
Compound::DB08860,CdG,Gene::7106
Compound::DB01029,CdG,Gene::9926
Compound::DB00960,CdG,Gene::9212
Compound::DB00343,CdG,Gene::2697
Compound::DB00876,CdG,Gene::3875
Compound::DB08860,CdG,Gene::10926
Compound::DB08860,CdG,Gene::975
Compound::DB01261,CdG,Gene::323
Compound::DB01261,CdG,Gene::1490
Compound::DB01016,CdG,Gene::4794
Compound::DB01261,CdG,Gene::3454
Compound::DB00774,CdG,Gene::6192
Compound::DB01115,CdG,Gene::5529
Compound::DB08860,CdG,Gene::4176
Compound::DB00968,CdG,Gene::6284
Compound::DB00960,CdG,Gene::84722
Compound::DB00968,CdG,Gene::7398
Compound::DB01029,CdG,Gene::6347
Compound::DB00373,CdG,Gene::4931
Compound::DB00796,CdG,Gene::4931
Compound::DB00401,CdG,Gene::8243
Compound::DB00206,CdG,Gene::6119
Compound::DB00641,CdG,Gene::55299
Compound::DB01120,CdG,Gene::390
Compound::DB00227,CdG,Gene::2037
Compound::DB00227,CdG,Gene::10969
Compound::DB00641,CdG,Gene::29107
Compound::DB00758,CdG,Gene::5108
Compound::DB00227,CdG,Gene::56915
Compound::DB00227,CdG,Gene::1802
Compound::DB00968,CdG,Gene::2065
Compound::DB00227,CdG,Gene::4043
Compound::DB00960,CdG,Gene::5566
Compound::DB00641,CdG,Gene::4830
Compound::DB00839,CdG,Gene::5708
Compound::DB08860,CdG,Gene::4154
Compound::DB00758,CdG,Gene::5901
Compound::DB08860,CdG,Gene::1019
Compound::DB00641,CdG,Gene::28977
Compound::DB08860,CdG,Gene::5347
Compound::DB00227,CdG,Gene::24147
Compound::DB01067,CdG,Gene::84890
Compound::DB00227,CdG,Gene::8891
Compound::DB00641,CdG,Gene::54475
Compound::DB08860,CdG,Gene::9768
Compound::DB01115,CdG,Gene::22809
Compound::DB08860,CdG,Gene::3396
Compound::DB00206,CdG,Gene::10059
Compound::DB00421,CdG,Gene::2778
Compound::DB00641,CdG,Gene::7153
Compound::DB00331,CdG,Gene::5720
Compound::DB01162,CdG,Gene::22827
Compound::DB00227,CdG,Gene::55355
Compound::DB01241,CdG,Gene::51282
Compound::DB00641,CdG,Gene::3066
Compound::DB00968,CdG,Gene::79921
Compound::DB00641,CdG,Gene::5471
Compound::DB00968,CdG,Gene::51053
Compound::DB00903,CdG,Gene::11130
Compound::DB01261,CdG,Gene::79174
Compound::DB08860,CdG,Gene::2762
Compound::DB00227,CdG,Gene::8914
Compound::DB00641,CdG,Gene::26354
Compound::DB00641,CdG,Gene::2274
Compound::DB00960,CdG,Gene::10525
Compound::DB01098,CdG,Gene::6347
Compound::DB08860,CdG,Gene::8091
Compound::DB08860,CdG,Gene::55759
Compound::DB00436,CdG,Gene::51001
Compound::DB01098,CdG,Gene::3066
Compound::DB00206,CdG,Gene::10276
Compound::DB08860,CdG,Gene::310
Compound::DB00412,CdG,Gene::55818
Compound::DB01098,CdG,Gene::11098
Compound::DB01197,CdG,Gene::26001
Compound::DB00227,CdG,Gene::1212
Compound::DB00641,CdG,Gene::1434
Compound::DB00758,CdG,Gene::1212
Compound::DB00206,CdG,Gene::10146
Compound::DB00227,CdG,Gene::3682
Compound::DB08860,CdG,Gene::132
Compound::DB00641,CdG,Gene::23378
Compound::DB00774,CdG,Gene::622
Compound::DB00187,CdG,Gene::39
Compound::DB00331,CdG,Gene::672
Compound::DB00227,CdG,Gene::23590
Compound::DB00206,CdG,Gene::57405
Compound::DB00999,CdG,Gene::7398
Compound::DB00903,CdG,Gene::51203
Compound::DB08860,CdG,Gene::16
Compound::DB00381,CdG,Gene::84617
Compound::DB00758,CdG,Gene::2771
Compound::DB01029,CdG,Gene::84617
Compound::DB00627,CdG,Gene::6876
Compound::DB01098,CdG,Gene::10969
Compound::DB01261,CdG,Gene::1906
Compound::DB00722,CdG,Gene::211
Compound::DB00206,CdG,Gene::200081
Compound::DB00661,CdG,Gene::9093
Compound::DB00641,CdG,Gene::3945
Compound::DB08860,CdG,Gene::10131
Compound::DB01241,CdG,Gene::9375
Compound::DB00796,CdG,Gene::23089
Compound::DB00641,CdG,Gene::5983
Compound::DB00641,CdG,Gene::83461
Compound::DB00796,CdG,Gene::8985
Compound::DB00641,CdG,Gene::9941
Compound::DB00412,CdG,Gene::133
Compound::DB08860,CdG,Gene::6390
Compound::DB00381,CdG,Gene::6839
Compound::DB00227,CdG,Gene::55388
Compound::DB00641,CdG,Gene::84549
Compound::DB00227,CdG,Gene::6839
Compound::DB00187,CdG,Gene::23029
Compound::DB08860,CdG,Gene::51081
Compound::DB00641,CdG,Gene::5198
Compound::DB00206,CdG,Gene::51070
Compound::DB00758,CdG,Gene::84617
Compound::DB00206,CdG,Gene::9270
Compound::DB00206,CdG,Gene::10285
Compound::DB08860,CdG,Gene::9319
Compound::DB00641,CdG,Gene::4616
Compound::DB01261,CdG,Gene::23089
Compound::DB00641,CdG,Gene::11004
Compound::DB00206,CdG,Gene::9688
Compound::DB00187,CdG,Gene::23210
Compound::DB00584,CdG,Gene::6382
Compound::DB00641,CdG,Gene::6908
Compound::DB01098,CdG,Gene::8607
Compound::DB08860,CdG,Gene::10969
Compound::DB01120,CdG,Gene::1978
Compound::DB00206,CdG,Gene::10813
Compound::DB00758,CdG,Gene::10099
Compound::DB00227,CdG,Gene::10112
Compound::DB01115,CdG,Gene::10112
Compound::DB00968,CdG,Gene::64943
Compound::DB00641,CdG,Gene::1503
Compound::DB01200,CdG,Gene::5696
Compound::DB08860,CdG,Gene::10051
Compound::DB00839,CdG,Gene::9289
Compound::DB00641,CdG,Gene::54908
Compound::DB00227,CdG,Gene::51053
Compound::DB00903,CdG,Gene::11065
Compound::DB00206,CdG,Gene::6184
Compound::DB00641,CdG,Gene::3336
Compound::DB08860,CdG,Gene::23386
Compound::DB01120,CdG,Gene::10273
Compound::DB08860,CdG,Gene::81034
Compound::DB08860,CdG,Gene::5427
Compound::DB00584,CdG,Gene::2131
Compound::DB08860,CdG,Gene::8318
Compound::DB00270,CdG,Gene::11232
Compound::DB00839,CdG,Gene::9518
Compound::DB00999,CdG,Gene::5440
Compound::DB08860,CdG,Gene::54517
Compound::DB00641,CdG,Gene::80324
Compound::DB00227,CdG,Gene::3066
Compound::DB08860,CdG,Gene::3376
Compound::DB08860,CdG,Gene::10146
Compound::DB00641,CdG,Gene::10589
Compound::DB00968,CdG,Gene::29083
Compound::DB00227,CdG,Gene::2237
Compound::DB00999,CdG,Gene::6990
Compound::DB00206,CdG,Gene::23326
Compound::DB00284,CdG,Gene::114884
Compound::DB01261,CdG,Gene::6832
Compound::DB00641,CdG,Gene::4200
Compound::DB00227,CdG,Gene::55621
Compound::DB00227,CdG,Gene::79073
Compound::DB01016,CdG,Gene::2131
Compound::DB00284,CdG,Gene::6284
Compound::DB00641,CdG,Gene::8520
Compound::DB00584,CdG,Gene::958
Compound::DB00968,CdG,Gene::10190
Compound::DB01115,CdG,Gene::22794
Compound::DB08860,CdG,Gene::8440
Compound::DB00227,CdG,Gene::5983
Compound::DB08860,CdG,Gene::54733
Compound::DB00960,CdG,Gene::11151
Compound::DB00227,CdG,Gene::9319
Compound::DB01016,CdG,Gene::29082
Compound::DB08860,CdG,Gene::1434
Compound::DB00945,CdG,Gene::51021
Compound::DB00401,CdG,Gene::9801
Compound::DB00758,CdG,Gene::4830
Compound::DB00641,CdG,Gene::466
Compound::DB00999,CdG,Gene::5708
Compound::DB00999,CdG,Gene::291
Compound::DB00968,CdG,Gene::55256
Compound::DB00412,CdG,Gene::2288
Compound::DB08860,CdG,Gene::533
Compound::DB00175,CdG,Gene::200734
Compound::DB00641,CdG,Gene::6390
Compound::DB00227,CdG,Gene::4792
Compound::DB00968,CdG,Gene::5965
Compound::DB00227,CdG,Gene::9183
Compound::DB00381,CdG,Gene::79902
Compound::DB00960,CdG,Gene::1500
Compound::DB00575,CdG,Gene::57761
Compound::DB08860,CdG,Gene::80746
Compound::DB00641,CdG,Gene::51491
Compound::DB01197,CdG,Gene::10221
Compound::DB00206,CdG,Gene::51026
Compound::DB00641,CdG,Gene::1033
Compound::DB01241,CdG,Gene::55699
Compound::DB08860,CdG,Gene::27338
Compound::DB00227,CdG,Gene::51001
Compound::DB00960,CdG,Gene::5373
Compound::DB00206,CdG,Gene::23658
Compound::DB00641,CdG,Gene::11157
Compound::DB00641,CdG,Gene::4927
Compound::DB01197,CdG,Gene::22926
Compound::DB00960,CdG,Gene::388650
Compound::DB00887,CdG,Gene::23406
Compound::DB01098,CdG,Gene::2958
Compound::DB00968,CdG,Gene::6990
Compound::DB08860,CdG,Gene::6119
Compound::DB08860,CdG,Gene::6599
Compound::DB00206,CdG,Gene::58533
Compound::DB00206,CdG,Gene::51282
Compound::DB01067,CdG,Gene::4478
Compound::DB08860,CdG,Gene::3033
Compound::DB00206,CdG,Gene::9470
Compound::DB00227,CdG,Gene::142
Compound::DB00641,CdG,Gene::51184
Compound::DB00641,CdG,Gene::10197
Compound::DB08860,CdG,Gene::4651
Compound::DB00227,CdG,Gene::5982
Compound::DB01083,CdG,Gene::6182
Compound::DB00575,CdG,Gene::831
Compound::DB00227,CdG,Gene::55226
Compound::DB00206,CdG,Gene::1633
Compound::DB08860,CdG,Gene::5684
Compound::DB00227,CdG,Gene::23378
Compound::DB01016,CdG,Gene::11044
Compound::DB08860,CdG,Gene::595
Compound::DB01115,CdG,Gene::291
Compound::DB08860,CdG,Gene::8204
Compound::DB08860,CdG,Gene::8872
Compound::DB08860,CdG,Gene::7324
Compound::DB01261,CdG,Gene::23180
Compound::DB00206,CdG,Gene::902
Compound::DB00903,CdG,Gene::11004
Compound::DB01241,CdG,Gene::54733
Compound::DB00641,CdG,Gene::10059
Compound::DB01067,CdG,Gene::56889
Compound::DB00641,CdG,Gene::23076
Compound::DB00641,CdG,Gene::10926
Compound::DB00227,CdG,Gene::54962
Compound::DB00903,CdG,Gene::3033
Compound::DB01067,CdG,Gene::5111
Compound::DB00903,CdG,Gene::5888
Compound::DB00641,CdG,Gene::51001
Compound::DB00641,CdG,Gene::993
Compound::DB00774,CdG,Gene::5708
Compound::DB00641,CdG,Gene::6632
Compound::DB00227,CdG,Gene::64682
Compound::DB00903,CdG,Gene::55723
Compound::DB00331,CdG,Gene::902
Compound::DB08860,CdG,Gene::22887
Compound::DB08860,CdG,Gene::4830
Compound::DB00187,CdG,Gene::991
Compound::DB00641,CdG,Gene::24147
Compound::DB08860,CdG,Gene::10606
Compound::DB00381,CdG,Gene::2146
Compound::DB00641,CdG,Gene::51651
Compound::DB00627,CdG,Gene::6286
Compound::DB01261,CdG,Gene::79094
Compound::DB00227,CdG,Gene::54512
Compound::DB00641,CdG,Gene::4792
Compound::DB00227,CdG,Gene::79080
Compound::DB00641,CdG,Gene::54499
Compound::DB08860,CdG,Gene::23160
Compound::DB00584,CdG,Gene::701
Compound::DB00206,CdG,Gene::63933
Compound::DB00968,CdG,Gene::9270
Compound::DB08860,CdG,Gene::6192
Compound::DB08860,CdG,Gene::672
Compound::DB01098,CdG,Gene::3491
Compound::DB00206,CdG,Gene::79902
Compound::DB00641,CdG,Gene::79736
Compound::DB00622,CdG,Gene::5529
Compound::DB00381,CdG,Gene::22934
Compound::DB01067,CdG,Gene::5696
Compound::DB00401,CdG,Gene::2958
Compound::DB00903,CdG,Gene::5427
Compound::DB00641,CdG,Gene::10849
Compound::DB08860,CdG,Gene::4282
Compound::DB00401,CdG,Gene::10112
Compound::DB00284,CdG,Gene::57761
Compound::DB00641,CdG,Gene::1633
Compound::DB00999,CdG,Gene::7485
Compound::DB01115,CdG,Gene::23585
Compound::DB00227,CdG,Gene::10885
Compound::DB00206,CdG,Gene::8624
Compound::DB00641,CdG,Gene::9329
Compound::DB00758,CdG,Gene::2548
Compound::DB00968,CdG,Gene::8243
Compound::DB08860,CdG,Gene::9688
Compound::DB00206,CdG,Gene::22809
Compound::DB00227,CdG,Gene::9212
Compound::DB01076,CdG,Gene::5111
Compound::DB01261,CdG,Gene::3566
Compound::DB01203,CdG,Gene::1465
Compound::DB00968,CdG,Gene::81034
Compound::DB00206,CdG,Gene::51659
Compound::DB01261,CdG,Gene::7043
Compound::DB01076,CdG,Gene::26520
Compound::DB00227,CdG,Gene::8520
Compound::DB00206,CdG,Gene::10190
Compound::DB00641,CdG,Gene::9221
Compound::DB00641,CdG,Gene::54205
Compound::DB08860,CdG,Gene::5108
Compound::DB00641,CdG,Gene::100287932
Compound::DB01197,CdG,Gene::22827
Compound::DB00584,CdG,Gene::57761
Compound::DB00177,CdG,Gene::9518
Compound::DB00381,CdG,Gene::10523
Compound::DB08860,CdG,Gene::11232
Compound::DB00227,CdG,Gene::10849
Compound::DB00960,CdG,Gene::5321
Compound::DB00758,CdG,Gene::1994
Compound::DB01115,CdG,Gene::7319
Compound::DB00691,CdG,Gene::26001
Compound::DB00968,CdG,Gene::1429
Compound::DB00264,CdG,Gene::51056
Compound::DB00227,CdG,Gene::9801
Compound::DB00968,CdG,Gene::64083
Compound::DB00641,CdG,Gene::23406
Compound::DB00227,CdG,Gene::22948
Compound::DB00641,CdG,Gene::80273
Compound::DB00227,CdG,Gene::54107
Compound::DB00968,CdG,Gene::7494
Compound::DB00206,CdG,Gene::51015
Compound::DB00968,CdG,Gene::1465
Compound::DB00227,CdG,Gene::332
Compound::DB08860,CdG,Gene::4043
Compound::DB00641,CdG,Gene::79622
Compound::DB01261,CdG,Gene::10818
Compound::DB00227,CdG,Gene::8061
Compound::DB00999,CdG,Gene::8440
Compound::DB00641,CdG,Gene::6059
Compound::DB00968,CdG,Gene::50810
Compound::DB00641,CdG,Gene::9688
Compound::DB01016,CdG,Gene::9897
Compound::DB00758,CdG,Gene::3329
Compound::DB00412,CdG,Gene::5529
Compound::DB00310,CdG,Gene::2697
Compound::DB00774,CdG,Gene::4282
Compound::DB01241,CdG,Gene::7866
Compound::DB01261,CdG,Gene::9212
Compound::DB00999,CdG,Gene::6284
Compound::DB00227,CdG,Gene::9128
Compound::DB00575,CdG,Gene::5373
Compound::DB00903,CdG,Gene::990
Compound::DB00412,CdG,Gene::2886
Compound::DB00968,CdG,Gene::8727
Compound::DB00384,CdG,Gene::6832
Compound::DB01197,CdG,Gene::50810
Compound::DB00999,CdG,Gene::1019
Compound::DB00657,CdG,Gene::4931
Compound::DB00903,CdG,Gene::146909
Compound::DB00960,CdG,Gene::1788
Compound::DB00641,CdG,Gene::81929
Compound::DB01023,CdG,Gene::2697
Compound::DB00584,CdG,Gene::4232
Compound::DB00264,CdG,Gene::831
Compound::DB00758,CdG,Gene::9961
Compound::DB00968,CdG,Gene::5583
Compound::DB00331,CdG,Gene::8520
Compound::DB01200,CdG,Gene::11098
Compound::DB00641,CdG,Gene::10061
Compound::DB00758,CdG,Gene::7048
Compound::DB00373,CdG,Gene::7422
Compound::DB08860,CdG,Gene::865
Compound::DB00421,CdG,Gene::80758
Compound::DB00968,CdG,Gene::10059
Compound::DB00758,CdG,Gene::28960
Compound::DB08860,CdG,Gene::23597
Compound::DB00381,CdG,Gene::23397
Compound::DB00657,CdG,Gene::56654
Compound::DB08860,CdG,Gene::9928
Compound::DB00903,CdG,Gene::983
Compound::DB00641,CdG,Gene::6790
Compound::DB00584,CdG,Gene::27336
Compound::DB00227,CdG,Gene::27340
Compound::DB00641,CdG,Gene::1647
Compound::DB00227,CdG,Gene::890
Compound::DB01016,CdG,Gene::1788
Compound::DB01241,CdG,Gene::10190
Compound::DB00584,CdG,Gene::5566
Compound::DB01241,CdG,Gene::55012
Compound::DB01203,CdG,Gene::8870
Compound::DB08860,CdG,Gene::23406
Compound::DB08860,CdG,Gene::27346
Compound::DB00227,CdG,Gene::26520
Compound::DB00641,CdG,Gene::10007
Compound::DB00227,CdG,Gene::23212
Compound::DB00227,CdG,Gene::55131
Compound::DB00641,CdG,Gene::10953
Compound::DB00758,CdG,Gene::7264
Compound::DB00331,CdG,Gene::9688
Compound::DB00758,CdG,Gene::10491
Compound::DB00641,CdG,Gene::890
Compound::DB08860,CdG,Gene::55012
Compound::DB01200,CdG,Gene::5111
Compound::DB00227,CdG,Gene::3486
Compound::DB08860,CdG,Gene::55215
Compound::DB00960,CdG,Gene::1906
Compound::DB00641,CdG,Gene::2958
Compound::DB00227,CdG,Gene::2146
Compound::DB00542,CdG,Gene::1051
Compound::DB01261,CdG,Gene::390
Compound::DB00206,CdG,Gene::8607
Compound::DB00641,CdG,Gene::11222
Compound::DB08860,CdG,Gene::2935
Compound::DB00206,CdG,Gene::4282
Compound::DB00968,CdG,Gene::30836
Compound::DB00641,CdG,Gene::58478
Compound::DB00758,CdG,Gene::23597
Compound::DB08860,CdG,Gene::6636
Compound::DB00206,CdG,Gene::5888
Compound::DB00227,CdG,Gene::2274
Compound::DB00960,CdG,Gene::5796
Compound::DB00960,CdG,Gene::23089
Compound::DB00584,CdG,Gene::5800
Compound::DB00206,CdG,Gene::54623
Compound::DB00968,CdG,Gene::5468
Compound::DB00968,CdG,Gene::10513
Compound::DB00758,CdG,Gene::10606
Compound::DB00790,CdG,Gene::8520
Compound::DB00412,CdG,Gene::5708
Compound::DB00641,CdG,Gene::57001
Compound::DB00968,CdG,Gene::54680
Compound::DB00641,CdG,Gene::8727
Compound::DB00412,CdG,Gene::9093
Compound::DB00227,CdG,Gene::10523
Compound::DB00227,CdG,Gene::23076
Compound::DB00641,CdG,Gene::51728
Compound::DB00206,CdG,Gene::1906
Compound::DB00903,CdG,Gene::10362
Compound::DB00641,CdG,Gene::64318
Compound::DB00584,CdG,Gene::2697
Compound::DB08860,CdG,Gene::22827
Compound::DB00641,CdG,Gene::3491
Compound::DB01029,CdG,Gene::26520
Compound::DB01016,CdG,Gene::6461
Compound::DB00903,CdG,Gene::79019
Compound::DB00968,CdG,Gene::533
Compound::DB08860,CdG,Gene::466
Compound::DB00960,CdG,Gene::23368
Compound::DB00206,CdG,Gene::54733
Compound::DB00641,CdG,Gene::79073
Compound::DB00206,CdG,Gene::57019
Compound::DB00758,CdG,Gene::5018
Compound::DB08860,CdG,Gene::22934
Compound::DB00999,CdG,Gene::23076
Compound::DB00206,CdG,Gene::8318
Compound::DB08860,CdG,Gene::26227
Compound::DB00641,CdG,Gene::5111
Compound::DB01261,CdG,Gene::2131
Compound::DB08860,CdG,Gene::58478
Compound::DB00641,CdG,Gene::79000
Compound::DB00227,CdG,Gene::11098
Compound::DB00903,CdG,Gene::54821
Compound::DB00641,CdG,Gene::6697
Compound::DB00641,CdG,Gene::5901
Compound::DB00774,CdG,Gene::5018
Compound::DB00206,CdG,Gene::55355
Compound::DB00206,CdG,Gene::5440
Compound::DB00641,CdG,Gene::142
Compound::DB08860,CdG,Gene::1662
Compound::DB00758,CdG,Gene::2109
Compound::DB08860,CdG,Gene::4216
Compound::DB00641,CdG,Gene::8607
Compound::DB00903,CdG,Gene::79902
Compound::DB01098,CdG,Gene::991
Compound::DB00796,CdG,Gene::1385
Compound::DB08860,CdG,Gene::3276
Compound::DB01016,CdG,Gene::6832
Compound::DB01039,CdG,Gene::51382
Compound::DB00331,CdG,Gene::10953
Compound::DB00412,CdG,Gene::891
Compound::DB00641,CdG,Gene::10885
Compound::DB00381,CdG,Gene::79080
Compound::DB01197,CdG,Gene::51053
Compound::DB01016,CdG,Gene::7043
Compound::DB01261,CdG,Gene::51375
Compound::DB08860,CdG,Gene::26057
Compound::DB00401,CdG,Gene::991
Compound::DB00903,CdG,Gene::5347
Compound::DB00227,CdG,Gene::23636
Compound::DB00381,CdG,Gene::9221
Compound::DB01136,CdG,Gene::991
Compound::DB00227,CdG,Gene::5198
Compound::DB08860,CdG,Gene::332
Compound::DB00177,CdG,Gene::85236
Compound::DB00641,CdG,Gene::3930
Compound::DB00960,CdG,Gene::57761
Compound::DB08860,CdG,Gene::55055
Compound::DB00641,CdG,Gene::7168
Compound::DB00758,CdG,Gene::55129
Compound::DB00960,CdG,Gene::79094
Compound::DB08860,CdG,Gene::23210
Compound::DB08860,CdG,Gene::51106
Compound::DB00641,CdG,Gene::23404
Compound::DB00999,CdG,Gene::5111
Compound::DB01098,CdG,Gene::902
Compound::DB00331,CdG,Gene::23326
Compound::DB01261,CdG,Gene::581
Compound::DB00227,CdG,Gene::4172
Compound::DB00227,CdG,Gene::25926
Compound::DB00227,CdG,Gene::11222
Compound::DB00641,CdG,Gene::5684
Compound::DB08860,CdG,Gene::23047
Compound::DB00641,CdG,Gene::291
Compound::DB00629,CdG,Gene::26001
Compound::DB00960,CdG,Gene::10818
Compound::DB08860,CdG,Gene::64118
Compound::DB00641,CdG,Gene::79693
Compound::DB00796,CdG,Gene::79902
Compound::DB01016,CdG,Gene::84722
Compound::DB01067,CdG,Gene::26020
Compound::DB08860,CdG,Gene::8607
Compound::DB00641,CdG,Gene::8726
Compound::DB00903,CdG,Gene::51015
Compound::DB00700,CdG,Gene::9842
Compound::DB00968,CdG,Gene::4864
Compound::DB08860,CdG,Gene::11222
Compound::DB00227,CdG,Gene::10398
Compound::DB08860,CdG,Gene::6166
Compound::DB00641,CdG,Gene::11319
Compound::DB00206,CdG,Gene::9212
Compound::DB00973,CdG,Gene::51382
Compound::DB00641,CdG,Gene::50628
Compound::DB00968,CdG,Gene::29103
Compound::DB00774,CdG,Gene::7866
Compound::DB00903,CdG,Gene::5982
Compound::DB01083,CdG,Gene::5721
Compound::DB00758,CdG,Gene::10954
Compound::DB01197,CdG,Gene::23326
Compound::DB00641,CdG,Gene::5971
Compound::DB00214,CdG,Gene::10409
Compound::DB00641,CdG,Gene::5223
Compound::DB00641,CdG,Gene::55839
Compound::DB00641,CdG,Gene::11065
Compound::DB00206,CdG,Gene::8243
Compound::DB08860,CdG,Gene::6182
Compound::DB01203,CdG,Gene::3855
Compound::DB01200,CdG,Gene::8318
Compound::DB00641,CdG,Gene::26973
Compound::DB00227,CdG,Gene::6182
Compound::DB08860,CdG,Gene::79850
Compound::DB00968,CdG,Gene::10969
Compound::DB00641,CdG,Gene::10137
Compound::DB00960,CdG,Gene::23180
Compound::DB08860,CdG,Gene::55129
Compound::DB08860,CdG,Gene::1666
Compound::DB08860,CdG,Gene::79801
Compound::DB01120,CdG,Gene::29978
Compound::DB00641,CdG,Gene::3028
Compound::DB08860,CdG,Gene::1070
Compound::DB08860,CdG,Gene::10541
Compound::DB00641,CdG,Gene::10528
Compound::DB00641,CdG,Gene::10196
Compound::DB00270,CdG,Gene::9093
Compound::DB00206,CdG,Gene::7866
Compound::DB08860,CdG,Gene::7443
Compound::DB00206,CdG,Gene::890
Compound::DB00960,CdG,Gene::4232
Compound::DB08860,CdG,Gene::23404
Compound::DB00641,CdG,Gene::1662
Compound::DB00206,CdG,Gene::81034
Compound::DB00999,CdG,Gene::10221
Compound::DB00903,CdG,Gene::991
Compound::DB00796,CdG,Gene::10190
Compound::DB00960,CdG,Gene::55893
Compound::DB01067,CdG,Gene::2896
Compound::DB00641,CdG,Gene::10131
Compound::DB08860,CdG,Gene::5198
Compound::DB00758,CdG,Gene::2778
Compound::DB01016,CdG,Gene::51375
Compound::DB00641,CdG,Gene::54107
Compound::DB01261,CdG,Gene::958
Compound::DB08860,CdG,Gene::8520
Compound::DB00227,CdG,Gene::55759
Compound::DB08860,CdG,Gene::5520
Compound::DB00641,CdG,Gene::26520
Compound::DB00381,CdG,Gene::5347
Compound::DB00641,CdG,Gene::55759
Compound::DB01016,CdG,Gene::5321
Compound::DB01124,CdG,Gene::7866
Compound::DB00641,CdG,Gene::51018
Compound::DB01120,CdG,Gene::3682
Compound::DB08860,CdG,Gene::4999
Compound::DB00641,CdG,Gene::80746
Compound::DB00641,CdG,Gene::22934
Compound::DB00641,CdG,Gene::55388
Compound::DB08860,CdG,Gene::4331
Compound::DB08860,CdG,Gene::57178
Compound::DB08860,CdG,Gene::54962
Compound::DB00968,CdG,Gene::9128
Compound::DB00187,CdG,Gene::9455
Compound::DB01029,CdG,Gene::4609
Compound::DB08860,CdG,Gene::9133
Compound::DB00227,CdG,Gene::10196
Compound::DB00960,CdG,Gene::5925
Compound::DB00227,CdG,Gene::54733
Compound::DB00227,CdG,Gene::1786
Compound::DB00641,CdG,Gene::5427
Compound::DB08860,CdG,Gene::79643
Compound::DB00227,CdG,Gene::51728
Compound::DB01067,CdG,Gene::23326
Compound::DB00641,CdG,Gene::10248
Compound::DB01098,CdG,Gene::4609
Compound::DB00960,CdG,Gene::3454
Compound::DB01261,CdG,Gene::23200
Compound::DB00381,CdG,Gene::26292
Compound::DB00641,CdG,Gene::6347
Compound::DB00381,CdG,Gene::64429
Compound::DB00973,CdG,Gene::64943
Compound::DB01261,CdG,Gene::158471
Compound::DB00968,CdG,Gene::51026
Compound::DB08860,CdG,Gene::9690
Compound::DB00227,CdG,Gene::51018
Compound::DB00758,CdG,Gene::10493
Compound::DB01076,CdG,Gene::79080
Compound::DB00641,CdG,Gene::9128
Compound::DB00641,CdG,Gene::9933
Compound::DB00412,CdG,Gene::3682
Compound::DB00960,CdG,Gene::5529
Compound::DB00227,CdG,Gene::54475
Compound::DB00968,CdG,Gene::23326
Compound::DB00227,CdG,Gene::64425
Compound::DB00758,CdG,Gene::114049
Compound::DB00641,CdG,Gene::8208
Compound::DB00412,CdG,Gene::51495
Compound::DB00270,CdG,Gene::23029
Compound::DB00758,CdG,Gene::4282
Compound::DB01200,CdG,Gene::51001
Compound::DB00206,CdG,Gene::466
Compound::DB08860,CdG,Gene::7298
Compound::DB01098,CdG,Gene::1906
Compound::DB08860,CdG,Gene::1738
Compound::DB01261,CdG,Gene::5321
Compound::DB00641,CdG,Gene::9690
Compound::DB00641,CdG,Gene::51116
Compound::DB08860,CdG,Gene::55651
Compound::DB08860,CdG,Gene::3312
Compound::DB00206,CdG,Gene::11335
Compound::DB00641,CdG,Gene::7371
Compound::DB01261,CdG,Gene::670
Compound::DB00381,CdG,Gene::9688
Compound::DB08860,CdG,Gene::4522
Compound::DB01261,CdG,Gene::1676
Compound::DB00968,CdG,Gene::10776
Compound::DB00903,CdG,Gene::57405
Compound::DB00381,CdG,Gene::4927
Compound::DB01124,CdG,Gene::6184
Compound::DB08860,CdG,Gene::28957
Compound::DB08860,CdG,Gene::9019
Compound::DB00227,CdG,Gene::1723
Compound::DB08860,CdG,Gene::8480
Compound::DB00657,CdG,Gene::39
Compound::DB01016,CdG,Gene::9842
Compound::DB00206,CdG,Gene::11098
Compound::DB00227,CdG,Gene::6697
Compound::DB00758,CdG,Gene::1213
Compound::DB00641,CdG,Gene::64425
Compound::DB00641,CdG,Gene::10237
Compound::DB08860,CdG,Gene::4172
Compound::DB08860,CdG,Gene::54927
Compound::DB01261,CdG,Gene::84722
Compound::DB00206,CdG,Gene::55256
Compound::DB00381,CdG,Gene::83743
Compound::DB00331,CdG,Gene::9650
Compound::DB01200,CdG,Gene::51053
Compound::DB00960,CdG,Gene::4313
Compound::DB08860,CdG,Gene::7155
Compound::DB00641,CdG,Gene::23082
Compound::DB00641,CdG,Gene::332
Compound::DB00381,CdG,Gene::10940
Compound::DB00960,CdG,Gene::581
Compound::DB00584,CdG,Gene::347902
Compound::DB00227,CdG,Gene::51202
Compound::DB00758,CdG,Gene::8574
Compound::DB08860,CdG,Gene::9847
Compound::DB01241,CdG,Gene::5440
Compound::DB00584,CdG,Gene::843
Compound::DB00381,CdG,Gene::8318
Compound::DB08860,CdG,Gene::54205
Compound::DB00622,CdG,Gene::79090
Compound::DB00641,CdG,Gene::54962
Compound::DB08860,CdG,Gene::27258
Compound::DB01029,CdG,Gene::80758
Compound::DB01016,CdG,Gene::55893
Compound::DB00227,CdG,Gene::54881
Compound::DB00227,CdG,Gene::8318
Compound::DB08860,CdG,Gene::10797
Compound::DB00284,CdG,Gene::4495
Compound::DB00758,CdG,Gene::22926
Compound::DB08860,CdG,Gene::3838
Compound::DB00227,CdG,Gene::4927
Compound::DB00584,CdG,Gene::51382
Compound::DB01016,CdG,Gene::5925
Compound::DB00641,CdG,Gene::2146
Compound::DB00331,CdG,Gene::54205
Compound::DB00641,CdG,Gene::55038
Compound::DB00641,CdG,Gene::55226
Compound::DB00331,CdG,Gene::39
Compound::DB00187,CdG,Gene::11232
Compound::DB08860,CdG,Gene::641
Compound::DB00758,CdG,Gene::4125
Compound::DB08860,CdG,Gene::51319
Compound::DB01241,CdG,Gene::26511
Compound::DB00206,CdG,Gene::23029
Compound::DB01261,CdG,Gene::5613
Compound::DB00641,CdG,Gene::4686
Compound::DB00227,CdG,Gene::51081
Compound::DB00584,CdG,Gene::4885
Compound::DB00641,CdG,Gene::22827
Compound::DB00381,CdG,Gene::8607
Compound::DB00903,CdG,Gene::5111
Compound::DB00214,CdG,Gene::6813
Compound::DB00270,CdG,Gene::4502
Compound::DB08860,CdG,Gene::991
Compound::DB00999,CdG,Gene::51053
Compound::DB08860,CdG,Gene::51018
Compound::DB00227,CdG,Gene::5111
Compound::DB00373,CdG,Gene::23089
Compound::DB08860,CdG,Gene::8624
Compound::DB08860,CdG,Gene::11200
Compound::DB00774,CdG,Gene::80758
Compound::DB00641,CdG,Gene::705
Compound::DB00758,CdG,Gene::5111
Compound::DB00227,CdG,Gene::51116
Compound::DB00227,CdG,Gene::5529
Compound::DB00227,CdG,Gene::990
Compound::DB01098,CdG,Gene::3486
Compound::DB00641,CdG,Gene::642
Compound::DB00641,CdG,Gene::55794
Compound::DB00641,CdG,Gene::10419
Compound::DB00641,CdG,Gene::10146
Compound::DB00227,CdG,Gene::9136
Compound::DB08860,CdG,Gene::3978
Compound::DB00999,CdG,Gene::9943
Compound::DB00968,CdG,Gene::55748
Compound::DB01076,CdG,Gene::4609
Compound::DB00903,CdG,Gene::9133
Compound::DB01098,CdG,Gene::5054
Compound::DB01076,CdG,Gene::23212
Compound::DB00903,CdG,Gene::7153
Compound::DB00968,CdG,Gene::54733
Compound::DB00641,CdG,Gene::51096
Compound::DB01261,CdG,Gene::81539
Compound::DB00973,CdG,Gene::22934
Compound::DB00270,CdG,Gene::22796
Compound::DB00584,CdG,Gene::4313
Compound::DB00206,CdG,Gene::8520
Compound::DB00641,CdG,Gene::54517
Compound::DB00903,CdG,Gene::8318
Compound::DB00973,CdG,Gene::56889
Compound::DB00960,CdG,Gene::4998
Compound::DB00227,CdG,Gene::2958
Compound::DB01115,CdG,Gene::4303
Compound::DB08860,CdG,Gene::55839
Compound::DB00227,CdG,Gene::891
Compound::DB00912,CdG,Gene::1788
Compound::DB00641,CdG,Gene::4605
Compound::DB08860,CdG,Gene::7866
Compound::DB01016,CdG,Gene::3454
Compound::DB00960,CdG,Gene::7043
Compound::DB01241,CdG,Gene::54205
Compound::DB00227,CdG,Gene::8050
Compound::DB08860,CdG,Gene::26520
Compound::DB00960,CdG,Gene::8318
Compound::DB00331,CdG,Gene::4502
Compound::DB01261,CdG,Gene::81533
Compound::DB01200,CdG,Gene::54205
Compound::DB00187,CdG,Gene::1738
Compound::DB00206,CdG,Gene::11065
Compound::DB00436,CdG,Gene::10112
Compound::DB00960,CdG,Gene::9842
Compound::DB00641,CdG,Gene::55149
Compound::DB01261,CdG,Gene::1509
Compound::DB08860,CdG,Gene::1503
Compound::DB00641,CdG,Gene::10606
Compound::DB00903,CdG,Gene::890
Compound::DB01261,CdG,Gene::4931
Compound::DB00641,CdG,Gene::51021
Compound::DB00641,CdG,Gene::22905
Compound::DB00227,CdG,Gene::642
Compound::DB00641,CdG,Gene::990
Compound::DB01016,CdG,Gene::5566
Compound::DB08860,CdG,Gene::51691
Compound::DB00960,CdG,Gene::10049
Compound::DB00758,CdG,Gene::200081
Compound::DB00641,CdG,Gene::595
Compound::DB00575,CdG,Gene::2697
Compound::DB08860,CdG,Gene::23326
Compound::DB08860,CdG,Gene::79073
Compound::DB08860,CdG,Gene::23076
Compound::DB00960,CdG,Gene::65057
Compound::DB00641,CdG,Gene::27340
Compound::DB00206,CdG,Gene::23597
Compound::DB00960,CdG,Gene::81539
Compound::DB00206,CdG,Gene::1465
Compound::DB08860,CdG,Gene::22926
Compound::DB01067,CdG,Gene::23210
Compound::DB00206,CdG,Gene::51495
Compound::DB00968,CdG,Gene::58478
Compound::DB08860,CdG,Gene::1033
Compound::DB00758,CdG,Gene::1983
Compound::DB00960,CdG,Gene::27122
Compound::DB00968,CdG,Gene::8726
Compound::DB00641,CdG,Gene::9057
Compound::DB00412,CdG,Gene::8318
Compound::DB00968,CdG,Gene::55324
Compound::DB08860,CdG,Gene::5782
Compound::DB00839,CdG,Gene::8870
Compound::DB00206,CdG,Gene::8480
Compound::DB08860,CdG,Gene::5300
Compound::DB00960,CdG,Gene::7538
Compound::DB00206,CdG,Gene::9183
Compound::DB00641,CdG,Gene::3312
Compound::DB08860,CdG,Gene::10165
Compound::DB00641,CdG,Gene::23160
Compound::DB00227,CdG,Gene::10007
Compound::DB00960,CdG,Gene::51056
Compound::DB00641,CdG,Gene::8061
Compound::DB00187,CdG,Gene::6810
Compound::DB00968,CdG,Gene::9133
Compound::DB00227,CdG,Gene::3491
Compound::DB00206,CdG,Gene::6697
Compound::DB00641,CdG,Gene::8318
Compound::DB00999,CdG,Gene::5525
Compound::DB08860,CdG,Gene::10973
Compound::DB00796,CdG,Gene::9212
Compound::DB00575,CdG,Gene::10049
Compound::DB00206,CdG,Gene::1429
Compound::DB08860,CdG,Gene::1978
Compound::DB01098,CdG,Gene::10398
Compound::DB00641,CdG,Gene::81034
Compound::DB00227,CdG,Gene::8607
Compound::DB08860,CdG,Gene::11065
Compound::DB00227,CdG,Gene::50628
Compound::DB00968,CdG,Gene::11157
Compound::DB00584,CdG,Gene::7016
Compound::DB00641,CdG,Gene::23649
Compound::DB00227,CdG,Gene::993
Compound::DB00401,CdG,Gene::994
Compound::DB00903,CdG,Gene::56992
Compound::DB00206,CdG,Gene::831
Compound::DB00227,CdG,Gene::3978
Compound::DB00227,CdG,Gene::4173
Compound::DB00227,CdG,Gene::23165
Compound::DB08860,CdG,Gene::7494
Compound::DB00206,CdG,Gene::1841
Compound::DB01067,CdG,Gene::1051
Compound::DB00968,CdG,Gene::10221
Compound::DB01241,CdG,Gene::51056
Compound::DB00960,CdG,Gene::23271
Compound::DB08860,CdG,Gene::7750
Compound::DB01098,CdG,Gene::5971
Compound::DB00227,CdG,Gene::991
Compound::DB00641,CdG,Gene::5982
Compound::DB00214,CdG,Gene::55256
Compound::DB08860,CdG,Gene::4927
Compound::DB00584,CdG,Gene::37
Compound::DB00622,CdG,Gene::831
Compound::DB00206,CdG,Gene::7027
Compound::DB00227,CdG,Gene::10528
Compound::DB00310,CdG,Gene::84617
Compound::DB00641,CdG,Gene::8480
Compound::DB00412,CdG,Gene::1500
Compound::DB08860,CdG,Gene::6635
Compound::DB00968,CdG,Gene::5019
Compound::DB00641,CdG,Gene::23576
Compound::DB01261,CdG,Gene::11044
Compound::DB00641,CdG,Gene::708
Compound::DB01098,CdG,Gene::595
Compound::DB00206,CdG,Gene::55038
Compound::DB01016,CdG,Gene::6919
Compound::DB00968,CdG,Gene::80746
Compound::DB00412,CdG,Gene::10049
Compound::DB00401,CdG,Gene::4931
Compound::DB08860,CdG,Gene::7204
Compound::DB00758,CdG,Gene::1666
Compound::DB01067,CdG,Gene::51021
Compound::DB00641,CdG,Gene::6627
Compound::DB00700,CdG,Gene::5796
Compound::DB00381,CdG,Gene::23076
Compound::DB00331,CdG,Gene::54881
Compound::DB01016,CdG,Gene::10221
Compound::DB08860,CdG,Gene::4292
Compound::DB08860,CdG,Gene::23397
Compound::DB00758,CdG,Gene::23647
Compound::DB00641,CdG,Gene::55355
Compound::DB00187,CdG,Gene::10362
Compound::DB08860,CdG,Gene::622
Compound::DB00227,CdG,Gene::54517
Compound::DB00790,CdG,Gene::39
Compound::DB08860,CdG,Gene::7371
Compound::DB01241,CdG,Gene::3303
Compound::DB08860,CdG,Gene::7982
Compound::DB00641,CdG,Gene::6723
Compound::DB00968,CdG,Gene::7296
Compound::DB08860,CdG,Gene::708
Compound::DB00641,CdG,Gene::55012
Compound::DB01115,CdG,Gene::5525
Compound::DB00227,CdG,Gene::6723
Compound::DB01261,CdG,Gene::6382
Compound::DB00641,CdG,Gene::51659
Compound::DB00187,CdG,Gene::7431
Compound::DB00758,CdG,Gene::3978
Compound::DB00227,CdG,Gene::8884
Compound::DB01098,CdG,Gene::5111
Compound::DB00641,CdG,Gene::55706
Compound::DB00227,CdG,Gene::23404
Compound::DB00641,CdG,Gene::9319
Compound::DB01124,CdG,Gene::5708
Compound::DB00227,CdG,Gene::79902
Compound::DB00700,CdG,Gene::23326
Compound::DB00641,CdG,Gene::23590
Compound::DB08860,CdG,Gene::51379
Compound::DB00227,CdG,Gene::4171
Compound::DB08860,CdG,Gene::7514
Compound::DB00641,CdG,Gene::3486
Compound::DB01115,CdG,Gene::29083
Compound::DB00331,CdG,Gene::51070
Compound::DB00227,CdG,Gene::30836
Compound::DB08860,CdG,Gene::29083
Compound::DB00999,CdG,Gene::5898
Compound::DB00412,CdG,Gene::5829
Compound::DB00641,CdG,Gene::1906
Compound::DB08860,CdG,Gene::22856
Compound::DB00903,CdG,Gene::3978
Compound::DB00227,CdG,Gene::79084
Compound::DB00641,CdG,Gene::29078
Compound::DB00758,CdG,Gene::6192
Compound::DB08860,CdG,Gene::9791
Compound::DB08860,CdG,Gene::3251
Compound::DB00641,CdG,Gene::1802
Compound::DB01016,CdG,Gene::54807
Compound::DB00227,CdG,Gene::4839
Compound::DB00195,CdG,Gene::9093
Compound::DB08860,CdG,Gene::55038
Compound::DB00641,CdG,Gene::10557
Compound::DB01115,CdG,Gene::10559
Compound::DB00401,CdG,Gene::10273
Compound::DB00960,CdG,Gene::682
Compound::DB00227,CdG,Gene::6059
Compound::DB00227,CdG,Gene::4605
Compound::DB00641,CdG,Gene::9133
Compound::DB00641,CdG,Gene::63875
Compound::DB00968,CdG,Gene::291
Compound::DB00968,CdG,Gene::5440
Compound::DB00641,CdG,Gene::3251
Compound::DB01098,CdG,Gene::51491
Compound::DB00641,CdG,Gene::5891
Compound::DB00657,CdG,Gene::10273
Compound::DB00206,CdG,Gene::22934
Compound::DB00903,CdG,Gene::6839
Compound::DB08860,CdG,Gene::10434
Compound::DB00227,CdG,Gene::595
Compound::DB00641,CdG,Gene::55127
Compound::DB01124,CdG,Gene::79080
Compound::DB01029,CdG,Gene::1978
Compound::DB00641,CdG,Gene::8050
Compound::DB01098,CdG,Gene::993
Compound::DB00641,CdG,Gene::6182
Compound::DB01261,CdG,Gene::1500
Compound::DB08860,CdG,Gene::5037
Compound::DB00641,CdG,Gene::5438
Compound::DB00227,CdG,Gene::10452
Compound::DB01016,CdG,Gene::388650
Compound::DB01197,CdG,Gene::10059
Compound::DB00641,CdG,Gene::10328
Compound::DB00227,CdG,Gene::5036
Compound::DB08860,CdG,Gene::51021
Compound::DB08860,CdG,Gene::5464
Compound::DB08860,CdG,Gene::79902
Compound::DB00641,CdG,Gene::1212
Compound::DB00960,CdG,Gene::211
Compound::DB01261,CdG,Gene::6919
Compound::DB00903,CdG,Gene::55143
Compound::DB00187,CdG,Gene::5300
Compound::DB00227,CdG,Gene::22934
Compound::DB01120,CdG,Gene::26520
Compound::DB08860,CdG,Gene::23244
Compound::DB00641,CdG,Gene::55003
Compound::DB00999,CdG,Gene::79921
Compound::DB00641,CdG,Gene::51075
Compound::DB08860,CdG,Gene::9787
Compound::DB08860,CdG,Gene::27292
Compound::DB00227,CdG,Gene::7866
Compound::DB01241,CdG,Gene::533
Compound::DB01076,CdG,Gene::4830
Compound::DB00960,CdG,Gene::6657
Compound::DB00227,CdG,Gene::5054
Compound::DB00227,CdG,Gene::55159
Compound::DB00206,CdG,Gene::54205
Compound::DB00641,CdG,Gene::4172
Compound::DB08860,CdG,Gene::79682
Compound::DB00206,CdG,Gene::55635
Compound::DB00641,CdG,Gene::30836
Compound::DB00774,CdG,Gene::200081
Compound::DB00584,CdG,Gene::9915
Compound::DB00206,CdG,Gene::56943
Compound::DB00575,CdG,Gene::7076
Compound::DB00457,CdG,Gene::29978
Compound::DB00206,CdG,Gene::5557
Compound::DB00206,CdG,Gene::991
Compound::DB00968,CdG,Gene::10013
Compound::DB00968,CdG,Gene::29082
Compound::DB00758,CdG,Gene::4043
Compound::DB01241,CdG,Gene::54623
Compound::DB08860,CdG,Gene::1105
Compound::DB00641,CdG,Gene::7105
Compound::DB01016,CdG,Gene::7422
Compound::DB00641,CdG,Gene::10434
Compound::DB00641,CdG,Gene::1490
Compound::DB01120,CdG,Gene::991
Compound::DB01016,CdG,Gene::3091
Compound::DB01136,CdG,Gene::84617
Compound::DB01115,CdG,Gene::23210
Compound::DB00381,CdG,Gene::991
Compound::DB08860,CdG,Gene::57128
Compound::DB00206,CdG,Gene::6790
Compound::DB00227,CdG,Gene::11072
Compound::DB00960,CdG,Gene::5498
Compound::DB08860,CdG,Gene::11340
Compound::DB00903,CdG,Gene::622
Compound::DB00227,CdG,Gene::83461
Compound::DB08860,CdG,Gene::56654
Compound::DB00968,CdG,Gene::54205
Compound::DB08860,CdG,Gene::55131
Compound::DB00641,CdG,Gene::22796
Compound::DB00641,CdG,Gene::51154
Compound::DB00960,CdG,Gene::51375
Compound::DB00999,CdG,Gene::5019
Compound::DB08860,CdG,Gene::7088
Compound::DB00973,CdG,Gene::4792
Compound::DB00641,CdG,Gene::983
Compound::DB01083,CdG,Gene::57016
Compound::DB00641,CdG,Gene::10398
Compound::DB08860,CdG,Gene::5018
Compound::DB08860,CdG,Gene::2109
Compound::DB01197,CdG,Gene::291
Compound::DB01115,CdG,Gene::2745
Compound::DB00999,CdG,Gene::9128
Compound::DB00960,CdG,Gene::6832
Compound::DB00227,CdG,Gene::9933
Compound::DB00960,CdG,Gene::4931
Compound::DB08860,CdG,Gene::10460
Compound::DB00343,CdG,Gene::1738
Compound::DB00999,CdG,Gene::23326
Compound::DB00331,CdG,Gene::51282
Compound::DB00641,CdG,Gene::3329
Compound::DB00584,CdG,Gene::6461
Compound::DB00641,CdG,Gene::10556
Compound::DB00968,CdG,Gene::7485
Compound::DB00968,CdG,Gene::3895
Compound::DB08860,CdG,Gene::4085
Compound::DB00206,CdG,Gene::55012
Compound::DB00641,CdG,Gene::54069
Compound::DB00641,CdG,Gene::2395
Compound::DB00575,CdG,Gene::2886
Compound::DB00227,CdG,Gene::63875
Compound::DB08860,CdG,Gene::81892
Compound::DB08860,CdG,Gene::29925
Compound::DB00641,CdG,Gene::10038
Compound::DB00999,CdG,Gene::10969
Compound::DB00227,CdG,Gene::55794
Compound::DB01241,CdG,Gene::39
Compound::DB00227,CdG,Gene::64318
Compound::DB00800,CdG,Gene::1051
Compound::DB00206,CdG,Gene::55699
Compound::DB00968,CdG,Gene::3337
Compound::DB00960,CdG,Gene::2523
Compound::DB08860,CdG,Gene::9686
Compound::DB00227,CdG,Gene::8624
Compound::DB00758,CdG,Gene::8061
Compound::DB01197,CdG,Gene::8440
Compound::DB00381,CdG,Gene::11157
Compound::DB01261,CdG,Gene::9897
Compound::DB00960,CdG,Gene::347902
Compound::DB08860,CdG,Gene::5393
Compound::DB00412,CdG,Gene::5300
Compound::DB00999,CdG,Gene::1738
Compound::DB08860,CdG,Gene::7336
Compound::DB08860,CdG,Gene::3385
Compound::DB00641,CdG,Gene::51514
Compound::DB00960,CdG,Gene::10635
Compound::DB00903,CdG,Gene::8520
Compound::DB00284,CdG,Gene::9518
Compound::DB00206,CdG,Gene::51170
Compound::DB01115,CdG,Gene::55256
Compound::DB00641,CdG,Gene::23212
Compound::DB00381,CdG,Gene::51001
Compound::DB00206,CdG,Gene::891
Compound::DB00968,CdG,Gene::11004
Compound::DB08860,CdG,Gene::4175
Compound::DB00960,CdG,Gene::6253
Compound::DB00641,CdG,Gene::51293
Compound::DB00575,CdG,Gene::1917
Compound::DB00381,CdG,Gene::8520
Compound::DB00381,CdG,Gene::890
Compound::DB00206,CdG,Gene::3612
Compound::DB00177,CdG,Gene::22908
Compound::DB01120,CdG,Gene::8884
Compound::DB00641,CdG,Gene::55161
Compound::DB08860,CdG,Gene::7358
Compound::DB00641,CdG,Gene::5393
Compound::DB00227,CdG,Gene::8602
Compound::DB00206,CdG,Gene::51719
Compound::DB01261,CdG,Gene::28998
Compound::DB00227,CdG,Gene::26155
Compound::DB00227,CdG,Gene::23223
Compound::DB00641,CdG,Gene::10572
Compound::DB00960,CdG,Gene::2185
Compound::DB00968,CdG,Gene::10282
Compound::DB01039,CdG,Gene::5715
Compound::DB08860,CdG,Gene::23609
Compound::DB00641,CdG,Gene::79080
Compound::DB00641,CdG,Gene::3682
Compound::DB00206,CdG,Gene::6390
Compound::DB00571,CdG,Gene::55748
Compound::DB01124,CdG,Gene::200734
Compound::DB08860,CdG,Gene::5591
Compound::DB00584,CdG,Gene::55893
Compound::DB00960,CdG,Gene::23200
Compound::DB01241,CdG,Gene::23326
Compound::DB08860,CdG,Gene::2553
Compound::DB00641,CdG,Gene::51422
Compound::DB00641,CdG,Gene::4860
Compound::DB01098,CdG,Gene::7168
Compound::DB00227,CdG,Gene::7372
Compound::DB00641,CdG,Gene::51081
Compound::DB00206,CdG,Gene::11339
Compound::DB08860,CdG,Gene::8573
Compound::DB00968,CdG,Gene::5898
Compound::DB01076,CdG,Gene::4172
Compound::DB00227,CdG,Gene::51293
Compound::DB00903,CdG,Gene::54205
Compound::DB00641,CdG,Gene::7037
Compound::DB00206,CdG,Gene::7511
Compound::DB08860,CdG,Gene::23214
Compound::DB00641,CdG,Gene::10112
Compound::DB08860,CdG,Gene::56992
Compound::DB00960,CdG,Gene::2034
Compound::DB00206,CdG,Gene::26292
Compound::DB01098,CdG,Gene::5891
Compound::DB01120,CdG,Gene::26136
Compound::DB00657,CdG,Gene::7358
Compound::DB00206,CdG,Gene::10051
Compound::DB00968,CdG,Gene::93487
Compound::DB08860,CdG,Gene::5901
Compound::DB08860,CdG,Gene::9833
Compound::DB00227,CdG,Gene::9816
Compound::DB00331,CdG,Gene::79902
Compound::DB00206,CdG,Gene::55143
Compound::DB00641,CdG,Gene::54512
Compound::DB00758,CdG,Gene::5696
Compound::DB00227,CdG,Gene::27341
Compound::DB00960,CdG,Gene::5613
Compound::DB00758,CdG,Gene::3315
Compound::DB00968,CdG,Gene::9801
Compound::DB00206,CdG,Gene::64422
Compound::DB00903,CdG,Gene::79071
Compound::DB00331,CdG,Gene::10969
Compound::DB08860,CdG,Gene::10212
Compound::DB01132,CdG,Gene::5997
Compound::DB00421,CdG,Gene::26520
Compound::DB00700,CdG,Gene::4885
Compound::DB00227,CdG,Gene::9221
Compound::DB00284,CdG,Gene::7422
Compound::DB01029,CdG,Gene::8870
Compound::DB00227,CdG,Gene::9533
Compound::DB00641,CdG,Gene::51388
Compound::DB00968,CdG,Gene::11325
Compound::DB01016,CdG,Gene::7077
Compound::DB08860,CdG,Gene::2287
Compound::DB00641,CdG,Gene::10730
Compound::DB00641,CdG,Gene::7298
Compound::DB01016,CdG,Gene::6253
Compound::DB01261,CdG,Gene::5770
Compound::DB00206,CdG,Gene::9156
Compound::DB08860,CdG,Gene::7296
Compound::DB08860,CdG,Gene::51115
Compound::DB00641,CdG,Gene::9801
Compound::DB08860,CdG,Gene::79077
Compound::DB00206,CdG,Gene::51001
Compound::DB08860,CdG,Gene::9879
Compound::DB00758,CdG,Gene::1978
Compound::DB00968,CdG,Gene::10797
Compound::DB00968,CdG,Gene::10146
Compound::DB00700,CdG,Gene::11073
Compound::DB00641,CdG,Gene::9212
Compound::DB00227,CdG,Gene::4830
Compound::DB08860,CdG,Gene::10465
Compound::DB08860,CdG,Gene::28977
Compound::DB00206,CdG,Gene::51293
Compound::DB01261,CdG,Gene::211
Compound::DB00227,CdG,Gene::79833
Compound::DB00227,CdG,Gene::80746
Compound::DB08860,CdG,Gene::10915
Compound::DB01261,CdG,Gene::114884
Compound::DB08860,CdG,Gene::6627
Compound::DB00206,CdG,Gene::1861
Compound::DB00331,CdG,Gene::10190
Compound::DB00960,CdG,Gene::8569
Compound::DB00412,CdG,Gene::9133
Compound::DB00641,CdG,Gene::80155
Compound::DB01098,CdG,Gene::4792
Compound::DB00774,CdG,Gene::23326
Compound::DB00641,CdG,Gene::26519
Compound::DB00214,CdG,Gene::11232
Compound::DB08860,CdG,Gene::9801
Compound::DB00206,CdG,Gene::865
Compound::DB00206,CdG,Gene::9134
Compound::DB00412,CdG,Gene::51053
Compound::DB00331,CdG,Gene::5261
Compound::DB00758,CdG,Gene::11041
Compound::DB00629,CdG,Gene::51382
Compound::DB00381,CdG,Gene::23212
Compound::DB00227,CdG,Gene::1503
Compound::DB00227,CdG,Gene::7371
Compound::DB08860,CdG,Gene::201254
Compound::DB00384,CdG,Gene::991
Compound::DB00960,CdG,Gene::11044
Compound::DB00206,CdG,Gene::65057
Compound::DB00206,CdG,Gene::58478
Compound::DB08860,CdG,Gene::51650
Compound::DB08860,CdG,Gene::7979
Compound::DB00227,CdG,Gene::5971
Compound::DB00401,CdG,Gene::3303
Compound::DB08860,CdG,Gene::5898
Compound::DB08860,CdG,Gene::2037
Compound::DB00524,CdG,Gene::81539
Compound::DB00968,CdG,Gene::23076
Compound::DB01200,CdG,Gene::54733
Compound::DB00758,CdG,Gene::5223
Compound::DB00641,CdG,Gene::5018
Compound::DB00641,CdG,Gene::4609
Compound::DB00206,CdG,Gene::4154
Compound::DB00227,CdG,Gene::58478
Compound::DB01261,CdG,Gene::6461
Compound::DB00641,CdG,Gene::5054
Compound::DB08860,CdG,Gene::5888
Compound::DB00622,CdG,Gene::8318
Compound::DB00206,CdG,Gene::54512
Compound::DB00758,CdG,Gene::5715
Compound::DB00412,CdG,Gene::8243
Compound::DB01067,CdG,Gene::56654
Compound::DB00903,CdG,Gene::9847
Compound::DB00206,CdG,Gene::983
Compound::DB00968,CdG,Gene::8624
Compound::DB00960,CdG,Gene::2113
Compound::DB00227,CdG,Gene::51491
Compound::DB00381,CdG,Gene::51116
Compound::DB00584,CdG,Gene::114884
Compound::DB08860,CdG,Gene::8891
Compound::DB00381,CdG,Gene::22827
Compound::DB00206,CdG,Gene::1666
Compound::DB00206,CdG,Gene::672
Compound::DB01261,CdG,Gene::4232
Compound::DB00960,CdG,Gene::7378
Compound::DB00227,CdG,Gene::10606
Compound::DB00758,CdG,Gene::7866
Compound::DB00678,CdG,Gene::5529
Compound::DB00960,CdG,Gene::701
Compound::DB00641,CdG,Gene::10775
Compound::DB00227,CdG,Gene::4609
Compound::DB00796,CdG,Gene::211
Compound::DB00641,CdG,Gene::5347
Compound::DB00999,CdG,Gene::51026
Compound::DB08860,CdG,Gene::2274
Compound::DB00960,CdG,Gene::6461
Compound::DB00381,CdG,Gene::60528
Compound::DB00641,CdG,Gene::10523
Compound::DB00641,CdG,Gene::8533
Compound::DB00381,CdG,Gene::9133
Compound::DB01241,CdG,Gene::6184
Compound::DB00968,CdG,Gene::9943
Compound::DB00227,CdG,Gene::51659
Compound::DB08860,CdG,Gene::9736
Compound::DB00575,CdG,Gene::9093
Compound::DB00641,CdG,Gene::11098
Compound::DB08860,CdG,Gene::6742
Compound::DB00999,CdG,Gene::55324
Compound::DB00412,CdG,Gene::701
Compound::DB08860,CdG,Gene::23421
Compound::DB01115,CdG,Gene::7159
Compound::DB00412,CdG,Gene::9915
Compound::DB00227,CdG,Gene::5888
Compound::DB00331,CdG,Gene::6184
Compound::DB08860,CdG,Gene::3480
Compound::DB08860,CdG,Gene::3336
Compound::DB00627,CdG,Gene::7866
Compound::DB08860,CdG,Gene::10190
Compound::DB00968,CdG,Gene::4783
Compound::DB00641,CdG,Gene::54881
Compound::DB00421,CdG,Gene::4609
Compound::DB00641,CdG,Gene::8834
Compound::DB00584,CdG,Gene::23
Compound::DB01124,CdG,Gene::533
Compound::DB08860,CdG,Gene::4833
Compound::DB08860,CdG,Gene::5715
Compound::DB00641,CdG,Gene::29083
Compound::DB00575,CdG,Gene::1051
Compound::DB00584,CdG,Gene::8446
Compound::DB00412,CdG,Gene::664
Compound::DB00903,CdG,Gene::8574
Compound::DB00903,CdG,Gene::51293
Compound::DB00584,CdG,Gene::388650
Compound::DB00206,CdG,Gene::2395
Compound::DB00960,CdG,Gene::27336
Compound::DB00999,CdG,Gene::10797
Compound::DB01098,CdG,Gene::2274
Compound::DB00227,CdG,Gene::80324
Compound::DB08860,CdG,Gene::79023
Compound::DB00758,CdG,Gene::26227
Compound::DB00227,CdG,Gene::10131
Compound::DB08860,CdG,Gene::51121
Compound::DB00968,CdG,Gene::896
Compound::DB00968,CdG,Gene::23597
Compound::DB00206,CdG,Gene::5347
Compound::DB00758,CdG,Gene::813
Compound::DB00641,CdG,Gene::29902
Compound::DB00758,CdG,Gene::5971
Compound::DB00584,CdG,Gene::5796
Compound::DB00641,CdG,Gene::2171
Compound::DB00206,CdG,Gene::9897
Compound::DB00227,CdG,Gene::5891
Compound::DB00227,CdG,Gene::10197
Compound::DB00214,CdG,Gene::2896
Compound::DB00331,CdG,Gene::58478
Compound::DB00968,CdG,Gene::7153
Compound::DB00575,CdG,Gene::133
Compound::DB00227,CdG,Gene::51154
Compound::DB00381,CdG,Gene::10813
Compound::DB08860,CdG,Gene::6059
Compound::DB00584,CdG,Gene::7422
Compound::DB01261,CdG,Gene::6253
Compound::DB08860,CdG,Gene::890
Compound::DB00641,CdG,Gene::7866
Compound::DB00641,CdG,Gene::1058
Compound::DB01067,CdG,Gene::26520
Compound::DB00641,CdG,Gene::79084
Compound::DB00758,CdG,Gene::5982
Compound::DB00641,CdG,Gene::2237
Compound::DB00206,CdG,Gene::5720
Compound::DB08860,CdG,Gene::3720
Compound::DB00903,CdG,Gene::51514
Compound::DB08860,CdG,Gene::54069
Compound::DB08860,CdG,Gene::4605
Compound::DB00227,CdG,Gene::54205
Compound::DB01200,CdG,Gene::3930
Compound::DB00758,CdG,Gene::22827
Compound::DB08860,CdG,Gene::9217
Compound::DB00412,CdG,Gene::84722
Compound::DB00206,CdG,Gene::79075
Compound::DB00214,CdG,Gene::10273
Compound::DB00641,CdG,Gene::9136
Compound::DB00641,CdG,Gene::7443
Compound::DB01115,CdG,Gene::51382
Compound::DB00571,CdG,Gene::27242
Compound::DB01083,CdG,Gene::55012
Compound::DB08860,CdG,Gene::11157
Compound::DB00968,CdG,Gene::6697
Compound::DB00968,CdG,Gene::26520
Compound::DB08860,CdG,Gene::4609
Compound::DB00584,CdG,Gene::1500
Compound::DB00412,CdG,Gene::2697
Compound::DB00968,CdG,Gene::1019
Compound::DB00641,CdG,Gene::2553
Compound::DB00381,CdG,Gene::51293
Compound::DB00641,CdG,Gene::51053
Compound::DB00968,CdG,Gene::1738
Compound::DB00641,CdG,Gene::23246
Compound::DB01241,CdG,Gene::51070
Compound::DB00641,CdG,Gene::51182
Compound::DB00384,CdG,Gene::23089
Compound::DB01016,CdG,Gene::5800
Compound::DB00678,CdG,Gene::2778
Compound::DB00758,CdG,Gene::1738
Compound::DB00641,CdG,Gene::5096
Compound::DB08860,CdG,Gene::8821
Compound::DB01241,CdG,Gene::51026
Compound::DB08860,CdG,Gene::6632
Compound::DB08860,CdG,Gene::10273
Compound::DB08860,CdG,Gene::5982
Compound::DB00641,CdG,Gene::1537
Compound::DB08860,CdG,Gene::27340
Compound::DB00641,CdG,Gene::54733
Compound::DB00227,CdG,Gene::4176
Compound::DB08860,CdG,Gene::6723
Compound::DB00187,CdG,Gene::29083
Compound::DB01197,CdG,Gene::54205
Compound::DB00381,CdG,Gene::6182
Compound::DB01098,CdG,Gene::54205
Compound::DB00999,CdG,Gene::9801
Compound::DB00960,CdG,Gene::4817
Compound::DB00903,CdG,Gene::51659
Compound::DB00758,CdG,Gene::6182
Compound::DB00206,CdG,Gene::533
Compound::DB00968,CdG,Gene::6812
Compound::DB00657,CdG,Gene::6813
Compound::DB00999,CdG,Gene::533
Compound::DB01261,CdG,Gene::11151
Compound::DB08860,CdG,Gene::29883
Compound::DB00206,CdG,Gene::332
Compound::DB00331,CdG,Gene::533
Compound::DB00227,CdG,Gene::3329
Compound::DB08860,CdG,Gene::9712
Compound::DB01016,CdG,Gene::23368
Compound::DB00968,CdG,Gene::23029
Compound::DB00641,CdG,Gene::79850
Compound::DB08860,CdG,Gene::51491
Compound::DB01016,CdG,Gene::4313
Compound::DB00641,CdG,Gene::991
Compound::DB00641,CdG,Gene::5201
Compound::DB00641,CdG,Gene::8872
Compound::DB01098,CdG,Gene::79080
Compound::DB00641,CdG,Gene::55131
Compound::DB00331,CdG,Gene::5699
Compound::DB01067,CdG,Gene::7277
Compound::DB00206,CdG,Gene::3251
Compound::DB00903,CdG,Gene::10038
Compound::DB00999,CdG,Gene::9518
Compound::DB00206,CdG,Gene::23512
Compound::DB08860,CdG,Gene::80218
Compound::DB00575,CdG,Gene::6464
Compound::DB00960,CdG,Gene::9897
Compound::DB01120,CdG,Gene::1738
Compound::DB08860,CdG,Gene::5831
Compound::DB00758,CdG,Gene::10273
Compound::DB00227,CdG,Gene::55299
Compound::DB00641,CdG,Gene::84617
Compound::DB00227,CdG,Gene::705
Compound::DB01197,CdG,Gene::8243
Compound::DB00968,CdG,Gene::10973
Compound::DB00641,CdG,Gene::4085
Compound::DB00575,CcSE,Side Effect::C0424024
Compound::DB00808,CcSE,Side Effect::C0011849
Compound::DB00627,CcSE,Side Effect::C0019209
Compound::DB01193,CcSE,Side Effect::C0009806
Compound::DB01029,CcSE,Side Effect::C0018681
Compound::DB00524,CcSE,Side Effect::C0003123
Compound::DB00903,CcSE,Side Effect::C0003467
Compound::DB01197,CcSE,Side Effect::C0392176
Compound::DB01115,CcSE,Side Effect::C0040822
Compound::DB00195,CcSE,Side Effect::C0003467
Compound::DB00590,CcSE,Side Effect::C0032617
Compound::DB01083,CcSE,Side Effect::C0015967
Compound::DB00641,CcSE,Side Effect::C0037317
Compound::DB00641,CcSE,Side Effect::C0151849
Compound::DB01115,CcSE,Side Effect::C0042109
Compound::DB00678,CcSE,Side Effect::C0555970
Compound::DB00661,CcSE,Side Effect::C0020538
Compound::DB00373,CcSE,Side Effect::C0086543
Compound::DB00195,CcSE,Side Effect::C0235198
Compound::DB01261,CcSE,Side Effect::C0232602
Compound::DB00575,CcSE,Side Effect::C0239385
Compound::DB00178,CcSE,Side Effect::C0017160
Compound::DB00178,CcSE,Side Effect::C0919823
Compound::DB00264,CcSE,Side Effect::C0549622
Compound::DB00999,CcSE,Side Effect::C0034152
Compound::DB00627,CcSE,Side Effect::C0033774
Compound::DB01197,CcSE,Side Effect::C0022661
Compound::DB01120,CcSE,Side Effect::C0085631
Compound::DB00373,CcSE,Side Effect::C0086981
Compound::DB00195,CcSE,Side Effect::C0013604
Compound::DB00575,CcSE,Side Effect::C0014394
Compound::DB00187,CcSE,Side Effect::C3665347
Compound::DB00808,CcSE,Side Effect::C0085605
Compound::DB00758,CcSE,Side Effect::C0016470
Compound::DB00700,CcSE,Side Effect::C0151746
Compound::DB00584,CcSE,Side Effect::C0015230
Compound::DB00492,CcSE,Side Effect::C0011124
Compound::DB00401,CcSE,Side Effect::C0004238
Compound::DB00790,CcSE,Side Effect::C0917801
Compound::DB00381,CcSE,Side Effect::C0027497
Compound::DB00808,CcSE,Side Effect::C0037199
Compound::DB01023,CcSE,Side Effect::C1096286
Compound::DB00973,CcSE,Side Effect::C0011603
Compound::DB01039,CcSE,Side Effect::C0020649
Compound::DB00187,CcSE,Side Effect::C0232431
Compound::DB01029,CcSE,Side Effect::C0157733
Compound::DB01098,CcSE,Side Effect::C0574067
Compound::DB01193,CcSE,Side Effect::C0236075
Compound::DB00492,CcSE,Side Effect::C0034150
Compound::DB01261,CcSE,Side Effect::C0267792
Compound::DB00622,CcSE,Side Effect::C0520887
Compound::DB01018,CcSE,Side Effect::C0232495
Compound::DB00876,CcSE,Side Effect::C0151826
Compound::DB00381,CcSE,Side Effect::C0013604
Compound::DB00227,CcSE,Side Effect::C0031117
Compound::DB01203,CcSE,Side Effect::C0017152
Compound::DB00178,CcSE,Side Effect::C0043352
Compound::DB01120,CcSE,Side Effect::C0042109
Compound::DB01261,CcSE,Side Effect::C0021400
Compound::DB00999,CcSE,Side Effect::C0600260
Compound::DB00678,CcSE,Side Effect::C0038999
Compound::DB00758,CcSE,Side Effect::C0025061
Compound::DB00195,CcSE,Side Effect::C0004936
Compound::DB00968,CcSE,Side Effect::C0011124
Compound::DB00973,CcSE,Side Effect::C0042769
Compound::DB00590,CcSE,Side Effect::C0009806
Compound::DB01039,CcSE,Side Effect::C0011615
Compound::DB00999,CcSE,Side Effect::C0858589
Compound::DB01136,CcSE,Side Effect::C0233472
Compound::DB00960,CcSE,Side Effect::C0948595
Compound::DB01029,CcSE,Side Effect::C0030193
Compound::DB01029,CcSE,Side Effect::C0026858
Compound::DB00627,CcSE,Side Effect::C0015732
Compound::DB00722,CcSE,Side Effect::C1956415
Compound::DB00790,CcSE,Side Effect::C0037383
Compound::DB01023,CcSE,Side Effect::C0011991
Compound::DB00678,CcSE,Side Effect::C0242350
Compound::DB00966,CcSE,Side Effect::C0035410
Compound::DB00187,CcSE,Side Effect::C0948089
Compound::DB00264,CcSE,Side Effect::C0035357
Compound::DB01067,CcSE,Side Effect::C0003123
Compound::DB00695,CcSE,Side Effect::C0012797
Compound::DB01136,CcSE,Side Effect::C0012833
Compound::DB00492,CcSE,Side Effect::C0007787
Compound::DB00401,CcSE,Side Effect::C0149931
Compound::DB00195,CcSE,Side Effect::C0917801
Compound::DB00790,CcSE,Side Effect::C0002622
Compound::DB01162,CcSE,Side Effect::C0030554
Compound::DB00661,CcSE,Side Effect::C0424295
Compound::DB00264,CcSE,Side Effect::C0162830
Compound::DB01083,CcSE,Side Effect::C0027765
Compound::DB00275,CcSE,Side Effect::C0020443
Compound::DB01039,CcSE,Side Effect::C0040435
Compound::DB00401,CcSE,Side Effect::C0039231
Compound::DB00412,CcSE,Side Effect::C0948089
Compound::DB01039,CcSE,Side Effect::C0042373
Compound::DB00622,CcSE,Side Effect::C0600142
Compound::DB00722,CcSE,Side Effect::C0020517
Compound::DB00264,CcSE,Side Effect::C0039231
Compound::DB01120,CcSE,Side Effect::C0043352
Compound::DB01039,CcSE,Side Effect::C0013456
Compound::DB00672,CcSE,Side Effect::C0023530
Compound::DB00343,CcSE,Side Effect::C0030193
Compound::DB00178,CcSE,Side Effect::C0012833
Compound::DB00401,CcSE,Side Effect::C0042267
Compound::DB00695,CcSE,Side Effect::C0022354
Compound::DB00457,CcSE,Side Effect::C0011603
Compound::DB00808,CcSE,Side Effect::C0026857
Compound::DB00264,CcSE,Side Effect::C0234238
Compound::DB00343,CcSE,Side Effect::C3665386
Compound::DB00622,CcSE,Side Effect::C0013404
Compound::DB00227,CcSE,Side Effect::C2004489
Compound::DB00195,CcSE,Side Effect::C0023380
Compound::DB00808,CcSE,Side Effect::C0017152
Compound::DB00275,CcSE,Side Effect::C0027707
Compound::DB00177,CcSE,Side Effect::C0085932
Compound::DB00519,CcSE,Side Effect::C0015230
Compound::DB01067,CcSE,Side Effect::C0231218
Compound::DB00519,CcSE,Side Effect::C1384353
Compound::DB00542,CcSE,Side Effect::C0018681
Compound::DB00590,CcSE,Side Effect::C0003123
Compound::DB01016,CcSE,Side Effect::C0030554
Compound::DB00627,CcSE,Side Effect::C0151671
Compound::DB01132,CcSE,Side Effect::C0948807
Compound::DB01098,CcSE,Side Effect::C0016204
Compound::DB00808,CcSE,Side Effect::C0020453
Compound::DB00758,CcSE,Side Effect::C0018099
Compound::DB00575,CcSE,Side Effect::C0042023
Compound::DB00999,CcSE,Side Effect::C0006145
Compound::DB00999,CcSE,Side Effect::C0162287
Compound::DB01083,CcSE,Side Effect::C0151824
Compound::DB00275,CcSE,Side Effect::C0027947
Compound::DB00999,CcSE,Side Effect::C0042023
Compound::DB01039,CcSE,Side Effect::C0042109
Compound::DB01120,CcSE,Side Effect::C0027765
Compound::DB00695,CcSE,Side Effect::C1318520
Compound::DB00966,CcSE,Side Effect::C0022660
Compound::DB00177,CcSE,Side Effect::C1279945
Compound::DB00808,CcSE,Side Effect::C0687707
Compound::DB01241,CcSE,Side Effect::C2830004
Compound::DB01197,CcSE,Side Effect::C0235351
Compound::DB01197,CcSE,Side Effect::C0041349
Compound::DB00331,CcSE,Side Effect::C0085649
Compound::DB00722,CcSE,Side Effect::C0850149
Compound::DB01039,CcSE,Side Effect::C0003850
Compound::DB00195,CcSE,Side Effect::C0234632
Compound::DB00887,CcSE,Side Effect::C0863147
Compound::DB01039,CcSE,Side Effect::C3263723
Compound::DB00457,CcSE,Side Effect::C0013144
Compound::DB00960,CcSE,Side Effect::C0042571
Compound::DB00790,CcSE,Side Effect::C0037274
Compound::DB00222,CcSE,Side Effect::C3665347
Compound::DB01162,CcSE,Side Effect::C0011124
Compound::DB00678,CcSE,Side Effect::C0017152
Compound::DB01124,CcSE,Side Effect::C0162533
Compound::DB01275,CcSE,Side Effect::C0031117
Compound::DB00758,CcSE,Side Effect::C0011603
Compound::DB01275,CcSE,Side Effect::C0033975
Compound::DB00629,CcSE,Side Effect::C0027339
Compound::DB00457,CcSE,Side Effect::C0039231
Compound::DB01016,CcSE,Side Effect::C0281774
Compound::DB00343,CcSE,Side Effect::C0009763
Compound::DB00598,CcSE,Side Effect::C0028084
Compound::DB01193,CcSE,Side Effect::C0043094
Compound::DB00876,CcSE,Side Effect::C0038999
Compound::DB01023,CcSE,Side Effect::C0549386
Compound::DB01067,CcSE,Side Effect::C0039070
Compound::DB00492,CcSE,Side Effect::C0040264
Compound::DB00887,CcSE,Side Effect::C0008370
Compound::DB00584,CcSE,Side Effect::C0041912
Compound::DB00876,CcSE,Side Effect::C0004604
Compound::DB00401,CcSE,Side Effect::C0085649
Compound::DB00270,CcSE,Side Effect::C0013404
Compound::DB00575,CcSE,Side Effect::C2047937
Compound::DB00275,CcSE,Side Effect::C0020433
Compound::DB00195,CcSE,Side Effect::C0027769
Compound::DB00270,CcSE,Side Effect::C0042109
Compound::DB00492,CcSE,Side Effect::C0014724
Compound::DB00492,CcSE,Side Effect::C0040822
Compound::DB00695,CcSE,Side Effect::C0037274
Compound::DB00700,CcSE,Side Effect::C0234215
Compound::DB00264,CcSE,Side Effect::C0242429
Compound::DB00722,CcSE,Side Effect::C0042963
Compound::DB00178,CcSE,Side Effect::C0000737
Compound::DB00381,CcSE,Side Effect::C0027769
Compound::DB01162,CcSE,Side Effect::C0015672
Compound::DB01162,CcSE,Side Effect::C0042024
Compound::DB00590,CcSE,Side Effect::C0600142
Compound::DB00492,CcSE,Side Effect::C0032617
Compound::DB00722,CcSE,Side Effect::C0003862
Compound::DB00966,CcSE,Side Effect::C0013604
Compound::DB00519,CcSE,Side Effect::C0027947
Compound::DB00876,CcSE,Side Effect::C0011603
Compound::DB00575,CcSE,Side Effect::C1325847
Compound::DB00584,CcSE,Side Effect::C0030252
Compound::DB00594,CcSE,Side Effect::C0000737
Compound::DB00270,CcSE,Side Effect::C0020649
Compound::DB00175,CcSE,Side Effect::C0233794
Compound::DB00731,CcSE,Side Effect::C0149904
Compound::DB00672,CcSE,Side Effect::C0020175
Compound::DB00881,CcSE,Side Effect::C0948594
Compound::DB00808,CcSE,Side Effect::C0235818
Compound::DB00999,CcSE,Side Effect::C0687713
Compound::DB00331,CcSE,Side Effect::C1443060
Compound::DB00678,CcSE,Side Effect::C0085631
Compound::DB00627,CcSE,Side Effect::C0011603
Compound::DB00492,CcSE,Side Effect::C2047937
Compound::DB00722,CcSE,Side Effect::C0043094
Compound::DB01132,CcSE,Side Effect::C0007787
Compound::DB01200,CcSE,Side Effect::C0033975
Compound::DB01197,CcSE,Side Effect::C2047937
Compound::DB00331,CcSE,Side Effect::C0009806
Compound::DB00373,CcSE,Side Effect::C0020517
Compound::DB00960,CcSE,Side Effect::C0011570
Compound::DB00542,CcSE,Side Effect::C0011603
Compound::DB00700,CcSE,Side Effect::C2979982
Compound::DB01083,CcSE,Side Effect::C0003467
Compound::DB04861,CcSE,Side Effect::C0948089
Compound::DB00790,CcSE,Side Effect::C0032617
Compound::DB00275,CcSE,Side Effect::C0035455
Compound::DB00790,CcSE,Side Effect::C0023518
Compound::DB01261,CcSE,Side Effect::C0037011
Compound::DB01115,CcSE,Side Effect::C0014724
Compound::DB00945,CcSE,Side Effect::C0015230
Compound::DB00790,CcSE,Side Effect::C0002994
Compound::DB00758,CcSE,Side Effect::C0151766
Compound::DB01261,CcSE,Side Effect::C0042963
Compound::DB00629,CcSE,Side Effect::C0019270
Compound::DB01083,CcSE,Side Effect::C0404521
Compound::DB00627,CcSE,Side Effect::C0332575
Compound::DB00790,CcSE,Side Effect::C0428977
Compound::DB01016,CcSE,Side Effect::C0027497
Compound::DB00195,CcSE,Side Effect::C0014591
Compound::DB00661,CcSE,Side Effect::C0020517
Compound::DB01083,CcSE,Side Effect::C0002453
Compound::DB01132,CcSE,Side Effect::C0004093
Compound::DB01120,CcSE,Side Effect::C0162429
Compound::DB00700,CcSE,Side Effect::C0004604
Compound::DB01098,CcSE,Side Effect::C0267792
Compound::DB00214,CcSE,Side Effect::C0235416
Compound::DB01067,CcSE,Side Effect::C0032617
Compound::DB00457,CcSE,Side Effect::C0039070
Compound::DB00542,CcSE,Side Effect::C0233494
Compound::DB08882,CcSE,Side Effect::C0020615
Compound::DB01136,CcSE,Side Effect::C0271650
Compound::DB01083,CcSE,Side Effect::C0002994
Compound::DB00178,CcSE,Side Effect::C0037036
Compound::DB00999,CcSE,Side Effect::C0016053
Compound::DB00178,CcSE,Side Effect::C0040822
Compound::DB01083,CcSE,Side Effect::C0033777
Compound::DB00973,CcSE,Side Effect::C0030554
Compound::DB00622,CcSE,Side Effect::C0016382
Compound::DB01136,CcSE,Side Effect::C3665347
Compound::DB00695,CcSE,Side Effect::C0027709
Compound::DB01029,CcSE,Side Effect::C0030554
Compound::DB00678,CcSE,Side Effect::C0232462
Compound::DB01120,CcSE,Side Effect::C0233417
Compound::DB00227,CcSE,Side Effect::C0344232
Compound::DB00700,CcSE,Side Effect::C0040264
Compound::DB01275,CcSE,Side Effect::C0232459
Compound::DB00966,CcSE,Side Effect::C0857189
Compound::DB01115,CcSE,Side Effect::C0687713
Compound::DB00590,CcSE,Side Effect::C0027947
Compound::DB00175,CcSE,Side Effect::C1443060
Compound::DB00590,CcSE,Side Effect::C0026826
Compound::DB00195,CcSE,Side Effect::C0857305
Compound::DB01115,CcSE,Side Effect::C0392525
Compound::DB00343,CcSE,Side Effect::C0151517
Compound::DB01275,CcSE,Side Effect::C0023518
Compound::DB01067,CcSE,Side Effect::C0022346
Compound::DB00590,CcSE,Side Effect::C0028084
Compound::DB00999,CcSE,Side Effect::C0037317
Compound::DB00195,CcSE,Side Effect::C0231528
Compound::DB00331,CcSE,Side Effect::C0344232
Compound::DB01136,CcSE,Side Effect::C0006277
Compound::DB00876,CcSE,Side Effect::C0020557
Compound::DB00275,CcSE,Side Effect::C0687713
Compound::DB00275,CcSE,Side Effect::C0040586
Compound::DB00695,CcSE,Side Effect::C0542027
Compound::DB01261,CcSE,Side Effect::C0010200
Compound::DB00492,CcSE,Side Effect::C0013274
Compound::DB00343,CcSE,Side Effect::C0009319
Compound::DB00590,CcSE,Side Effect::C0011053
Compound::DB00678,CcSE,Side Effect::C0262988
Compound::DB00629,CcSE,Side Effect::C0085680
Compound::DB00629,CcSE,Side Effect::C0394006
Compound::DB00575,CcSE,Side Effect::C0855242
Compound::DB01120,CcSE,Side Effect::C0037274
Compound::DB01241,CcSE,Side Effect::C0026848
Compound::DB00519,CcSE,Side Effect::C0030554
Compound::DB00808,CcSE,Side Effect::C0151766
Compound::DB00903,CcSE,Side Effect::C0234215
Compound::DB01115,CcSE,Side Effect::C0036980
Compound::DB00584,CcSE,Side Effect::C0021400
Compound::DB00412,CcSE,Side Effect::C0002994
Compound::DB08816,CcSE,Side Effect::C0025874
Compound::DB00343,CcSE,Side Effect::C0857331
Compound::DB08860,CcSE,Side Effect::C0015230
Compound::DB08816,CcSE,Side Effect::C3203457
Compound::DB00966,CcSE,Side Effect::C0018099
Compound::DB00800,CcSE,Side Effect::C0027769
Compound::DB00373,CcSE,Side Effect::C0855242
Compound::DB00373,CcSE,Side Effect::C0205204
Compound::DB00275,CcSE,Side Effect::C0040460
Compound::DB00700,CcSE,Side Effect::C0031350
Compound::DB00343,CcSE,Side Effect::C0035455
Compound::DB00331,CcSE,Side Effect::C0858738
Compound::DB01193,CcSE,Side Effect::C0041657
Compound::DB00641,CcSE,Side Effect::C0008031
Compound::DB00796,CcSE,Side Effect::C0948594
Compound::DB00187,CcSE,Side Effect::C0002962
Compound::DB00808,CcSE,Side Effect::C0017178
Compound::DB01203,CcSE,Side Effect::C0033774
Compound::DB00401,CcSE,Side Effect::C0031350
Compound::DB00343,CcSE,Side Effect::C0002878
Compound::DB00584,CcSE,Side Effect::C2004489
Compound::DB08816,CcSE,Side Effect::C0017152
Compound::DB00973,CcSE,Side Effect::C0206062
Compound::DB00175,CcSE,Side Effect::C0028643
Compound::DB00960,CcSE,Side Effect::C0018802
Compound::DB00331,CcSE,Side Effect::C0162287
Compound::DB00876,CcSE,Side Effect::C0027813
Compound::DB00722,CcSE,Side Effect::C0085649
Compound::DB00774,CcSE,Side Effect::C0349506
Compound::DB00590,CcSE,Side Effect::C0026650
Compound::DB00722,CcSE,Side Effect::C0003811
Compound::DB00175,CcSE,Side Effect::C0027497
Compound::DB00457,CcSE,Side Effect::C0151827
Compound::DB01039,CcSE,Side Effect::C0033774
Compound::DB01197,CcSE,Side Effect::C0018681
Compound::DB01029,CcSE,Side Effect::C0002871
Compound::DB01120,CcSE,Side Effect::C0032617
Compound::DB01203,CcSE,Side Effect::C0030805
Compound::DB00584,CcSE,Side Effect::C0037199
Compound::DB00722,CcSE,Side Effect::C0042571
Compound::DB00968,CcSE,Side Effect::C0009450
Compound::DB00790,CcSE,Side Effect::C0042109
Compound::DB00622,CcSE,Side Effect::C0041657
Compound::DB01275,CcSE,Side Effect::C0018965
Compound::DB00195,CcSE,Side Effect::C0424790
Compound::DB00973,CcSE,Side Effect::C0020517
Compound::DB01200,CcSE,Side Effect::C0030569
Compound::DB00627,CcSE,Side Effect::C0011630
Compound::DB01023,CcSE,Side Effect::C0232487
Compound::DB00343,CcSE,Side Effect::C0242698
Compound::DB00622,CcSE,Side Effect::C0004245
Compound::DB00178,CcSE,Side Effect::C0036974
Compound::DB01261,CcSE,Side Effect::C0031350
Compound::DB00584,CcSE,Side Effect::C0039231
Compound::DB00887,CcSE,Side Effect::C0017979
Compound::DB00492,CcSE,Side Effect::C0001824
Compound::DB01120,CcSE,Side Effect::C0033774
Compound::DB00678,CcSE,Side Effect::C0015967
Compound::DB00177,CcSE,Side Effect::C0004238
Compound::DB00175,CcSE,Side Effect::C0038325
Compound::DB01029,CcSE,Side Effect::C0085631
Compound::DB00381,CcSE,Side Effect::C0547030
Compound::DB01083,CcSE,Side Effect::C0851341
Compound::DB00331,CcSE,Side Effect::C0021400
Compound::DB00381,CcSE,Side Effect::C0687713
Compound::DB00758,CcSE,Side Effect::C1145628
Compound::DB00678,CcSE,Side Effect::C0002871
Compound::DB00722,CcSE,Side Effect::C0009443
Compound::DB01018,CcSE,Side Effect::C0013604
Compound::DB01261,CcSE,Side Effect::C0700225
Compound::DB00790,CcSE,Side Effect::C0026821
Compound::DB00808,CcSE,Side Effect::C0234215
Compound::DB00966,CcSE,Side Effect::C0023218
Compound::DB00195,CcSE,Side Effect::C0242429
Compound::DB01197,CcSE,Side Effect::C0035078
Compound::DB01120,CcSE,Side Effect::C0007820
Compound::DB00590,CcSE,Side Effect::C0037274
Compound::DB00999,CcSE,Side Effect::C0012833
Compound::DB00264,CcSE,Side Effect::C0022281
Compound::DB01120,CcSE,Side Effect::C0085593
Compound::DB00343,CcSE,Side Effect::C0015397
Compound::DB00594,CcSE,Side Effect::C0008031
Compound::DB00700,CcSE,Side Effect::C0013395
Compound::DB01244,CcSE,Side Effect::C0042571
Compound::DB00590,CcSE,Side Effect::C0037822
Compound::DB00195,CcSE,Side Effect::C0151905
Compound::DB00401,CcSE,Side Effect::C0750272
Compound::DB00492,CcSE,Side Effect::C0863084
Compound::DB00800,CcSE,Side Effect::C0020458
Compound::DB01162,CcSE,Side Effect::C0010200
Compound::DB01115,CcSE,Side Effect::C0085633
Compound::DB00177,CcSE,Side Effect::C0014591
Compound::DB00758,CcSE,Side Effect::C0014591
Compound::DB00627,CcSE,Side Effect::C0040409
Compound::DB01162,CcSE,Side Effect::C0022408
Compound::DB00966,CcSE,Side Effect::C0003862
Compound::DB00774,CcSE,Side Effect::C0012833
Compound::DB01124,CcSE,Side Effect::C0022354
Compound::DB00195,CcSE,Side Effect::C0025061
Compound::DB00590,CcSE,Side Effect::C0085636
Compound::DB01039,CcSE,Side Effect::C0403632
Compound::DB00584,CcSE,Side Effect::C0036749
Compound::DB00177,CcSE,Side Effect::C0006277
Compound::DB00627,CcSE,Side Effect::C0426576
Compound::DB00999,CcSE,Side Effect::C0011124
Compound::DB01115,CcSE,Side Effect::C0917801
Compound::DB00808,CcSE,Side Effect::C0149931
Compound::DB00758,CcSE,Side Effect::C0038325
Compound::DB00590,CcSE,Side Effect::C2830004
Compound::DB00264,CcSE,Side Effect::C0040264
Compound::DB00373,CcSE,Side Effect::C0751295
Compound::DB00973,CcSE,Side Effect::C0011633
Compound::DB00598,CcSE,Side Effect::C0002622
Compound::DB00960,CcSE,Side Effect::C0236075
Compound::DB00381,CcSE,Side Effect::C0030252
Compound::DB01132,CcSE,Side Effect::C0015397
Compound::DB00590,CcSE,Side Effect::C0013428
Compound::DB01115,CcSE,Side Effect::C0150450
Compound::DB00881,CcSE,Side Effect::C0042401
Compound::DB00594,CcSE,Side Effect::C0231230
Compound::DB00227,CcSE,Side Effect::C0013378
Compound::DB00839,CcSE,Side Effect::C0162533
Compound::DB00641,CcSE,Side Effect::C0751295
Compound::DB00966,CcSE,Side Effect::C0042023
Compound::DB01029,CcSE,Side Effect::C0034063
Compound::DB00175,CcSE,Side Effect::C0442874
Compound::DB01115,CcSE,Side Effect::C0003862
Compound::DB00678,CcSE,Side Effect::C0002994
Compound::DB00641,CcSE,Side Effect::C0014130
Compound::DB00876,CcSE,Side Effect::C0151905
Compound::DB00401,CcSE,Side Effect::C0017566
Compound::DB00641,CcSE,Side Effect::C0009241
Compound::DB00590,CcSE,Side Effect::C0023530
Compound::DB01124,CcSE,Side Effect::C0042109
Compound::DB00381,CcSE,Side Effect::C0039971
Compound::DB01241,CcSE,Side Effect::C0687713
Compound::DB00912,CcSE,Side Effect::C1737211
Compound::DB01200,CcSE,Side Effect::C0031039
Compound::DB00195,CcSE,Side Effect::C0029882
Compound::DB01083,CcSE,Side Effect::C0000731
Compound::DB01136,CcSE,Side Effect::C0863113
Compound::DB00973,CcSE,Side Effect::C0033774
Compound::DB00175,CcSE,Side Effect::C0877359
Compound::DB00876,CcSE,Side Effect::C0017979
Compound::DB00790,CcSE,Side Effect::C0341012
Compound::DB00796,CcSE,Side Effect::C0030252
Compound::DB01261,CcSE,Side Effect::C0042373
Compound::DB00222,CcSE,Side Effect::C0039231
Compound::DB00661,CcSE,Side Effect::C0812387
Compound::DB00175,CcSE,Side Effect::C0427055
Compound::DB00590,CcSE,Side Effect::C0030252
Compound::DB01083,CcSE,Side Effect::C0853348
Compound::DB00758,CcSE,Side Effect::C0009938
Compound::DB08816,CcSE,Side Effect::C0020517
Compound::DB00774,CcSE,Side Effect::C1368065
Compound::DB01275,CcSE,Side Effect::C0020649
Compound::DB00973,CcSE,Side Effect::C0037274
Compound::DB00887,CcSE,Side Effect::C0030305
Compound::DB00492,CcSE,Side Effect::C0003864
Compound::DB00758,CcSE,Side Effect::C0035317
Compound::DB01120,CcSE,Side Effect::C0085762
Compound::DB01200,CcSE,Side Effect::C0948281
Compound::DB00187,CcSE,Side Effect::C0013404
Compound::DB00519,CcSE,Side Effect::C0015967
Compound::DB00973,CcSE,Side Effect::C3267047
Compound::DB01083,CcSE,Side Effect::C0948594
Compound::DB01275,CcSE,Side Effect::C0023530
Compound::DB00887,CcSE,Side Effect::C0342579
Compound::DB01018,CcSE,Side Effect::C0009806
Compound::DB01039,CcSE,Side Effect::C0019270
Compound::DB00966,CcSE,Side Effect::C0017178
Compound::DB01023,CcSE,Side Effect::C0030196
Compound::DB00678,CcSE,Side Effect::C0037763
Compound::DB01203,CcSE,Side Effect::C0701811
Compound::DB01029,CcSE,Side Effect::C0030305
Compound::DB00331,CcSE,Side Effect::C0035455
Compound::DB01275,CcSE,Side Effect::C0019158
Compound::DB01120,CcSE,Side Effect::C0013395
Compound::DB00275,CcSE,Side Effect::C0020458
Compound::DB00678,CcSE,Side Effect::C0003862
Compound::DB00960,CcSE,Side Effect::C0021775
Compound::DB00661,CcSE,Side Effect::C0004245
Compound::DB00758,CcSE,Side Effect::C0011991
Compound::DB01197,CcSE,Side Effect::C0014457
Compound::DB01136,CcSE,Side Effect::C0023530
Compound::DB00310,CcSE,Side Effect::C0242350
Compound::DB01275,CcSE,Side Effect::C0233407
Compound::DB00641,CcSE,Side Effect::C2004489
Compound::DB00968,CcSE,Side Effect::C0020651
Compound::DB01200,CcSE,Side Effect::C0021177
Compound::DB01115,CcSE,Side Effect::C0231530
Compound::DB00178,CcSE,Side Effect::C0007820
Compound::DB01136,CcSE,Side Effect::C0024115
Compound::DB00270,CcSE,Side Effect::C0231218
Compound::DB01018,CcSE,Side Effect::C0020458
Compound::DB00270,CcSE,Side Effect::C0027497
Compound::DB00758,CcSE,Side Effect::C0005778
Compound::DB00195,CcSE,Side Effect::C0026896
Compound::DB01241,CcSE,Side Effect::C0242350
Compound::DB01115,CcSE,Side Effect::C0080276
Compound::DB01083,CcSE,Side Effect::C0577115
Compound::DB00571,CcSE,Side Effect::C0595883
Compound::DB00492,CcSE,Side Effect::C0011849
Compound::DB04861,CcSE,Side Effect::C0178298
Compound::DB01162,CcSE,Side Effect::C0948594
Compound::DB00343,CcSE,Side Effect::C0016382
Compound::DB00627,CcSE,Side Effect::C0595877
Compound::DB01067,CcSE,Side Effect::C0853026
Compound::DB00175,CcSE,Side Effect::C0086543
Compound::DB00421,CcSE,Side Effect::C0017152
Compound::DB01162,CcSE,Side Effect::C0042029
Compound::DB00700,CcSE,Side Effect::C0031117
Compound::DB01023,CcSE,Side Effect::C0041834
Compound::DB00175,CcSE,Side Effect::C0028084
Compound::DB00524,CcSE,Side Effect::C0162830
Compound::DB00519,CcSE,Side Effect::C0011991
Compound::DB00598,CcSE,Side Effect::C0020458
Compound::DB00584,CcSE,Side Effect::C0037011
Compound::DB00790,CcSE,Side Effect::C0151539
Compound::DB00492,CcSE,Side Effect::C0032285
Compound::DB01197,CcSE,Side Effect::C0013274
Compound::DB00381,CcSE,Side Effect::C0700590
Compound::DB01241,CcSE,Side Effect::C0311468
Compound::DB01098,CcSE,Side Effect::C0033687
Compound::DB00175,CcSE,Side Effect::C0043251
Compound::DB01136,CcSE,Side Effect::C0151517
Compound::DB00412,CcSE,Side Effect::C0021053
Compound::DB01016,CcSE,Side Effect::C0344232
Compound::DB01115,CcSE,Side Effect::C0574067
Compound::DB01039,CcSE,Side Effect::C0151636
Compound::DB01067,CcSE,Side Effect::C0039971
Compound::DB01029,CcSE,Side Effect::C0024312
Compound::DB00678,CcSE,Side Effect::C0042510
Compound::DB00575,CcSE,Side Effect::C0231218
Compound::DB01120,CcSE,Side Effect::C0007682
Compound::DB01193,CcSE,Side Effect::C0009763
Compound::DB01029,CcSE,Side Effect::C0018621
Compound::DB00627,CcSE,Side Effect::C0235416
Compound::DB00331,CcSE,Side Effect::C0020672
Compound::DB01029,CcSE,Side Effect::C0020456
Compound::DB00373,CcSE,Side Effect::C0022281
Compound::DB01200,CcSE,Side Effect::C0013384
Compound::DB01018,CcSE,Side Effect::C0233494
Compound::DB01067,CcSE,Side Effect::C2830004
Compound::DB00629,CcSE,Side Effect::C0025061
Compound::DB01083,CcSE,Side Effect::C0021564
Compound::DB00887,CcSE,Side Effect::C0857177
Compound::DB00627,CcSE,Side Effect::C0017178
Compound::DB00310,CcSE,Side Effect::C0162830
Compound::DB00881,CcSE,Side Effect::C0017181
Compound::DB01018,CcSE,Side Effect::C0234215
Compound::DB00584,CcSE,Side Effect::C0233494
Compound::DB00227,CcSE,Side Effect::C0008031
Compound::DB00808,CcSE,Side Effect::C0026848
Compound::DB00222,CcSE,Side Effect::C0041657
Compound::DB00627,CcSE,Side Effect::C0004238
Compound::DB00421,CcSE,Side Effect::C1443060
Compound::DB01067,CcSE,Side Effect::C0160390
Compound::DB01203,CcSE,Side Effect::C0038990
Compound::DB00195,CcSE,Side Effect::C1306341
Compound::DB00629,CcSE,Side Effect::C0005758
Compound::DB00622,CcSE,Side Effect::C0013395
Compound::DB00381,CcSE,Side Effect::C0340464
Compound::DB00542,CcSE,Side Effect::C0030554
Compound::DB00881,CcSE,Side Effect::C0162830
Compound::DB01275,CcSE,Side Effect::C0003123
Compound::DB00492,CcSE,Side Effect::C0438717
Compound::DB00227,CcSE,Side Effect::C3267047
Compound::DB00999,CcSE,Side Effect::C0677500
Compound::DB00678,CcSE,Side Effect::C0002792
Compound::DB01241,CcSE,Side Effect::C0004093
Compound::DB00195,CcSE,Side Effect::C0235490
Compound::DB01136,CcSE,Side Effect::C0948594
Compound::DB00790,CcSE,Side Effect::C0002170
Compound::DB00343,CcSE,Side Effect::C0476273
Compound::DB01261,CcSE,Side Effect::C0687713
Compound::DB01083,CcSE,Side Effect::C0031117
Compound::DB00887,CcSE,Side Effect::C1384666
Compound::DB00903,CcSE,Side Effect::C0015967
Compound::DB00622,CcSE,Side Effect::C0039070
Compound::DB00187,CcSE,Side Effect::C0032227
Compound::DB01197,CcSE,Side Effect::C0008031
Compound::DB00695,CcSE,Side Effect::C0002792
Compound::DB00492,CcSE,Side Effect::C1456822
Compound::DB00542,CcSE,Side Effect::C0027051
Compound::DB00195,CcSE,Side Effect::C0013428
Compound::DB00657,CcSE,Side Effect::C0041657
Compound::DB00542,CcSE,Side Effect::C0002792
Compound::DB00178,CcSE,Side Effect::C0022660
Compound::DB00519,CcSE,Side Effect::C0042384
Compound::DB00175,CcSE,Side Effect::C0020580
Compound::DB00722,CcSE,Side Effect::C1142492
Compound::DB00492,CcSE,Side Effect::C0013456
Compound::DB00175,CcSE,Side Effect::C0002962
Compound::DB00264,CcSE,Side Effect::C0042514
Compound::DB01197,CcSE,Side Effect::C0041657
Compound::DB00700,CcSE,Side Effect::C0151905
Compound::DB00590,CcSE,Side Effect::C0033575
Compound::DB00627,CcSE,Side Effect::C0151908
Compound::DB00594,CcSE,Side Effect::C0086565
Compound::DB01067,CcSE,Side Effect::C0013428
Compound::DB00758,CcSE,Side Effect::C0018801
Compound::DB00275,CcSE,Side Effect::C0392176
Compound::DB00598,CcSE,Side Effect::C0151766
Compound::DB00264,CcSE,Side Effect::C0011603
Compound::DB00584,CcSE,Side Effect::C0546959
Compound::DB00775,CcSE,Side Effect::C0038990
Compound::DB01132,CcSE,Side Effect::C0232461
Compound::DB00876,CcSE,Side Effect::C0018801
Compound::DB00492,CcSE,Side Effect::C0011603
Compound::DB00722,CcSE,Side Effect::C0033687
Compound::DB00598,CcSE,Side Effect::C0242461
Compound::DB00590,CcSE,Side Effect::C0030554
Compound::DB00584,CcSE,Side Effect::C0012833
Compound::DB00524,CcSE,Side Effect::C0040034
Compound::DB00960,CcSE,Side Effect::C0234238
Compound::DB00381,CcSE,Side Effect::C0085096
Compound::DB00519,CcSE,Side Effect::C0002962
Compound::DB01029,CcSE,Side Effect::C0234987
Compound::DB00381,CcSE,Side Effect::C0012833
Compound::DB00227,CcSE,Side Effect::C0019158
Compound::DB00575,CcSE,Side Effect::C0027497
Compound::DB00401,CcSE,Side Effect::C0040264
Compound::DB00177,CcSE,Side Effect::C2981158
Compound::DB00178,CcSE,Side Effect::C0549369
Compound::DB01136,CcSE,Side Effect::C0220870
Compound::DB00622,CcSE,Side Effect::C0020621
Compound::DB00275,CcSE,Side Effect::C0014518
Compound::DB01083,CcSE,Side Effect::C1510471
Compound::DB00175,CcSE,Side Effect::C0003864
Compound::DB01197,CcSE,Side Effect::C0039231
Compound::DB00881,CcSE,Side Effect::C0700590
Compound::DB08816,CcSE,Side Effect::C0015230
Compound::DB01018,CcSE,Side Effect::C0023222
Compound::DB00421,CcSE,Side Effect::C0024902
Compound::DB00629,CcSE,Side Effect::C0033774
Compound::DB00722,CcSE,Side Effect::C0014457
Compound::DB00214,CcSE,Side Effect::C0013395
Compound::DB00331,CcSE,Side Effect::C0948594
Compound::DB00584,CcSE,Side Effect::C0085631
Compound::DB08816,CcSE,Side Effect::C0022660
Compound::DB01241,CcSE,Side Effect::C0003862
Compound::DB01162,CcSE,Side Effect::C0023066
Compound::DB00808,CcSE,Side Effect::C0003862
Compound::DB00175,CcSE,Side Effect::C0234233
Compound::DB01039,CcSE,Side Effect::C0151736
Compound::DB00575,CcSE,Side Effect::C0038990
Compound::DB00492,CcSE,Side Effect::C3665347
Compound::DB08860,CcSE,Side Effect::C0037763
Compound::DB00629,CcSE,Side Effect::C0231218
Compound::DB00758,CcSE,Side Effect::C0018924
Compound::DB00264,CcSE,Side Effect::C0010520
Compound::DB00492,CcSE,Side Effect::C0085631
Compound::DB00492,CcSE,Side Effect::C0005758
Compound::DB00661,CcSE,Side Effect::C0021775
Compound::DB00722,CcSE,Side Effect::C0007859
Compound::DB00373,CcSE,Side Effect::C0024141
Compound::DB00343,CcSE,Side Effect::C0017181
Compound::DB00966,CcSE,Side Effect::C0003467
Compound::DB01200,CcSE,Side Effect::C0034069
Compound::DB01197,CcSE,Side Effect::C0034642
Compound::DB00264,CcSE,Side Effect::C2363730
Compound::DB00839,CcSE,Side Effect::C0041834
Compound::DB00594,CcSE,Side Effect::C0000731
Compound::DB00722,CcSE,Side Effect::C0235896
Compound::DB01067,CcSE,Side Effect::C0017181
Compound::DB00796,CcSE,Side Effect::C0853034
Compound::DB01261,CcSE,Side Effect::C0015230
Compound::DB00722,CcSE,Side Effect::C0016204
Compound::DB00774,CcSE,Side Effect::C0740394
Compound::DB01115,CcSE,Side Effect::C0151205
Compound::DB01120,CcSE,Side Effect::C0027051
Compound::DB00912,CcSE,Side Effect::C0042109
Compound::DB01039,CcSE,Side Effect::C0022660
Compound::DB00808,CcSE,Side Effect::C0036974
Compound::DB00966,CcSE,Side Effect::C0027497
Compound::DB00887,CcSE,Side Effect::C0151763
Compound::DB01029,CcSE,Side Effect::C0520966
Compound::DB00808,CcSE,Side Effect::C0015230
Compound::DB00672,CcSE,Side Effect::C0020625
Compound::DB00492,CcSE,Side Effect::C0042571
Compound::DB00384,CcSE,Side Effect::C0043352
Compound::DB00700,CcSE,Side Effect::C0020676
Compound::DB00880,CcSE,Side Effect::C0032285
Compound::DB00796,CcSE,Side Effect::C0003467
Compound::DB00887,CcSE,Side Effect::C0011175
Compound::DB01018,CcSE,Side Effect::C0020651
Compound::DB00622,CcSE,Side Effect::C1167965
Compound::DB00590,CcSE,Side Effect::C0267596
Compound::DB01067,CcSE,Side Effect::C0009763
Compound::DB00178,CcSE,Side Effect::C0233414
Compound::DB00973,CcSE,Side Effect::C0009676
Compound::DB00966,CcSE,Side Effect::C0020649
Compound::DB00629,CcSE,Side Effect::C0401013
Compound::DB00275,CcSE,Side Effect::C1443060
Compound::DB00722,CcSE,Side Effect::C0086565
Compound::DB00214,CcSE,Side Effect::C0036974
Compound::DB00641,CcSE,Side Effect::C0151480
Compound::DB01132,CcSE,Side Effect::C0003862
Compound::DB00627,CcSE,Side Effect::C0003862
Compound::DB00700,CcSE,Side Effect::C0948089
Compound::DB00598,CcSE,Side Effect::C0020649
Compound::DB01197,CcSE,Side Effect::C0687713
Compound::DB00331,CcSE,Side Effect::C0011991
Compound::DB00945,CcSE,Side Effect::C0012797
Compound::DB00373,CcSE,Side Effect::C0024440
Compound::DB00270,CcSE,Side Effect::C0267792
Compound::DB00876,CcSE,Side Effect::C1443060
Compound::DB00381,CcSE,Side Effect::C0231528
Compound::DB00695,CcSE,Side Effect::C0041349
Compound::DB00343,CcSE,Side Effect::C0151744
Compound::DB00880,CcSE,Side Effect::C0017979
Compound::DB00678,CcSE,Side Effect::C0017979
Compound::DB01197,CcSE,Side Effect::C0553704
Compound::DB01136,CcSE,Side Effect::C0035067
Compound::DB01115,CcSE,Side Effect::C0009782
Compound::DB00722,CcSE,Side Effect::C0004093
Compound::DB00876,CcSE,Side Effect::C0700225
Compound::DB00876,CcSE,Side Effect::C0020517
Compound::DB00758,CcSE,Side Effect::C0917801
Compound::DB00887,CcSE,Side Effect::C0020458
Compound::DB01241,CcSE,Side Effect::C2239176
Compound::DB00575,CcSE,Side Effect::C0035455
Compound::DB00641,CcSE,Side Effect::C2239176
Compound::DB00264,CcSE,Side Effect::C0178298
Compound::DB00571,CcSE,Side Effect::C0701811
Compound::DB00575,CcSE,Side Effect::C0011570
Compound::DB00966,CcSE,Side Effect::C0235086
Compound::DB08816,CcSE,Side Effect::C0018681
Compound::DB00700,CcSE,Side Effect::C0018418
Compound::DB00584,CcSE,Side Effect::C0162830
Compound::DB00275,CcSE,Side Effect::C0009450
Compound::DB00790,CcSE,Side Effect::C0041912
Compound::DB00343,CcSE,Side Effect::C0428977
Compound::DB00575,CcSE,Side Effect::C0022107
Compound::DB01115,CcSE,Side Effect::C0042963
Compound::DB00790,CcSE,Side Effect::C0036974
Compound::DB08882,CcSE,Side Effect::C0027441
Compound::DB00790,CcSE,Side Effect::C0040247
Compound::DB00178,CcSE,Side Effect::C0085649
Compound::DB00195,CcSE,Side Effect::C0035455
Compound::DB00519,CcSE,Side Effect::C0265935
Compound::DB00343,CcSE,Side Effect::C0039070
Compound::DB01136,CcSE,Side Effect::C0027796
Compound::DB00178,CcSE,Side Effect::C0017178
Compound::DB00968,CcSE,Side Effect::C0231528
Compound::DB00790,CcSE,Side Effect::C0085605
Compound::DB00774,CcSE,Side Effect::C0020517
Compound::DB01162,CcSE,Side Effect::C0015397
Compound::DB00700,CcSE,Side Effect::C0011603
Compound::DB00641,CcSE,Side Effect::C0233794
Compound::DB00796,CcSE,Side Effect::C0011603
Compound::DB00343,CcSE,Side Effect::C0013491
Compound::DB00519,CcSE,Side Effect::C0018790
Compound::DB00373,CcSE,Side Effect::C0030252
Compound::DB01018,CcSE,Side Effect::C0037763
Compound::DB00700,CcSE,Side Effect::C0855242
Compound::DB01029,CcSE,Side Effect::C0038454
Compound::DB00187,CcSE,Side Effect::C0013491
Compound::DB00584,CcSE,Side Effect::C0235431
Compound::DB01200,CcSE,Side Effect::C0011991
Compound::DB00584,CcSE,Side Effect::C0948089
Compound::DB00343,CcSE,Side Effect::C0442874
Compound::DB00590,CcSE,Side Effect::C0042029
Compound::DB00774,CcSE,Side Effect::C0262988
Compound::DB01197,CcSE,Side Effect::C0030805
Compound::DB01200,CcSE,Side Effect::C0020651
Compound::DB00524,CcSE,Side Effect::C0242350
Compound::DB00492,CcSE,Side Effect::C0853619
Compound::DB00722,CcSE,Side Effect::C0268000
Compound::DB00178,CcSE,Side Effect::C0700590
Compound::DB00575,CcSE,Side Effect::C0020517
Compound::DB00542,CcSE,Side Effect::C0030305
Compound::DB00492,CcSE,Side Effect::C2830004
Compound::DB01018,CcSE,Side Effect::C0242350
Compound::DB00641,CcSE,Side Effect::C0038999
Compound::DB08860,CcSE,Side Effect::C0027121
Compound::DB00264,CcSE,Side Effect::C0013404
Compound::DB00421,CcSE,Side Effect::C2225524
Compound::DB08816,CcSE,Side Effect::C0037274
Compound::DB00808,CcSE,Side Effect::C2047937
Compound::DB00270,CcSE,Side Effect::C0151766
Compound::DB00758,CcSE,Side Effect::C0003467
Compound::DB01200,CcSE,Side Effect::C0917801
Compound::DB00373,CcSE,Side Effect::C0015967
Compound::DB00590,CcSE,Side Effect::C0040822
Compound::DB00999,CcSE,Side Effect::C2047937
Compound::DB00195,CcSE,Side Effect::C0002622
Compound::DB00310,CcSE,Side Effect::C0232492
Compound::DB01275,CcSE,Side Effect::C0018939
Compound::DB00629,CcSE,Side Effect::C0151825
Compound::DB01136,CcSE,Side Effect::C0002874
Compound::DB00695,CcSE,Side Effect::C0042571
Compound::DB00678,CcSE,Side Effect::C0009763
Compound::DB00264,CcSE,Side Effect::C0013395
Compound::DB00519,CcSE,Side Effect::C0438717
Compound::DB01261,CcSE,Side Effect::C0085649
Compound::DB01029,CcSE,Side Effect::C0242073
Compound::DB00790,CcSE,Side Effect::C0038454
Compound::DB00575,CcSE,Side Effect::C0857083
Compound::DB00590,CcSE,Side Effect::C0403673
Compound::DB00571,CcSE,Side Effect::C0007398
Compound::DB00641,CcSE,Side Effect::C0042384
Compound::DB00695,CcSE,Side Effect::C0033774
Compound::DB00758,CcSE,Side Effect::C0033774
Compound::DB00401,CcSE,Side Effect::C0011124
Compound::DB00796,CcSE,Side Effect::C0001925
Compound::DB00590,CcSE,Side Effect::C0042023
Compound::DB00331,CcSE,Side Effect::C0149931
Compound::DB00790,CcSE,Side Effect::C0231528
Compound::DB00973,CcSE,Side Effect::C0021368
Compound::DB00774,CcSE,Side Effect::C0002874
Compound::DB00594,CcSE,Side Effect::C0002170
Compound::DB00571,CcSE,Side Effect::C0000729
Compound::DB00343,CcSE,Side Effect::C0041657
Compound::DB01203,CcSE,Side Effect::C0015967
Compound::DB00575,CcSE,Side Effect::C0011616
Compound::DB00960,CcSE,Side Effect::C0231528
Compound::DB01136,CcSE,Side Effect::C0039231
Compound::DB00876,CcSE,Side Effect::C0011849
Compound::DB01023,CcSE,Side Effect::C0002994
Compound::DB00790,CcSE,Side Effect::C2047937
Compound::DB01023,CcSE,Side Effect::C0010200
Compound::DB00492,CcSE,Side Effect::C0011991
Compound::DB00590,CcSE,Side Effect::C0011991
Compound::DB00796,CcSE,Side Effect::C0015230
Compound::DB01067,CcSE,Side Effect::C0151763
Compound::DB00590,CcSE,Side Effect::C0235901
Compound::DB00222,CcSE,Side Effect::C0020538
Compound::DB00275,CcSE,Side Effect::C0231528
Compound::DB01132,CcSE,Side Effect::C0948089
Compound::DB00343,CcSE,Side Effect::C0151436
Compound::DB01132,CcSE,Side Effect::C0948594
Compound::DB00880,CcSE,Side Effect::C0027707
Compound::DB00722,CcSE,Side Effect::C0021141
Compound::DB00187,CcSE,Side Effect::C0020458
Compound::DB00722,CcSE,Side Effect::C0019079
Compound::DB01197,CcSE,Side Effect::C0008370
Compound::DB00264,CcSE,Side Effect::C0035455
Compound::DB00264,CcSE,Side Effect::C0232492
Compound::DB00222,CcSE,Side Effect::C2939465
Compound::DB00222,CcSE,Side Effect::C0020433
Compound::DB00839,CcSE,Side Effect::C0018681
Compound::DB00661,CcSE,Side Effect::C0428977
Compound::DB00575,CcSE,Side Effect::C0037274
Compound::DB00695,CcSE,Side Effect::C0013144
Compound::DB00227,CcSE,Side Effect::C0002792
Compound::DB00195,CcSE,Side Effect::C0015967
Compound::DB00206,CcSE,Side Effect::C0043094
Compound::DB00629,CcSE,Side Effect::C0037274
Compound::DB01023,CcSE,Side Effect::C0015672
Compound::DB00175,CcSE,Side Effect::C0011991
Compound::DB00695,CcSE,Side Effect::C0030193
Compound::DB00310,CcSE,Side Effect::C0037763
Compound::DB00227,CcSE,Side Effect::C0027497
Compound::DB00999,CcSE,Side Effect::C3665347
Compound::DB00373,CcSE,Side Effect::C0038454
Compound::DB00195,CcSE,Side Effect::C0039070
Compound::DB01200,CcSE,Side Effect::C0027497
Compound::DB00195,CcSE,Side Effect::C0009759
Compound::DB00373,CcSE,Side Effect::C0030554
Compound::DB00270,CcSE,Side Effect::C0002994
Compound::DB00381,CcSE,Side Effect::C0085632
Compound::DB00880,CcSE,Side Effect::C0020649
Compound::DB00381,CcSE,Side Effect::C0011849
Compound::DB00700,CcSE,Side Effect::C0011849
Compound::DB00800,CcSE,Side Effect::C0151539
Compound::DB00695,CcSE,Side Effect::C0030305
Compound::DB00808,CcSE,Side Effect::C0151636
Compound::DB00264,CcSE,Side Effect::C0006145
Compound::DB00331,CcSE,Side Effect::C0039070
Compound::DB00178,CcSE,Side Effect::C0085661
Compound::DB00177,CcSE,Side Effect::C0013604
Compound::DB00774,CcSE,Side Effect::C1291078
Compound::DB00973,CcSE,Side Effect::C0014457
Compound::DB01016,CcSE,Side Effect::C0023530
Compound::DB01124,CcSE,Side Effect::C0151474
Compound::DB00627,CcSE,Side Effect::C0231530
Compound::DB00584,CcSE,Side Effect::C0043352
Compound::DB00790,CcSE,Side Effect::C0232462
Compound::DB01136,CcSE,Side Effect::C0015672
Compound::DB00177,CcSE,Side Effect::C0232492
Compound::DB00758,CcSE,Side Effect::C0015402
Compound::DB00492,CcSE,Side Effect::C0009917
Compound::DB00629,CcSE,Side Effect::C0027497
Compound::DB01039,CcSE,Side Effect::C0851341
Compound::DB01193,CcSE,Side Effect::C2363731
Compound::DB01136,CcSE,Side Effect::C1368065
Compound::DB00264,CcSE,Side Effect::C0034642
Compound::DB00381,CcSE,Side Effect::C0518015
Compound::DB00641,CcSE,Side Effect::C0012833
Compound::DB00968,CcSE,Side Effect::C0020514
Compound::DB00641,CcSE,Side Effect::C0004093
Compound::DB00999,CcSE,Side Effect::C1443060
Compound::DB00876,CcSE,Side Effect::C0521839
Compound::DB00796,CcSE,Side Effect::C0018801
Compound::DB01275,CcSE,Side Effect::C0015300
Compound::DB00222,CcSE,Side Effect::C0235369
Compound::DB01083,CcSE,Side Effect::C0699744
Compound::DB01067,CcSE,Side Effect::C0234215
Compound::DB01275,CcSE,Side Effect::C0030554
Compound::DB00310,CcSE,Side Effect::C0232462
Compound::DB00373,CcSE,Side Effect::C0549373
Compound::DB01124,CcSE,Side Effect::C0232459
Compound::DB00227,CcSE,Side Effect::C0040034
Compound::DB00790,CcSE,Side Effect::C0012833
Compound::DB00790,CcSE,Side Effect::C0178298
Compound::DB00275,CcSE,Side Effect::C0853034
Compound::DB01039,CcSE,Side Effect::C0003811
Compound::DB00331,CcSE,Side Effect::C0013456
Compound::DB01200,CcSE,Side Effect::C0035357
Compound::DB00999,CcSE,Side Effect::C0038435
Compound::DB00343,CcSE,Side Effect::C0011616
Compound::DB00373,CcSE,Side Effect::C0392163
Compound::DB00270,CcSE,Side Effect::C0027769
Compound::DB01029,CcSE,Side Effect::C0233459
Compound::DB01203,CcSE,Side Effect::C0542175
Compound::DB01124,CcSE,Side Effect::C0002874
Compound::DB01241,CcSE,Side Effect::C0687133
Compound::DB01124,CcSE,Side Effect::C0000731
Compound::DB00519,CcSE,Side Effect::C0042571
Compound::DB00373,CcSE,Side Effect::C0003467
Compound::DB00401,CcSE,Side Effect::C0013378
Compound::DB00524,CcSE,Side Effect::C0002871
Compound::DB00808,CcSE,Side Effect::C0041969
Compound::DB00839,CcSE,Side Effect::C0030312
Compound::DB00695,CcSE,Side Effect::C0085632
Compound::DB00222,CcSE,Side Effect::C0020458
Compound::DB01136,CcSE,Side Effect::C0027424
Compound::DB01115,CcSE,Side Effect::C0022904
Compound::DB00594,CcSE,Side Effect::C0010200
Compound::DB00800,CcSE,Side Effect::C0019080
Compound::DB00492,CcSE,Side Effect::C0030554
Compound::DB00678,CcSE,Side Effect::C0231749
Compound::DB00284,CcSE,Side Effect::C0239571
Compound::DB01120,CcSE,Side Effect::C0853692
Compound::DB00912,CcSE,Side Effect::C0014742
Compound::DB01203,CcSE,Side Effect::C0041657
Compound::DB00195,CcSE,Side Effect::C0231218
Compound::DB00373,CcSE,Side Effect::C0025061
Compound::DB00758,CcSE,Side Effect::C0041969
Compound::DB00492,CcSE,Side Effect::C0037317
Compound::DB01120,CcSE,Side Effect::C0085649
Compound::DB01132,CcSE,Side Effect::C0002994
Compound::DB00876,CcSE,Side Effect::C0035067
Compound::DB00175,CcSE,Side Effect::C0016382
Compound::DB00401,CcSE,Side Effect::C0033774
Compound::DB00700,CcSE,Side Effect::C0232807
Compound::DB01120,CcSE,Side Effect::C0013144
Compound::DB01115,CcSE,Side Effect::C0043094
Compound::DB00175,CcSE,Side Effect::C0085605
Compound::DB00519,CcSE,Side Effect::C0700200
Compound::DB01120,CcSE,Side Effect::C0011630
Compound::DB00758,CcSE,Side Effect::C0016204
Compound::DB00968,CcSE,Side Effect::C0004936
Compound::DB00695,CcSE,Side Effect::C0039971
Compound::DB00695,CcSE,Side Effect::C0020295
Compound::DB01241,CcSE,Side Effect::C0013604
Compound::DB00412,CcSE,Side Effect::C0012833
Compound::DB00695,CcSE,Side Effect::C0042075
Compound::DB00627,CcSE,Side Effect::C0086565
Compound::DB00808,CcSE,Side Effect::C0948594
Compound::DB00960,CcSE,Side Effect::C0220870
Compound::DB00678,CcSE,Side Effect::C0700225
Compound::DB00275,CcSE,Side Effect::C0036974
Compound::DB00590,CcSE,Side Effect::C0019348
Compound::DB01241,CcSE,Side Effect::C0011570
Compound::DB00887,CcSE,Side Effect::C0033774
Compound::DB00584,CcSE,Side Effect::C0011570
Compound::DB00722,CcSE,Side Effect::C0151539
Compound::DB00575,CcSE,Side Effect::C0855246
Compound::DB01162,CcSE,Side Effect::C0002962
Compound::DB00722,CcSE,Side Effect::C0311220
Compound::DB00876,CcSE,Side Effect::C0231218
Compound::DB01132,CcSE,Side Effect::C0178298
Compound::DB00808,CcSE,Side Effect::C0392176
Compound::DB00590,CcSE,Side Effect::C1368065
Compound::DB00175,CcSE,Side Effect::C0015672
Compound::DB00187,CcSE,Side Effect::C0018681
Compound::DB00214,CcSE,Side Effect::C0917801
Compound::DB00590,CcSE,Side Effect::C0027339
Compound::DB01275,CcSE,Side Effect::C0016382
Compound::DB00629,CcSE,Side Effect::C0392025
Compound::DB00808,CcSE,Side Effect::C0042963
Compound::DB01203,CcSE,Side Effect::C0001339
Compound::DB01029,CcSE,Side Effect::C0009806
Compound::DB00195,CcSE,Side Effect::C0687707
Compound::DB01136,CcSE,Side Effect::C0267821
Compound::DB00343,CcSE,Side Effect::C0003811
Compound::DB01132,CcSE,Side Effect::C0037199
Compound::DB00343,CcSE,Side Effect::C0151717
Compound::DB00275,CcSE,Side Effect::C0015672
Compound::DB00722,CcSE,Side Effect::C0008031
Compound::DB00401,CcSE,Side Effect::C0034642
Compound::DB00672,CcSE,Side Effect::C0268000
Compound::DB00966,CcSE,Side Effect::C0235750
Compound::DB01083,CcSE,Side Effect::C0004936
Compound::DB00177,CcSE,Side Effect::C1800706
Compound::DB00373,CcSE,Side Effect::C0013404
Compound::DB00575,CcSE,Side Effect::C0242184
Compound::DB00195,CcSE,Side Effect::C0002170
Compound::DB01136,CcSE,Side Effect::C0581164
Compound::DB00575,CcSE,Side Effect::C0011206
Compound::DB00222,CcSE,Side Effect::C0235546
Compound::DB08816,CcSE,Side Effect::C0013491
Compound::DB01197,CcSE,Side Effect::C0038454
Compound::DB00839,CcSE,Side Effect::C0012833
Compound::DB01193,CcSE,Side Effect::C0021775
Compound::DB01241,CcSE,Side Effect::C0086543
Compound::DB00661,CcSE,Side Effect::C0033774
Compound::DB00808,CcSE,Side Effect::C0000737
Compound::DB01197,CcSE,Side Effect::C1390484
Compound::DB00195,CcSE,Side Effect::C0008031
Compound::DB00700,CcSE,Side Effect::C0018965
Compound::DB00401,CcSE,Side Effect::C0043096
Compound::DB00641,CcSE,Side Effect::C0028084
Compound::DB01136,CcSE,Side Effect::C0011175
Compound::DB00187,CcSE,Side Effect::C0232462
Compound::DB00373,CcSE,Side Effect::C0040264
Compound::DB01120,CcSE,Side Effect::C0404521
Compound::DB00195,CcSE,Side Effect::C0020621
Compound::DB00876,CcSE,Side Effect::C0020651
Compound::DB00373,CcSE,Side Effect::C0042109
Compound::DB00695,CcSE,Side Effect::C0018681
Compound::DB00678,CcSE,Side Effect::C0021400
Compound::DB00584,CcSE,Side Effect::C0017566
Compound::DB00175,CcSE,Side Effect::C0019158
Compound::DB01029,CcSE,Side Effect::C0040034
Compound::DB00973,CcSE,Side Effect::C0010200
Compound::DB00270,CcSE,Side Effect::C0004604
Compound::DB01083,CcSE,Side Effect::C0027497
Compound::DB01098,CcSE,Side Effect::C3263723
Compound::DB01193,CcSE,Side Effect::C0042571
Compound::DB01359,CcSE,Side Effect::C0085633
Compound::DB00800,CcSE,Side Effect::C0233494
Compound::DB00264,CcSE,Side Effect::C0011849
Compound::DB01120,CcSE,Side Effect::C0151825
Compound::DB01018,CcSE,Side Effect::C0042963
Compound::DB00492,CcSE,Side Effect::C0009676
Compound::DB00524,CcSE,Side Effect::C0151723
Compound::DB00622,CcSE,Side Effect::C3665386
Compound::DB00774,CcSE,Side Effect::C0034150
Compound::DB00571,CcSE,Side Effect::C0009806
Compound::DB00999,CcSE,Side Effect::C0014868
Compound::DB00590,CcSE,Side Effect::C2047937
Compound::DB00594,CcSE,Side Effect::C0007859
Compound::DB00627,CcSE,Side Effect::C0035410
Compound::DB00436,CcSE,Side Effect::C0040034
Compound::DB00373,CcSE,Side Effect::C0858678
Compound::DB00722,CcSE,Side Effect::C0221269
Compound::DB00584,CcSE,Side Effect::C0038454
Compound::DB01275,CcSE,Side Effect::C0032541
Compound::DB00177,CcSE,Side Effect::C0948594
Compound::DB01120,CcSE,Side Effect::C0040261
Compound::DB00343,CcSE,Side Effect::C0233472
Compound::DB00629,CcSE,Side Effect::C0546884
Compound::DB00195,CcSE,Side Effect::C0006266
Compound::DB00381,CcSE,Side Effect::C0042035
Compound::DB01200,CcSE,Side Effect::C0235896
Compound::DB01241,CcSE,Side Effect::C0030305
Compound::DB01120,CcSE,Side Effect::C0085605
Compound::DB04861,CcSE,Side Effect::C0042571
Compound::DB00222,CcSE,Side Effect::C0023530
Compound::DB00178,CcSE,Side Effect::C0013378
Compound::DB00195,CcSE,Side Effect::C0151736
Compound::DB01029,CcSE,Side Effect::C0151539
Compound::DB00678,CcSE,Side Effect::C0231218
Compound::DB00641,CcSE,Side Effect::C3267047
Compound::DB00912,CcSE,Side Effect::C0020538
Compound::DB01244,CcSE,Side Effect::C0038990
Compound::DB01203,CcSE,Side Effect::C0232487
Compound::DB00695,CcSE,Side Effect::C0020456
Compound::DB00264,CcSE,Side Effect::C0018801
Compound::DB00187,CcSE,Side Effect::C0012833
Compound::DB00796,CcSE,Side Effect::C0027947
Compound::DB00808,CcSE,Side Effect::C0027765
Compound::DB00973,CcSE,Side Effect::C1443060
Compound::DB00999,CcSE,Side Effect::C0017152
Compound::DB00590,CcSE,Side Effect::C0012569
Compound::DB00722,CcSE,Side Effect::C0033860
Compound::DB00195,CcSE,Side Effect::C0037036
Compound::DB01029,CcSE,Side Effect::C0010200
Compound::DB00571,CcSE,Side Effect::C0003834
Compound::DB01275,CcSE,Side Effect::C0037763
Compound::DB00775,CcSE,Side Effect::C0018681
Compound::DB01136,CcSE,Side Effect::C1443060
Compound::DB01241,CcSE,Side Effect::C0853034
Compound::DB04861,CcSE,Side Effect::C0687713
Compound::DB00695,CcSE,Side Effect::C0027497
Compound::DB01098,CcSE,Side Effect::C0018681
Compound::DB00622,CcSE,Side Effect::C1443060
Compound::DB00881,CcSE,Side Effect::C0002994
Compound::DB01067,CcSE,Side Effect::C0012569
Compound::DB00598,CcSE,Side Effect::C0858678
Compound::DB00627,CcSE,Side Effect::C0016382
Compound::DB00678,CcSE,Side Effect::C0030196
Compound::DB00695,CcSE,Side Effect::C0038999
Compound::DB00790,CcSE,Side Effect::C0023530
Compound::DB00264,CcSE,Side Effect::C0004093
Compound::DB00700,CcSE,Side Effect::C0033687
Compound::DB00678,CcSE,Side Effect::C0030305
Compound::DB00412,CcSE,Side Effect::C0020538
Compound::DB01275,CcSE,Side Effect::C0423153
Compound::DB00590,CcSE,Side Effect::C0035243
Compound::DB01018,CcSE,Side Effect::C0011168
Compound::DB00678,CcSE,Side Effect::C0016382
Compound::DB00457,CcSE,Side Effect::C1443060
Compound::DB00775,CcSE,Side Effect::C0085593
Compound::DB00590,CcSE,Side Effect::C0036974
Compound::DB00343,CcSE,Side Effect::C0948089
Compound::DB01029,CcSE,Side Effect::C0522035
Compound::DB00695,CcSE,Side Effect::C0302295
Compound::DB00758,CcSE,Side Effect::C0018681
Compound::DB01162,CcSE,Side Effect::C0037011
Compound::DB00880,CcSE,Side Effect::C0041349
Compound::DB00187,CcSE,Side Effect::C0031350
Compound::DB01029,CcSE,Side Effect::C0042029
Compound::DB00758,CcSE,Side Effect::C0341245
Compound::DB00492,CcSE,Side Effect::C0020461
Compound::DB01029,CcSE,Side Effect::C0851578
Compound::DB01039,CcSE,Side Effect::C0162429
Compound::DB00627,CcSE,Side Effect::C0041834
Compound::DB01029,CcSE,Side Effect::C0541832
Compound::DB01039,CcSE,Side Effect::C0027051
Compound::DB01115,CcSE,Side Effect::C1306341
Compound::DB00678,CcSE,Side Effect::C0038990
Compound::DB00966,CcSE,Side Effect::C0000737
Compound::DB00622,CcSE,Side Effect::C0030193
Compound::DB00695,CcSE,Side Effect::C0235431
Compound::DB00177,CcSE,Side Effect::C0022660
Compound::DB00195,CcSE,Side Effect::C0151601
Compound::DB01241,CcSE,Side Effect::C0039070
Compound::DB00575,CcSE,Side Effect::C0023218
Compound::DB00678,CcSE,Side Effect::C0034063
Compound::DB01275,CcSE,Side Effect::C0019209
Compound::DB01067,CcSE,Side Effect::C3665347
Compound::DB00627,CcSE,Side Effect::C0033575
Compound::DB00876,CcSE,Side Effect::C0006277
Compound::DB00999,CcSE,Side Effect::C0042109
Compound::DB00903,CcSE,Side Effect::C0011053
Compound::DB01197,CcSE,Side Effect::C0033774
Compound::DB00808,CcSE,Side Effect::C0281981
Compound::DB01029,CcSE,Side Effect::C0020651
Compound::DB00700,CcSE,Side Effect::C0178298
Compound::DB01244,CcSE,Side Effect::C0040264
Compound::DB00177,CcSE,Side Effect::C0020625
Compound::DB00222,CcSE,Side Effect::C0020625
Compound::DB01083,CcSE,Side Effect::C0235315
Compound::DB01067,CcSE,Side Effect::C0033774
Compound::DB00491,CcSE,Side Effect::C0267373
Compound::DB01136,CcSE,Side Effect::C0013395
Compound::DB00492,CcSE,Side Effect::C0030252
Compound::DB00629,CcSE,Side Effect::C0013395
Compound::DB00590,CcSE,Side Effect::C0022650
Compound::DB00678,CcSE,Side Effect::C0037023
Compound::DB01039,CcSE,Side Effect::C0086543
Compound::DB00195,CcSE,Side Effect::C0013378
Compound::DB00275,CcSE,Side Effect::C0020621
Compound::DB00594,CcSE,Side Effect::C0018834
Compound::DB00641,CcSE,Side Effect::C0520463
Compound::DB00519,CcSE,Side Effect::C0030252
Compound::DB01120,CcSE,Side Effect::C2173677
Compound::DB01136,CcSE,Side Effect::C0242350
Compound::DB00519,CcSE,Side Effect::C0151625
Compound::DB00195,CcSE,Side Effect::C0003864
Compound::DB00187,CcSE,Side Effect::C0013378
Compound::DB01016,CcSE,Side Effect::C0022660
Compound::DB00968,CcSE,Side Effect::C0001824
Compound::DB01098,CcSE,Side Effect::C0021400
Compound::DB00598,CcSE,Side Effect::C0030193
Compound::DB00178,CcSE,Side Effect::C0039070
Compound::DB00758,CcSE,Side Effect::C0013491
Compound::DB00590,CcSE,Side Effect::C0018801
Compound::DB01136,CcSE,Side Effect::C0002965
Compound::DB00195,CcSE,Side Effect::C0151463
Compound::DB00968,CcSE,Side Effect::C0014130
Compound::DB01120,CcSE,Side Effect::C0002994
Compound::DB00264,CcSE,Side Effect::C0023066
Compound::DB00275,CcSE,Side Effect::C0549373
Compound::DB00178,CcSE,Side Effect::C0011603
Compound::DB00373,CcSE,Side Effect::C0009676
Compound::DB01039,CcSE,Side Effect::C0242350
Compound::DB00178,CcSE,Side Effect::C0020615
Compound::DB01197,CcSE,Side Effect::C0001824
Compound::DB08860,CcSE,Side Effect::C0687713
Compound::DB00590,CcSE,Side Effect::C0008370
Compound::DB00876,CcSE,Side Effect::C0687713
Compound::DB01018,CcSE,Side Effect::C0231218
Compound::DB00999,CcSE,Side Effect::C0035078
Compound::DB00790,CcSE,Side Effect::C0004093
Compound::DB00641,CcSE,Side Effect::C0151632
Compound::DB00310,CcSE,Side Effect::C0042384
Compound::DB00594,CcSE,Side Effect::C0547030
Compound::DB00310,CcSE,Side Effect::C0034150
Compound::DB01016,CcSE,Side Effect::C0008370
Compound::DB01261,CcSE,Side Effect::C0037274
Compound::DB01193,CcSE,Side Effect::C0600142
Compound::DB01018,CcSE,Side Effect::C0004093
Compound::DB00195,CcSE,Side Effect::C0014518
Compound::DB01083,CcSE,Side Effect::C0012833
Compound::DB00227,CcSE,Side Effect::C0028866
Compound::DB01067,CcSE,Side Effect::C0013595
Compound::DB00264,CcSE,Side Effect::C0007222
Compound::DB00178,CcSE,Side Effect::C0006145
Compound::DB01197,CcSE,Side Effect::C0151480
Compound::DB00695,CcSE,Side Effect::C0026821
Compound::DB01023,CcSE,Side Effect::C0013395
Compound::DB00641,CcSE,Side Effect::C0152027
Compound::DB01241,CcSE,Side Effect::C0178298
Compound::DB00775,CcSE,Side Effect::C0428977
Compound::DB01083,CcSE,Side Effect::C0024050
Compound::DB00206,CcSE,Side Effect::C2830004
Compound::DB00881,CcSE,Side Effect::C0006145
Compound::DB00598,CcSE,Side Effect::C0009806
Compound::DB00401,CcSE,Side Effect::C0011606
Compound::DB00678,CcSE,Side Effect::C0349506
Compound::DB00492,CcSE,Side Effect::C0541799
Compound::DB00876,CcSE,Side Effect::C3665347
Compound::DB00331,CcSE,Side Effect::C0036974
Compound::DB01083,CcSE,Side Effect::C0042075
Compound::DB00492,CcSE,Side Effect::C0231218
Compound::DB00672,CcSE,Side Effect::C0162830
Compound::DB00542,CcSE,Side Effect::C0030807
Compound::DB00310,CcSE,Side Effect::C0014457
Compound::DB01162,CcSE,Side Effect::C0003864
Compound::DB01162,CcSE,Side Effect::C0033117
Compound::DB00790,CcSE,Side Effect::C1112443
Compound::DB00270,CcSE,Side Effect::C0028643
Compound::DB00960,CcSE,Side Effect::C0030193
Compound::DB00187,CcSE,Side Effect::C0005758
Compound::DB00491,CcSE,Side Effect::C0267596
Compound::DB01029,CcSE,Side Effect::C0600142
Compound::DB00275,CcSE,Side Effect::C0339916
Compound::DB00887,CcSE,Side Effect::C0700225
Compound::DB01029,CcSE,Side Effect::C0018808
Compound::DB08860,CcSE,Side Effect::C0751295
Compound::DB01120,CcSE,Side Effect::C0012833
Compound::DB01115,CcSE,Side Effect::C0032343
Compound::DB00571,CcSE,Side Effect::C0035243
Compound::DB00343,CcSE,Side Effect::C2830004
Compound::DB01016,CcSE,Side Effect::C0687713
Compound::DB00275,CcSE,Side Effect::C0235996
Compound::DB00672,CcSE,Side Effect::C0015230
Compound::DB01261,CcSE,Side Effect::C0003862
Compound::DB00195,CcSE,Side Effect::C0409974
Compound::DB00492,CcSE,Side Effect::C0553548
Compound::DB01200,CcSE,Side Effect::C0036572
Compound::DB00401,CcSE,Side Effect::C3665347
Compound::DB01039,CcSE,Side Effect::C0018099
Compound::DB00542,CcSE,Side Effect::C0687713
Compound::DB00695,CcSE,Side Effect::C0085932
Compound::DB00519,CcSE,Side Effect::C0009806
Compound::DB00758,CcSE,Side Effect::C0000731
Compound::DB01016,CcSE,Side Effect::C0034150
Compound::DB00575,CcSE,Side Effect::C0039231
Compound::DB00695,CcSE,Side Effect::C0221185
Compound::DB01275,CcSE,Side Effect::C0085593
Compound::DB00590,CcSE,Side Effect::C0014534
Compound::DB00401,CcSE,Side Effect::C0039520
Compound::DB00575,CcSE,Side Effect::C0853700
Compound::DB00412,CcSE,Side Effect::C0009782
Compound::DB00808,CcSE,Side Effect::C0030554
Compound::DB00722,CcSE,Side Effect::C0020473
Compound::DB00622,CcSE,Side Effect::C0853619
Compound::DB01098,CcSE,Side Effect::C0027765
Compound::DB00695,CcSE,Side Effect::C0000737
Compound::DB01359,CcSE,Side Effect::C0015672
Compound::DB00524,CcSE,Side Effect::C0008031
Compound::DB00808,CcSE,Side Effect::C0687133
Compound::DB01029,CcSE,Side Effect::C0003862
Compound::DB01039,CcSE,Side Effect::C0035078
Compound::DB00790,CcSE,Side Effect::C0002962
Compound::DB01083,CcSE,Side Effect::C0004364
Compound::DB08816,CcSE,Side Effect::C0030554
Compound::DB00373,CcSE,Side Effect::C0018799
Compound::DB00222,CcSE,Side Effect::C0011206
Compound::DB00457,CcSE,Side Effect::C0002962
Compound::DB00331,CcSE,Side Effect::C0080194
Compound::DB00175,CcSE,Side Effect::C0917801
Compound::DB00722,CcSE,Side Effect::C0700225
Compound::DB00195,CcSE,Side Effect::C0235266
Compound::DB00331,CcSE,Side Effect::C0042847
Compound::DB01261,CcSE,Side Effect::C0011991
Compound::DB00222,CcSE,Side Effect::C0001807
Compound::DB00700,CcSE,Side Effect::C0020458
Compound::DB00195,CcSE,Side Effect::C0040053
Compound::DB00808,CcSE,Side Effect::C3665347
Compound::DB00999,CcSE,Side Effect::C3263723
Compound::DB00373,CcSE,Side Effect::C3665386
Compound::DB00627,CcSE,Side Effect::C0002994
Compound::DB00700,CcSE,Side Effect::C0036974
Compound::DB00661,CcSE,Side Effect::C0028738
Compound::DB00492,CcSE,Side Effect::C0010266
Compound::DB00800,CcSE,Side Effect::C0000737
Compound::DB00590,CcSE,Side Effect::C0231218
Compound::DB08816,CcSE,Side Effect::C0019079
Compound::DB01029,CcSE,Side Effect::C2973529
Compound::DB00222,CcSE,Side Effect::C3263723
Compound::DB01083,CcSE,Side Effect::C0156404
Compound::DB00839,CcSE,Side Effect::C0002874
Compound::DB00492,CcSE,Side Effect::C0003123
Compound::DB00384,CcSE,Side Effect::C0020621
Compound::DB00178,CcSE,Side Effect::C0750394
Compound::DB00275,CcSE,Side Effect::C0011849
Compound::DB00275,CcSE,Side Effect::C0149514
Compound::DB00999,CcSE,Side Effect::C0549386
Compound::DB01261,CcSE,Side Effect::C0029408
Compound::DB00195,CcSE,Side Effect::C0017178
Compound::DB00195,CcSE,Side Effect::C0151827
Compound::DB00491,CcSE,Side Effect::C0687713
Compound::DB00519,CcSE,Side Effect::C0917801
Compound::DB00700,CcSE,Side Effect::C0042029
Compound::DB00774,CcSE,Side Effect::C0011991
Compound::DB01261,CcSE,Side Effect::C0267941
Compound::DB00629,CcSE,Side Effect::C0019294
Compound::DB00275,CcSE,Side Effect::C0023530
Compound::DB00373,CcSE,Side Effect::C0264714
Compound::DB00627,CcSE,Side Effect::C0242301
Compound::DB00175,CcSE,Side Effect::C3263723
Compound::DB00195,CcSE,Side Effect::C1260880
Compound::DB00758,CcSE,Side Effect::C0235996
Compound::DB00758,CcSE,Side Effect::C0030193
Compound::DB01200,CcSE,Side Effect::C0004093
Compound::DB01120,CcSE,Side Effect::C0030554
Compound::DB00571,CcSE,Side Effect::C0012833
Compound::DB00264,CcSE,Side Effect::C0003467
Compound::DB00178,CcSE,Side Effect::C0013604
Compound::DB00881,CcSE,Side Effect::C0004093
Compound::DB00195,CcSE,Side Effect::C0021368
Compound::DB08882,CcSE,Side Effect::C0010200
Compound::DB00373,CcSE,Side Effect::C0858635
Compound::DB00672,CcSE,Side Effect::C0021141
Compound::DB01162,CcSE,Side Effect::C0085682
Compound::DB01203,CcSE,Side Effect::C0232462
Compound::DB00381,CcSE,Side Effect::C0008031
Compound::DB00373,CcSE,Side Effect::C0002622
Compound::DB00343,CcSE,Side Effect::C0151736
Compound::DB00284,CcSE,Side Effect::C0042961
Compound::DB01275,CcSE,Side Effect::C0043096
Compound::DB00284,CcSE,Side Effect::C2242588
Compound::DB00966,CcSE,Side Effect::C0041657
Compound::DB00876,CcSE,Side Effect::C0340464
Compound::DB00584,CcSE,Side Effect::C0027769
Compound::DB00421,CcSE,Side Effect::C0006142
Compound::DB00214,CcSE,Side Effect::C0027769
Compound::DB01029,CcSE,Side Effect::C0234233
Compound::DB00790,CcSE,Side Effect::C0037317
Compound::DB00661,CcSE,Side Effect::C0700361
Compound::DB01029,CcSE,Side Effect::C0018834
Compound::DB00758,CcSE,Side Effect::C0020433
Compound::DB00381,CcSE,Side Effect::C0016382
Compound::DB00999,CcSE,Side Effect::C0013428
Compound::DB00195,CcSE,Side Effect::C0859996
Compound::DB00590,CcSE,Side Effect::C1458155
Compound::DB00584,CcSE,Side Effect::C0030554
Compound::DB00999,CcSE,Side Effect::C0022354
Compound::DB00881,CcSE,Side Effect::C0041657
Compound::DB00758,CcSE,Side Effect::C0004936
Compound::DB00722,CcSE,Side Effect::C0023518
Compound::DB01120,CcSE,Side Effect::C0020617
Compound::DB00641,CcSE,Side Effect::C0013604
Compound::DB01115,CcSE,Side Effect::C0020456
Compound::DB00973,CcSE,Side Effect::C0342882
Compound::DB01162,CcSE,Side Effect::C0031350
Compound::DB01120,CcSE,Side Effect::C0006277
Compound::DB01132,CcSE,Side Effect::C0030196
Compound::DB00264,CcSE,Side Effect::C0017086
Compound::DB00264,CcSE,Side Effect::C0011053
Compound::DB00758,CcSE,Side Effect::C0549433
Compound::DB00492,CcSE,Side Effect::C0018524
Compound::DB00641,CcSE,Side Effect::C0011991
Compound::DB00627,CcSE,Side Effect::C0017601
Compound::DB00598,CcSE,Side Effect::C0037284
Compound::DB00695,CcSE,Side Effect::C0349506
Compound::DB00808,CcSE,Side Effect::C0042401
Compound::DB00594,CcSE,Side Effect::C0033774
Compound::DB01241,CcSE,Side Effect::C0855242
Compound::DB01083,CcSE,Side Effect::C0085605
Compound::DB00331,CcSE,Side Effect::C0554309
Compound::DB01067,CcSE,Side Effect::C1321898
Compound::DB00790,CcSE,Side Effect::C1527344
Compound::DB00590,CcSE,Side Effect::C0085580
Compound::DB00584,CcSE,Side Effect::C0151773
Compound::DB00343,CcSE,Side Effect::C0542571
Compound::DB00571,CcSE,Side Effect::C0018524
Compound::DB00373,CcSE,Side Effect::C0035455
Compound::DB00966,CcSE,Side Effect::C0232461
Compound::DB00695,CcSE,Side Effect::C0027765
Compound::DB01197,CcSE,Side Effect::C0853760
Compound::DB01136,CcSE,Side Effect::C0002962
Compound::DB01018,CcSE,Side Effect::C0428977
Compound::DB01275,CcSE,Side Effect::C0086565
Compound::DB00722,CcSE,Side Effect::C0542571
Compound::DB00381,CcSE,Side Effect::C0162429
Compound::DB00598,CcSE,Side Effect::C0018524
Compound::DB08882,CcSE,Side Effect::C0017178
Compound::DB00590,CcSE,Side Effect::C0008031
Compound::DB00177,CcSE,Side Effect::C0085786
Compound::DB01193,CcSE,Side Effect::C0008033
Compound::DB01261,CcSE,Side Effect::C0235431
Compound::DB00641,CcSE,Side Effect::C0026821
Compound::DB01039,CcSE,Side Effect::C0037274
Compound::DB00401,CcSE,Side Effect::C0151636
Compound::DB01193,CcSE,Side Effect::C0018802
Compound::DB00343,CcSE,Side Effect::C0038325
Compound::DB01193,CcSE,Side Effect::C0030193
Compound::DB00421,CcSE,Side Effect::C0014742
Compound::DB00381,CcSE,Side Effect::C0020517
Compound::DB00175,CcSE,Side Effect::C0751295
Compound::DB08816,CcSE,Side Effect::C0151698
Compound::DB01029,CcSE,Side Effect::C0232493
Compound::DB00519,CcSE,Side Effect::C0949070
Compound::DB00343,CcSE,Side Effect::C0231528
Compound::DB00175,CcSE,Side Effect::C0157733
Compound::DB01275,CcSE,Side Effect::C0027813
Compound::DB01261,CcSE,Side Effect::C0004093
Compound::DB00331,CcSE,Side Effect::C0030196
Compound::DB00808,CcSE,Side Effect::C0011603
Compound::DB00722,CcSE,Side Effect::C0026858
Compound::DB01162,CcSE,Side Effect::C0027497
Compound::DB01115,CcSE,Side Effect::C0030193
Compound::DB01162,CcSE,Side Effect::C0162830
Compound::DB00590,CcSE,Side Effect::C0020456
Compound::DB00758,CcSE,Side Effect::C0013295
Compound::DB01039,CcSE,Side Effect::C0021831
Compound::DB00575,CcSE,Side Effect::C0011334
Compound::DB00222,CcSE,Side Effect::C0019158
Compound::DB00731,CcSE,Side Effect::C3263723
Compound::DB00575,CcSE,Side Effect::C0037299
Compound::DB01018,CcSE,Side Effect::C0042571
Compound::DB01162,CcSE,Side Effect::C0042571
Compound::DB00575,CcSE,Side Effect::C1145670
Compound::DB01016,CcSE,Side Effect::C0162830
Compound::DB00678,CcSE,Side Effect::C0004604
Compound::DB00275,CcSE,Side Effect::C0392171
Compound::DB00519,CcSE,Side Effect::C0877266
Compound::DB00999,CcSE,Side Effect::C0027947
Compound::DB00584,CcSE,Side Effect::C0235234
Compound::DB08816,CcSE,Side Effect::C0947999
Compound::DB00876,CcSE,Side Effect::C0015230
Compound::DB01067,CcSE,Side Effect::C0009676
Compound::DB00629,CcSE,Side Effect::C1384353
Compound::DB00275,CcSE,Side Effect::C1291078
Compound::DB00331,CcSE,Side Effect::C2697368
Compound::DB00758,CcSE,Side Effect::C0235490
Compound::DB00999,CcSE,Side Effect::C0002878
Compound::DB01115,CcSE,Side Effect::C2047937
Compound::DB00206,CcSE,Side Effect::C0428977
Compound::DB01067,CcSE,Side Effect::C0020538
Compound::DB00381,CcSE,Side Effect::C0042373
Compound::DB01132,CcSE,Side Effect::C0018681
Compound::DB01115,CcSE,Side Effect::C0162830
Compound::DB00629,CcSE,Side Effect::C0039070
Compound::DB00542,CcSE,Side Effect::C0574067
Compound::DB01136,CcSE,Side Effect::C0151849
Compound::DB01244,CcSE,Side Effect::C0036974
Compound::DB00973,CcSE,Side Effect::C0015967
Compound::DB00887,CcSE,Side Effect::C0018418
Compound::DB01115,CcSE,Side Effect::C0728899
Compound::DB00790,CcSE,Side Effect::C0039070
Compound::DB00227,CcSE,Side Effect::C0028259
Compound::DB00222,CcSE,Side Effect::C0040034
Compound::DB00457,CcSE,Side Effect::C0013404
Compound::DB01023,CcSE,Side Effect::C0038999
Compound::DB00999,CcSE,Side Effect::C0149744
Compound::DB00195,CcSE,Side Effect::C0403632
Compound::DB01197,CcSE,Side Effect::C0015967
Compound::DB00912,CcSE,Side Effect::C0687713
Compound::DB00373,CcSE,Side Effect::C0039070
Compound::DB01197,CcSE,Side Effect::C0332691
Compound::DB00758,CcSE,Side Effect::C1112632
Compound::DB00695,CcSE,Side Effect::C0857353
Compound::DB00999,CcSE,Side Effect::C0014518
Compound::DB00178,CcSE,Side Effect::C0034150
Compound::DB00275,CcSE,Side Effect::C0002878
Compound::DB00412,CcSE,Side Effect::C0853692
Compound::DB00195,CcSE,Side Effect::C0860645
Compound::DB01029,CcSE,Side Effect::C0027441
Compound::DB00695,CcSE,Side Effect::C0042109
Compound::DB00412,CcSE,Side Effect::C0027051
Compound::DB00966,CcSE,Side Effect::C0151908
Compound::DB00887,CcSE,Side Effect::C0012833
Compound::DB00519,CcSE,Side Effect::C0438215
Compound::DB00343,CcSE,Side Effect::C0040264
Compound::DB00575,CcSE,Side Effect::C0855223
Compound::DB00808,CcSE,Side Effect::C0151539
Compound::DB00373,CcSE,Side Effect::C0948294
Compound::DB00758,CcSE,Side Effect::C0042571
Compound::DB01039,CcSE,Side Effect::C0151576
Compound::DB00641,CcSE,Side Effect::C0003467
Compound::DB01098,CcSE,Side Effect::C0006277
Compound::DB00722,CcSE,Side Effect::C0030305
Compound::DB00222,CcSE,Side Effect::C0428977
Compound::DB01120,CcSE,Side Effect::C0151474
Compound::DB01016,CcSE,Side Effect::C0020433
Compound::DB01029,CcSE,Side Effect::C0011603
Compound::DB00968,CcSE,Side Effect::C0234233
Compound::DB01241,CcSE,Side Effect::C0013395
Compound::DB00331,CcSE,Side Effect::C0002962
Compound::DB01136,CcSE,Side Effect::C0241863
Compound::DB00222,CcSE,Side Effect::C0438215
Compound::DB00722,CcSE,Side Effect::C0155626
Compound::DB00722,CcSE,Side Effect::C0017178
Compound::DB00206,CcSE,Side Effect::C0003811
Compound::DB00227,CcSE,Side Effect::C0162830
Compound::DB01275,CcSE,Side Effect::C0033687
Compound::DB01261,CcSE,Side Effect::C0002994
Compound::DB00227,CcSE,Side Effect::C0013395
Compound::DB08816,CcSE,Side Effect::C0017565
Compound::DB00590,CcSE,Side Effect::C0026946
Compound::DB01016,CcSE,Side Effect::C0162429
Compound::DB01115,CcSE,Side Effect::C0028961
Compound::DB00790,CcSE,Side Effect::C0031350
Compound::DB00264,CcSE,Side Effect::C0009676
Compound::DB01115,CcSE,Side Effect::C0015967
Compound::DB00695,CcSE,Side Effect::C0032617
Compound::DB01083,CcSE,Side Effect::C0020517
Compound::DB01203,CcSE,Side Effect::C0917801
Compound::DB00492,CcSE,Side Effect::C0085593
Compound::DB00571,CcSE,Side Effect::C0015230
Compound::DB00678,CcSE,Side Effect::C0040822
Compound::DB00222,CcSE,Side Effect::C0232431
Compound::DB00598,CcSE,Side Effect::C0080274
Compound::DB00722,CcSE,Side Effect::C0042109
Compound::DB00401,CcSE,Side Effect::C0948594
Compound::DB01098,CcSE,Side Effect::C0033774
Compound::DB01136,CcSE,Side Effect::C0206061
Compound::DB01029,CcSE,Side Effect::C0006145
Compound::DB01136,CcSE,Side Effect::C0178298
Compound::DB00796,CcSE,Side Effect::C0002994
Compound::DB00594,CcSE,Side Effect::C0026821
Compound::DB00542,CcSE,Side Effect::C0041657
Compound::DB00492,CcSE,Side Effect::C0855242
Compound::DB00401,CcSE,Side Effect::C0020651
Compound::DB00175,CcSE,Side Effect::C0876973
Compound::DB00492,CcSE,Side Effect::C0546884
Compound::DB01241,CcSE,Side Effect::C0151640
Compound::DB00187,CcSE,Side Effect::C0009806
Compound::DB00519,CcSE,Side Effect::C0002994
Compound::DB00700,CcSE,Side Effect::C0853692
Compound::DB01162,CcSE,Side Effect::C1735601
Compound::DB00641,CcSE,Side Effect::C0011633
Compound::DB00876,CcSE,Side Effect::C0428977
Compound::DB01029,CcSE,Side Effect::C0687133
Compound::DB00629,CcSE,Side Effect::C0549202
Compound::DB00227,CcSE,Side Effect::C0349506
Compound::DB00881,CcSE,Side Effect::C0178298
Compound::DB00373,CcSE,Side Effect::C0003834
Compound::DB00575,CcSE,Side Effect::C0235857
Compound::DB00331,CcSE,Side Effect::C0012833
Compound::DB00598,CcSE,Side Effect::C0022346
Compound::DB00275,CcSE,Side Effect::C0030193
Compound::DB00222,CcSE,Side Effect::C0233414
Compound::DB00264,CcSE,Side Effect::C0344232
Compound::DB00945,CcSE,Side Effect::C0002064
Compound::DB01241,CcSE,Side Effect::C0151576
Compound::DB00641,CcSE,Side Effect::C0235309
Compound::DB00629,CcSE,Side Effect::C0151736
Compound::DB00678,CcSE,Side Effect::C0006277
Compound::DB00999,CcSE,Side Effect::C0027707
Compound::DB00542,CcSE,Side Effect::C0003811
Compound::DB01136,CcSE,Side Effect::C0020458
Compound::DB00264,CcSE,Side Effect::C0006266
Compound::DB01261,CcSE,Side Effect::C0344232
Compound::DB01029,CcSE,Side Effect::C0036974
Compound::DB01132,CcSE,Side Effect::C3665347
Compound::DB08816,CcSE,Side Effect::C0549453
Compound::DB00598,CcSE,Side Effect::C0041657
Compound::DB00178,CcSE,Side Effect::C0349506
Compound::DB08816,CcSE,Side Effect::C0235431
Compound::DB00178,CcSE,Side Effect::C0020458
Compound::DB00343,CcSE,Side Effect::C0392025
Compound::DB00968,CcSE,Side Effect::C0018802
Compound::DB00661,CcSE,Side Effect::C0018790
Compound::DB01029,CcSE,Side Effect::C1142277
Compound::DB00519,CcSE,Side Effect::C0162830
Compound::DB00575,CcSE,Side Effect::C0003811
Compound::DB00227,CcSE,Side Effect::C0234238
Compound::DB00178,CcSE,Side Effect::C0003862
Compound::DB01039,CcSE,Side Effect::C0016204
Compound::DB00519,CcSE,Side Effect::C0041912
Compound::DB00384,CcSE,Side Effect::C0022661
Compound::DB00627,CcSE,Side Effect::C0032617
Compound::DB00695,CcSE,Side Effect::C0235416
Compound::DB00227,CcSE,Side Effect::C0014742
Compound::DB00542,CcSE,Side Effect::C0040264
Compound::DB00796,CcSE,Side Effect::C0018681
Compound::DB00331,CcSE,Side Effect::C0152029
Compound::DB00214,CcSE,Side Effect::C0151595
Compound::DB00381,CcSE,Side Effect::C0085631
Compound::DB00222,CcSE,Side Effect::C0236075
Compound::DB00381,CcSE,Side Effect::C0004238
Compound::DB00876,CcSE,Side Effect::C0009806
Compound::DB00876,CcSE,Side Effect::C0020443
Compound::DB01115,CcSE,Side Effect::C0016382
Compound::DB00575,CcSE,Side Effect::C0027769
Compound::DB00590,CcSE,Side Effect::C0002940
Compound::DB00178,CcSE,Side Effect::C0232462
Compound::DB00876,CcSE,Side Effect::C0085649
Compound::DB00222,CcSE,Side Effect::C0085631
Compound::DB00758,CcSE,Side Effect::C2010560
Compound::DB00999,CcSE,Side Effect::C0010200
Compound::DB01261,CcSE,Side Effect::C0027765
Compound::DB00790,CcSE,Side Effect::C0006145
Compound::DB01193,CcSE,Side Effect::C0235896
Compound::DB00519,CcSE,Side Effect::C0231528
Compound::DB01200,CcSE,Side Effect::C0009676
Compound::DB01120,CcSE,Side Effect::C0231218
Compound::DB01039,CcSE,Side Effect::C0151766
Compound::DB01136,CcSE,Side Effect::C0038325
Compound::DB01124,CcSE,Side Effect::C0027497
Compound::DB00973,CcSE,Side Effect::C0027765
Compound::DB00758,CcSE,Side Effect::C0235560
Compound::DB01029,CcSE,Side Effect::C0342579
Compound::DB08882,CcSE,Side Effect::C0162429
Compound::DB00178,CcSE,Side Effect::C0019158
Compound::DB00695,CcSE,Side Effect::C0012833
Compound::DB00800,CcSE,Side Effect::C0018681
Compound::DB00758,CcSE,Side Effect::C0027947
Compound::DB00695,CcSE,Side Effect::C0260662
Compound::DB00641,CcSE,Side Effect::C0016204
Compound::DB01067,CcSE,Side Effect::C0541900
Compound::DB00641,CcSE,Side Effect::C0345904
Compound::DB00524,CcSE,Side Effect::C0033774
Compound::DB00973,CcSE,Side Effect::C0242350
Compound::DB00960,CcSE,Side Effect::C0242350
Compound::DB00661,CcSE,Side Effect::C0038454
Compound::DB00264,CcSE,Side Effect::C0026858
Compound::DB00722,CcSE,Side Effect::C0013395
Compound::DB01162,CcSE,Side Effect::C0231528
Compound::DB00343,CcSE,Side Effect::C0031117
Compound::DB00412,CcSE,Side Effect::C0085649
Compound::DB00331,CcSE,Side Effect::C0023380
Compound::DB00195,CcSE,Side Effect::C0016382
Compound::DB00695,CcSE,Side Effect::C0009806
Compound::DB00421,CcSE,Side Effect::C0011609
Compound::DB01261,CcSE,Side Effect::C0013395
Compound::DB00700,CcSE,Side Effect::C0034063
Compound::DB01039,CcSE,Side Effect::C0085932
Compound::DB01261,CcSE,Side Effect::C0027769
Compound::DB00641,CcSE,Side Effect::C0162830
Compound::DB01018,CcSE,Side Effect::C0857121
Compound::DB00678,CcSE,Side Effect::C0392176
Compound::DB00999,CcSE,Side Effect::C0850149
Compound::DB00401,CcSE,Side Effect::C0009319
Compound::DB00590,CcSE,Side Effect::C0003862
Compound::DB01120,CcSE,Side Effect::C0004691
Compound::DB00584,CcSE,Side Effect::C0014591
Compound::DB00627,CcSE,Side Effect::C0271051
Compound::DB00876,CcSE,Side Effect::C0020625
Compound::DB00758,CcSE,Side Effect::C0011570
Compound::DB01115,CcSE,Side Effect::C0000737
Compound::DB01018,CcSE,Side Effect::C0151826
Compound::DB08882,CcSE,Side Effect::C0043094
Compound::DB00880,CcSE,Side Effect::C0002170
Compound::DB01120,CcSE,Side Effect::C0008370
Compound::DB00571,CcSE,Side Effect::C0013404
Compound::DB00275,CcSE,Side Effect::C0521839
Compound::DB00722,CcSE,Side Effect::C0948586
Compound::DB00227,CcSE,Side Effect::C0086543
Compound::DB00270,CcSE,Side Effect::C2830004
Compound::DB01115,CcSE,Side Effect::C0085641
Compound::DB00808,CcSE,Side Effect::C3160741
Compound::DB00590,CcSE,Side Effect::C0011124
Compound::DB01120,CcSE,Side Effect::C0547030
Compound::DB08882,CcSE,Side Effect::C0231528
Compound::DB00590,CcSE,Side Effect::C2697368
Compound::DB00343,CcSE,Side Effect::C2973529
Compound::DB00575,CcSE,Side Effect::C0152198
Compound::DB00808,CcSE,Side Effect::C0162830
Compound::DB00381,CcSE,Side Effect::C0004093
Compound::DB00700,CcSE,Side Effect::C0014457
Compound::DB00590,CcSE,Side Effect::C0240717
Compound::DB00880,CcSE,Side Effect::C0042109
Compound::DB00195,CcSE,Side Effect::C0010692
Compound::DB01115,CcSE,Side Effect::C0023222
Compound::DB00343,CcSE,Side Effect::C0012833
Compound::DB00195,CcSE,Side Effect::C0030193
Compound::DB00457,CcSE,Side Effect::C0018524
Compound::DB00343,CcSE,Side Effect::C0003813
Compound::DB01197,CcSE,Side Effect::C2712122
Compound::DB00584,CcSE,Side Effect::C0085605
Compound::DB00945,CcSE,Side Effect::C0013144
Compound::DB00594,CcSE,Side Effect::C0027497
Compound::DB00264,CcSE,Side Effect::C0242461
Compound::DB00584,CcSE,Side Effect::C0011606
Compound::DB00808,CcSE,Side Effect::C0404521
Compound::DB00966,CcSE,Side Effect::C0023895
Compound::DB00590,CcSE,Side Effect::C0235198
Compound::DB00436,CcSE,Side Effect::C1368065
Compound::DB00722,CcSE,Side Effect::C0011175
Compound::DB01115,CcSE,Side Effect::C0020651
Compound::DB00641,CcSE,Side Effect::C0002878
Compound::DB00590,CcSE,Side Effect::C0019270
Compound::DB00590,CcSE,Side Effect::C3665386
Compound::DB00195,CcSE,Side Effect::C0011603
Compound::DB00491,CcSE,Side Effect::C0021933
Compound::DB08816,CcSE,Side Effect::C3160769
Compound::DB00175,CcSE,Side Effect::C0948594
Compound::DB01016,CcSE,Side Effect::C0018834
Compound::DB00973,CcSE,Side Effect::C0042963
Compound::DB01023,CcSE,Side Effect::C0026821
Compound::DB01120,CcSE,Side Effect::C0027497
Compound::DB01023,CcSE,Side Effect::C0085649
Compound::DB00275,CcSE,Side Effect::C0041349
Compound::DB01115,CcSE,Side Effect::C0424790
Compound::DB01200,CcSE,Side Effect::C0023380
Compound::DB00195,CcSE,Side Effect::C0497201
Compound::DB00966,CcSE,Side Effect::C0013595
Compound::DB00790,CcSE,Side Effect::C0013491
Compound::DB00678,CcSE,Side Effect::C0030469
Compound::DB00722,CcSE,Side Effect::C0043144
Compound::DB00401,CcSE,Side Effect::C0016242
Compound::DB08860,CcSE,Side Effect::C2047937
Compound::DB00227,CcSE,Side Effect::C0002622
Compound::DB00966,CcSE,Side Effect::C0232487
Compound::DB00270,CcSE,Side Effect::C0232459
Compound::DB00627,CcSE,Side Effect::C0151603
Compound::DB08816,CcSE,Side Effect::C0004093
Compound::DB00700,CcSE,Side Effect::C0035078
Compound::DB01203,CcSE,Side Effect::C0015230
Compound::DB00999,CcSE,Side Effect::C0036974
Compound::DB00492,CcSE,Side Effect::C0035455
Compound::DB00381,CcSE,Side Effect::C0042109
Compound::DB00436,CcSE,Side Effect::C0011849
Compound::DB01203,CcSE,Side Effect::C0013604
Compound::DB00343,CcSE,Side Effect::C0151205
Compound::DB00542,CcSE,Side Effect::C2830004
Compound::DB01016,CcSE,Side Effect::C0003862
Compound::DB01039,CcSE,Side Effect::C0007222
Compound::DB00177,CcSE,Side Effect::C0917801
Compound::DB01244,CcSE,Side Effect::C0015230
Compound::DB00492,CcSE,Side Effect::C0018790
Compound::DB00678,CcSE,Side Effect::C0039070
Compound::DB00331,CcSE,Side Effect::C0009782
Compound::DB01275,CcSE,Side Effect::C0241705
Compound::DB00264,CcSE,Side Effect::C1306341
Compound::DB00598,CcSE,Side Effect::C0234238
Compound::DB01083,CcSE,Side Effect::C0019158
Compound::DB00945,CcSE,Side Effect::C0302295
Compound::DB00381,CcSE,Side Effect::C0015230
Compound::DB08816,CcSE,Side Effect::C0040797
Compound::DB00796,CcSE,Side Effect::C0017160
Compound::DB00178,CcSE,Side Effect::C0037317
Compound::DB01039,CcSE,Side Effect::C0857256
Compound::DB00187,CcSE,Side Effect::C0002994
Compound::DB00661,CcSE,Side Effect::C0242350
Compound::DB00808,CcSE,Side Effect::C0002962
Compound::DB00584,CcSE,Side Effect::C0948594
Compound::DB00401,CcSE,Side Effect::C1443060
Compound::DB00881,CcSE,Side Effect::C0042963
Compound::DB00373,CcSE,Side Effect::C0235266
Compound::DB00968,CcSE,Side Effect::C0376175
Compound::DB00331,CcSE,Side Effect::C0426576
Compound::DB00796,CcSE,Side Effect::C0162429
Compound::DB00758,CcSE,Side Effect::C0392386
Compound::DB00629,CcSE,Side Effect::C0020651
Compound::DB00343,CcSE,Side Effect::C0036974
Compound::DB00695,CcSE,Side Effect::C0021167
Compound::DB00584,CcSE,Side Effect::C0015672
Compound::DB00222,CcSE,Side Effect::C0015672
Compound::DB00966,CcSE,Side Effect::C0235437
Compound::DB00790,CcSE,Side Effect::C0027051
Compound::DB01115,CcSE,Side Effect::C0018799
Compound::DB00492,CcSE,Side Effect::C0700590
Compound::DB00722,CcSE,Side Effect::C0342257
Compound::DB00590,CcSE,Side Effect::C0231530
Compound::DB00695,CcSE,Side Effect::C0151828
Compound::DB01136,CcSE,Side Effect::C0020538
Compound::DB00492,CcSE,Side Effect::C0006145
Compound::DB00275,CcSE,Side Effect::C0002170
Compound::DB00177,CcSE,Side Effect::C0004093
Compound::DB00629,CcSE,Side Effect::C0009806
Compound::DB01067,CcSE,Side Effect::C0002878
Compound::DB00575,CcSE,Side Effect::C1696574
Compound::DB00808,CcSE,Side Effect::C0016658
Compound::DB01193,CcSE,Side Effect::C2047937
Compound::DB00343,CcSE,Side Effect::C0232487
Compound::DB00598,CcSE,Side Effect::C0700590
Compound::DB00187,CcSE,Side Effect::C0034642
Compound::DB00175,CcSE,Side Effect::C0042571
Compound::DB00881,CcSE,Side Effect::C0027765
Compound::DB00187,CcSE,Side Effect::C0178298
Compound::DB01197,CcSE,Side Effect::C0042384
Compound::DB00542,CcSE,Side Effect::C0038454
Compound::DB01162,CcSE,Side Effect::C0039070
Compound::DB01197,CcSE,Side Effect::C0010200
Compound::DB00808,CcSE,Side Effect::C0011606
Compound::DB00590,CcSE,Side Effect::C0151908
Compound::DB01039,CcSE,Side Effect::C0085649
Compound::DB01023,CcSE,Side Effect::C0917801
Compound::DB00222,CcSE,Side Effect::C0021400
Compound::DB00175,CcSE,Side Effect::C0043096
Compound::DB00457,CcSE,Side Effect::C0030305
Compound::DB00373,CcSE,Side Effect::C0085649
Compound::DB01023,CcSE,Side Effect::C0037763
Compound::DB00968,CcSE,Side Effect::C0015967
Compound::DB00187,CcSE,Side Effect::C0233632
Compound::DB08816,CcSE,Side Effect::C1096225
Compound::DB01018,CcSE,Side Effect::C0233472
Compound::DB00881,CcSE,Side Effect::C0033774
Compound::DB00678,CcSE,Side Effect::C0011603
Compound::DB00999,CcSE,Side Effect::C0015672
Compound::DB00790,CcSE,Side Effect::C0010200
Compound::DB00381,CcSE,Side Effect::C0040264
Compound::DB00722,CcSE,Side Effect::C0021400
Compound::DB08882,CcSE,Side Effect::C0030305
Compound::DB00270,CcSE,Side Effect::C0010200
Compound::DB01193,CcSE,Side Effect::C0919715
Compound::DB00214,CcSE,Side Effect::C0267596
Compound::DB00187,CcSE,Side Effect::C0008033
Compound::DB00519,CcSE,Side Effect::C0003467
Compound::DB01275,CcSE,Side Effect::C0152227
Compound::DB01120,CcSE,Side Effect::C0014742
Compound::DB01203,CcSE,Side Effect::C0428977
Compound::DB01124,CcSE,Side Effect::C0002878
Compound::DB08816,CcSE,Side Effect::C0015397
Compound::DB01136,CcSE,Side Effect::C0011849
Compound::DB01083,CcSE,Side Effect::C0236075
Compound::DB00492,CcSE,Side Effect::C0917801
Compound::DB00808,CcSE,Side Effect::C0020458
Compound::DB01162,CcSE,Side Effect::C0041657
Compound::DB00839,CcSE,Side Effect::C0020615
Compound::DB00457,CcSE,Side Effect::C0023646
Compound::DB00331,CcSE,Side Effect::C0021053
Compound::DB00999,CcSE,Side Effect::C0240464
Compound::DB00264,CcSE,Side Effect::C0020615
Compound::DB00343,CcSE,Side Effect::C0042373
Compound::DB01029,CcSE,Side Effect::C1322281
Compound::DB01162,CcSE,Side Effect::C2830004
Compound::DB00999,CcSE,Side Effect::C0687707
Compound::DB00629,CcSE,Side Effect::C1971624
Compound::DB00373,CcSE,Side Effect::C0042401
Compound::DB00999,CcSE,Side Effect::C0085610
Compound::DB01162,CcSE,Side Effect::C0344232
Compound::DB00999,CcSE,Side Effect::C0011606
Compound::DB01039,CcSE,Side Effect::C0041834
Compound::DB01241,CcSE,Side Effect::C0948594
Compound::DB01029,CcSE,Side Effect::C2047937
Compound::DB00973,CcSE,Side Effect::C0342881
Compound::DB00966,CcSE,Side Effect::C0017152
Compound::DB00808,CcSE,Side Effect::C1306571
Compound::DB00590,CcSE,Side Effect::C0022346
Compound::DB01115,CcSE,Side Effect::C0042571
Compound::DB00999,CcSE,Side Effect::C0004238
Compound::DB00590,CcSE,Side Effect::C0020517
Compound::DB01132,CcSE,Side Effect::C0016204
Compound::DB01083,CcSE,Side Effect::C0234215
Compound::DB00178,CcSE,Side Effect::C0037763
Compound::DB00641,CcSE,Side Effect::C0206062
Compound::DB01115,CcSE,Side Effect::C0005758
Compound::DB00590,CcSE,Side Effect::C0014868
Compound::DB00401,CcSE,Side Effect::C0231218
Compound::DB00575,CcSE,Side Effect::C0015397
Compound::DB00790,CcSE,Side Effect::C0018965
Compound::DB00594,CcSE,Side Effect::C0015672
Compound::DB00722,CcSE,Side Effect::C0041969
Compound::DB00790,CcSE,Side Effect::C0009241
Compound::DB00195,CcSE,Side Effect::C0011570
Compound::DB00575,CcSE,Side Effect::C0002994
Compound::DB00575,CcSE,Side Effect::C0314719
Compound::DB00519,CcSE,Side Effect::C0428282
Compound::DB00457,CcSE,Side Effect::C0428977
Compound::DB01120,CcSE,Side Effect::C0428977
Compound::DB00790,CcSE,Side Effect::C1527407
Compound::DB00381,CcSE,Side Effect::C0232431
Compound::DB01197,CcSE,Side Effect::C0038325
Compound::DB01115,CcSE,Side Effect::C0037763
Compound::DB00641,CcSE,Side Effect::C0004238
Compound::DB01039,CcSE,Side Effect::C0574067
Compound::DB00373,CcSE,Side Effect::C0085636
Compound::DB00264,CcSE,Side Effect::C0349506
Compound::DB00758,CcSE,Side Effect::C0232849
Compound::DB01136,CcSE,Side Effect::C0231218
Compound::DB00343,CcSE,Side Effect::C0041969
Compound::DB00661,CcSE,Side Effect::C0030252
Compound::DB00524,CcSE,Side Effect::C0000731
Compound::DB00700,CcSE,Side Effect::C0700225
Compound::DB00343,CcSE,Side Effect::C0270729
Compound::DB00178,CcSE,Side Effect::C0030807
Compound::DB01120,CcSE,Side Effect::C0234215
Compound::DB00571,CcSE,Side Effect::C0234238
Compound::DB00571,CcSE,Side Effect::C0006266
Compound::DB00722,CcSE,Side Effect::C0038990
Compound::DB00700,CcSE,Side Effect::C1384353
Compound::DB01261,CcSE,Side Effect::C2047937
Compound::DB00381,CcSE,Side Effect::C0009763
Compound::DB00542,CcSE,Side Effect::C0349506
Compound::DB00381,CcSE,Side Effect::C0018681
Compound::DB00968,CcSE,Side Effect::C0160390
Compound::DB00968,CcSE,Side Effect::C0042373
Compound::DB01120,CcSE,Side Effect::C0006826
Compound::DB00270,CcSE,Side Effect::C0278134
Compound::DB01132,CcSE,Side Effect::C0020580
Compound::DB00331,CcSE,Side Effect::C0001122
Compound::DB00758,CcSE,Side Effect::C0030920
Compound::DB00661,CcSE,Side Effect::C0042023
Compound::DB00887,CcSE,Side Effect::C0037763
Compound::DB00966,CcSE,Side Effect::C0015397
Compound::DB01241,CcSE,Side Effect::C0151773
Compound::DB00590,CcSE,Side Effect::C0002170
Compound::DB01193,CcSE,Side Effect::C0025061
Compound::DB00187,CcSE,Side Effect::C0085932
Compound::DB01132,CcSE,Side Effect::C0853034
Compound::DB00195,CcSE,Side Effect::C0022281
Compound::DB00945,CcSE,Side Effect::C0595930
Compound::DB01132,CcSE,Side Effect::C0042571
Compound::DB01200,CcSE,Side Effect::C0235032
Compound::DB00887,CcSE,Side Effect::C0011991
Compound::DB01136,CcSE,Side Effect::C0162429
Compound::DB00758,CcSE,Side Effect::C2939465
Compound::DB01200,CcSE,Side Effect::C0241863
Compound::DB00421,CcSE,Side Effect::C1320835
Compound::DB00436,CcSE,Side Effect::C1291078
Compound::DB01018,CcSE,Side Effect::C0027051
Compound::DB01132,CcSE,Side Effect::C0518988
Compound::DB00672,CcSE,Side Effect::C0162533
Compound::DB00722,CcSE,Side Effect::C0085605
Compound::DB01023,CcSE,Side Effect::C0019559
Compound::DB00373,CcSE,Side Effect::C0033774
Compound::DB08816,CcSE,Side Effect::C0687713
Compound::DB00206,CcSE,Side Effect::C0233494
Compound::DB00973,CcSE,Side Effect::C0030196
Compound::DB01124,CcSE,Side Effect::C0040034
Compound::DB00343,CcSE,Side Effect::C0240735
Compound::DB00641,CcSE,Side Effect::C0009806
Compound::DB00999,CcSE,Side Effect::C0002874
Compound::DB00373,CcSE,Side Effect::C0042571
Compound::DB01132,CcSE,Side Effect::C0020458
Compound::DB00384,CcSE,Side Effect::C0004093
Compound::DB01039,CcSE,Side Effect::C3665386
Compound::DB00227,CcSE,Side Effect::C0026858
Compound::DB00571,CcSE,Side Effect::C0344320
Compound::DB01115,CcSE,Side Effect::C0018418
Compound::DB01115,CcSE,Side Effect::C0031256
Compound::DB00177,CcSE,Side Effect::C0015230
Compound::DB00622,CcSE,Side Effect::C0011603
Compound::DB00492,CcSE,Side Effect::C0013404
Compound::DB01203,CcSE,Side Effect::C0009806
Compound::DB00412,CcSE,Side Effect::C0043094
Compound::DB01241,CcSE,Side Effect::C0004238
Compound::DB00492,CcSE,Side Effect::C0000731
Compound::DB00343,CcSE,Side Effect::C0020517
Compound::DB01136,CcSE,Side Effect::C0043144
Compound::DB00178,CcSE,Side Effect::C0027769
Compound::DB01197,CcSE,Side Effect::C0009676
Compound::DB00722,CcSE,Side Effect::C1260880
Compound::DB00999,CcSE,Side Effect::C0002962
Compound::DB01136,CcSE,Side Effect::C0038999
Compound::DB00968,CcSE,Side Effect::C0919980
Compound::DB00542,CcSE,Side Effect::C0002994
Compound::DB00960,CcSE,Side Effect::C0043094
Compound::DB01197,CcSE,Side Effect::C0036830
Compound::DB01029,CcSE,Side Effect::C0014518
Compound::DB01197,CcSE,Side Effect::C0030305
Compound::DB00973,CcSE,Side Effect::C0009241
Compound::DB00177,CcSE,Side Effect::C0037274
Compound::DB00519,CcSE,Side Effect::C0010200
Compound::DB00227,CcSE,Side Effect::C0542476
Compound::DB01120,CcSE,Side Effect::C0003862
Compound::DB00222,CcSE,Side Effect::C0086525
Compound::DB00790,CcSE,Side Effect::C0041969
Compound::DB00590,CcSE,Side Effect::C1735601
Compound::DB01275,CcSE,Side Effect::C0232462
Compound::DB00575,CcSE,Side Effect::C0030583
Compound::DB00790,CcSE,Side Effect::C0004936
Compound::DB01016,CcSE,Side Effect::C0020625
Compound::DB00310,CcSE,Side Effect::C0022346
Compound::DB00758,CcSE,Side Effect::C1142139
Compound::DB00575,CcSE,Side Effect::C0043094
Compound::DB01023,CcSE,Side Effect::C0014743
Compound::DB08816,CcSE,Side Effect::C0004238
Compound::DB01039,CcSE,Side Effect::C0017160
Compound::DB00195,CcSE,Side Effect::C0231530
Compound::DB00524,CcSE,Side Effect::C0016204
Compound::DB00880,CcSE,Side Effect::C0018965
Compound::DB01241,CcSE,Side Effect::C0022346
Compound::DB01067,CcSE,Side Effect::C0948594
Compound::DB00331,CcSE,Side Effect::C0018834
Compound::DB00421,CcSE,Side Effect::C0017178
Compound::DB00790,CcSE,Side Effect::C0017178
Compound::DB00178,CcSE,Side Effect::C0027765
Compound::DB00722,CcSE,Side Effect::C0019158
Compound::DB01275,CcSE,Side Effect::C0038002
Compound::DB01115,CcSE,Side Effect::C0017565
Compound::DB00519,CcSE,Side Effect::C0002871
Compound::DB01120,CcSE,Side Effect::C1443060
Compound::DB00945,CcSE,Side Effect::C0013404
Compound::DB00264,CcSE,Side Effect::C0700590
Compound::DB01275,CcSE,Side Effect::C0022660
Compound::DB08882,CcSE,Side Effect::C0002792
Compound::DB00629,CcSE,Side Effect::C0020538
Compound::DB00790,CcSE,Side Effect::C1456822
Compound::DB00876,CcSE,Side Effect::C0004096
Compound::DB01132,CcSE,Side Effect::C0000768
Compound::DB00492,CcSE,Side Effect::C0344232
Compound::DB00598,CcSE,Side Effect::C0043387
Compound::DB00584,CcSE,Side Effect::C0035078
Compound::DB00264,CcSE,Side Effect::C0033860
Compound::DB00401,CcSE,Side Effect::C0022573
Compound::DB00214,CcSE,Side Effect::C0023530
Compound::DB00758,CcSE,Side Effect::C0014868
Compound::DB00584,CcSE,Side Effect::C0003811
Compound::DB00401,CcSE,Side Effect::C0271240
Compound::DB01115,CcSE,Side Effect::C0220870
Compound::DB00284,CcSE,Side Effect::C0267792
Compound::DB00175,CcSE,Side Effect::C0409974
Compound::DB00524,CcSE,Side Effect::C0085593
Compound::DB01275,CcSE,Side Effect::C0013404
Compound::DB00195,CcSE,Side Effect::C0011053
Compound::DB00999,CcSE,Side Effect::C0008031
Compound::DB00629,CcSE,Side Effect::C0085649
Compound::DB01018,CcSE,Side Effect::C0042023
Compound::DB00206,CcSE,Side Effect::C0003123
Compound::DB00881,CcSE,Side Effect::C0009450
Compound::DB00412,CcSE,Side Effect::C0027441
Compound::DB00661,CcSE,Side Effect::C0085649
Compound::DB00373,CcSE,Side Effect::C0041834
Compound::DB00678,CcSE,Side Effect::C0018099
Compound::DB00331,CcSE,Side Effect::C0041834
Compound::DB01083,CcSE,Side Effect::C0232488
Compound::DB00575,CcSE,Side Effect::C0009676
Compound::DB00945,CcSE,Side Effect::C0035400
Compound::DB00678,CcSE,Side Effect::C0007642
Compound::DB00401,CcSE,Side Effect::C2047937
Compound::DB00622,CcSE,Side Effect::C0700590
Compound::DB00584,CcSE,Side Effect::C1443060
Compound::DB00381,CcSE,Side Effect::C0022346
Compound::DB00758,CcSE,Side Effect::C0017181
Compound::DB00808,CcSE,Side Effect::C0015672
Compound::DB00722,CcSE,Side Effect::C0851578
Compound::DB00945,CcSE,Side Effect::C0008031
Compound::DB00627,CcSE,Side Effect::C0020649
Compound::DB00401,CcSE,Side Effect::C0011168
Compound::DB00178,CcSE,Side Effect::C0423791
Compound::DB01136,CcSE,Side Effect::C0013604
Compound::DB00700,CcSE,Side Effect::C0042514
Compound::DB00524,CcSE,Side Effect::C0004093
Compound::DB00661,CcSE,Side Effect::C0041657
Compound::DB00808,CcSE,Side Effect::C0022354
Compound::DB00758,CcSE,Side Effect::C0009450
Compound::DB01029,CcSE,Side Effect::C0239488
Compound::DB00876,CcSE,Side Effect::C0948594
Compound::DB00373,CcSE,Side Effect::C0041912
Compound::DB01203,CcSE,Side Effect::C0233407
Compound::DB00629,CcSE,Side Effect::C0014518
Compound::DB00966,CcSE,Side Effect::C0035078
Compound::DB01197,CcSE,Side Effect::C0860433
Compound::DB00594,CcSE,Side Effect::C0004604
Compound::DB01132,CcSE,Side Effect::C0009450
Compound::DB01016,CcSE,Side Effect::C0003123
Compound::DB00584,CcSE,Side Effect::C0015967
Compound::DB00790,CcSE,Side Effect::C0035455
Compound::DB00222,CcSE,Side Effect::C0302295
Compound::DB00722,CcSE,Side Effect::C0086132
Compound::DB00195,CcSE,Side Effect::C0003123
Compound::DB00661,CcSE,Side Effect::C0002170
Compound::DB00412,CcSE,Side Effect::C0034063
Compound::DB00629,CcSE,Side Effect::C0013404
Compound::DB00999,CcSE,Side Effect::C0003862
Compound::DB00999,CcSE,Side Effect::C0001883
Compound::DB00966,CcSE,Side Effect::C0595930
Compound::DB00966,CcSE,Side Effect::C0011991
Compound::DB01244,CcSE,Side Effect::C0233494
Compound::DB00839,CcSE,Side Effect::C0023530
Compound::DB01115,CcSE,Side Effect::C0019158
Compound::DB01203,CcSE,Side Effect::C0547030
Compound::DB00999,CcSE,Side Effect::C0242350
Compound::DB00373,CcSE,Side Effect::C0231528
Compound::DB00960,CcSE,Side Effect::C0037317
Compound::DB00195,CcSE,Side Effect::C0278134
Compound::DB00412,CcSE,Side Effect::C0948594
Compound::DB00808,CcSE,Side Effect::C0034150
Compound::DB01120,CcSE,Side Effect::C1291078
Compound::DB01018,CcSE,Side Effect::C0948089
Compound::DB04861,CcSE,Side Effect::C0085649
Compound::DB00999,CcSE,Side Effect::C0028734
Compound::DB00492,CcSE,Side Effect::C0026821
Compound::DB00758,CcSE,Side Effect::C0039070
Compound::DB00966,CcSE,Side Effect::C0040264
Compound::DB00808,CcSE,Side Effect::C0239375
Compound::DB01244,CcSE,Side Effect::C0035243
Compound::DB00790,CcSE,Side Effect::C0027765
Compound::DB00966,CcSE,Side Effect::C1443060
Compound::DB00264,CcSE,Side Effect::C0233794
Compound::DB01067,CcSE,Side Effect::C0086565
Compound::DB00700,CcSE,Side Effect::C0151578
Compound::DB01136,CcSE,Side Effect::C0037317
Compound::DB00999,CcSE,Side Effect::C1565489
Compound::DB00373,CcSE,Side Effect::C0017178
Compound::DB00175,CcSE,Side Effect::C0948089
Compound::DB00594,CcSE,Side Effect::C0235416
Compound::DB01115,CcSE,Side Effect::C0012569
Compound::DB00722,CcSE,Side Effect::C0042075
Compound::DB00808,CcSE,Side Effect::C0019270
Compound::DB00999,CcSE,Side Effect::C0016382
Compound::DB00519,CcSE,Side Effect::C0013595
Compound::DB00973,CcSE,Side Effect::C0349506
Compound::DB00594,CcSE,Side Effect::C0151786
Compound::DB01039,CcSE,Side Effect::C0029882
Compound::DB01023,CcSE,Side Effect::C0340464
Compound::DB01120,CcSE,Side Effect::C0028643
Compound::DB00678,CcSE,Side Effect::C0035455
Compound::DB00598,CcSE,Side Effect::C0018801
Compound::DB00594,CcSE,Side Effect::C0013404
Compound::DB08860,CcSE,Side Effect::C0022346
Compound::DB00492,CcSE,Side Effect::C0016204
Compound::DB00722,CcSE,Side Effect::C0013595
Compound::DB00584,CcSE,Side Effect::C0026821
Compound::DB00343,CcSE,Side Effect::C0038999
Compound::DB00678,CcSE,Side Effect::C0239521
Compound::DB01120,CcSE,Side Effect::C0020175
Compound::DB00966,CcSE,Side Effect::C0740394
Compound::DB00808,CcSE,Side Effect::C0041349
Compound::DB00542,CcSE,Side Effect::C0022354
Compound::DB01241,CcSE,Side Effect::C0035078
Compound::DB08816,CcSE,Side Effect::C0025061
Compound::DB08860,CcSE,Side Effect::C0000737
Compound::DB00401,CcSE,Side Effect::C3665386
Compound::DB01083,CcSE,Side Effect::C0018939
Compound::DB01029,CcSE,Side Effect::C0020546
Compound::DB01029,CcSE,Side Effect::C1291078
Compound::DB00584,CcSE,Side Effect::C0033774
Compound::DB00343,CcSE,Side Effect::C0000731
Compound::DB00227,CcSE,Side Effect::C0029089
Compound::DB00178,CcSE,Side Effect::C1384666
Compound::DB01120,CcSE,Side Effect::C0003860
Compound::DB00575,CcSE,Side Effect::C0745499
Compound::DB00524,CcSE,Side Effect::C0151908
Compound::DB01029,CcSE,Side Effect::C0042571
Compound::DB00343,CcSE,Side Effect::C0031542
Compound::DB01016,CcSE,Side Effect::C0085932
Compound::DB01261,CcSE,Side Effect::C0037763
Compound::DB00343,CcSE,Side Effect::C2242583
Compound::DB00270,CcSE,Side Effect::C0030252
Compound::DB00790,CcSE,Side Effect::C0038325
Compound::DB01018,CcSE,Side Effect::C0018524
Compound::DB01029,CcSE,Side Effect::C0158369
Compound::DB00187,CcSE,Side Effect::C0151744
Compound::DB00331,CcSE,Side Effect::C3263723
Compound::DB00808,CcSE,Side Effect::C1096355
Compound::DB00758,CcSE,Side Effect::C0014742
Compound::DB00661,CcSE,Side Effect::C0030554
Compound::DB01136,CcSE,Side Effect::C0002994
Compound::DB00492,CcSE,Side Effect::C0042384
Compound::DB00214,CcSE,Side Effect::C0011175
Compound::DB00270,CcSE,Side Effect::C0002962
Compound::DB01261,CcSE,Side Effect::C0877046
Compound::DB00195,CcSE,Side Effect::C0242461
Compound::DB00264,CcSE,Side Effect::C0013604
Compound::DB00187,CcSE,Side Effect::C0220870
Compound::DB00629,CcSE,Side Effect::C0338375
Compound::DB01120,CcSE,Side Effect::C0042769
Compound::DB01193,CcSE,Side Effect::C0013144
Compound::DB00960,CcSE,Side Effect::C0234458
Compound::DB01029,CcSE,Side Effect::C0151576
Compound::DB00492,CcSE,Side Effect::C0035078
Compound::DB00275,CcSE,Side Effect::C0031350
Compound::DB00808,CcSE,Side Effect::C0002874
Compound::DB01197,CcSE,Side Effect::C0034068
Compound::DB01120,CcSE,Side Effect::C0032285
Compound::DB01132,CcSE,Side Effect::C0018799
Compound::DB00641,CcSE,Side Effect::C0349506
Compound::DB00373,CcSE,Side Effect::C0000737
Compound::DB01098,CcSE,Side Effect::C0002622
Compound::DB00960,CcSE,Side Effect::C0018794
Compound::DB00903,CcSE,Side Effect::C0001824
Compound::DB01115,CcSE,Side Effect::C0542571
Compound::DB00222,CcSE,Side Effect::C0041834
Compound::DB01203,CcSE,Side Effect::C0242461
Compound::DB01241,CcSE,Side Effect::C0008325
Compound::DB00695,CcSE,Side Effect::C0038990
Compound::DB01359,CcSE,Side Effect::C0011570
Compound::DB01039,CcSE,Side Effect::C0687707
Compound::DB00876,CcSE,Side Effect::C2830004
Compound::DB01193,CcSE,Side Effect::C0030252
Compound::DB00973,CcSE,Side Effect::C2047937
Compound::DB01039,CcSE,Side Effect::C0027497
Compound::DB00695,CcSE,Side Effect::C0687713
Compound::DB08816,CcSE,Side Effect::C0854107
Compound::DB00175,CcSE,Side Effect::C0014236
Compound::DB00401,CcSE,Side Effect::C0027769
Compound::DB01275,CcSE,Side Effect::C0017658
Compound::DB00264,CcSE,Side Effect::C0037763
Compound::DB08816,CcSE,Side Effect::C0039070
Compound::DB00758,CcSE,Side Effect::C0031117
Compound::DB00966,CcSE,Side Effect::C0016382
Compound::DB01136,CcSE,Side Effect::C0002622
Compound::DB00492,CcSE,Side Effect::C0158369
Compound::DB01162,CcSE,Side Effect::C3665347
Compound::DB00270,CcSE,Side Effect::C0025061
Compound::DB00880,CcSE,Side Effect::C0038325
Compound::DB00808,CcSE,Side Effect::C0020580
Compound::DB01203,CcSE,Side Effect::C0030193
Compound::DB00722,CcSE,Side Effect::C0002962
Compound::DB01120,CcSE,Side Effect::C0018939
Compound::DB01200,CcSE,Side Effect::C2720436
Compound::DB00622,CcSE,Side Effect::C0030252
Compound::DB08816,CcSE,Side Effect::C0002994
Compound::DB00808,CcSE,Side Effect::C0242350
Compound::DB08816,CcSE,Side Effect::C0042963
Compound::DB00695,CcSE,Side Effect::C1167965
Compound::DB01244,CcSE,Side Effect::C0013144
Compound::DB00227,CcSE,Side Effect::C0409974
Compound::DB00627,CcSE,Side Effect::C0877359
Compound::DB01016,CcSE,Side Effect::C0042109
Compound::DB00178,CcSE,Side Effect::C0003864
Compound::DB01018,CcSE,Side Effect::C0231528
Compound::DB01244,CcSE,Side Effect::C0548823
Compound::DB00187,CcSE,Side Effect::C0003123
Compound::DB01083,CcSE,Side Effect::C0020615
Compound::DB00222,CcSE,Side Effect::C0085932
Compound::DB00195,CcSE,Side Effect::C0020676
Compound::DB00381,CcSE,Side Effect::C0234215
Compound::DB00264,CcSE,Side Effect::C0016204
Compound::DB00227,CcSE,Side Effect::C0024141
Compound::DB00678,CcSE,Side Effect::C0014457
Compound::DB00227,CcSE,Side Effect::C0002994
Compound::DB01083,CcSE,Side Effect::C0016204
Compound::DB00774,CcSE,Side Effect::C0030305
Compound::DB00945,CcSE,Side Effect::C0392176
Compound::DB01115,CcSE,Side Effect::C1142412
Compound::DB00695,CcSE,Side Effect::C0027707
Compound::DB01120,CcSE,Side Effect::C0158775
Compound::DB00808,CcSE,Side Effect::C0013404
Compound::DB00731,CcSE,Side Effect::C0043251
Compound::DB01115,CcSE,Side Effect::C0033774
Compound::DB00590,CcSE,Side Effect::C0085631
Compound::DB00790,CcSE,Side Effect::C0027769
Compound::DB00492,CcSE,Side Effect::C0036749
Compound::DB00195,CcSE,Side Effect::C0855242
Compound::DB00519,CcSE,Side Effect::C0013404
Compound::DB01200,CcSE,Side Effect::C0030662
Compound::DB00436,CcSE,Side Effect::C0003123
Compound::DB01241,CcSE,Side Effect::C0009443
Compound::DB00627,CcSE,Side Effect::C0002170
Compound::DB00519,CcSE,Side Effect::C0018926
Compound::DB00590,CcSE,Side Effect::C0234215
Compound::DB01162,CcSE,Side Effect::C0026858
Compound::DB00373,CcSE,Side Effect::C0857305
Compound::DB00381,CcSE,Side Effect::C0029408
Compound::DB00722,CcSE,Side Effect::C0917799
Compound::DB01136,CcSE,Side Effect::C0031350
Compound::DB00629,CcSE,Side Effect::C0948594
Compound::DB00731,CcSE,Side Effect::C0042109
Compound::DB00284,CcSE,Side Effect::C0017178
Compound::DB00492,CcSE,Side Effect::C0038325
Compound::DB00695,CcSE,Side Effect::C0232462
Compound::DB01016,CcSE,Side Effect::C0086565
Compound::DB00808,CcSE,Side Effect::C0020651
Compound::DB00966,CcSE,Side Effect::C0013456
Compound::DB01115,CcSE,Side Effect::C0037274
Compound::DB00206,CcSE,Side Effect::C0013428
Compound::DB01136,CcSE,Side Effect::C0025061
Compound::DB00177,CcSE,Side Effect::C0234987
Compound::DB01029,CcSE,Side Effect::C0020621
Compound::DB00175,CcSE,Side Effect::C0026821
Compound::DB01136,CcSE,Side Effect::C0235876
Compound::DB01162,CcSE,Side Effect::C0036572
Compound::DB00373,CcSE,Side Effect::C0018681
Compound::DB01197,CcSE,Side Effect::C0160390
Compound::DB00661,CcSE,Side Effect::C0042109
Compound::DB00881,CcSE,Side Effect::C0011603
Compound::DB00661,CcSE,Side Effect::C0002962
Compound::DB00270,CcSE,Side Effect::C0085612
Compound::DB00678,CcSE,Side Effect::C0030252
Compound::DB01132,CcSE,Side Effect::C0002871
Compound::DB00598,CcSE,Side Effect::C0013395
Compound::DB00195,CcSE,Side Effect::C0030848
Compound::DB00678,CcSE,Side Effect::C0151539
Compound::DB00790,CcSE,Side Effect::C0404521
Compound::DB00264,CcSE,Side Effect::C0547030
Compound::DB00227,CcSE,Side Effect::C0043352
Compound::DB00590,CcSE,Side Effect::C0034886
Compound::DB01083,CcSE,Side Effect::C0235290
Compound::DB00571,CcSE,Side Effect::C0041834
Compound::DB00629,CcSE,Side Effect::C0041834
Compound::DB01193,CcSE,Side Effect::C0037274
Compound::DB00622,CcSE,Side Effect::C0917798
Compound::DB00678,CcSE,Side Effect::C0221185
Compound::DB01120,CcSE,Side Effect::C0442874
Compound::DB00542,CcSE,Side Effect::C0036974
Compound::DB00876,CcSE,Side Effect::C0039070
Compound::DB00264,CcSE,Side Effect::C0003862
Compound::DB01132,CcSE,Side Effect::C1261989
Compound::DB00575,CcSE,Side Effect::C0030252
Compound::DB00519,CcSE,Side Effect::C0027497
Compound::DB01115,CcSE,Side Effect::C0018802
Compound::DB00206,CcSE,Side Effect::C0013144
Compound::DB00284,CcSE,Side Effect::C0013604
Compound::DB00796,CcSE,Side Effect::C0004936
Compound::DB01098,CcSE,Side Effect::C0235996
Compound::DB00774,CcSE,Side Effect::C0018681
Compound::DB00275,CcSE,Side Effect::C0853692
Compound::DB00524,CcSE,Side Effect::C0086525
Compound::DB00457,CcSE,Side Effect::C0036974
Compound::DB00178,CcSE,Side Effect::C0178298
Compound::DB00758,CcSE,Side Effect::C0151970
Compound::DB00524,CcSE,Side Effect::C0028734
Compound::DB00270,CcSE,Side Effect::C0232462
Compound::DB00421,CcSE,Side Effect::C0002170
Compound::DB00622,CcSE,Side Effect::C0013604
Compound::DB01261,CcSE,Side Effect::C0016204
Compound::DB00678,CcSE,Side Effect::C0013404
Compound::DB01083,CcSE,Side Effect::C0023218
Compound::DB00960,CcSE,Side Effect::C0003467
Compound::DB00876,CcSE,Side Effect::C0017160
Compound::DB00264,CcSE,Side Effect::C0042373
Compound::DB00973,CcSE,Side Effect::C0037199
Compound::DB04861,CcSE,Side Effect::C0004093
Compound::DB08816,CcSE,Side Effect::C0231807
Compound::DB00700,CcSE,Side Effect::C0002994
Compound::DB00629,CcSE,Side Effect::C0041912
Compound::DB01244,CcSE,Side Effect::C0085614
Compound::DB00571,CcSE,Side Effect::C0232462
Compound::DB00722,CcSE,Side Effect::C0392171
Compound::DB00343,CcSE,Side Effect::C0018099
Compound::DB08860,CcSE,Side Effect::C0013395
Compound::DB00590,CcSE,Side Effect::C0151766
Compound::DB00627,CcSE,Side Effect::C0020459
Compound::DB01115,CcSE,Side Effect::C0042401
Compound::DB01120,CcSE,Side Effect::C0392703
Compound::DB00968,CcSE,Side Effect::C0043094
Compound::DB08860,CcSE,Side Effect::C0009806
Compound::DB00678,CcSE,Side Effect::C0022346
Compound::DB01136,CcSE,Side Effect::C2830004
Compound::DB00999,CcSE,Side Effect::C0042029
Compound::DB00790,CcSE,Side Effect::C0151825
Compound::DB01098,CcSE,Side Effect::C0018965
Compound::DB00800,CcSE,Side Effect::C0020651
Compound::DB00177,CcSE,Side Effect::C0042769
Compound::DB00457,CcSE,Side Effect::C0026205
Compound::DB00758,CcSE,Side Effect::C0042384
Compound::DB08860,CcSE,Side Effect::C0027080
Compound::DB00178,CcSE,Side Effect::C0151773
Compound::DB01132,CcSE,Side Effect::C0018802
Compound::DB00519,CcSE,Side Effect::C0027765
Compound::DB01039,CcSE,Side Effect::C0034951
Compound::DB00999,CcSE,Side Effect::C0020458
Compound::DB01018,CcSE,Side Effect::C0042024
Compound::DB01029,CcSE,Side Effect::C0001824
Compound::DB01203,CcSE,Side Effect::C0012833
Compound::DB00177,CcSE,Side Effect::C2830004
Compound::DB00758,CcSE,Side Effect::C0035460
Compound::DB00796,CcSE,Side Effect::C0002871
Compound::DB00758,CcSE,Side Effect::C0023646
Compound::DB00177,CcSE,Side Effect::C0017178
Compound::DB00672,CcSE,Side Effect::C0003123
Compound::DB00310,CcSE,Side Effect::C0020437
Compound::DB00519,CcSE,Side Effect::C0040264
Compound::DB01115,CcSE,Side Effect::C0007859
Compound::DB00722,CcSE,Side Effect::C0428977
Compound::DB01083,CcSE,Side Effect::C1735348
Compound::DB00373,CcSE,Side Effect::C0002170
Compound::DB00373,CcSE,Side Effect::C0002962
Compound::DB00492,CcSE,Side Effect::C0020517
Compound::DB00195,CcSE,Side Effect::C3665386
Compound::DB00945,CcSE,Side Effect::C0009676
Compound::DB00584,CcSE,Side Effect::C0011053
Compound::DB01136,CcSE,Side Effect::C0020649
Compound::DB00627,CcSE,Side Effect::C0855242
Compound::DB01115,CcSE,Side Effect::C0015230
Compound::DB01083,CcSE,Side Effect::C0039503
Compound::DB01016,CcSE,Side Effect::C0015230
Compound::DB00343,CcSE,Side Effect::C1368065
Compound::DB00343,CcSE,Side Effect::C0234133
Compound::DB00187,CcSE,Side Effect::C0027424
Compound::DB00373,CcSE,Side Effect::C1527336
Compound::DB00195,CcSE,Side Effect::C0314719
Compound::DB00343,CcSE,Side Effect::C0037199
Compound::DB00661,CcSE,Side Effect::C1258215
Compound::DB01136,CcSE,Side Effect::C0231528
Compound::DB00808,CcSE,Side Effect::C0010692
Compound::DB00222,CcSE,Side Effect::C0037822
Compound::DB00457,CcSE,Side Effect::C0033117
Compound::DB00222,CcSE,Side Effect::C0020517
Compound::DB01132,CcSE,Side Effect::C0027765
Compound::DB00999,CcSE,Side Effect::C0020473
Compound::DB00275,CcSE,Side Effect::C0949691
Compound::DB01120,CcSE,Side Effect::C0221395
Compound::DB00973,CcSE,Side Effect::C0948594
Compound::DB00722,CcSE,Side Effect::C0013428
Compound::DB00966,CcSE,Side Effect::C0267792
Compound::DB00661,CcSE,Side Effect::C0023066
Compound::DB00722,CcSE,Side Effect::C0015230
Compound::DB00571,CcSE,Side Effect::C0009450
Compound::DB01029,CcSE,Side Effect::C0151786
Compound::DB01136,CcSE,Side Effect::C1456784
Compound::DB01244,CcSE,Side Effect::C0038826
Compound::DB00796,CcSE,Side Effect::C0020456
Compound::DB00275,CcSE,Side Effect::C0151905
Compound::DB00343,CcSE,Side Effect::C0085633
Compound::DB00999,CcSE,Side Effect::C0151905
Compound::DB01197,CcSE,Side Effect::C0040034
Compound::DB01193,CcSE,Side Effect::C0857305
Compound::DB01200,CcSE,Side Effect::C0948595
Compound::DB00627,CcSE,Side Effect::C0870082
Compound::DB01200,CcSE,Side Effect::C0264545
Compound::DB00178,CcSE,Side Effect::C0023518
Compound::DB00661,CcSE,Side Effect::C0038990
Compound::DB00968,CcSE,Side Effect::C0018681
Compound::DB00571,CcSE,Side Effect::C0017178
Compound::DB00590,CcSE,Side Effect::C0085633
Compound::DB01016,CcSE,Side Effect::C0162533
Compound::DB00178,CcSE,Side Effect::C0013395
Compound::DB00421,CcSE,Side Effect::C0020517
Compound::DB00629,CcSE,Side Effect::C0026821
Compound::DB00524,CcSE,Side Effect::C0220870
Compound::DB00373,CcSE,Side Effect::C0043096
Compound::DB00384,CcSE,Side Effect::C0012833
Compound::DB00966,CcSE,Side Effect::C0020651
Compound::DB00790,CcSE,Side Effect::C0042267
Compound::DB00178,CcSE,Side Effect::C0151744
Compound::DB00881,CcSE,Side Effect::C0030554
Compound::DB01023,CcSE,Side Effect::C0012833
Compound::DB01197,CcSE,Side Effect::C0019158
Compound::DB01124,CcSE,Side Effect::C0013395
Compound::DB00661,CcSE,Side Effect::C0948594
Compound::DB00641,CcSE,Side Effect::C0231528
Compound::DB00641,CcSE,Side Effect::C0014742
Compound::DB00880,CcSE,Side Effect::C0342579
Compound::DB00264,CcSE,Side Effect::C0086565
Compound::DB01200,CcSE,Side Effect::C0014714
Compound::DB00622,CcSE,Side Effect::C0424295
Compound::DB00808,CcSE,Side Effect::C0020437
Compound::DB01136,CcSE,Side Effect::C0007222
Compound::DB01244,CcSE,Side Effect::C0013395
Compound::DB00808,CcSE,Side Effect::C0005940
Compound::DB01162,CcSE,Side Effect::C0009763
Compound::DB00876,CcSE,Side Effect::C0001925
Compound::DB01132,CcSE,Side Effect::C0234215
Compound::DB00790,CcSE,Side Effect::C0003467
Compound::DB01120,CcSE,Side Effect::C0020517
Compound::DB00999,CcSE,Side Effect::C0234192
Compound::DB00973,CcSE,Side Effect::C0007859
Compound::DB01136,CcSE,Side Effect::C0349782
Compound::DB00722,CcSE,Side Effect::C0023530
Compound::DB00598,CcSE,Side Effect::C0013144
Compound::DB01162,CcSE,Side Effect::C0040034
Compound::DB00195,CcSE,Side Effect::C0002962
Compound::DB00790,CcSE,Side Effect::C0033953
Compound::DB00575,CcSE,Side Effect::C0917801
Compound::DB01029,CcSE,Side Effect::C0033687
Compound::DB00790,CcSE,Side Effect::C0019825
Compound::DB00524,CcSE,Side Effect::C0030554
Compound::DB01132,CcSE,Side Effect::C0268000
Compound::DB00999,CcSE,Side Effect::C0026858
Compound::DB00722,CcSE,Side Effect::C0456909
Compound::DB01029,CcSE,Side Effect::C0043352
Compound::DB01162,CcSE,Side Effect::C0030252
Compound::DB01197,CcSE,Side Effect::C0000737
Compound::DB00641,CcSE,Side Effect::C0025274
Compound::DB00790,CcSE,Side Effect::C0241950
Compound::DB00960,CcSE,Side Effect::C0022568
Compound::DB00270,CcSE,Side Effect::C0002871
Compound::DB00598,CcSE,Side Effect::C0020538
Compound::DB00627,CcSE,Side Effect::C0037286
Compound::DB00373,CcSE,Side Effect::C0013604
Compound::DB00722,CcSE,Side Effect::C0036974
Compound::DB00590,CcSE,Side Effect::C0031350
Compound::DB01115,CcSE,Side Effect::C0403447
Compound::DB01200,CcSE,Side Effect::C0178298
Compound::DB00808,CcSE,Side Effect::C0917801
Compound::DB01193,CcSE,Side Effect::C0242429
Compound::DB01359,CcSE,Side Effect::C0012833
Compound::DB00227,CcSE,Side Effect::C0085593
Compound::DB00903,CcSE,Side Effect::C0232462
Compound::DB00310,CcSE,Side Effect::C0030305
Compound::DB00571,CcSE,Side Effect::C0001824
Compound::DB01120,CcSE,Side Effect::C0004604
Compound::DB00973,CcSE,Side Effect::C0002871
Compound::DB00331,CcSE,Side Effect::C0012359
Compound::DB00966,CcSE,Side Effect::C0948594
Compound::DB00575,CcSE,Side Effect::C3203358
Compound::DB00700,CcSE,Side Effect::C0553704
Compound::DB00492,CcSE,Side Effect::C0264886
Compound::DB01018,CcSE,Side Effect::C0023218
Compound::DB00524,CcSE,Side Effect::C0013395
Compound::DB00373,CcSE,Side Effect::C0020452
Compound::DB01132,CcSE,Side Effect::C0011991
Compound::DB00519,CcSE,Side Effect::C0023518
Compound::DB00808,CcSE,Side Effect::C0003467
Compound::DB00284,CcSE,Side Effect::C0021933
Compound::DB00790,CcSE,Side Effect::C0004096
Compound::DB00790,CcSE,Side Effect::C0151908
Compound::DB01018,CcSE,Side Effect::C0004245
Compound::DB00542,CcSE,Side Effect::C0014742
Compound::DB01115,CcSE,Side Effect::C2363730
Compound::DB00999,CcSE,Side Effect::C0027424
Compound::DB01162,CcSE,Side Effect::C0242350
Compound::DB00275,CcSE,Side Effect::C0014457
Compound::DB00187,CcSE,Side Effect::C0522055
Compound::DB00808,CcSE,Side Effect::C0002871
Compound::DB00876,CcSE,Side Effect::C0014591
Compound::DB01029,CcSE,Side Effect::C0034933
Compound::DB01132,CcSE,Side Effect::C0012833
Compound::DB00790,CcSE,Side Effect::C0009676
Compound::DB00999,CcSE,Side Effect::C0003123
Compound::DB00973,CcSE,Side Effect::C0030305
Compound::DB00195,CcSE,Side Effect::C0043094
Compound::DB00758,CcSE,Side Effect::C0005940
Compound::DB00178,CcSE,Side Effect::C0011053
Compound::DB01039,CcSE,Side Effect::C0151578
Compound::DB01193,CcSE,Side Effect::C0344232
Compound::DB00999,CcSE,Side Effect::C0851578
Compound::DB00373,CcSE,Side Effect::C0011606
Compound::DB00584,CcSE,Side Effect::C0014457
Compound::DB01018,CcSE,Side Effect::C0018802
Compound::DB00401,CcSE,Side Effect::C0022568
Compound::DB00264,CcSE,Side Effect::C0233407
Compound::DB00968,CcSE,Side Effect::C0023530
Compound::DB00584,CcSE,Side Effect::C0027121
Compound::DB01241,CcSE,Side Effect::C0232492
Compound::DB01244,CcSE,Side Effect::C0011071
Compound::DB00999,CcSE,Side Effect::C0600142
Compound::DB08816,CcSE,Side Effect::C0344357
Compound::DB01162,CcSE,Side Effect::C0042401
Compound::DB00264,CcSE,Side Effect::C0000737
Compound::DB01023,CcSE,Side Effect::C0013404
Compound::DB01039,CcSE,Side Effect::C0585186
Compound::DB01193,CcSE,Side Effect::C0002170
Compound::DB00178,CcSE,Side Effect::C0151539
Compound::DB00381,CcSE,Side Effect::C0037763
Compound::DB00800,CcSE,Side Effect::C0010263
Compound::DB00881,CcSE,Side Effect::C0039231
Compound::DB01162,CcSE,Side Effect::C0349506
Compound::DB00222,CcSE,Side Effect::C0011603
Compound::DB01029,CcSE,Side Effect::C0021053
Compound::DB00641,CcSE,Side Effect::C0438717
Compound::DB01136,CcSE,Side Effect::C0423791
Compound::DB00575,CcSE,Side Effect::C0520540
Compound::DB00966,CcSE,Side Effect::C0014335
Compound::DB01203,CcSE,Side Effect::C0020649
Compound::DB01200,CcSE,Side Effect::C0020615
Compound::DB00808,CcSE,Side Effect::C0035455
Compound::DB00622,CcSE,Side Effect::C0039231
Compound::DB00722,CcSE,Side Effect::C0037763
Compound::DB01162,CcSE,Side Effect::C0857353
Compound::DB01039,CcSE,Side Effect::C0037199
Compound::DB00310,CcSE,Side Effect::C0235416
Compound::DB00381,CcSE,Side Effect::C0016204
Compound::DB01193,CcSE,Side Effect::C0011570
Compound::DB00790,CcSE,Side Effect::C0687133
Compound::DB00968,CcSE,Side Effect::C0151480
Compound::DB00678,CcSE,Side Effect::C0010200
Compound::DB01029,CcSE,Side Effect::C0021400
Compound::DB00222,CcSE,Side Effect::C0151474
Compound::DB00672,CcSE,Side Effect::C0232459
Compound::DB00881,CcSE,Side Effect::C0042373
Compound::DB00590,CcSE,Side Effect::C0008350
Compound::DB01132,CcSE,Side Effect::C0013404
Compound::DB00695,CcSE,Side Effect::C0858600
Compound::DB01018,CcSE,Side Effect::C0018681
Compound::DB00187,CcSE,Side Effect::C0700590
Compound::DB00571,CcSE,Side Effect::C0002622
Compound::DB01120,CcSE,Side Effect::C0221161
Compound::DB01197,CcSE,Side Effect::C2364111
Compound::DB00790,CcSE,Side Effect::C0004604
Compound::DB00275,CcSE,Side Effect::C0010200
Compound::DB00622,CcSE,Side Effect::C2363730
Compound::DB01083,CcSE,Side Effect::C0022408
Compound::DB00722,CcSE,Side Effect::C0019360
Compound::DB00195,CcSE,Side Effect::C0003079
Compound::DB01244,CcSE,Side Effect::C2830004
Compound::DB00381,CcSE,Side Effect::C0015672
Compound::DB00590,CcSE,Side Effect::C0162830
Compound::DB00945,CcSE,Side Effect::C1522133
Compound::DB00973,CcSE,Side Effect::C0026848
Compound::DB00436,CcSE,Side Effect::C0004093
Compound::DB01120,CcSE,Side Effect::C0392176
Compound::DB00973,CcSE,Side Effect::C0543698
Compound::DB00758,CcSE,Side Effect::C0020517
Compound::DB01029,CcSE,Side Effect::C0016382
Compound::DB04861,CcSE,Side Effect::C0020517
Compound::DB00966,CcSE,Side Effect::C0206062
Compound::DB00641,CcSE,Side Effect::C0030305
Compound::DB00177,CcSE,Side Effect::C0039070
Compound::DB00598,CcSE,Side Effect::C2242996
Compound::DB01120,CcSE,Side Effect::C0948594
Compound::DB00343,CcSE,Side Effect::C0034150
Compound::DB01023,CcSE,Side Effect::C0016512
Compound::DB00381,CcSE,Side Effect::C0006145
Compound::DB00206,CcSE,Side Effect::C0029124
Compound::DB00195,CcSE,Side Effect::C0017675
Compound::DB00421,CcSE,Side Effect::C2830004
Compound::DB00187,CcSE,Side Effect::C0002965
Compound::DB00695,CcSE,Side Effect::C0151585
Compound::DB00774,CcSE,Side Effect::C0020456
Compound::DB00627,CcSE,Side Effect::C0015967
Compound::DB00790,CcSE,Side Effect::C0035078
Compound::DB01136,CcSE,Side Effect::C0151744
Compound::DB00331,CcSE,Side Effect::C0037274
Compound::DB00695,CcSE,Side Effect::C0020625
Compound::DB00590,CcSE,Side Effect::C0027769
Compound::DB00575,CcSE,Side Effect::C0027424
Compound::DB00343,CcSE,Side Effect::C0030252
Compound::DB00808,CcSE,Side Effect::C0004096
Compound::DB00758,CcSE,Side Effect::C0020615
Compound::DB00808,CcSE,Side Effect::C0037287
Compound::DB00195,CcSE,Side Effect::C0476273
Compound::DB00373,CcSE,Side Effect::C0006145
Compound::DB01244,CcSE,Side Effect::C0428977
Compound::DB01120,CcSE,Side Effect::C0033575
Compound::DB00584,CcSE,Side Effect::C0023222
Compound::DB00492,CcSE,Side Effect::C0020649
Compound::DB00178,CcSE,Side Effect::C0011124
Compound::DB00195,CcSE,Side Effect::C0015397
Compound::DB00622,CcSE,Side Effect::C0428908
Compound::DB00999,CcSE,Side Effect::C0085612
Compound::DB00876,CcSE,Side Effect::C0000737
Compound::DB01241,CcSE,Side Effect::C0020580
Compound::DB01244,CcSE,Side Effect::C0700361
Compound::DB00629,CcSE,Side Effect::C0341503
Compound::DB00590,CcSE,Side Effect::C0392171
Compound::DB01039,CcSE,Side Effect::C0267596
Compound::DB00790,CcSE,Side Effect::C0151609
Compound::DB01120,CcSE,Side Effect::C0346156
Compound::DB01275,CcSE,Side Effect::C0042384
Compound::DB00629,CcSE,Side Effect::C0043096
Compound::DB08882,CcSE,Side Effect::C0011849
Compound::DB00598,CcSE,Side Effect::C0014591
Compound::DB00492,CcSE,Side Effect::C0151480
Compound::DB01018,CcSE,Side Effect::C0034150
Compound::DB00401,CcSE,Side Effect::C0042023
Compound::DB00700,CcSE,Side Effect::C0011175
Compound::DB00790,CcSE,Side Effect::C0042401
Compound::DB00627,CcSE,Side Effect::C0011616
Compound::DB00774,CcSE,Side Effect::C0232462
Compound::DB00331,CcSE,Side Effect::C0015230
Compound::DB00641,CcSE,Side Effect::C0042963
Compound::DB00584,CcSE,Side Effect::C0428977
Compound::DB00790,CcSE,Side Effect::C0037763
Compound::DB01039,CcSE,Side Effect::C0423791
Compound::DB00790,CcSE,Side Effect::C0033774
Compound::DB00264,CcSE,Side Effect::C1456822
Compound::DB00264,CcSE,Side Effect::C0043352
Compound::DB00227,CcSE,Side Effect::C0018681
Compound::DB00575,CcSE,Side Effect::C0020649
Compound::DB01197,CcSE,Side Effect::C0233494
Compound::DB00590,CcSE,Side Effect::C0004936
Compound::DB01197,CcSE,Side Effect::C0042023
Compound::DB00790,CcSE,Side Effect::C0030252
Compound::DB00524,CcSE,Side Effect::C0020437
Compound::DB00880,CcSE,Side Effect::C0232462
Compound::DB00571,CcSE,Side Effect::C0234192
Compound::DB00808,CcSE,Side Effect::C0020517
Compound::DB01120,CcSE,Side Effect::C0020538
Compound::DB00876,CcSE,Side Effect::C0022408
Compound::DB01098,CcSE,Side Effect::C0018418
Compound::DB00284,CcSE,Side Effect::C0021845
Compound::DB01197,CcSE,Side Effect::C0344232
Compound::DB00722,CcSE,Side Effect::C0013604
Compound::DB00758,CcSE,Side Effect::C0151746
Compound::DB01115,CcSE,Side Effect::C0178298
Compound::DB00381,CcSE,Side Effect::C0003467
Compound::DB00678,CcSE,Side Effect::C0043251
Compound::DB00973,CcSE,Side Effect::C0015672
Compound::DB00790,CcSE,Side Effect::C0006266
Compound::DB00492,CcSE,Side Effect::C0003811
Compound::DB00881,CcSE,Side Effect::C0001824
Compound::DB00584,CcSE,Side Effect::C0040460
Compound::DB00960,CcSE,Side Effect::C0043144
Compound::DB00903,CcSE,Side Effect::C0018965
Compound::DB00876,CcSE,Side Effect::C0003467
Compound::DB01120,CcSE,Side Effect::C0235901
Compound::DB00195,CcSE,Side Effect::C0151942
Compound::DB00492,CcSE,Side Effect::C0014591
Compound::DB01136,CcSE,Side Effect::C0034150
Compound::DB01029,CcSE,Side Effect::C0000731
Compound::DB00722,CcSE,Side Effect::C0241863
Compound::DB08816,CcSE,Side Effect::C0017181
Compound::DB00881,CcSE,Side Effect::C0002792
Compound::DB00758,CcSE,Side Effect::C0019054
Compound::DB00945,CcSE,Side Effect::C0235378
Compound::DB01029,CcSE,Side Effect::C0018099
Compound::DB00775,CcSE,Side Effect::C0030193
Compound::DB00722,CcSE,Side Effect::C0037274
Compound::DB01120,CcSE,Side Effect::C0154251
Compound::DB00373,CcSE,Side Effect::C0151766
Compound::DB01029,CcSE,Side Effect::C0151766
Compound::DB00598,CcSE,Side Effect::C0015967
Compound::DB01039,CcSE,Side Effect::C0013595
Compound::DB00774,CcSE,Side Effect::C0022354
Compound::DB01275,CcSE,Side Effect::C0009806
Compound::DB00790,CcSE,Side Effect::C0041834
Compound::DB01244,CcSE,Side Effect::C0039239
Compound::DB00700,CcSE,Side Effect::C0033774
Compound::DB00519,CcSE,Side Effect::C0030312
Compound::DB08816,CcSE,Side Effect::C0009938
Compound::DB00629,CcSE,Side Effect::C0221245
Compound::DB00373,CcSE,Side Effect::C0007820
Compound::DB00999,CcSE,Side Effect::C0015230
Compound::DB00960,CcSE,Side Effect::C0917801
Compound::DB08816,CcSE,Side Effect::C1696110
Compound::DB00175,CcSE,Side Effect::C0853034
Compound::DB00571,CcSE,Side Effect::C0242350
Compound::DB00876,CcSE,Side Effect::C0424790
Compound::DB00222,CcSE,Side Effect::C0036572
Compound::DB00695,CcSE,Side Effect::C0001339
Compound::DB00195,CcSE,Side Effect::C0085636
Compound::DB00575,CcSE,Side Effect::C0037383
Compound::DB00492,CcSE,Side Effect::C0349506
Compound::DB00177,CcSE,Side Effect::C0037199
Compound::DB00214,CcSE,Side Effect::C0239293
Compound::DB00722,CcSE,Side Effect::C0014591
Compound::DB00627,CcSE,Side Effect::C0022346
Compound::DB00343,CcSE,Side Effect::C0018794
Compound::DB00657,CcSE,Side Effect::C1258215
Compound::DB01200,CcSE,Side Effect::C0002170
Compound::DB01162,CcSE,Side Effect::C0013404
Compound::DB01016,CcSE,Side Effect::C0007820
Compound::DB01023,CcSE,Side Effect::C0027441
Compound::DB00945,CcSE,Side Effect::C0011053
Compound::DB01023,CcSE,Side Effect::C0020651
Compound::DB00492,CcSE,Side Effect::C0027707
Compound::DB00808,CcSE,Side Effect::C0004239
Compound::DB00627,CcSE,Side Effect::C0013404
Compound::DB00175,CcSE,Side Effect::C0031350
Compound::DB01023,CcSE,Side Effect::C0239377
Compound::DB01132,CcSE,Side Effect::C0020456
Compound::DB00758,CcSE,Side Effect::C0042963
Compound::DB00808,CcSE,Side Effect::C0029134
Compound::DB00960,CcSE,Side Effect::C0344320
Compound::DB00412,CcSE,Side Effect::C0011849
Compound::DB00790,CcSE,Side Effect::C0948594
Compound::DB00177,CcSE,Side Effect::C0027765
Compound::DB00227,CcSE,Side Effect::C0012833
Compound::DB01275,CcSE,Side Effect::C0011603
Compound::DB01244,CcSE,Side Effect::C0018799
Compound::DB01261,CcSE,Side Effect::C0024115
Compound::DB01018,CcSE,Side Effect::C0013144
Compound::DB00622,CcSE,Side Effect::C0002962
Compound::DB00790,CcSE,Side Effect::C0013604
Compound::DB01115,CcSE,Side Effect::C0012833
Compound::DB00381,CcSE,Side Effect::C0019158
Compound::DB00177,CcSE,Side Effect::C0497247
Compound::DB01193,CcSE,Side Effect::C1456822
Compound::DB00275,CcSE,Side Effect::C0859061
Compound::DB00178,CcSE,Side Effect::C0030554
Compound::DB00524,CcSE,Side Effect::C0687713
Compound::DB00790,CcSE,Side Effect::C0700225
Compound::DB00960,CcSE,Side Effect::C0015230
Compound::DB00275,CcSE,Side Effect::C0041657
Compound::DB00584,CcSE,Side Effect::C0032285
Compound::DB01083,CcSE,Side Effect::C1971624
Compound::DB01200,CcSE,Side Effect::C0030554
Compound::DB00790,CcSE,Side Effect::C0030196
Compound::DB00178,CcSE,Side Effect::C0030805
Compound::DB00373,CcSE,Side Effect::C0155169
Compound::DB00661,CcSE,Side Effect::C0234215
Compound::DB00945,CcSE,Side Effect::C0002792
Compound::DB00401,CcSE,Side Effect::C0042485
Compound::DB00790,CcSE,Side Effect::C0011603
Compound::DB08816,CcSE,Side Effect::C0919883
Compound::DB00401,CcSE,Side Effect::C0015230
Compound::DB00492,CcSE,Side Effect::C0009806
Compound::DB00973,CcSE,Side Effect::C0151905
Compound::DB00575,CcSE,Side Effect::C0040034
Compound::DB00264,CcSE,Side Effect::C0600142
Compound::DB00175,CcSE,Side Effect::C0162830
Compound::DB00999,CcSE,Side Effect::C0020580
Compound::DB00808,CcSE,Side Effect::C0267792
Compound::DB00524,CcSE,Side Effect::C0020538
Compound::DB01241,CcSE,Side Effect::C0030312
Compound::DB00758,CcSE,Side Effect::C0162429
Compound::DB01115,CcSE,Side Effect::C0428977
Compound::DB01067,CcSE,Side Effect::C0151474
Compound::DB00275,CcSE,Side Effect::C0021400
Compound::DB00492,CcSE,Side Effect::C0234215
Compound::DB00492,CcSE,Side Effect::C0521172
Compound::DB08816,CcSE,Side Effect::C0271412
Compound::DB01193,CcSE,Side Effect::C0003123
Compound::DB01039,CcSE,Side Effect::C0042401
Compound::DB01115,CcSE,Side Effect::C0013395
Compound::DB00310,CcSE,Side Effect::C0003123
Compound::DB01039,CcSE,Side Effect::C0004153
Compound::DB00678,CcSE,Side Effect::C0264906
Compound::DB00839,CcSE,Side Effect::C0015230
Compound::DB00571,CcSE,Side Effect::C0030193
Compound::DB00661,CcSE,Side Effect::C0036974
Compound::DB00627,CcSE,Side Effect::C0020580
Compound::DB00796,CcSE,Side Effect::C0020458
Compound::DB01162,CcSE,Side Effect::C0149931
Compound::DB00519,CcSE,Side Effect::C0023530
Compound::DB00731,CcSE,Side Effect::C0020458
Compound::DB00775,CcSE,Side Effect::C0860155
Compound::DB00661,CcSE,Side Effect::C0020651
Compound::DB01197,CcSE,Side Effect::C0002871
Compound::DB08816,CcSE,Side Effect::C0021053
Compound::DB00598,CcSE,Side Effect::C0241705
Compound::DB00401,CcSE,Side Effect::C0917801
Compound::DB00641,CcSE,Side Effect::C0013595
Compound::DB00695,CcSE,Side Effect::C0151786
Compound::DB01244,CcSE,Side Effect::C0085610
Compound::DB00373,CcSE,Side Effect::C0547030
Compound::DB00195,CcSE,Side Effect::C0040264
Compound::DB00999,CcSE,Side Effect::C0017181
Compound::DB00175,CcSE,Side Effect::C0000737
Compound::DB00401,CcSE,Side Effect::C0232292
Compound::DB00661,CcSE,Side Effect::C0013404
Compound::DB00542,CcSE,Side Effect::C0948594
Compound::DB00175,CcSE,Side Effect::C0349506
Compound::DB00524,CcSE,Side Effect::C0235416
Compound::DB01203,CcSE,Side Effect::C0011991
Compound::DB00457,CcSE,Side Effect::C0042963
Compound::DB00519,CcSE,Side Effect::C0003862
Compound::DB00999,CcSE,Side Effect::C0522035
Compound::DB01261,CcSE,Side Effect::C0015397
Compound::DB01029,CcSE,Side Effect::C0042384
Compound::DB01200,CcSE,Side Effect::C3160947
Compound::DB01115,CcSE,Side Effect::C2939147
Compound::DB00590,CcSE,Side Effect::C0013395
Compound::DB00542,CcSE,Side Effect::C0027769
Compound::DB00222,CcSE,Side Effect::C0426576
Compound::DB00492,CcSE,Side Effect::C0042963
Compound::DB00384,CcSE,Side Effect::C0020461
Compound::DB00960,CcSE,Side Effect::C0036974
Compound::DB00966,CcSE,Side Effect::C0012833
Compound::DB00457,CcSE,Side Effect::C2830004
Compound::DB00275,CcSE,Side Effect::C0011603
Compound::DB00590,CcSE,Side Effect::C0424790
Compound::DB01241,CcSE,Side Effect::C0036572
Compound::DB01039,CcSE,Side Effect::C0034882
Compound::DB00275,CcSE,Side Effect::C0595877
Compound::DB00492,CcSE,Side Effect::C0034068
Compound::DB08882,CcSE,Side Effect::C0853692
Compound::DB01275,CcSE,Side Effect::C0003467
Compound::DB00524,CcSE,Side Effect::C0262988
Compound::DB01029,CcSE,Side Effect::C0032285
Compound::DB00695,CcSE,Side Effect::C0002871
Compound::DB00331,CcSE,Side Effect::C0020458
Compound::DB00195,CcSE,Side Effect::C0015402
Compound::DB00436,CcSE,Side Effect::C0392176
Compound::DB00343,CcSE,Side Effect::C0041834
Compound::DB00343,CcSE,Side Effect::C0232208
Compound::DB00227,CcSE,Side Effect::C2239176
Compound::DB00195,CcSE,Side Effect::C1565489
Compound::DB01083,CcSE,Side Effect::C0025061
Compound::DB00575,CcSE,Side Effect::C0030193
Compound::DB00384,CcSE,Side Effect::C0002792
Compound::DB00657,CcSE,Side Effect::C0009806
Compound::DB00999,CcSE,Side Effect::C0040264
Compound::DB00264,CcSE,Side Effect::C0034735
Compound::DB00343,CcSE,Side Effect::C0006384
Compound::DB00598,CcSE,Side Effect::C0851578
Compound::DB00622,CcSE,Side Effect::C0008031
Compound::DB00678,CcSE,Side Effect::C0001883
Compound::DB01241,CcSE,Side Effect::C0039103
Compound::DB08816,CcSE,Side Effect::C0004936
Compound::DB00881,CcSE,Side Effect::C1384353
Compound::DB01244,CcSE,Side Effect::C0042514
Compound::DB00722,CcSE,Side Effect::C0037199
Compound::DB01083,CcSE,Side Effect::C0700590
Compound::DB01083,CcSE,Side Effect::C0237326
Compound::DB00661,CcSE,Side Effect::C0007194
Compound::DB00966,CcSE,Side Effect::C0231529
Compound::DB08816,CcSE,Side Effect::C0027765
Compound::DB00731,CcSE,Side Effect::C0015672
Compound::DB00966,CcSE,Side Effect::C0025222
Compound::DB00381,CcSE,Side Effect::C0231218
Compound::DB00575,CcSE,Side Effect::C0020458
Compound::DB01193,CcSE,Side Effect::C0178298
Compound::DB01067,CcSE,Side Effect::C0031350
Compound::DB00808,CcSE,Side Effect::C0031350
Compound::DB01018,CcSE,Side Effect::C0232492
Compound::DB00178,CcSE,Side Effect::C0038362
Compound::DB01029,CcSE,Side Effect::C0006147
Compound::DB00178,CcSE,Side Effect::C0042963
Compound::DB00178,CcSE,Side Effect::C0687133
Compound::DB00177,CcSE,Side Effect::C0553704
Compound::DB00999,CcSE,Side Effect::C0549622
Compound::DB00641,CcSE,Side Effect::C0919715
Compound::DB00195,CcSE,Side Effect::C0920171
Compound::DB01132,CcSE,Side Effect::C0162429
Compound::DB00222,CcSE,Side Effect::C0002878
Compound::DB00999,CcSE,Side Effect::C0917801
Compound::DB00722,CcSE,Side Effect::C0013404
Compound::DB00381,CcSE,Side Effect::C0033774
Compound::DB00275,CcSE,Side Effect::C0235416
Compound::DB01029,CcSE,Side Effect::C3263723
Compound::DB00214,CcSE,Side Effect::C0038325
Compound::DB00966,CcSE,Side Effect::C0042109
Compound::DB00275,CcSE,Side Effect::C0039070
Compound::DB00627,CcSE,Side Effect::C0005940
Compound::DB00945,CcSE,Side Effect::C0005779
Compound::DB01067,CcSE,Side Effect::C0000737
Compound::DB00700,CcSE,Side Effect::C0392171
Compound::DB01083,CcSE,Side Effect::C0232492
Compound::DB00310,CcSE,Side Effect::C0151723
Compound::DB00227,CcSE,Side Effect::C0037011
Compound::DB00264,CcSE,Side Effect::C0020538
Compound::DB00999,CcSE,Side Effect::C0342579
Compound::DB00945,CcSE,Side Effect::C1368065
Compound::DB08816,CcSE,Side Effect::C0042373
Compound::DB00594,CcSE,Side Effect::C0042023
Compound::DB00966,CcSE,Side Effect::C0036396
Compound::DB00678,CcSE,Side Effect::C0022354
Compound::DB01261,CcSE,Side Effect::C0020651
Compound::DB00627,CcSE,Side Effect::C0000731
Compound::DB00790,CcSE,Side Effect::C0030312
Compound::DB01039,CcSE,Side Effect::C1861172
Compound::DB00960,CcSE,Side Effect::C0020651
Compound::DB00275,CcSE,Side Effect::C0004093
Compound::DB01083,CcSE,Side Effect::C0687713
Compound::DB00227,CcSE,Side Effect::C0023530
Compound::DB00275,CcSE,Side Effect::C0030312
Compound::DB00790,CcSE,Side Effect::C0018799
Compound::DB01115,CcSE,Side Effect::C0392703
Compound::DB01029,CcSE,Side Effect::C0428977
Compound::DB01120,CcSE,Side Effect::C0234192
Compound::DB01136,CcSE,Side Effect::C0037274
Compound::DB00912,CcSE,Side Effect::C0013604
Compound::DB00695,CcSE,Side Effect::C0019151
Compound::DB00598,CcSE,Side Effect::C0011603
Compound::DB00187,CcSE,Side Effect::C2830004
Compound::DB00175,CcSE,Side Effect::C0002792
Compound::DB00627,CcSE,Side Effect::C0233494
Compound::DB00722,CcSE,Side Effect::C0242350
Compound::DB00598,CcSE,Side Effect::C0341742
Compound::DB00622,CcSE,Side Effect::C0020651
Compound::DB01193,CcSE,Side Effect::C0035455
Compound::DB00758,CcSE,Side Effect::C0400822
Compound::DB00622,CcSE,Side Effect::C0000737
Compound::DB00270,CcSE,Side Effect::C0042373
Compound::DB00622,CcSE,Side Effect::C0234215
Compound::DB00492,CcSE,Side Effect::C0020546
Compound::DB01039,CcSE,Side Effect::C0232461
Compound::DB00519,CcSE,Side Effect::C0008031
Compound::DB00968,CcSE,Side Effect::C0033975
Compound::DB00808,CcSE,Side Effect::C0232492
Compound::DB00790,CcSE,Side Effect::C0234215
Compound::DB00722,CcSE,Side Effect::C0232197
Compound::DB00492,CcSE,Side Effect::C0700225
Compound::DB01083,CcSE,Side Effect::C0546956
Compound::DB00524,CcSE,Side Effect::C0349506
Compound::DB00421,CcSE,Side Effect::C0012833
Compound::DB01136,CcSE,Side Effect::C0011071
Compound::DB00381,CcSE,Side Effect::C0009806
Compound::DB01203,CcSE,Side Effect::C0023066
Compound::DB00524,CcSE,Side Effect::C0043352
Compound::DB01200,CcSE,Side Effect::C0687713
Compound::DB01136,CcSE,Side Effect::C0085610
Compound::DB00590,CcSE,Side Effect::C0038454
Compound::DB00960,CcSE,Side Effect::C0017178
Compound::DB00790,CcSE,Side Effect::C0034069
Compound::DB00492,CcSE,Side Effect::C0032961
Compound::DB01120,CcSE,Side Effect::C0040034
Compound::DB00401,CcSE,Side Effect::C0020649
Compound::DB00876,CcSE,Side Effect::C0013395
Compound::DB00800,CcSE,Side Effect::C0008031
Compound::DB00661,CcSE,Side Effect::C0002792
Compound::DB00661,CcSE,Side Effect::C0013604
Compound::DB00343,CcSE,Side Effect::C0013395
Compound::DB01132,CcSE,Side Effect::C0040435
Compound::DB00381,CcSE,Side Effect::C0235490
Compound::DB01244,CcSE,Side Effect::C0231303
Compound::DB00966,CcSE,Side Effect::C0017160
Compound::DB00275,CcSE,Side Effect::C0002874
Compound::DB01115,CcSE,Side Effect::C0031542
Compound::DB00519,CcSE,Side Effect::C0042345
Compound::DB01136,CcSE,Side Effect::C0018790
Compound::DB01136,CcSE,Side Effect::C0235431
Compound::DB00178,CcSE,Side Effect::C0235763
Compound::DB00178,CcSE,Side Effect::C0020517
Compound::DB01083,CcSE,Side Effect::C0031350
Compound::DB01098,CcSE,Side Effect::C0233794
Compound::DB00270,CcSE,Side Effect::C0268000
Compound::DB00881,CcSE,Side Effect::C0018681
Compound::DB00195,CcSE,Side Effect::C0024902
Compound::DB00195,CcSE,Side Effect::C2363731
Compound::DB00178,CcSE,Side Effect::C0037274
Compound::DB01039,CcSE,Side Effect::C0031350
Compound::DB00808,CcSE,Side Effect::C0013447
Compound::DB00912,CcSE,Side Effect::C0018799
Compound::DB00627,CcSE,Side Effect::C0020458
Compound::DB00195,CcSE,Side Effect::C0948586
Compound::DB01136,CcSE,Side Effect::C0812387
Compound::DB00401,CcSE,Side Effect::C0022281
Compound::DB01136,CcSE,Side Effect::C0574067
Compound::DB01136,CcSE,Side Effect::C0852911
Compound::DB00264,CcSE,Side Effect::C0232286
Compound::DB01039,CcSE,Side Effect::C0037763
Compound::DB00343,CcSE,Side Effect::C0026826
Compound::DB00195,CcSE,Side Effect::C0039971
Compound::DB00421,CcSE,Side Effect::C0426576
Compound::DB01115,CcSE,Side Effect::C0021843
Compound::DB00542,CcSE,Side Effect::C0020625
Compound::DB00275,CcSE,Side Effect::C0025061
Compound::DB00584,CcSE,Side Effect::C0042384
Compound::DB00790,CcSE,Side Effect::C0013378
Compound::DB00695,CcSE,Side Effect::C0020517
Compound::DB00331,CcSE,Side Effect::C0220870
Compound::DB00758,CcSE,Side Effect::C0041912
Compound::DB00575,CcSE,Side Effect::C0020453
Compound::DB00492,CcSE,Side Effect::C0037383
Compound::DB00457,CcSE,Side Effect::C0009806
Compound::DB00178,CcSE,Side Effect::C0008031
Compound::DB00590,CcSE,Side Effect::C0024902
Compound::DB00999,CcSE,Side Effect::C0040460
Compound::DB00800,CcSE,Side Effect::C0012833
Compound::DB00492,CcSE,Side Effect::C0025345
Compound::DB00275,CcSE,Side Effect::C0151539
Compound::DB00790,CcSE,Side Effect::C0025061
Compound::DB01120,CcSE,Side Effect::C0001824
Compound::DB00758,CcSE,Side Effect::C0002962
Compound::DB00678,CcSE,Side Effect::C0233794
Compound::DB00584,CcSE,Side Effect::C0022107
Compound::DB01016,CcSE,Side Effect::C0853026
Compound::DB00839,CcSE,Side Effect::C0162566
Compound::DB00177,CcSE,Side Effect::C0004604
Compound::DB00381,CcSE,Side Effect::C0017566
Compound::DB00381,CcSE,Side Effect::C0002170
Compound::DB01016,CcSE,Side Effect::C1368065
Compound::DB00381,CcSE,Side Effect::C0152198
Compound::DB00731,CcSE,Side Effect::C0687713
Compound::DB00264,CcSE,Side Effect::C0015672
Compound::DB01067,CcSE,Side Effect::C0013604
Compound::DB00880,CcSE,Side Effect::C0014742
Compound::DB01203,CcSE,Side Effect::C0235996
Compound::DB00876,CcSE,Side Effect::C0012833
Compound::DB01136,CcSE,Side Effect::C0262985
Compound::DB00622,CcSE,Side Effect::C0015967
Compound::DB01136,CcSE,Side Effect::C0003862
Compound::DB00598,CcSE,Side Effect::C0004093
Compound::DB00195,CcSE,Side Effect::C0030252
Compound::DB00519,CcSE,Side Effect::C0006277
Compound::DB00622,CcSE,Side Effect::C0003862
Compound::DB08860,CcSE,Side Effect::C0020517
Compound::DB00195,CcSE,Side Effect::C0021775
Compound::DB00999,CcSE,Side Effect::C0032617
Compound::DB00722,CcSE,Side Effect::C0233794
Compound::DB00214,CcSE,Side Effect::C0003862
Compound::DB00627,CcSE,Side Effect::C0018834
Compound::DB01083,CcSE,Side Effect::C0042571
Compound::DB00310,CcSE,Side Effect::C0008372
Compound::DB00571,CcSE,Side Effect::C0851578
Compound::DB01039,CcSE,Side Effect::C0009763
Compound::DB00519,CcSE,Side Effect::C0863113
Compound::DB00999,CcSE,Side Effect::C0013609
Compound::DB00999,CcSE,Side Effect::C0038990
Compound::DB00661,CcSE,Side Effect::C0018418
Compound::DB01115,CcSE,Side Effect::C0041834
Compound::DB01039,CcSE,Side Effect::C0009782
Compound::DB00270,CcSE,Side Effect::C0015397
Compound::DB00808,CcSE,Side Effect::C0033774
Compound::DB00966,CcSE,Side Effect::C0013404
Compound::DB00331,CcSE,Side Effect::C0235295
Compound::DB00903,CcSE,Side Effect::C0085593
Compound::DB00968,CcSE,Side Effect::C0012833
Compound::DB00492,CcSE,Side Effect::C0002962
Compound::DB01136,CcSE,Side Effect::C2242588
Compound::DB00598,CcSE,Side Effect::C0018681
Compound::DB00195,CcSE,Side Effect::C0024141
Compound::DB00661,CcSE,Side Effect::C0041912
Compound::DB01132,CcSE,Side Effect::C0019158
Compound::DB00401,CcSE,Side Effect::C0151907
Compound::DB00629,CcSE,Side Effect::C1141885
Compound::DB00700,CcSE,Side Effect::C0007820
Compound::DB00880,CcSE,Side Effect::C0042963
Compound::DB00222,CcSE,Side Effect::C0002874
Compound::DB00808,CcSE,Side Effect::C0151505
Compound::DB00808,CcSE,Side Effect::C0013395
Compound::DB00641,CcSE,Side Effect::C0338656
Compound::DB00999,CcSE,Side Effect::C0002871
Compound::DB00695,CcSE,Side Effect::C0151614
Compound::DB00960,CcSE,Side Effect::C0009763
Compound::DB01115,CcSE,Side Effect::C0002994
Compound::DB01132,CcSE,Side Effect::C0006277
Compound::DB00492,CcSE,Side Effect::C0027339
Compound::DB00758,CcSE,Side Effect::C0206061
Compound::DB00519,CcSE,Side Effect::C0000737
Compound::DB00641,CcSE,Side Effect::C0549622
Compound::DB00700,CcSE,Side Effect::C0020557
Compound::DB00373,CcSE,Side Effect::C0005745
Compound::DB00700,CcSE,Side Effect::C1145628
Compound::DB01136,CcSE,Side Effect::C0030552
Compound::DB00808,CcSE,Side Effect::C0040034
Compound::DB01029,CcSE,Side Effect::C0026636
Compound::DB01197,CcSE,Side Effect::C0043096
Compound::DB00722,CcSE,Side Effect::C0574067
Compound::DB01261,CcSE,Side Effect::C0851341
Compound::DB00887,CcSE,Side Effect::C0232766
Compound::DB04861,CcSE,Side Effect::C0011603
Compound::DB00178,CcSE,Side Effect::C0039231
Compound::DB01244,CcSE,Side Effect::C0151878
Compound::DB00960,CcSE,Side Effect::C0026857
Compound::DB00722,CcSE,Side Effect::C0024121
Compound::DB00227,CcSE,Side Effect::C3263723
Compound::DB01115,CcSE,Side Effect::C0003864
Compound::DB00187,CcSE,Side Effect::C0041969
Compound::DB00264,CcSE,Side Effect::C0235266
Compound::DB00678,CcSE,Side Effect::C0042571
Compound::DB00222,CcSE,Side Effect::C0027769
Compound::DB00796,CcSE,Side Effect::C0518015
Compound::DB00343,CcSE,Side Effect::C0019158
Compound::DB00275,CcSE,Side Effect::C0151825
Compound::DB00678,CcSE,Side Effect::C1565489
Compound::DB00491,CcSE,Side Effect::C0021845
Compound::DB00195,CcSE,Side Effect::C0029408
Compound::DB00519,CcSE,Side Effect::C0234215
Compound::DB01241,CcSE,Side Effect::C0345904
Compound::DB01039,CcSE,Side Effect::C0017152
Compound::DB04861,CcSE,Side Effect::C0042963
Compound::DB00381,CcSE,Side Effect::C0004936
Compound::DB01039,CcSE,Side Effect::C0700345
Compound::DB00758,CcSE,Side Effect::C0000737
Compound::DB00876,CcSE,Side Effect::C0020621
Compound::DB00222,CcSE,Side Effect::C0001824
Compound::DB01098,CcSE,Side Effect::C0004936
Compound::DB01193,CcSE,Side Effect::C0242350
Compound::DB00412,CcSE,Side Effect::C0038045
Compound::DB00790,CcSE,Side Effect::C0014457
Compound::DB00524,CcSE,Side Effect::C0151539
Compound::DB00214,CcSE,Side Effect::C0004093
Compound::DB00876,CcSE,Side Effect::C0010692
Compound::DB00627,CcSE,Side Effect::C3665347
Compound::DB00227,CcSE,Side Effect::C0151480
Compound::DB00775,CcSE,Side Effect::C0015967
Compound::DB00264,CcSE,Side Effect::C0003811
Compound::DB00524,CcSE,Side Effect::C0857121
Compound::DB01136,CcSE,Side Effect::C0011603
Compound::DB00808,CcSE,Side Effect::C0232462
Compound::DB00436,CcSE,Side Effect::C0018939
Compound::DB00222,CcSE,Side Effect::C0541900
Compound::DB01016,CcSE,Side Effect::C0018681
Compound::DB00790,CcSE,Side Effect::C0000737
Compound::DB00584,CcSE,Side Effect::C0041834
Compound::DB00627,CcSE,Side Effect::C0524620
Compound::DB01067,CcSE,Side Effect::C0020458
Compound::DB00275,CcSE,Side Effect::C0162830
Compound::DB00678,CcSE,Side Effect::C0850149
Compound::DB00966,CcSE,Side Effect::C0022408
Compound::DB00880,CcSE,Side Effect::C0003123
Compound::DB00492,CcSE,Side Effect::C0948594
Compound::DB00178,CcSE,Side Effect::C0034068
Compound::DB01029,CcSE,Side Effect::C0003467
Compound::DB01261,CcSE,Side Effect::C0027497
Compound::DB00264,CcSE,Side Effect::C0027497
Compound::DB00966,CcSE,Side Effect::C0026946
Compound::DB00177,CcSE,Side Effect::C0042571
Compound::DB00214,CcSE,Side Effect::C2363731
Compound::DB00187,CcSE,Side Effect::C0004144
Compound::DB00401,CcSE,Side Effect::C0002871
Compound::DB00627,CcSE,Side Effect::C0013604
Compound::DB01098,CcSE,Side Effect::C0017160
Compound::DB00808,CcSE,Side Effect::C0042075
Compound::DB01023,CcSE,Side Effect::C0038454
Compound::DB00436,CcSE,Side Effect::C1167965
Compound::DB00966,CcSE,Side Effect::C0042035
Compound::DB00695,CcSE,Side Effect::C0015672
Compound::DB00227,CcSE,Side Effect::C0543698
Compound::DB00881,CcSE,Side Effect::C0151539
Compound::DB00661,CcSE,Side Effect::C0040822
Compound::DB01200,CcSE,Side Effect::C0013395
Compound::DB00575,CcSE,Side Effect::C1260880
Compound::DB01039,CcSE,Side Effect::C0023218
Compound::DB00695,CcSE,Side Effect::C0008372
Compound::DB00542,CcSE,Side Effect::C0020461
Compound::DB00661,CcSE,Side Effect::C1456822
Compound::DB01197,CcSE,Side Effect::C0231528
Compound::DB00722,CcSE,Side Effect::C0546817
Compound::DB00700,CcSE,Side Effect::C0020649
Compound::DB00284,CcSE,Side Effect::C0013395
Compound::DB01197,CcSE,Side Effect::C0003123
Compound::DB00584,CcSE,Side Effect::C0152227
Compound::DB00881,CcSE,Side Effect::C0004936
Compound::DB01029,CcSE,Side Effect::C0349506
Compound::DB00966,CcSE,Side Effect::C0018799
Compound::DB00264,CcSE,Side Effect::C0004936
Compound::DB00881,CcSE,Side Effect::C0000737
Compound::DB00629,CcSE,Side Effect::C1258215
Compound::DB00594,CcSE,Side Effect::C0002874
Compound::DB01200,CcSE,Side Effect::C2242996
Compound::DB00187,CcSE,Side Effect::C0015967
Compound::DB00808,CcSE,Side Effect::C0553548
Compound::DB00775,CcSE,Side Effect::C0162119
Compound::DB00195,CcSE,Side Effect::C0021400
Compound::DB01203,CcSE,Side Effect::C0268000
Compound::DB00808,CcSE,Side Effect::C0018799
Compound::DB01067,CcSE,Side Effect::C0011124
Compound::DB00722,CcSE,Side Effect::C0030794
Compound::DB01136,CcSE,Side Effect::C0521160
Compound::DB00629,CcSE,Side Effect::C0332575
Compound::DB00661,CcSE,Side Effect::C0012569
Compound::DB01120,CcSE,Side Effect::C0008031
Compound::DB00876,CcSE,Side Effect::C0015967
Compound::DB00178,CcSE,Side Effect::C0014034
Compound::DB00187,CcSE,Side Effect::C0009443
Compound::DB00876,CcSE,Side Effect::C0010200
Compound::DB01115,CcSE,Side Effect::C0026848
Compound::DB01023,CcSE,Side Effect::C0234192
Compound::DB00881,CcSE,Side Effect::C0030305
Compound::DB00373,CcSE,Side Effect::C1260880
Compound::DB01120,CcSE,Side Effect::C0234369
Compound::DB00758,CcSE,Side Effect::C0009319
Compound::DB00491,CcSE,Side Effect::C0016204
Compound::DB00457,CcSE,Side Effect::C0234215
Compound::DB01018,CcSE,Side Effect::C0039070
Compound::DB00790,CcSE,Side Effect::C0016204
Compound::DB01023,CcSE,Side Effect::C2973529
Compound::DB01132,CcSE,Side Effect::C0005684
Compound::DB00876,CcSE,Side Effect::C0392171
Compound::DB00678,CcSE,Side Effect::C0027497
Compound::DB00195,CcSE,Side Effect::C0030332
Compound::DB01115,CcSE,Side Effect::C0036974
Compound::DB01120,CcSE,Side Effect::C1384666
Compound::DB00270,CcSE,Side Effect::C0012833
Compound::DB01241,CcSE,Side Effect::C0020453
Compound::DB01261,CcSE,Side Effect::C0178298
Compound::DB00270,CcSE,Side Effect::C0027051
Compound::DB01193,CcSE,Side Effect::C0162529
Compound::DB00227,CcSE,Side Effect::C0032533
Compound::DB00598,CcSE,Side Effect::C0085649
Compound::DB00758,CcSE,Side Effect::C0013604
Compound::DB00519,CcSE,Side Effect::C0004936
Compound::DB00187,CcSE,Side Effect::C0010073
Compound::DB01136,CcSE,Side Effect::C0033774
Compound::DB00880,CcSE,Side Effect::C1318520
Compound::DB00571,CcSE,Side Effect::C0877056
Compound::DB00381,CcSE,Side Effect::C0003123
Compound::DB01098,CcSE,Side Effect::C0085605
Compound::DB00887,CcSE,Side Effect::C0027497
Compound::DB01115,CcSE,Side Effect::C0030252
Compound::DB00519,CcSE,Side Effect::C0022660
Compound::DB00187,CcSE,Side Effect::C0015672
Compound::DB00790,CcSE,Side Effect::C0030976
Compound::DB00790,CcSE,Side Effect::C0014742
Compound::DB01029,CcSE,Side Effect::C0236075
Compound::DB00270,CcSE,Side Effect::C0030196
Compound::DB00275,CcSE,Side Effect::C0027441
Compound::DB00195,CcSE,Side Effect::C0006277
Compound::DB01023,CcSE,Side Effect::C0033774
Compound::DB00343,CcSE,Side Effect::C1096250
Compound::DB01039,CcSE,Side Effect::C0006147
Compound::DB00178,CcSE,Side Effect::C0151578
Compound::DB00178,CcSE,Side Effect::C0235431
Compound::DB00175,CcSE,Side Effect::C0151763
Compound::DB00700,CcSE,Side Effect::C0813230
Compound::DB00492,CcSE,Side Effect::C0027947
Compound::DB00808,CcSE,Side Effect::C0027441
Compound::DB01120,CcSE,Side Effect::C0015672
Compound::DB00584,CcSE,Side Effect::C0034068
Compound::DB01120,CcSE,Side Effect::C0020456
Compound::DB00880,CcSE,Side Effect::C0015230
Compound::DB00960,CcSE,Side Effect::C3665347
Compound::DB00881,CcSE,Side Effect::C0031350
Compound::DB01136,CcSE,Side Effect::C0151905
Compound::DB01029,CcSE,Side Effect::C0008031
Compound::DB00627,CcSE,Side Effect::C0242350
Compound::DB00584,CcSE,Side Effect::C0151636
Compound::DB00758,CcSE,Side Effect::C2242588
Compound::DB00187,CcSE,Side Effect::C0021368
Compound::DB00412,CcSE,Side Effect::C0018799
Compound::DB00881,CcSE,Side Effect::C0020461
Compound::DB00973,CcSE,Side Effect::C0041912
Compound::DB00492,CcSE,Side Effect::C0232493
Compound::DB01083,CcSE,Side Effect::C0019112
Compound::DB08816,CcSE,Side Effect::C0022661
Compound::DB00206,CcSE,Side Effect::C0232462
Compound::DB01016,CcSE,Side Effect::C0014457
Compound::DB01120,CcSE,Side Effect::C0040460
Compound::DB00808,CcSE,Side Effect::C0006849
Compound::DB00700,CcSE,Side Effect::C0231528
Compound::DB01193,CcSE,Side Effect::C0015967
Compound::DB00627,CcSE,Side Effect::C0149931
Compound::DB00412,CcSE,Side Effect::C0022116
Compound::DB00641,CcSE,Side Effect::C0042571
Compound::DB00973,CcSE,Side Effect::C0012833
Compound::DB00700,CcSE,Side Effect::C0037274
Compound::DB00966,CcSE,Side Effect::C0002792
Compound::DB01115,CcSE,Side Effect::C0231218
Compound::DB00661,CcSE,Side Effect::C0026821
Compound::DB00343,CcSE,Side Effect::C0231218
Compound::DB00808,CcSE,Side Effect::C0007097
Compound::DB00412,CcSE,Side Effect::C0268000
Compound::DB00758,CcSE,Side Effect::C1456822
Compound::DB01241,CcSE,Side Effect::C0002871
Compound::DB00343,CcSE,Side Effect::C0026848
Compound::DB00758,CcSE,Side Effect::C3665347
Compound::DB00373,CcSE,Side Effect::C0038990
Compound::DB00758,CcSE,Side Effect::C0553692
Compound::DB00808,CcSE,Side Effect::C0002878
Compound::DB04861,CcSE,Side Effect::C0017178
Compound::DB01244,CcSE,Side Effect::C0003864
Compound::DB00373,CcSE,Side Effect::C0877359
Compound::DB00999,CcSE,Side Effect::C0030469
Compound::DB00641,CcSE,Side Effect::C1443060
Compound::DB01162,CcSE,Side Effect::C0233494
Compound::DB00590,CcSE,Side Effect::C0042024
Compound::DB01244,CcSE,Side Effect::C0039070
Compound::DB00722,CcSE,Side Effect::C0009676
Compound::DB00796,CcSE,Side Effect::C0013404
Compound::DB01023,CcSE,Side Effect::C2830004
Compound::DB00401,CcSE,Side Effect::C0232462
Compound::DB04861,CcSE,Side Effect::C0235490
Compound::DB00519,CcSE,Side Effect::C0030196
Compound::DB00598,CcSE,Side Effect::C0027424
Compound::DB01029,CcSE,Side Effect::C0009782
Compound::DB00622,CcSE,Side Effect::C0003813
Compound::DB00227,CcSE,Side Effect::C0151736
Compound::DB00641,CcSE,Side Effect::C2047937
Compound::DB00373,CcSE,Side Effect::C0151539
Compound::DB00700,CcSE,Side Effect::C0015230
Compound::DB00999,CcSE,Side Effect::C0032285
Compound::DB01275,CcSE,Side Effect::C0018524
Compound::DB00178,CcSE,Side Effect::C0011168
Compound::DB00678,CcSE,Side Effect::C0027424
Compound::DB00912,CcSE,Side Effect::C0034951
Compound::DB01162,CcSE,Side Effect::C2047937
Compound::DB01261,CcSE,Side Effect::C0476281
Compound::DB01023,CcSE,Side Effect::C0039231
Compound::DB00571,CcSE,Side Effect::C0015967
Compound::DB01039,CcSE,Side Effect::C0231528
Compound::DB01083,CcSE,Side Effect::C0027651
Compound::DB00412,CcSE,Side Effect::C0341047
Compound::DB00421,CcSE,Side Effect::C2047937
Compound::DB00695,CcSE,Side Effect::C1739363
Compound::DB01029,CcSE,Side Effect::C0009763
Compound::DB00575,CcSE,Side Effect::C0008031
Compound::DB04861,CcSE,Side Effect::C0015672
Compound::DB01241,CcSE,Side Effect::C0008350
Compound::DB00968,CcSE,Side Effect::C0003862
Compound::DB00195,CcSE,Side Effect::C0085628
Compound::DB00264,CcSE,Side Effect::C0012833
Compound::DB00381,CcSE,Side Effect::C0013404
Compound::DB00629,CcSE,Side Effect::C3203695
Compound::DB00575,CcSE,Side Effect::C0428977
Compound::DB00264,CcSE,Side Effect::C0018794
Compound::DB00492,CcSE,Side Effect::C0035204
Compound::DB00381,CcSE,Side Effect::C0014742
Compound::DB00839,CcSE,Side Effect::C0021141
Compound::DB00571,CcSE,Side Effect::C0042571
Compound::DB01098,CcSE,Side Effect::C0948594
Compound::DB00966,CcSE,Side Effect::C0040034
Compound::DB00839,CcSE,Side Effect::C0040034
Compound::DB01067,CcSE,Side Effect::C0239571
Compound::DB00381,CcSE,Side Effect::C0031117
Compound::DB00175,CcSE,Side Effect::C0034150
Compound::DB01120,CcSE,Side Effect::C0001339
Compound::DB00270,CcSE,Side Effect::C0017566
Compound::DB01120,CcSE,Side Effect::C0235996
Compound::DB00524,CcSE,Side Effect::C0009806
Compound::DB00584,CcSE,Side Effect::C0042023
Compound::DB08860,CcSE,Side Effect::C0012833
Compound::DB01016,CcSE,Side Effect::C0151436
Compound::DB00590,CcSE,Side Effect::C0033117
Compound::DB00808,CcSE,Side Effect::C0016655
Compound::DB01193,CcSE,Side Effect::C0017178
Compound::DB00175,CcSE,Side Effect::C0345904
Compound::DB00175,CcSE,Side Effect::C0028866
Compound::DB01244,CcSE,Side Effect::C0687713
Compound::DB00629,CcSE,Side Effect::C0020598
Compound::DB00695,CcSE,Side Effect::C0398623
Compound::DB00373,CcSE,Side Effect::C0037188
Compound::DB00960,CcSE,Side Effect::C0038990
Compound::DB00678,CcSE,Side Effect::C0042384
Compound::DB00178,CcSE,Side Effect::C0004096
Compound::DB01115,CcSE,Side Effect::C0017563
Compound::DB00401,CcSE,Side Effect::C0010200
Compound::DB00492,CcSE,Side Effect::C0013395
Compound::DB00876,CcSE,Side Effect::C0004238
Compound::DB00524,CcSE,Side Effect::C0234215
Compound::DB00264,CcSE,Side Effect::C1384666
Compound::DB00214,CcSE,Side Effect::C0242350
Compound::DB04861,CcSE,Side Effect::C0036974
Compound::DB00401,CcSE,Side Effect::C0017152
Compound::DB00584,CcSE,Side Effect::C0031350
Compound::DB00492,CcSE,Side Effect::C0030305
Compound::DB00492,CcSE,Side Effect::C0242350
Compound::DB01136,CcSE,Side Effect::C0042029
Compound::DB00373,CcSE,Side Effect::C0242350
Compound::DB00584,CcSE,Side Effect::C0034063
Compound::DB01029,CcSE,Side Effect::C0018500
Compound::DB01115,CcSE,Side Effect::C0041969
Compound::DB00584,CcSE,Side Effect::C0030312
Compound::DB00903,CcSE,Side Effect::C0001339
Compound::DB00881,CcSE,Side Effect::C0948089
Compound::DB01162,CcSE,Side Effect::C0574067
Compound::DB00227,CcSE,Side Effect::C0003467
Compound::DB00966,CcSE,Side Effect::C0042790
Compound::DB00175,CcSE,Side Effect::C0002871
Compound::DB01261,CcSE,Side Effect::C0009450
Compound::DB01193,CcSE,Side Effect::C0016382
Compound::DB00627,CcSE,Side Effect::C0002962
Compound::DB01120,CcSE,Side Effect::C0004096
Compound::DB00796,CcSE,Side Effect::C0003862
Compound::DB01200,CcSE,Side Effect::C0547030
Compound::DB00790,CcSE,Side Effect::C0026826
Compound::DB00758,CcSE,Side Effect::C0392171
Compound::DB00195,CcSE,Side Effect::C0162429
Compound::DB01241,CcSE,Side Effect::C0267792
Compound::DB01115,CcSE,Side Effect::C0021368
Compound::DB00960,CcSE,Side Effect::C0016204
Compound::DB01136,CcSE,Side Effect::C0277925
Compound::DB00722,CcSE,Side Effect::C2363730
Compound::DB00912,CcSE,Side Effect::C0020456
Compound::DB01023,CcSE,Side Effect::C0042109
Compound::DB01120,CcSE,Side Effect::C0022346
Compound::DB00722,CcSE,Side Effect::C0267792
Compound::DB01120,CcSE,Side Effect::C0027651
Compound::DB01039,CcSE,Side Effect::C1384353
Compound::DB01244,CcSE,Side Effect::C0043352
Compound::DB00722,CcSE,Side Effect::C0010828
Compound::DB08860,CcSE,Side Effect::C0242350
Compound::DB00700,CcSE,Side Effect::C0267792
Compound::DB00999,CcSE,Side Effect::C0037011
Compound::DB01083,CcSE,Side Effect::C0008325
Compound::DB01115,CcSE,Side Effect::C0039070
Compound::DB00177,CcSE,Side Effect::C0009806
Compound::DB00700,CcSE,Side Effect::C0007222
Compound::DB00206,CcSE,Side Effect::C0855242
Compound::DB01120,CcSE,Side Effect::C0018801
Compound::DB00966,CcSE,Side Effect::C0000833
Compound::DB00584,CcSE,Side Effect::C0020461
Compound::DB01162,CcSE,Side Effect::C0003811
Compound::DB00343,CcSE,Side Effect::C0014724
Compound::DB01067,CcSE,Side Effect::C0575081
Compound::DB00808,CcSE,Side Effect::C0344232
Compound::DB01098,CcSE,Side Effect::C0853034
Compound::DB00275,CcSE,Side Effect::C0006277
Compound::DB01115,CcSE,Side Effect::C0008372
Compound::DB01039,CcSE,Side Effect::C0857496
Compound::DB01029,CcSE,Side Effect::C0004096
Compound::DB00641,CcSE,Side Effect::C0232462
Compound::DB00968,CcSE,Side Effect::C0023895
Compound::DB00401,CcSE,Side Effect::C0947912
Compound::DB00876,CcSE,Side Effect::C0403632
Compound::DB00227,CcSE,Side Effect::C0013404
Compound::DB00627,CcSE,Side Effect::C0178298
Compound::DB00758,CcSE,Side Effect::C1384666
Compound::DB01039,CcSE,Side Effect::C0151765
Compound::DB00672,CcSE,Side Effect::C0014457
Compound::DB08860,CcSE,Side Effect::C0011991
Compound::DB08860,CcSE,Side Effect::C0042109
Compound::DB01029,CcSE,Side Effect::C0264886
Compound::DB01203,CcSE,Side Effect::C0013362
Compound::DB01193,CcSE,Side Effect::C0030848
Compound::DB00584,CcSE,Side Effect::C0003469
Compound::DB00808,CcSE,Side Effect::C0027339
Compound::DB00790,CcSE,Side Effect::C2830004
Compound::DB00808,CcSE,Side Effect::C0162429
Compound::DB01029,CcSE,Side Effect::C0009443
Compound::DB01136,CcSE,Side Effect::C0036572
Compound::DB00722,CcSE,Side Effect::C0948594
Compound::DB00264,CcSE,Side Effect::C0541782
Compound::DB00584,CcSE,Side Effect::C0021308
Compound::DB01120,CcSE,Side Effect::C0014868
Compound::DB00178,CcSE,Side Effect::C0242350
Compound::DB00275,CcSE,Side Effect::C0476273
Compound::DB01067,CcSE,Side Effect::C2047937
Compound::DB04861,CcSE,Side Effect::C0002994
Compound::DB01115,CcSE,Side Effect::C0085631
Compound::DB00187,CcSE,Side Effect::C0232208
Compound::DB00790,CcSE,Side Effect::C0006277
Compound::DB01136,CcSE,Side Effect::C0020580
Compound::DB01275,CcSE,Side Effect::C0497156
Compound::DB00629,CcSE,Side Effect::C0020437
Compound::DB00790,CcSE,Side Effect::C0003811
Compound::DB00881,CcSE,Side Effect::C0020651
Compound::DB00598,CcSE,Side Effect::C0037317
Compound::DB00657,CcSE,Side Effect::C0036974
Compound::DB00641,CcSE,Side Effect::C0000737
Compound::DB00999,CcSE,Side Effect::C0034150
Compound::DB00195,CcSE,Side Effect::C0025345
Compound::DB00175,CcSE,Side Effect::C0009676
Compound::DB00177,CcSE,Side Effect::C0231528
Compound::DB00373,CcSE,Side Effect::C0920195
Compound::DB01018,CcSE,Side Effect::C0011991
Compound::DB00839,CcSE,Side Effect::C0027497
Compound::DB00627,CcSE,Side Effect::C2242996
Compound::DB00492,CcSE,Side Effect::C0025958
Compound::DB00700,CcSE,Side Effect::C0008325
Compound::DB00401,CcSE,Side Effect::C0085641
Compound::DB00678,CcSE,Side Effect::C0030319
Compound::DB01016,CcSE,Side Effect::C0019158
Compound::DB00575,CcSE,Side Effect::C0001807
Compound::DB00808,CcSE,Side Effect::C0010200
Compound::DB01197,CcSE,Side Effect::C0015230
Compound::DB00629,CcSE,Side Effect::C0018801
Compound::DB00195,CcSE,Side Effect::C0851341
Compound::DB00945,CcSE,Side Effect::C0518015
Compound::DB00373,CcSE,Side Effect::C0033860
Compound::DB00695,CcSE,Side Effect::C0014742
Compound::DB01120,CcSE,Side Effect::C0035078
Compound::DB00584,CcSE,Side Effect::C0020456
Compound::DB00519,CcSE,Side Effect::C0004239
Compound::DB00598,CcSE,Side Effect::C0595938
Compound::DB01193,CcSE,Side Effect::C0085633
Compound::DB00178,CcSE,Side Effect::C0027424
Compound::DB00629,CcSE,Side Effect::C0857432
Compound::DB00722,CcSE,Side Effect::C0022660
Compound::DB00178,CcSE,Side Effect::C0018418
Compound::DB00800,CcSE,Side Effect::C0037763
Compound::DB00177,CcSE,Side Effect::C0020649
Compound::DB00758,CcSE,Side Effect::C0014518
Compound::DB01136,CcSE,Side Effect::C0700590
Compound::DB01120,CcSE,Side Effect::C0232849
Compound::DB00881,CcSE,Side Effect::C0015397
Compound::DB00436,CcSE,Side Effect::C0027497
Compound::DB00999,CcSE,Side Effect::C0344232
Compound::DB00887,CcSE,Side Effect::C0020621
Compound::DB01067,CcSE,Side Effect::C0232459
Compound::DB00796,CcSE,Side Effect::C0030554
Compound::DB00343,CcSE,Side Effect::C0023380
Compound::DB01162,CcSE,Side Effect::C0013428
Compound::DB01018,CcSE,Side Effect::C1443060
Compound::DB01261,CcSE,Side Effect::C0232487
Compound::DB00177,CcSE,Side Effect::C0036830
Compound::DB01016,CcSE,Side Effect::C0232570
Compound::DB01029,CcSE,Side Effect::C0017178
Compound::DB00590,CcSE,Side Effect::C0002962
Compound::DB01115,CcSE,Side Effect::C0039231
Compound::DB00808,CcSE,Side Effect::C0220983
Compound::DB01120,CcSE,Side Effect::C0152027
Compound::DB01136,CcSE,Side Effect::C0030193
Compound::DB01136,CcSE,Side Effect::C0010200
Compound::DB00722,CcSE,Side Effect::C0151517
Compound::DB00492,CcSE,Side Effect::C0085649
Compound::DB01132,CcSE,Side Effect::C0043096
Compound::DB01136,CcSE,Side Effect::C0003123
Compound::DB00622,CcSE,Side Effect::C0234458
Compound::DB00903,CcSE,Side Effect::C0027497
Compound::DB00966,CcSE,Side Effect::C0040460
Compound::DB00590,CcSE,Side Effect::C0043094
Compound::DB00575,CcSE,Side Effect::C0026821
Compound::DB01120,CcSE,Side Effect::C0000737
Compound::DB01203,CcSE,Side Effect::C0021775
Compound::DB00622,CcSE,Side Effect::C0574002
Compound::DB00903,CcSE,Side Effect::C0018099
Compound::DB00999,CcSE,Side Effect::C0232461
Compound::DB00731,CcSE,Side Effect::C0020517
Compound::DB00808,CcSE,Side Effect::C0042267
Compound::DB00575,CcSE,Side Effect::C0332563
Compound::DB00401,CcSE,Side Effect::C0085614
Compound::DB08882,CcSE,Side Effect::C0021053
Compound::DB00627,CcSE,Side Effect::C1963943
Compound::DB00206,CcSE,Side Effect::C0027424
Compound::DB08816,CcSE,Side Effect::C0041657
Compound::DB00524,CcSE,Side Effect::C0042487
Compound::DB00999,CcSE,Side Effect::C0239377
Compound::DB00945,CcSE,Side Effect::C0018926
Compound::DB08860,CcSE,Side Effect::C0233794
Compound::DB00457,CcSE,Side Effect::C0015967
Compound::DB01261,CcSE,Side Effect::C2711227
Compound::DB00966,CcSE,Side Effect::C0547030
Compound::DB00968,CcSE,Side Effect::C0042963
Compound::DB00284,CcSE,Side Effect::C0016204
Compound::DB00758,CcSE,Side Effect::C1608945
Compound::DB00973,CcSE,Side Effect::C0025061
Compound::DB00264,CcSE,Side Effect::C0027765
Compound::DB00641,CcSE,Side Effect::C1368065
Compound::DB01083,CcSE,Side Effect::C0003864
Compound::DB01120,CcSE,Side Effect::C0853026
Compound::DB00887,CcSE,Side Effect::C0000737
Compound::DB00678,CcSE,Side Effect::C0003864
Compound::DB00912,CcSE,Side Effect::C0018802
Compound::DB01261,CcSE,Side Effect::C0030193
Compound::DB00598,CcSE,Side Effect::C0042571
Compound::DB01200,CcSE,Side Effect::C0085649
Compound::DB00227,CcSE,Side Effect::C0853034
Compound::DB01039,CcSE,Side Effect::C0948089
Compound::DB00641,CcSE,Side Effect::C0018418
Compound::DB00722,CcSE,Side Effect::C0231856
Compound::DB00575,CcSE,Side Effect::C0233459
Compound::DB00590,CcSE,Side Effect::C0032533
Compound::DB00774,CcSE,Side Effect::C0009806
Compound::DB00373,CcSE,Side Effect::C0948594
Compound::DB00270,CcSE,Side Effect::C0011124
Compound::DB01067,CcSE,Side Effect::C0267792
Compound::DB00584,CcSE,Side Effect::C0019360
Compound::DB00187,CcSE,Side Effect::C0040046
Compound::DB00343,CcSE,Side Effect::C0015967
Compound::DB00590,CcSE,Side Effect::C0042571
Compound::DB00790,CcSE,Side Effect::C0013144
Compound::DB00222,CcSE,Side Effect::C0042790
Compound::DB00177,CcSE,Side Effect::C0035410
Compound::DB00790,CcSE,Side Effect::C0518015
Compound::DB00968,CcSE,Side Effect::C0002453
Compound::DB00590,CcSE,Side Effect::C0006266
Compound::DB00373,CcSE,Side Effect::C0004936
Compound::DB01203,CcSE,Side Effect::C0151602
Compound::DB00775,CcSE,Side Effect::C0155626
Compound::DB00343,CcSE,Side Effect::C1320474
Compound::DB00966,CcSE,Side Effect::C0037274
Compound::DB01067,CcSE,Side Effect::C1443060
Compound::DB00214,CcSE,Side Effect::C0039971
Compound::DB00641,CcSE,Side Effect::C0948594
Compound::DB00331,CcSE,Side Effect::C0040460
Compound::DB00839,CcSE,Side Effect::C0231218
Compound::DB01029,CcSE,Side Effect::C0042373
Compound::DB00881,CcSE,Side Effect::C0231218
Compound::DB00629,CcSE,Side Effect::C0033860
Compound::DB00966,CcSE,Side Effect::C0086565
Compound::DB00758,CcSE,Side Effect::C0004096
Compound::DB00492,CcSE,Side Effect::C0030807
Compound::DB00343,CcSE,Side Effect::C0404521
Compound::DB01067,CcSE,Side Effect::C0027769
Compound::DB00584,CcSE,Side Effect::C0037763
Compound::DB00187,CcSE,Side Effect::C0018802
Compound::DB00973,CcSE,Side Effect::C0021053
Compound::DB00731,CcSE,Side Effect::C0006277
Compound::DB00331,CcSE,Side Effect::C0006145
Compound::DB01029,CcSE,Side Effect::C0020580
Compound::DB00373,CcSE,Side Effect::C0476273
Compound::DB00195,CcSE,Side Effect::C0001824
Compound::DB01136,CcSE,Side Effect::C0015967
Compound::DB01132,CcSE,Side Effect::C0023218
Compound::DB00412,CcSE,Side Effect::C0002792
Compound::DB00195,CcSE,Side Effect::C0423006
Compound::DB00722,CcSE,Side Effect::C0027441
Compound::DB00758,CcSE,Side Effect::C0020538
Compound::DB00808,CcSE,Side Effect::C0027707
Compound::DB01261,CcSE,Side Effect::C0025061
Compound::DB01261,CcSE,Side Effect::C0009938
Compound::DB01029,CcSE,Side Effect::C0947912
Compound::DB00594,CcSE,Side Effect::C0022346
Compound::DB01023,CcSE,Side Effect::C0235309
Compound::DB00175,CcSE,Side Effect::C0002622
Compound::DB01193,CcSE,Side Effect::C0032285
Compound::DB00903,CcSE,Side Effect::C0040034
Compound::DB01016,CcSE,Side Effect::C0020635
Compound::DB00966,CcSE,Side Effect::C0007820
Compound::DB00177,CcSE,Side Effect::C0018681
Compound::DB00594,CcSE,Side Effect::C0030554
Compound::DB00722,CcSE,Side Effect::C0239377
Compound::DB00264,CcSE,Side Effect::C0018799
Compound::DB00881,CcSE,Side Effect::C0021053
Compound::DB00598,CcSE,Side Effect::C0409974
Compound::DB01115,CcSE,Side Effect::C0851578
Compound::DB00700,CcSE,Side Effect::C0085612
Compound::DB00622,CcSE,Side Effect::C0027769
Compound::DB00492,CcSE,Side Effect::C0002792
Compound::DB00968,CcSE,Side Effect::C0015230
Compound::DB01016,CcSE,Side Effect::C0011991
Compound::DB01029,CcSE,Side Effect::C0232461
Compound::DB00519,CcSE,Side Effect::C0035455
Compound::DB00275,CcSE,Side Effect::C0003862
Compound::DB01136,CcSE,Side Effect::C0021053
Compound::DB00214,CcSE,Side Effect::C0012833
Compound::DB00384,CcSE,Side Effect::C0242528
Compound::DB00731,CcSE,Side Effect::C0267792
Compound::DB00790,CcSE,Side Effect::C0027947
Compound::DB00968,CcSE,Side Effect::C0012359
Compound::DB00880,CcSE,Side Effect::C0040034
Compound::DB01120,CcSE,Side Effect::C0013595
Compound::DB00790,CcSE,Side Effect::C1142412
Compound::DB00343,CcSE,Side Effect::C0017566
Compound::DB01115,CcSE,Side Effect::C0242350
Compound::DB01029,CcSE,Side Effect::C0497247
Compound::DB01029,CcSE,Side Effect::C0042109
Compound::DB01197,CcSE,Side Effect::C0002994
Compound::DB00373,CcSE,Side Effect::C0497247
Compound::DB01098,CcSE,Side Effect::C0151736
Compound::DB00214,CcSE,Side Effect::C0041657
Compound::DB00227,CcSE,Side Effect::C0042029
Compound::DB01136,CcSE,Side Effect::C0009806
Compound::DB00381,CcSE,Side Effect::C0151907
Compound::DB01241,CcSE,Side Effect::C0013595
Compound::DB00800,CcSE,Side Effect::C0042963
Compound::DB01275,CcSE,Side Effect::C0042963
Compound::DB00227,CcSE,Side Effect::C0003864
Compound::DB00672,CcSE,Side Effect::C0853026
Compound::DB00966,CcSE,Side Effect::C0021775
Compound::DB00968,CcSE,Side Effect::C0028084
Compound::DB01136,CcSE,Side Effect::C0424740
Compound::DB00519,CcSE,Side Effect::C0019158
Compound::DB00175,CcSE,Side Effect::C0003467
Compound::DB01132,CcSE,Side Effect::C3665386
Compound::DB00187,CcSE,Side Effect::C0235490
Compound::DB00590,CcSE,Side Effect::C0558489
Compound::DB01200,CcSE,Side Effect::C0037763
Compound::DB00678,CcSE,Side Effect::C0009806
Compound::DB00343,CcSE,Side Effect::C3263723
Compound::DB00622,CcSE,Side Effect::C0009676
Compound::DB00887,CcSE,Side Effect::C0018772
Compound::DB00373,CcSE,Side Effect::C0152227
Compound::DB00790,CcSE,Side Effect::C0268000
Compound::DB00722,CcSE,Side Effect::C0004604
Compound::DB00876,CcSE,Side Effect::C0035455
Compound::DB00175,CcSE,Side Effect::C0031117
Compound::DB01039,CcSE,Side Effect::C0042963
Compound::DB00310,CcSE,Side Effect::C0011849
Compound::DB00808,CcSE,Side Effect::C0023067
Compound::DB00808,CcSE,Side Effect::C0004238
Compound::DB00492,CcSE,Side Effect::C2979982
Compound::DB00275,CcSE,Side Effect::C0033774
Compound::DB00178,CcSE,Side Effect::C1535950
Compound::DB00524,CcSE,Side Effect::C0020625
Compound::DB00960,CcSE,Side Effect::C0009676
Compound::DB00214,CcSE,Side Effect::C0002994
Compound::DB00790,CcSE,Side Effect::C0699744
Compound::DB01124,CcSE,Side Effect::C0541900
Compound::DB00627,CcSE,Side Effect::C0085641
Compound::DB01275,CcSE,Side Effect::C2242996
Compound::DB00678,CcSE,Side Effect::C0034150
Compound::DB00695,CcSE,Side Effect::C0023530
Compound::DB01039,CcSE,Side Effect::C0042023
Compound::DB00331,CcSE,Side Effect::C0000731
Compound::DB00968,CcSE,Side Effect::C0428977
Compound::DB00700,CcSE,Side Effect::C0032285
Compound::DB01120,CcSE,Side Effect::C0232431
Compound::DB00790,CcSE,Side Effect::C1260880
Compound::DB00999,CcSE,Side Effect::C0018808
Compound::DB00492,CcSE,Side Effect::C0549622
Compound::DB01275,CcSE,Side Effect::C0030446
Compound::DB00178,CcSE,Side Effect::C0151480
Compound::DB00310,CcSE,Side Effect::C0002874
Compound::DB00700,CcSE,Side Effect::C0687713
Compound::DB00343,CcSE,Side Effect::C0040435
Compound::DB01115,CcSE,Side Effect::C0085593
Compound::DB01083,CcSE,Side Effect::C0032617
Compound::DB00178,CcSE,Side Effect::C1368065
Compound::DB01261,CcSE,Side Effect::C0013595
Compound::DB01039,CcSE,Side Effect::C0233494
Compound::DB00808,CcSE,Side Effect::C0086543
Compound::DB00722,CcSE,Side Effect::C0027769
Compound::DB00758,CcSE,Side Effect::C0151701
Compound::DB00695,CcSE,Side Effect::C0085602
Compound::DB00584,CcSE,Side Effect::C0003126
Compound::DB01241,CcSE,Side Effect::C0085096
Compound::DB00401,CcSE,Side Effect::C0009763
Compound::DB00594,CcSE,Side Effect::C0687713
Compound::DB00401,CcSE,Side Effect::C0003467
Compound::DB00590,CcSE,Side Effect::C0004604
Compound::DB00912,CcSE,Side Effect::C0086565
Compound::DB01203,CcSE,Side Effect::C0015672
Compound::DB01039,CcSE,Side Effect::C0235416
Compound::DB00343,CcSE,Side Effect::C0497156
Compound::DB00887,CcSE,Side Effect::C0018939
Compound::DB00678,CcSE,Side Effect::C0042373
Compound::DB00968,CcSE,Side Effect::C0017178
Compound::DB00177,CcSE,Side Effect::C0004936
Compound::DB08882,CcSE,Side Effect::C0003862
Compound::DB00758,CcSE,Side Effect::C0160390
Compound::DB01120,CcSE,Side Effect::C0037822
Compound::DB00343,CcSE,Side Effect::C0232462
Compound::DB00808,CcSE,Side Effect::C0043352
Compound::DB00960,CcSE,Side Effect::C0040822
Compound::DB00790,CcSE,Side Effect::C0043352
Compound::DB01193,CcSE,Side Effect::C0547030
Compound::DB00195,CcSE,Side Effect::C0027765
Compound::DB00590,CcSE,Side Effect::C0038358
Compound::DB08816,CcSE,Side Effect::C0004604
Compound::DB00695,CcSE,Side Effect::C0034150
Compound::DB00590,CcSE,Side Effect::C0036572
Compound::DB00187,CcSE,Side Effect::C0428977
Compound::DB01120,CcSE,Side Effect::C0031117
Compound::DB00227,CcSE,Side Effect::C0022354
Compound::DB00887,CcSE,Side Effect::C0042571
Compound::DB00584,CcSE,Side Effect::C0231749
Compound::DB00598,CcSE,Side Effect::C0038990
Compound::DB00584,CcSE,Side Effect::C0009806
Compound::DB00270,CcSE,Side Effect::C0004093
Compound::DB00270,CcSE,Side Effect::C0042510
Compound::DB00590,CcSE,Side Effect::C0015967
Compound::DB01193,CcSE,Side Effect::C0541782
Compound::DB01016,CcSE,Side Effect::C0013404
Compound::DB01241,CcSE,Side Effect::C0040034
Compound::DB00839,CcSE,Side Effect::C0002878
Compound::DB01136,CcSE,Side Effect::C0155626
Compound::DB00492,CcSE,Side Effect::C0428974
Compound::DB00206,CcSE,Side Effect::C0018681
Compound::DB00999,CcSE,Side Effect::C0041349
Compound::DB00808,CcSE,Side Effect::C0231218
Compound::DB00657,CcSE,Side Effect::C0344232
Compound::DB00641,CcSE,Side Effect::C0033687
Compound::DB00695,CcSE,Side Effect::C0023380
Compound::DB00695,CcSE,Side Effect::C0004093
Compound::DB00331,CcSE,Side Effect::C0026821
Compound::DB01023,CcSE,Side Effect::C0030554
Compound::DB00401,CcSE,Side Effect::C0404521
Compound::DB00519,CcSE,Side Effect::C0162119
Compound::DB00774,CcSE,Side Effect::C0023530
Compound::DB00412,CcSE,Side Effect::C0009450
Compound::DB01136,CcSE,Side Effect::C0022660
Compound::DB00175,CcSE,Side Effect::C0003811
Compound::DB00661,CcSE,Side Effect::C0038325
Compound::DB00264,CcSE,Side Effect::C0030252
Compound::DB00195,CcSE,Side Effect::C0027497
Compound::DB00800,CcSE,Side Effect::C0009806
Compound::DB01067,CcSE,Side Effect::C0016382
Compound::DB01132,CcSE,Side Effect::C0232097
Compound::DB01018,CcSE,Side Effect::C0013378
Compound::DB00178,CcSE,Side Effect::C0027497
Compound::DB00275,CcSE,Side Effect::C0085649
Compound::DB00177,CcSE,Side Effect::C0019080
Compound::DB00373,CcSE,Side Effect::C0022568
Compound::DB00695,CcSE,Side Effect::C0080274
Compound::DB00584,CcSE,Side Effect::C1258215
Compound::DB01197,CcSE,Side Effect::C0027726
Compound::DB00264,CcSE,Side Effect::C0013378
Compound::DB01115,CcSE,Side Effect::C0004604
Compound::DB00584,CcSE,Side Effect::C0027947
Compound::DB00343,CcSE,Side Effect::C0403632
Compound::DB00641,CcSE,Side Effect::C0014457
Compound::DB00966,CcSE,Side Effect::C0239340
Compound::DB00672,CcSE,Side Effect::C0151474
Compound::DB01275,CcSE,Side Effect::C0278134
Compound::DB00492,CcSE,Side Effect::C3263723
Compound::DB00590,CcSE,Side Effect::C0022661
Compound::DB00492,CcSE,Side Effect::C0037199
Compound::DB00590,CcSE,Side Effect::C0000731
Compound::DB00264,CcSE,Side Effect::C0015397
Compound::DB01029,CcSE,Side Effect::C0740394
Compound::DB01136,CcSE,Side Effect::C0855242
Compound::DB00672,CcSE,Side Effect::C0302295
Compound::DB00641,CcSE,Side Effect::C0009450
Compound::DB00373,CcSE,Side Effect::C0027424
Compound::DB00519,CcSE,Side Effect::C0856882
Compound::DB00275,CcSE,Side Effect::C0002962
Compound::DB00672,CcSE,Side Effect::C0027497
Compound::DB00657,CcSE,Side Effect::C0030554
Compound::DB01197,CcSE,Side Effect::C0857172
Compound::DB00222,CcSE,Side Effect::C0020615
Compound::DB00519,CcSE,Side Effect::C0020625
Compound::DB00571,CcSE,Side Effect::C0221490
Compound::DB00590,CcSE,Side Effect::C1510410
Compound::DB00966,CcSE,Side Effect::C0404521
Compound::DB00178,CcSE,Side Effect::C0002994
Compound::DB00968,CcSE,Side Effect::C0016204
Compound::DB00999,CcSE,Side Effect::C2939147
Compound::DB00790,CcSE,Side Effect::C0002878
Compound::DB00177,CcSE,Side Effect::C0033774
Compound::DB01115,CcSE,Side Effect::C0231528
Compound::DB00790,CcSE,Side Effect::C0231218
Compound::DB00758,CcSE,Side Effect::C0012833
Compound::DB00622,CcSE,Side Effect::C0085096
Compound::DB00629,CcSE,Side Effect::C0948815
Compound::DB00678,CcSE,Side Effect::C0032285
Compound::DB00519,CcSE,Side Effect::C0015397
Compound::DB08816,CcSE,Side Effect::C0162429
Compound::DB00590,CcSE,Side Effect::C0428977
Compound::DB00722,CcSE,Side Effect::C0039231
Compound::DB00343,CcSE,Side Effect::C0042075
Compound::DB00178,CcSE,Side Effect::C0014457
Compound::DB01193,CcSE,Side Effect::C0231528
Compound::DB00584,CcSE,Side Effect::C0009938
Compound::DB01067,CcSE,Side Effect::C0001824
Compound::DB01132,CcSE,Side Effect::C0043094
Compound::DB00584,CcSE,Side Effect::C0027497
Compound::DB00270,CcSE,Side Effect::C0037763
Compound::DB00880,CcSE,Side Effect::C0035078
Compound::DB00700,CcSE,Side Effect::C0004238
Compound::DB00629,CcSE,Side Effect::C0036830
Compound::DB00594,CcSE,Side Effect::C0151517
Compound::DB00492,CcSE,Side Effect::C0020625
Compound::DB01067,CcSE,Side Effect::C0030312
Compound::DB00575,CcSE,Side Effect::C0221201
Compound::DB00571,CcSE,Side Effect::C2830004
Compound::DB00195,CcSE,Side Effect::C0033687
Compound::DB01200,CcSE,Side Effect::C0015397
Compound::DB00542,CcSE,Side Effect::C0023530
Compound::DB00373,CcSE,Side Effect::C0677500
Compound::DB00758,CcSE,Side Effect::C0037763
Compound::DB00492,CcSE,Side Effect::C0022346
Compound::DB01016,CcSE,Side Effect::C0854467
Compound::DB01241,CcSE,Side Effect::C0027765
Compound::DB00876,CcSE,Side Effect::C0085593
Compound::DB00973,CcSE,Side Effect::C0002994
Compound::DB00722,CcSE,Side Effect::C0030807
Compound::DB01115,CcSE,Side Effect::C0236124
Compound::DB00722,CcSE,Side Effect::C0016199
Compound::DB08816,CcSE,Side Effect::C0007787
Compound::DB00999,CcSE,Side Effect::C0157733
Compound::DB01203,CcSE,Side Effect::C0027497
Compound::DB00175,CcSE,Side Effect::C0027051
Compound::DB00214,CcSE,Side Effect::C0011603
Compound::DB01029,CcSE,Side Effect::C0033774
Compound::DB00912,CcSE,Side Effect::C0040435
Compound::DB00876,CcSE,Side Effect::C0013595
Compound::DB00774,CcSE,Side Effect::C0042384
Compound::DB00903,CcSE,Side Effect::C0740394
Compound::DB00227,CcSE,Side Effect::C0004604
Compound::DB01023,CcSE,Side Effect::C0016204
Compound::DB00627,CcSE,Side Effect::C2939147
Compound::DB00575,CcSE,Side Effect::C0013428
Compound::DB01083,CcSE,Side Effect::C0033774
Compound::DB00175,CcSE,Side Effect::C0032533
Compound::DB01120,CcSE,Side Effect::C0009450
Compound::DB00571,CcSE,Side Effect::C0036572
Compound::DB01029,CcSE,Side Effect::C0016204
Compound::DB00622,CcSE,Side Effect::C0151735
Compound::DB01018,CcSE,Side Effect::C0000737
Compound::DB00590,CcSE,Side Effect::C0030552
Compound::DB00492,CcSE,Side Effect::C0239340
Compound::DB00519,CcSE,Side Effect::C0151539
Compound::DB00195,CcSE,Side Effect::C0028961
Compound::DB00973,CcSE,Side Effect::C0043352
Compound::DB00195,CcSE,Side Effect::C0178421
Compound::DB01200,CcSE,Side Effect::C0521158
Compound::DB01136,CcSE,Side Effect::C0039070
Compound::DB01124,CcSE,Side Effect::C0162830
Compound::DB01200,CcSE,Side Effect::C0235031
Compound::DB00331,CcSE,Side Effect::C0013404
Compound::DB00731,CcSE,Side Effect::C0030252
Compound::DB00999,CcSE,Side Effect::C0018965
Compound::DB01136,CcSE,Side Effect::C0020625
Compound::DB00275,CcSE,Side Effect::C0438717
Compound::DB00999,CcSE,Side Effect::C0233794
Compound::DB00808,CcSE,Side Effect::C0014742
Compound::DB00790,CcSE,Side Effect::C0019158
Compound::DB01132,CcSE,Side Effect::C0151603
Compound::DB00178,CcSE,Side Effect::C0042029
Compound::DB00758,CcSE,Side Effect::C0020580
Compound::DB00598,CcSE,Side Effect::C0857121
Compound::DB00627,CcSE,Side Effect::C0014868
Compound::DB00343,CcSE,Side Effect::C2747891
Compound::DB00222,CcSE,Side Effect::C0040822
Compound::DB00524,CcSE,Side Effect::C0015230
Compound::DB01261,CcSE,Side Effect::C0043094
Compound::DB00590,CcSE,Side Effect::C0043352
Compound::DB00966,CcSE,Side Effect::C0031117
Compound::DB00175,CcSE,Side Effect::C1142028
Compound::DB01241,CcSE,Side Effect::C0008031
Compound::DB00331,CcSE,Side Effect::C0542184
Compound::DB01098,CcSE,Side Effect::C3267047
Compound::DB00524,CcSE,Side Effect::C0235290
Compound::DB01029,CcSE,Side Effect::C0017160
Compound::DB00999,CcSE,Side Effect::C0011168
Compound::DB00421,CcSE,Side Effect::C0235325
Compound::DB00966,CcSE,Side Effect::C0011603
Compound::DB00175,CcSE,Side Effect::C0014742
Compound::DB00175,CcSE,Side Effect::C0543698
Compound::DB00175,CcSE,Side Effect::C0027080
Compound::DB00457,CcSE,Side Effect::C0027404
Compound::DB01275,CcSE,Side Effect::C0022346
Compound::DB00912,CcSE,Side Effect::C0011603
Compound::DB01067,CcSE,Side Effect::C0302295
Compound::DB01136,CcSE,Side Effect::C0000737
Compound::DB00457,CcSE,Side Effect::C0020651
Compound::DB00343,CcSE,Side Effect::C3665347
Compound::DB00206,CcSE,Side Effect::C0027497
Compound::DB00661,CcSE,Side Effect::C0017566
Compound::DB00790,CcSE,Side Effect::C0005940
Compound::DB00808,CcSE,Side Effect::C1142412
Compound::DB00722,CcSE,Side Effect::C0030196
Compound::DB01029,CcSE,Side Effect::C0231528
Compound::DB00264,CcSE,Side Effect::C0007820
Compound::DB00672,CcSE,Side Effect::C0687133
Compound::DB00421,CcSE,Side Effect::C0040034
Compound::DB00343,CcSE,Side Effect::C0162834
Compound::DB00657,CcSE,Side Effect::C0039070
Compound::DB00343,CcSE,Side Effect::C0162429
Compound::DB01197,CcSE,Side Effect::C0020651
Compound::DB00195,CcSE,Side Effect::C0005747
Compound::DB00421,CcSE,Side Effect::C0231218
Compound::DB00178,CcSE,Side Effect::C0085624
Compound::DB01136,CcSE,Side Effect::C0043094
Compound::DB01029,CcSE,Side Effect::C0344232
Compound::DB00722,CcSE,Side Effect::C0014130
Compound::DB00731,CcSE,Side Effect::C0032617
Compound::DB00641,CcSE,Side Effect::C0852911
Compound::DB01115,CcSE,Side Effect::C0026821
Compound::DB00575,CcSE,Side Effect::C0149725
Compound::DB00178,CcSE,Side Effect::C0042109
Compound::DB01115,CcSE,Side Effect::C0011168
Compound::DB00584,CcSE,Side Effect::C0344232
Compound::DB00774,CcSE,Side Effect::C0003123
Compound::DB01261,CcSE,Side Effect::C0018681
Compound::DB01029,CcSE,Side Effect::C0162287
Compound::DB00966,CcSE,Side Effect::C0242350
Compound::DB01200,CcSE,Side Effect::C0039070
Compound::DB00214,CcSE,Side Effect::C0018681
Compound::DB00575,CcSE,Side Effect::C0162834
Compound::DB00722,CcSE,Side Effect::C0009806
Compound::DB00492,CcSE,Side Effect::C0010200
Compound::DB01083,CcSE,Side Effect::C0021053
Compound::DB00227,CcSE,Side Effect::C0919715
Compound::DB01016,CcSE,Side Effect::C0085605
Compound::DB00381,CcSE,Side Effect::C0043349
Compound::DB00808,CcSE,Side Effect::C0004604
Compound::DB00343,CcSE,Side Effect::C0020458
Compound::DB00629,CcSE,Side Effect::C0011606
Compound::DB00222,CcSE,Side Effect::C0014457
Compound::DB00310,CcSE,Side Effect::C0232487
Compound::DB00381,CcSE,Side Effect::C0042963
Compound::DB00343,CcSE,Side Effect::C0235416
Compound::DB00584,CcSE,Side Effect::C0023052
Compound::DB01115,CcSE,Side Effect::C0014591
Compound::DB00629,CcSE,Side Effect::C0041657
Compound::DB00373,CcSE,Side Effect::C0028084
Compound::DB08816,CcSE,Side Effect::C0518015
Compound::DB01039,CcSE,Side Effect::C0151849
Compound::DB01200,CcSE,Side Effect::C0016059
Compound::DB00206,CcSE,Side Effect::C1368065
Compound::DB01193,CcSE,Side Effect::C0020651
Compound::DB01193,CcSE,Side Effect::C0011606
Compound::DB01023,CcSE,Side Effect::C0264906
Compound::DB00758,CcSE,Side Effect::C0029408
Compound::DB00343,CcSE,Side Effect::C0013456
Compound::DB01136,CcSE,Side Effect::C0553732
Compound::DB00284,CcSE,Side Effect::C0151766
Compound::DB00881,CcSE,Side Effect::C0687713
Compound::DB00584,CcSE,Side Effect::C0232462
Compound::DB00881,CcSE,Side Effect::C0340865
Compound::DB00519,CcSE,Side Effect::C0039231
Compound::DB00401,CcSE,Side Effect::C0152227
Compound::DB01193,CcSE,Side Effect::C0042109
Compound::DB01115,CcSE,Side Effect::C0007222
Compound::DB01029,CcSE,Side Effect::C0013609
Compound::DB00999,CcSE,Side Effect::C0158369
Compound::DB01120,CcSE,Side Effect::C0020676
Compound::DB00264,CcSE,Side Effect::C0037274
Compound::DB00758,CcSE,Side Effect::C0003862
Compound::DB01083,CcSE,Side Effect::C0014724
Compound::DB01016,CcSE,Side Effect::C0020517
Compound::DB00661,CcSE,Side Effect::C0033975
Compound::DB01136,CcSE,Side Effect::C0018965
Compound::DB00973,CcSE,Side Effect::C0018681
Compound::DB01083,CcSE,Side Effect::C0042267
Compound::DB00381,CcSE,Side Effect::C0005778
Compound::DB01261,CcSE,Side Effect::C0042029
Compound::DB00808,CcSE,Side Effect::C0008449
Compound::DB00796,CcSE,Side Effect::C0438717
Compound::DB00401,CcSE,Side Effect::C0013456
Compound::DB00731,CcSE,Side Effect::C0041912
Compound::DB00401,CcSE,Side Effect::C0233632
Compound::DB00790,CcSE,Side Effect::C0018926
Compound::DB01136,CcSE,Side Effect::C0032285
Compound::DB00270,CcSE,Side Effect::C0234215
Compound::DB00758,CcSE,Side Effect::C0162557
Compound::DB00590,CcSE,Side Effect::C2242737
Compound::DB00331,CcSE,Side Effect::C0027765
Compound::DB01120,CcSE,Side Effect::C0162830
Compound::DB01132,CcSE,Side Effect::C0085607
Compound::DB00331,CcSE,Side Effect::C0851341
Compound::DB00412,CcSE,Side Effect::C0232461
Compound::DB00492,CcSE,Side Effect::C0019825
Compound::DB01115,CcSE,Side Effect::C0344232
Compound::DB00310,CcSE,Side Effect::C0025517
Compound::DB00790,CcSE,Side Effect::C2938875
Compound::DB00343,CcSE,Side Effect::C0021400
Compound::DB00275,CcSE,Side Effect::C0000737
Compound::DB00421,CcSE,Side Effect::C0037763
Compound::DB00227,CcSE,Side Effect::C1142139
Compound::DB00264,CcSE,Side Effect::C0042571
Compound::DB00175,CcSE,Side Effect::C0687713
Compound::DB00590,CcSE,Side Effect::C0022904
Compound::DB00790,CcSE,Side Effect::C0008031
Compound::DB08816,CcSE,Side Effect::C0010200
Compound::DB00175,CcSE,Side Effect::C0162287
Compound::DB01029,CcSE,Side Effect::C0234192
Compound::DB00331,CcSE,Side Effect::C0011175
Compound::DB00774,CcSE,Side Effect::C0022346
Compound::DB00343,CcSE,Side Effect::C0011606
Compound::DB00270,CcSE,Side Effect::C0003467
Compound::DB00999,CcSE,Side Effect::C0030196
Compound::DB00881,CcSE,Side Effect::C0242350
Compound::DB00627,CcSE,Side Effect::C0023530
Compound::DB00758,CcSE,Side Effect::C0574741
Compound::DB00912,CcSE,Side Effect::C0340865
Compound::DB01132,CcSE,Side Effect::C0021053
Compound::DB00195,CcSE,Side Effect::C0853149
Compound::DB01016,CcSE,Side Effect::C0036572
Compound::DB01067,CcSE,Side Effect::C0041834
Compound::DB00590,CcSE,Side Effect::C0007820
Compound::DB01023,CcSE,Side Effect::C2981158
Compound::DB00178,CcSE,Side Effect::C0015230
Compound::DB01023,CcSE,Side Effect::C0002871
Compound::DB00343,CcSE,Side Effect::C0027497
Compound::DB00343,CcSE,Side Effect::C0018681
Compound::DB00373,CcSE,Side Effect::C0036749
Compound::DB00722,CcSE,Side Effect::C1971624
Compound::DB00808,CcSE,Side Effect::C0233494
Compound::DB01083,CcSE,Side Effect::C0028754
Compound::DB08816,CcSE,Side Effect::C0018944
Compound::DB00876,CcSE,Side Effect::C0522055
Compound::DB00401,CcSE,Side Effect::C0231528
Compound::DB00177,CcSE,Side Effect::C0011603
Compound::DB00758,CcSE,Side Effect::C0857493
Compound::DB01067,CcSE,Side Effect::C0232492
Compound::DB00999,CcSE,Side Effect::C0038999
Compound::DB00264,CcSE,Side Effect::C0023890
Compound::DB01261,CcSE,Side Effect::C0007859
Compound::DB00571,CcSE,Side Effect::C0086525
Compound::DB00973,CcSE,Side Effect::C0016382
Compound::DB00731,CcSE,Side Effect::C0162429
Compound::DB00331,CcSE,Side Effect::C0231218
Compound::DB00800,CcSE,Side Effect::C0020649
Compound::DB00590,CcSE,Side Effect::C0233472
Compound::DB01039,CcSE,Side Effect::C0014457
Compound::DB00492,CcSE,Side Effect::C0587246
Compound::DB00331,CcSE,Side Effect::C1260871
Compound::DB00999,CcSE,Side Effect::C0853619
Compound::DB01083,CcSE,Side Effect::C0702166
Compound::DB00912,CcSE,Side Effect::C0030554
Compound::DB00519,CcSE,Side Effect::C0151825
Compound::DB00343,CcSE,Side Effect::C0042109
Compound::DB00195,CcSE,Side Effect::C0041657
Compound::DB01162,CcSE,Side Effect::C0002792
Compound::DB00178,CcSE,Side Effect::C0035078
Compound::DB01120,CcSE,Side Effect::C0037299
Compound::DB01193,CcSE,Side Effect::C0234458
Compound::DB01067,CcSE,Side Effect::C0009806
Compound::DB00584,CcSE,Side Effect::C0018681
Compound::DB00881,CcSE,Side Effect::C0039070
Compound::DB01193,CcSE,Side Effect::C0000737
Compound::DB01197,CcSE,Side Effect::C0027769
Compound::DB00310,CcSE,Side Effect::C0042109
Compound::DB00178,CcSE,Side Effect::C0344315
Compound::DB00178,CcSE,Side Effect::C0151798
Compound::DB01136,CcSE,Side Effect::C0546884
Compound::DB00731,CcSE,Side Effect::C0022408
Compound::DB00284,CcSE,Side Effect::C0032320
Compound::DB01083,CcSE,Side Effect::C1963818
Compound::DB00195,CcSE,Side Effect::C0011991
Compound::DB01124,CcSE,Side Effect::C0017178
Compound::DB00641,CcSE,Side Effect::C0543698
Compound::DB00584,CcSE,Side Effect::C0151539
Compound::DB00381,CcSE,Side Effect::C3665386
Compound::DB00627,CcSE,Side Effect::C0241057
Compound::DB00373,CcSE,Side Effect::C0034642
Compound::DB01023,CcSE,Side Effect::C0002962
Compound::DB00722,CcSE,Side Effect::C0004238
Compound::DB01200,CcSE,Side Effect::C0020649
Compound::DB00678,CcSE,Side Effect::C0042109
Compound::DB00421,CcSE,Side Effect::C0042384
Compound::DB01136,CcSE,Side Effect::C0857256
Compound::DB00519,CcSE,Side Effect::C0263386
Compound::DB00945,CcSE,Side Effect::C0040264
Compound::DB01039,CcSE,Side Effect::C0015672
Compound::DB00968,CcSE,Side Effect::C0151773
Compound::DB00678,CcSE,Side Effect::C0040264
Compound::DB00401,CcSE,Side Effect::C0016204
Compound::DB00436,CcSE,Side Effect::C0151436
Compound::DB00700,CcSE,Side Effect::C0009782
Compound::DB00178,CcSE,Side Effect::C0041912
Compound::DB00966,CcSE,Side Effect::C0030252
Compound::DB00492,CcSE,Side Effect::C0026858
Compound::DB00945,CcSE,Side Effect::C0042571
Compound::DB01136,CcSE,Side Effect::C0340464
Compound::DB01136,CcSE,Side Effect::C0018772
Compound::DB00270,CcSE,Side Effect::C0020458
Compound::DB01098,CcSE,Side Effect::C0031350
Compound::DB01136,CcSE,Side Effect::C0948089
Compound::DB00999,CcSE,Side Effect::C0002792
Compound::DB00373,CcSE,Side Effect::C0043352
Compound::DB00412,CcSE,Side Effect::C0027497
Compound::DB01203,CcSE,Side Effect::C0262662
Compound::DB00436,CcSE,Side Effect::C0034150
Compound::DB00796,CcSE,Side Effect::C1565489
Compound::DB01029,CcSE,Side Effect::C0853034
Compound::DB01029,CcSE,Side Effect::C0004093
Compound::DB00401,CcSE,Side Effect::C0242350
Compound::DB01200,CcSE,Side Effect::C0028643
Compound::DB00275,CcSE,Side Effect::C0740394
Compound::DB00381,CcSE,Side Effect::C0235848
Compound::DB00343,CcSE,Side Effect::C0040034
Compound::DB01203,CcSE,Side Effect::C0314719
Compound::DB00758,CcSE,Side Effect::C0456909
Compound::DB00722,CcSE,Side Effect::C0151936
Compound::DB00343,CcSE,Side Effect::C0151825
Compound::DB01018,CcSE,Side Effect::C0003467
Compound::DB00571,CcSE,Side Effect::C1306889
Compound::DB00999,CcSE,Side Effect::C0022346
Compound::DB01136,CcSE,Side Effect::C0006147
Compound::DB01098,CcSE,Side Effect::C0031117
Compound::DB00584,CcSE,Side Effect::C0033687
Compound::DB00960,CcSE,Side Effect::C0039231
Compound::DB00275,CcSE,Side Effect::C0013595
Compound::DB00966,CcSE,Side Effect::C0851341
Compound::DB00343,CcSE,Side Effect::C0085649
Compound::DB00695,CcSE,Side Effect::C0037763
Compound::DB01018,CcSE,Side Effect::C0041657
Compound::DB04861,CcSE,Side Effect::C0162429
Compound::DB01029,CcSE,Side Effect::C0028643
Compound::DB00222,CcSE,Side Effect::C0151736
Compound::DB00275,CcSE,Side Effect::C0013604
Compound::DB00594,CcSE,Side Effect::C0011570
Compound::DB00275,CcSE,Side Effect::C0030196
Compound::DB00178,CcSE,Side Effect::C0574067
Compound::DB01029,CcSE,Side Effect::C0948525
Compound::DB01016,CcSE,Side Effect::C0027765
Compound::DB00524,CcSE,Side Effect::C0042109
Compound::DB00401,CcSE,Side Effect::C0542571
Compound::DB00700,CcSE,Side Effect::C0595929
Compound::DB00880,CcSE,Side Effect::C0349506
Compound::DB00808,CcSE,Side Effect::C0011570
Compound::DB01120,CcSE,Side Effect::C0038990
Compound::DB01200,CcSE,Side Effect::C0027051
Compound::DB00195,CcSE,Side Effect::C0239454
Compound::DB00175,CcSE,Side Effect::C0042384
Compound::DB00790,CcSE,Side Effect::C0042571
Compound::DB00661,CcSE,Side Effect::C0022346
Compound::DB00584,CcSE,Side Effect::C0700225
Compound::DB00187,CcSE,Side Effect::C0085631
Compound::DB01197,CcSE,Side Effect::C0241863
Compound::DB00222,CcSE,Side Effect::C0021141
Compound::DB00175,CcSE,Side Effect::C0004093
Compound::DB00657,CcSE,Side Effect::C0015672
Compound::DB01132,CcSE,Side Effect::C0002792
Compound::DB01120,CcSE,Side Effect::C0022354
Compound::DB00575,CcSE,Side Effect::C0009377
Compound::DB00214,CcSE,Side Effect::C0015230
Compound::DB08882,CcSE,Side Effect::C0241863
Compound::DB00758,CcSE,Side Effect::C0151942
Compound::DB00310,CcSE,Side Effect::C0011603
Compound::DB00598,CcSE,Side Effect::C0022354
Compound::DB00641,CcSE,Side Effect::C0004936
Compound::DB00999,CcSE,Side Effect::C0042963
Compound::DB00641,CcSE,Side Effect::C2981158
Compound::DB00175,CcSE,Side Effect::C0151662
Compound::DB00373,CcSE,Side Effect::C1145670
Compound::DB00999,CcSE,Side Effect::C0021400
Compound::DB01083,CcSE,Side Effect::C0016655
Compound::DB01162,CcSE,Side Effect::C0020621
Compound::DB00661,CcSE,Side Effect::C0027051
Compound::DB00584,CcSE,Side Effect::C2363731
Compound::DB01115,CcSE,Side Effect::C0020517
Compound::DB00775,CcSE,Side Effect::C0002792
Compound::DB00195,CcSE,Side Effect::C0233472
Compound::DB01203,CcSE,Side Effect::C0034734
Compound::DB01261,CcSE,Side Effect::C0031117
Compound::DB00343,CcSE,Side Effect::C0740481
Compound::DB00641,CcSE,Side Effect::C1142139
Compound::DB01039,CcSE,Side Effect::C0549493
Compound::DB00808,CcSE,Side Effect::C0029877
Compound::DB00590,CcSE,Side Effect::C0041912
Compound::DB00700,CcSE,Side Effect::C0948594
Compound::DB00808,CcSE,Side Effect::C0026826
Compound::DB00275,CcSE,Side Effect::C0037274
Compound::DB00195,CcSE,Side Effect::C0020615
Compound::DB00590,CcSE,Side Effect::C0521839
Compound::DB00412,CcSE,Side Effect::C0004093
Compound::DB08816,CcSE,Side Effect::C0018801
Compound::DB01083,CcSE,Side Effect::C0278016
Compound::DB01083,CcSE,Side Effect::C0017178
Compound::DB00661,CcSE,Side Effect::C0020580
Compound::DB00590,CcSE,Side Effect::C0040034
Compound::DB00590,CcSE,Side Effect::C0013384
Compound::DB00960,CcSE,Side Effect::C0001807
Compound::DB00331,CcSE,Side Effect::C0750426
Compound::DB00839,CcSE,Side Effect::C1443060
Compound::DB00590,CcSE,Side Effect::C0026821
Compound::DB00695,CcSE,Side Effect::C0011175
Compound::DB00912,CcSE,Side Effect::C0030252
Compound::DB01018,CcSE,Side Effect::C0008031
Compound::DB00960,CcSE,Side Effect::C0018801
Compound::DB00629,CcSE,Side Effect::C0232487
Compound::DB00796,CcSE,Side Effect::C0151576
Compound::DB00227,CcSE,Side Effect::C0042963
Compound::DB00598,CcSE,Side Effect::C0030252
Compound::DB00966,CcSE,Side Effect::C0042029
Compound::DB00731,CcSE,Side Effect::C0021400
Compound::DB00966,CcSE,Side Effect::C1868912
Compound::DB00436,CcSE,Side Effect::C0032617
Compound::DB00195,CcSE,Side Effect::C0162529
Compound::DB00629,CcSE,Side Effect::C1868771
Compound::DB00594,CcSE,Side Effect::C0027947
Compound::DB00641,CcSE,Side Effect::C0021368
Compound::DB00887,CcSE,Side Effect::C0023530
Compound::DB01039,CcSE,Side Effect::C0030920
Compound::DB01136,CcSE,Side Effect::C0005779
Compound::DB00598,CcSE,Side Effect::C0002994
Compound::DB00195,CcSE,Side Effect::C2047937
Compound::DB01200,CcSE,Side Effect::C0338614
Compound::DB00343,CcSE,Side Effect::C1443060
Compound::DB00800,CcSE,Side Effect::C0016382
Compound::DB01115,CcSE,Side Effect::C0021053
Compound::DB00575,CcSE,Side Effect::C0004096
Compound::DB00178,CcSE,Side Effect::C0021308
Compound::DB00195,CcSE,Side Effect::C0003811
Compound::DB00264,CcSE,Side Effect::C0233414
Compound::DB04861,CcSE,Side Effect::C0039070
Compound::DB00275,CcSE,Side Effect::C0024523
Compound::DB00790,CcSE,Side Effect::C0001824
Compound::DB00661,CcSE,Side Effect::C0009676
Compound::DB00343,CcSE,Side Effect::C0038990
Compound::DB00629,CcSE,Side Effect::C0037011
Compound::DB00584,CcSE,Side Effect::C0600142
Compound::DB00222,CcSE,Side Effect::C0857305
Compound::DB00222,CcSE,Side Effect::C0149904
Compound::DB00187,CcSE,Side Effect::C0541782
Compound::DB00641,CcSE,Side Effect::C0011849
Compound::DB01120,CcSE,Side Effect::C0235309
Compound::DB00491,CcSE,Side Effect::C0919671
Compound::DB00195,CcSE,Side Effect::C0234913
Compound::DB00373,CcSE,Side Effect::C0009763
Compound::DB08816,CcSE,Side Effect::C0028961
Compound::DB01039,CcSE,Side Effect::C0267792
Compound::DB00590,CcSE,Side Effect::C0035455
Compound::DB00492,CcSE,Side Effect::C0021775
Compound::DB00945,CcSE,Side Effect::C0030920
Compound::DB00999,CcSE,Side Effect::C0428977
Compound::DB00973,CcSE,Side Effect::C0035410
Compound::DB00598,CcSE,Side Effect::C0314719
Compound::DB00284,CcSE,Side Effect::C0041834
Compound::DB00178,CcSE,Side Effect::C0014130
Compound::DB00622,CcSE,Side Effect::C0948594
Compound::DB00758,CcSE,Side Effect::C0010692
Compound::DB00195,CcSE,Side Effect::C0039503
Compound::DB00758,CcSE,Side Effect::C0085932
Compound::DB01120,CcSE,Side Effect::C0025345
Compound::DB00542,CcSE,Side Effect::C0042029
Compound::DB00575,CcSE,Side Effect::C0036974
Compound::DB00519,CcSE,Side Effect::C0740394
Compound::DB00796,CcSE,Side Effect::C0011991
Compound::DB00695,CcSE,Side Effect::C0021053
Compound::DB00175,CcSE,Side Effect::C0151905
Compound::DB00758,CcSE,Side Effect::C0086565
Compound::DB00275,CcSE,Side Effect::C0018681
Compound::DB01193,CcSE,Side Effect::C0030554
Compound::DB00373,CcSE,Side Effect::C0029408
Compound::DB00876,CcSE,Side Effect::C0151825
Compound::DB01200,CcSE,Side Effect::C0312420
Compound::DB00264,CcSE,Side Effect::C0948594
Compound::DB00876,CcSE,Side Effect::C0033774
Compound::DB01120,CcSE,Side Effect::C0030312
Compound::DB01023,CcSE,Side Effect::C0036974
Compound::DB00343,CcSE,Side Effect::C0003862
Compound::DB01120,CcSE,Side Effect::C0232570
Compound::DB00519,CcSE,Side Effect::C0012833
Compound::DB01120,CcSE,Side Effect::C0007097
Compound::DB00790,CcSE,Side Effect::C0015967
Compound::DB00627,CcSE,Side Effect::C0019080
Compound::DB00175,CcSE,Side Effect::C0042769
Compound::DB00590,CcSE,Side Effect::C0700590
Compound::DB00575,CcSE,Side Effect::C0522055
Compound::DB01203,CcSE,Side Effect::C0020538
Compound::DB00695,CcSE,Side Effect::C0235818
Compound::DB01244,CcSE,Side Effect::C0016204
Compound::DB00808,CcSE,Side Effect::C0857448
Compound::DB01023,CcSE,Side Effect::C0042571
Compound::DB00590,CcSE,Side Effect::C0013378
Compound::DB00436,CcSE,Side Effect::C0242350
Compound::DB01275,CcSE,Side Effect::C0035357
Compound::DB00175,CcSE,Side Effect::C0018500
Compound::DB00381,CcSE,Side Effect::C0013395
Compound::DB00590,CcSE,Side Effect::C0948594
Compound::DB01136,CcSE,Side Effect::C0033975
Compound::DB01120,CcSE,Side Effect::C0039503
Compound::DB00177,CcSE,Side Effect::C1565489
Compound::DB01136,CcSE,Side Effect::C0005778
Compound::DB00412,CcSE,Side Effect::C0011603
Compound::DB00999,CcSE,Side Effect::C0020621
Compound::DB00331,CcSE,Side Effect::C0151736
Compound::DB01083,CcSE,Side Effect::C0018681
Compound::DB01359,CcSE,Side Effect::C0002622
Compound::DB00178,CcSE,Side Effect::C0233494
Compound::DB00492,CcSE,Side Effect::C0236075
Compound::DB00627,CcSE,Side Effect::C0151691
Compound::DB04861,CcSE,Side Effect::C0018799
Compound::DB01039,CcSE,Side Effect::C2047937
Compound::DB00758,CcSE,Side Effect::C0037199
Compound::DB00758,CcSE,Side Effect::C0023418
Compound::DB00629,CcSE,Side Effect::C0030193
Compound::DB00590,CcSE,Side Effect::C0235639
Compound::DB00590,CcSE,Side Effect::C0234913
Compound::DB01120,CcSE,Side Effect::C0041657
Compound::DB00758,CcSE,Side Effect::C0034150
Compound::DB00222,CcSE,Side Effect::C0392162
Compound::DB00880,CcSE,Side Effect::C0002792
Compound::DB00195,CcSE,Side Effect::C0701811
Compound::DB00187,CcSE,Side Effect::C0085617
Compound::DB00575,CcSE,Side Effect::C0232492
Compound::DB00887,CcSE,Side Effect::C0232487
Compound::DB01275,CcSE,Side Effect::C0948594
Compound::DB01023,CcSE,Side Effect::C0231749
Compound::DB00629,CcSE,Side Effect::C0036974
Compound::DB00373,CcSE,Side Effect::C0022408
Compound::DB00175,CcSE,Side Effect::C0233494
Compound::DB01261,CcSE,Side Effect::C0042571
Compound::DB00790,CcSE,Side Effect::C0037278
Compound::DB00881,CcSE,Side Effect::C0030807
Compound::DB00492,CcSE,Side Effect::C0019209
Compound::DB01241,CcSE,Side Effect::C0919715
Compound::DB00343,CcSE,Side Effect::C0013404
Compound::DB00722,CcSE,Side Effect::C0037317
Compound::DB00187,CcSE,Side Effect::C0018790
Compound::DB00343,CcSE,Side Effect::C0014591
Compound::DB01241,CcSE,Side Effect::C0013378
Compound::DB00206,CcSE,Side Effect::C0242422
Compound::DB00373,CcSE,Side Effect::C0162429
Compound::DB01193,CcSE,Side Effect::C0015230
Compound::DB04861,CcSE,Side Effect::C0022660
Compound::DB00373,CcSE,Side Effect::C0026896
Compound::DB01083,CcSE,Side Effect::C0232495
Compound::DB00999,CcSE,Side Effect::C0038325
Compound::DB00310,CcSE,Side Effect::C0008370
Compound::DB00695,CcSE,Side Effect::C0162830
Compound::DB00264,CcSE,Side Effect::C0857073
Compound::DB01120,CcSE,Side Effect::C0086565
Compound::DB00343,CcSE,Side Effect::C0038358
Compound::DB00343,CcSE,Side Effect::C0016204
Compound::DB00195,CcSE,Side Effect::C0038362
Compound::DB00584,CcSE,Side Effect::C0035243
Compound::DB00214,CcSE,Side Effect::C0030193
Compound::DB00678,CcSE,Side Effect::C0037011
Compound::DB00571,CcSE,Side Effect::C0004936
Compound::DB00973,CcSE,Side Effect::C0852911
Compound::DB01018,CcSE,Side Effect::C0002170
Compound::DB00945,CcSE,Side Effect::C0016382
Compound::DB00178,CcSE,Side Effect::C0030252
Compound::DB00695,CcSE,Side Effect::C0553548
Compound::DB01067,CcSE,Side Effect::C0012833
Compound::DB00590,CcSE,Side Effect::C0016204
Compound::DB01115,CcSE,Side Effect::C0426576
Compound::DB00519,CcSE,Side Effect::C0030305
Compound::DB00966,CcSE,Side Effect::C0521839
Compound::DB00808,CcSE,Side Effect::C0085649
Compound::DB00584,CcSE,Side Effect::C0236075
Compound::DB00903,CcSE,Side Effect::C0027947
Compound::DB00695,CcSE,Side Effect::C0042384
Compound::DB01115,CcSE,Side Effect::C0006145
Compound::DB00876,CcSE,Side Effect::C0041912
Compound::DB01039,CcSE,Side Effect::C1443060
Compound::DB01067,CcSE,Side Effect::C0040034
Compound::DB00195,CcSE,Side Effect::C0007398
Compound::DB00960,CcSE,Side Effect::C0013604
Compound::DB00722,CcSE,Side Effect::C1565489
Compound::DB00758,CcSE,Side Effect::C0086543
Compound::DB00343,CcSE,Side Effect::C0037188
Compound::DB00627,CcSE,Side Effect::C0027769
Compound::DB01083,CcSE,Side Effect::C0037274
Compound::DB00661,CcSE,Side Effect::C0004093
Compound::DB08860,CcSE,Side Effect::C0021400
Compound::DB00222,CcSE,Side Effect::C0271710
Compound::DB00264,CcSE,Side Effect::C0277925
Compound::DB00876,CcSE,Side Effect::C0016204
Compound::DB01200,CcSE,Side Effect::C1443060
Compound::DB01029,CcSE,Side Effect::C0038435
Compound::DB00195,CcSE,Side Effect::C0233494
Compound::DB01120,CcSE,Side Effect::C0241137
Compound::DB01039,CcSE,Side Effect::C0027339
Compound::DB01016,CcSE,Side Effect::C0041834
Compound::DB01029,CcSE,Side Effect::C0026846
Compound::DB00401,CcSE,Side Effect::C0038362
Compound::DB01029,CcSE,Side Effect::C0006444
Compound::DB00175,CcSE,Side Effect::C0020517
Compound::DB00401,CcSE,Side Effect::C0020517
Compound::DB01029,CcSE,Side Effect::C0027765
Compound::DB00575,CcSE,Side Effect::C0003123
Compound::DB00722,CcSE,Side Effect::C0040034
Compound::DB00401,CcSE,Side Effect::C0042571
Compound::DB00758,CcSE,Side Effect::C0002874
Compound::DB01200,CcSE,Side Effect::C0242422
Compound::DB00594,CcSE,Side Effect::C0042963
Compound::DB01275,CcSE,Side Effect::C0020517
Compound::DB00629,CcSE,Side Effect::C0438215
Compound::DB00808,CcSE,Side Effect::C0030252
Compound::DB01039,CcSE,Side Effect::C0002418
Compound::DB00800,CcSE,Side Effect::C0027497
Compound::DB01018,CcSE,Side Effect::C2047937
Compound::DB00524,CcSE,Side Effect::C0020651
Compound::DB00457,CcSE,Side Effect::C0016382
Compound::DB00641,CcSE,Side Effect::C0038325
Compound::DB00343,CcSE,Side Effect::C0009450
Compound::DB00384,CcSE,Side Effect::C0027497
Compound::DB00966,CcSE,Side Effect::C0521465
Compound::DB01120,CcSE,Side Effect::C0019112
Compound::DB01241,CcSE,Side Effect::C0009319
Compound::DB00195,CcSE,Side Effect::C0037822
Compound::DB00519,CcSE,Side Effect::C0013144
Compound::DB00571,CcSE,Side Effect::C0085631
Compound::DB00960,CcSE,Side Effect::C0040264
Compound::DB00519,CcSE,Side Effect::C0085632
Compound::DB00401,CcSE,Side Effect::C0917798
Compound::DB00575,CcSE,Side Effect::C0010399
Compound::DB00641,CcSE,Side Effect::C0016382
Compound::DB00519,CcSE,Side Effect::C0178298
Compound::DB00222,CcSE,Side Effect::C0221395
Compound::DB00584,CcSE,Side Effect::C0027424
Compound::DB01203,CcSE,Side Effect::C0036974
Compound::DB00206,CcSE,Side Effect::C0028084
Compound::DB01241,CcSE,Side Effect::C0023052
Compound::DB00758,CcSE,Side Effect::C3263723
Compound::DB00881,CcSE,Side Effect::C0012833
Compound::DB00275,CcSE,Side Effect::C0008031
Compound::DB01120,CcSE,Side Effect::C0852911
Compound::DB00678,CcSE,Side Effect::C0040460
Compound::DB00973,CcSE,Side Effect::C0151662
Compound::DB00876,CcSE,Side Effect::C0042029
Compound::DB00343,CcSE,Side Effect::C0011603
Compound::DB00973,CcSE,Side Effect::C0002792
Compound::DB00700,CcSE,Side Effect::C0853034
Compound::DB00903,CcSE,Side Effect::C0042963
Compound::DB00571,CcSE,Side Effect::C0038325
Compound::DB01029,CcSE,Side Effect::C0085612
Compound::DB00275,CcSE,Side Effect::C0027497
Compound::DB00584,CcSE,Side Effect::C0020649
Compound::DB00808,CcSE,Side Effect::C0006826
Compound::DB01016,CcSE,Side Effect::C0860210
Compound::DB00912,CcSE,Side Effect::C0042029
Compound::DB00722,CcSE,Side Effect::C0233494
Compound::DB01200,CcSE,Side Effect::C0239513
Compound::DB00973,CcSE,Side Effect::C0015230
Compound::DB00178,CcSE,Side Effect::C0221512
Compound::DB00401,CcSE,Side Effect::C0039240
Compound::DB00343,CcSE,Side Effect::C0042963
Compound::DB00641,CcSE,Side Effect::C0037199
Compound::DB01029,CcSE,Side Effect::C0013378
Compound::DB00594,CcSE,Side Effect::C0948521
Compound::DB01023,CcSE,Side Effect::C2004489
Compound::DB08860,CcSE,Side Effect::C0022660
Compound::DB01067,CcSE,Side Effect::C0149931
Compound::DB00627,CcSE,Side Effect::C0085649
Compound::DB00876,CcSE,Side Effect::C0042109
Compound::DB01136,CcSE,Side Effect::C0017178
Compound::DB01115,CcSE,Side Effect::C0392699
Compound::DB01162,CcSE,Side Effect::C0018801
Compound::DB01193,CcSE,Side Effect::C0151517
Compound::DB00627,CcSE,Side Effect::C0011168
Compound::DB01029,CcSE,Side Effect::C0043144
Compound::DB01136,CcSE,Side Effect::C0013404
Compound::DB00887,CcSE,Side Effect::C0038990
Compound::DB00912,CcSE,Side Effect::C0017178
Compound::DB00672,CcSE,Side Effect::C0040034
Compound::DB00758,CcSE,Side Effect::C3665346
Compound::DB00796,CcSE,Side Effect::C0085649
Compound::DB00227,CcSE,Side Effect::C0037763
Compound::DB01162,CcSE,Side Effect::C0018681
Compound::DB01016,CcSE,Side Effect::C0948594
Compound::DB01120,CcSE,Side Effect::C0016382
Compound::DB04861,CcSE,Side Effect::C0040034
Compound::DB00968,CcSE,Side Effect::C0031046
Compound::DB00492,CcSE,Side Effect::C0600228
Compound::DB00695,CcSE,Side Effect::C0002874
Compound::DB00343,CcSE,Side Effect::C0037195
Compound::DB00492,CcSE,Side Effect::C0861120
Compound::DB01018,CcSE,Side Effect::C0004096
Compound::DB00594,CcSE,Side Effect::C0855242
Compound::DB00700,CcSE,Side Effect::C0438142
Compound::DB00457,CcSE,Side Effect::C1735601
Compound::DB08816,CcSE,Side Effect::C0553692
Compound::DB00876,CcSE,Side Effect::C0020458
Compound::DB00187,CcSE,Side Effect::C0035455
Compound::DB00839,CcSE,Side Effect::C0151474
Compound::DB00584,CcSE,Side Effect::C0020458
Compound::DB00622,CcSE,Side Effect::C0020538
Compound::DB00195,CcSE,Side Effect::C0002871
Compound::DB00903,CcSE,Side Effect::C0042571
Compound::DB00401,CcSE,Side Effect::C0029882
Compound::DB00401,CcSE,Side Effect::C0855242
Compound::DB01120,CcSE,Side Effect::C0267792
Compound::DB01029,CcSE,Side Effect::C0039231
Compound::DB00373,CcSE,Side Effect::C0233407
Compound::DB00678,CcSE,Side Effect::C0023530
Compound::DB00700,CcSE,Side Effect::C0020433
Compound::DB00678,CcSE,Side Effect::C0036974
Compound::DB08816,CcSE,Side Effect::C0012833
Compound::DB01039,CcSE,Side Effect::C0005940
Compound::DB01200,CcSE,Side Effect::C0085631
Compound::DB00575,CcSE,Side Effect::C0037317
Compound::DB00492,CcSE,Side Effect::C0162297
Compound::DB01136,CcSE,Side Effect::C0206062
Compound::DB00790,CcSE,Side Effect::C0042769
Compound::DB00178,CcSE,Side Effect::C0085631
Compound::DB00808,CcSE,Side Effect::C0151626
Compound::DB00175,CcSE,Side Effect::C0030193
Compound::DB00629,CcSE,Side Effect::C0023530
Compound::DB00774,CcSE,Side Effect::C0020651
Compound::DB04861,CcSE,Side Effect::C0020443
Compound::DB01115,CcSE,Side Effect::C0023052
Compound::DB00195,CcSE,Side Effect::C0018794
Compound::DB00206,CcSE,Side Effect::C0034150
Compound::DB01200,CcSE,Side Effect::C0017178
Compound::DB01162,CcSE,Side Effect::C0038454
Compound::DB00584,CcSE,Side Effect::C0040822
Compound::DB00264,CcSE,Side Effect::C0030193
Compound::DB00343,CcSE,Side Effect::C2047937
Compound::DB01359,CcSE,Side Effect::C0027497
Compound::DB01197,CcSE,Side Effect::C0039070
Compound::DB01244,CcSE,Side Effect::C0344232
Compound::DB01016,CcSE,Side Effect::C0020615
Compound::DB01120,CcSE,Side Effect::C0007286
Compound::DB00343,CcSE,Side Effect::C0012569
Compound::DB00808,CcSE,Side Effect::C0011175
Compound::DB01115,CcSE,Side Effect::C0042024
Compound::DB00491,CcSE,Side Effect::C0021843
Compound::DB00598,CcSE,Side Effect::C0043144
Compound::DB00695,CcSE,Side Effect::C0011849
Compound::DB00178,CcSE,Side Effect::C0004238
Compound::DB00590,CcSE,Side Effect::C0232461
Compound::DB00542,CcSE,Side Effect::C0001824
Compound::DB01275,CcSE,Side Effect::C0152025
Compound::DB01120,CcSE,Side Effect::C0042790
Compound::DB00331,CcSE,Side Effect::C0235710
Compound::DB01120,CcSE,Side Effect::C0235922
Compound::DB00331,CcSE,Side Effect::C0037195
Compound::DB00700,CcSE,Side Effect::C0006277
Compound::DB01136,CcSE,Side Effect::C0011570
Compound::DB00270,CcSE,Side Effect::C0023380
Compound::DB00187,CcSE,Side Effect::C0043144
Compound::DB01193,CcSE,Side Effect::C0013428
Compound::DB00270,CcSE,Side Effect::C0018799
Compound::DB00808,CcSE,Side Effect::C0023380
Compound::DB00178,CcSE,Side Effect::C0917801
Compound::DB00227,CcSE,Side Effect::C0687713
Compound::DB00178,CcSE,Side Effect::C0014518
Compound::DB01200,CcSE,Side Effect::C0013604
Compound::DB00412,CcSE,Side Effect::C0017178
Compound::DB01115,CcSE,Side Effect::C1565489
Compound::DB01132,CcSE,Side Effect::C0015672
Compound::DB00774,CcSE,Side Effect::C0037763
Compound::DB01193,CcSE,Side Effect::C0020649
Compound::DB00373,CcSE,Side Effect::C1456822
Compound::DB00629,CcSE,Side Effect::C1112210
Compound::DB00678,CcSE,Side Effect::C0237849
Compound::DB00590,CcSE,Side Effect::C0086543
Compound::DB01083,CcSE,Side Effect::C2242737
Compound::DB00491,CcSE,Side Effect::C0011991
Compound::DB01136,CcSE,Side Effect::C0344232
Compound::DB01016,CcSE,Side Effect::C0036974
Compound::DB00880,CcSE,Side Effect::C0030554
Compound::DB00790,CcSE,Side Effect::C0002792
Compound::DB00966,CcSE,Side Effect::C0014591
Compound::DB00790,CcSE,Side Effect::C0085593
Compound::DB00999,CcSE,Side Effect::C0232492
Compound::DB01132,CcSE,Side Effect::C0008031
Compound::DB00222,CcSE,Side Effect::C0233494
Compound::DB00790,CcSE,Side Effect::C0857121
Compound::DB01203,CcSE,Side Effect::C0007398
Compound::DB00519,CcSE,Side Effect::C0009450
Compound::DB00584,CcSE,Side Effect::C0239377
Compound::DB00519,CcSE,Side Effect::C0151766
Compound::DB00695,CcSE,Side Effect::C0041834
Compound::DB01275,CcSE,Side Effect::C0002962
Compound::DB00880,CcSE,Side Effect::C0018681
Compound::DB01018,CcSE,Side Effect::C0030196
Compound::DB00227,CcSE,Side Effect::C0042109
Compound::DB00491,CcSE,Side Effect::C0032320
Compound::DB00629,CcSE,Side Effect::C0006266
Compound::DB01029,CcSE,Side Effect::C2830004
Compound::DB00384,CcSE,Side Effect::C0002888
Compound::DB00373,CcSE,Side Effect::C1443060
Compound::DB00381,CcSE,Side Effect::C0023530
Compound::DB00966,CcSE,Side Effect::C0015230
Compound::DB00177,CcSE,Side Effect::C0041657
Compound::DB08816,CcSE,Side Effect::C0595916
Compound::DB00758,CcSE,Side Effect::C0021053
Compound::DB00175,CcSE,Side Effect::C0021400
Compound::DB00195,CcSE,Side Effect::C0009450
Compound::DB00214,CcSE,Side Effect::C0019080
Compound::DB00796,CcSE,Side Effect::C0022658
Compound::DB01244,CcSE,Side Effect::C0917801
Compound::DB00627,CcSE,Side Effect::C0014724
Compound::DB00790,CcSE,Side Effect::C0042029
Compound::DB01018,CcSE,Side Effect::C0232462
Compound::DB00575,CcSE,Side Effect::C0018802
Compound::DB00310,CcSE,Side Effect::C0000737
Compound::DB00627,CcSE,Side Effect::C0006444
Compound::DB00381,CcSE,Side Effect::C0234987
Compound::DB00790,CcSE,Side Effect::C0151480
Compound::DB00571,CcSE,Side Effect::C0018794
Compound::DB01162,CcSE,Side Effect::C0011991
Compound::DB00594,CcSE,Side Effect::C0012833
Compound::DB01200,CcSE,Side Effect::C0085616
Compound::DB00542,CcSE,Side Effect::C0231528
Compound::DB01083,CcSE,Side Effect::C0026821
Compound::DB01241,CcSE,Side Effect::C0014457
Compound::DB00401,CcSE,Side Effect::C0037299
Compound::DB01359,CcSE,Side Effect::C0030848
Compound::DB00999,CcSE,Side Effect::C0151517
Compound::DB00629,CcSE,Side Effect::C2364111
Compound::DB01115,CcSE,Side Effect::C0002622
Compound::DB01193,CcSE,Side Effect::C0036974
Compound::DB00584,CcSE,Side Effect::C0020615
Compound::DB00590,CcSE,Side Effect::C0042963
Compound::DB00796,CcSE,Side Effect::C0040034
Compound::DB00627,CcSE,Side Effect::C0026848
Compound::DB01029,CcSE,Side Effect::C0025061
Compound::DB00492,CcSE,Side Effect::C0151786
Compound::DB00758,CcSE,Side Effect::C0687133
Compound::DB00695,CcSE,Side Effect::C0040034
Compound::DB00973,CcSE,Side Effect::C0032533
Compound::DB01039,CcSE,Side Effect::C0009806
Compound::DB00492,CcSE,Side Effect::C0235266
Compound::DB00187,CcSE,Side Effect::C0520887
Compound::DB00401,CcSE,Side Effect::C0002622
Compound::DB01193,CcSE,Side Effect::C0040264
Compound::DB00999,CcSE,Side Effect::C0041834
Compound::DB01039,CcSE,Side Effect::C0023530
Compound::DB00999,CcSE,Side Effect::C0349506
Compound::DB00800,CcSE,Side Effect::C0013404
Compound::DB01136,CcSE,Side Effect::C0003864
Compound::DB00641,CcSE,Side Effect::C0151798
Compound::DB00945,CcSE,Side Effect::C0021400
Compound::DB00973,CcSE,Side Effect::C0022346
Compound::DB00887,CcSE,Side Effect::C0026821
Compound::DB00275,CcSE,Side Effect::C0242350
Compound::DB00722,CcSE,Side Effect::C0042029
Compound::DB01132,CcSE,Side Effect::C0005695
Compound::DB00876,CcSE,Side Effect::C2047937
Compound::DB00808,CcSE,Side Effect::C0030193
Compound::DB00571,CcSE,Side Effect::C0023380
Compound::DB00571,CcSE,Side Effect::C0027497
Compound::DB00412,CcSE,Side Effect::C0162429
Compound::DB00808,CcSE,Side Effect::C0221512
Compound::DB01115,CcSE,Side Effect::C0025061
Compound::DB00373,CcSE,Side Effect::C0221725
Compound::DB00968,CcSE,Side Effect::C0018799
Compound::DB00195,CcSE,Side Effect::C0037199
Compound::DB01023,CcSE,Side Effect::C0042401
Compound::DB01039,CcSE,Side Effect::C0022346
Compound::DB00700,CcSE,Side Effect::C0948586
Compound::DB00519,CcSE,Side Effect::C0038325
Compound::DB00973,CcSE,Side Effect::C0438717
Compound::DB00175,CcSE,Side Effect::C0035410
Compound::DB00590,CcSE,Side Effect::C0020538
Compound::DB00264,CcSE,Side Effect::C0020517
Compound::DB01132,CcSE,Side Effect::C0023895
Compound::DB00678,CcSE,Side Effect::C0041834
Compound::DB01083,CcSE,Side Effect::C0011570
Compound::DB00590,CcSE,Side Effect::C0086439
Compound::DB00519,CcSE,Side Effect::C0029408
Compound::DB00641,CcSE,Side Effect::C0002792
Compound::DB08816,CcSE,Side Effect::C0151705
Compound::DB00175,CcSE,Side Effect::C0037317
Compound::DB00270,CcSE,Side Effect::C0019158
Compound::DB00310,CcSE,Side Effect::C0857483
Compound::DB00284,CcSE,Side Effect::C0027497
Compound::DB00881,CcSE,Side Effect::C2047937
Compound::DB01132,CcSE,Side Effect::C2047937
Compound::DB01120,CcSE,Side Effect::C3263723
Compound::DB00627,CcSE,Side Effect::C0268000
Compound::DB00575,CcSE,Side Effect::C0040822
Compound::DB01083,CcSE,Side Effect::C0344232
Compound::DB01120,CcSE,Side Effect::C0009319
Compound::DB00264,CcSE,Side Effect::C0037284
Compound::DB00887,CcSE,Side Effect::C0018681
Compound::DB00790,CcSE,Side Effect::C0340865
Compound::DB00519,CcSE,Side Effect::C0037763
Compound::DB00876,CcSE,Side Effect::C0017152
Compound::DB01016,CcSE,Side Effect::C3665347
Compound::DB00966,CcSE,Side Effect::C0030193
Compound::DB00227,CcSE,Side Effect::C1142028
Compound::DB00270,CcSE,Side Effect::C0004936
Compound::DB00227,CcSE,Side Effect::C0016382
Compound::DB00575,CcSE,Side Effect::C0017178
Compound::DB01120,CcSE,Side Effect::C0028734
Compound::DB00590,CcSE,Side Effect::C0019158
Compound::DB00195,CcSE,Side Effect::C0558489
Compound::DB00598,CcSE,Side Effect::C0011991
Compound::DB00195,CcSE,Side Effect::C0151746
Compound::DB00227,CcSE,Side Effect::C0948594
Compound::DB00264,CcSE,Side Effect::C2830004
Compound::DB00790,CcSE,Side Effect::C0019080
Compound::DB00214,CcSE,Side Effect::C0011991
Compound::DB00731,CcSE,Side Effect::C0033774
Compound::DB00966,CcSE,Side Effect::C0085649
Compound::DB01261,CcSE,Side Effect::C0262988
Compound::DB01193,CcSE,Side Effect::C0013395
Compound::DB00622,CcSE,Side Effect::C0043352
Compound::DB01039,CcSE,Side Effect::C0947912
Compound::DB00722,CcSE,Side Effect::C0162830
Compound::DB00973,CcSE,Side Effect::C0006145
Compound::DB01136,CcSE,Side Effect::C0151662
Compound::DB01132,CcSE,Side Effect::C0038454
Compound::DB00457,CcSE,Side Effect::C0242350
Compound::DB00590,CcSE,Side Effect::C0039070
Compound::DB00195,CcSE,Side Effect::C0020580
Compound::DB00912,CcSE,Side Effect::C0030305
Compound::DB00722,CcSE,Side Effect::C0004239
Compound::DB00227,CcSE,Side Effect::C0085605
Compound::DB00373,CcSE,Side Effect::C0009782
Compound::DB00178,CcSE,Side Effect::C0009806
Compound::DB01016,CcSE,Side Effect::C0541900
Compound::DB00808,CcSE,Side Effect::C0022408
Compound::DB01132,CcSE,Side Effect::C0948586
Compound::DB00661,CcSE,Side Effect::C0235378
Compound::DB01018,CcSE,Side Effect::C0038454
Compound::DB00808,CcSE,Side Effect::C0232333
Compound::DB00590,CcSE,Side Effect::C0151717
Compound::DB00973,CcSE,Side Effect::C1142139
Compound::DB00661,CcSE,Side Effect::C0034063
Compound::DB00790,CcSE,Side Effect::C0018524
Compound::DB01115,CcSE,Side Effect::C0009806
Compound::DB00641,CcSE,Side Effect::C0020517
Compound::DB00206,CcSE,Side Effect::C0033774
Compound::DB00973,CcSE,Side Effect::C0687133
Compound::DB01098,CcSE,Side Effect::C0026857
Compound::DB01241,CcSE,Side Effect::C0021364
Compound::DB01023,CcSE,Side Effect::C1142412
Compound::DB00641,CcSE,Side Effect::C0030193
Compound::DB00700,CcSE,Side Effect::C0025061
Compound::DB00678,CcSE,Side Effect::C0740394
Compound::DB01132,CcSE,Side Effect::C0010709
Compound::DB00790,CcSE,Side Effect::C0003123
Compound::DB01136,CcSE,Side Effect::C0025222
Compound::DB01275,CcSE,Side Effect::C0013604
Compound::DB00881,CcSE,Side Effect::C2830004
Compound::DB00222,CcSE,Side Effect::C2830004
Compound::DB01083,CcSE,Side Effect::C0002170
Compound::DB08860,CcSE,Side Effect::C0206062
Compound::DB00343,CcSE,Side Effect::C0948594
Compound::DB01039,CcSE,Side Effect::C0026848
Compound::DB00629,CcSE,Side Effect::C0002994
Compound::DB00222,CcSE,Side Effect::C0853026
Compound::DB01136,CcSE,Side Effect::C0035078
Compound::DB00270,CcSE,Side Effect::C0009806
Compound::DB01115,CcSE,Side Effect::C0002962
Compound::DB00178,CcSE,Side Effect::C0232492
Compound::DB01193,CcSE,Side Effect::C0009676
Compound::DB00584,CcSE,Side Effect::C0018099
Compound::DB00401,CcSE,Side Effect::C1142412
Compound::DB00622,CcSE,Side Effect::C0085649
Compound::DB00187,CcSE,Side Effect::C0030232
Compound::DB01203,CcSE,Side Effect::C0039070
Compound::DB01115,CcSE,Side Effect::C0151786
Compound::DB00270,CcSE,Side Effect::C0027765
Compound::DB00661,CcSE,Side Effect::C1145670
Compound::DB00912,CcSE,Side Effect::C0002792
Compound::DB00808,CcSE,Side Effect::C0027769
Compound::DB01200,CcSE,Side Effect::C0015230
Compound::DB00722,CcSE,Side Effect::C0007787
Compound::DB00790,CcSE,Side Effect::C0600142
Compound::DB00373,CcSE,Side Effect::C1956346
Compound::DB00542,CcSE,Side Effect::C0037199
Compound::DB01200,CcSE,Side Effect::C0003467
Compound::DB00800,CcSE,Side Effect::C0004604
Compound::DB00264,CcSE,Side Effect::C0233472
Compound::DB08816,CcSE,Side Effect::C0029163
Compound::DB00373,CcSE,Side Effect::C0035357
Compound::DB00343,CcSE,Side Effect::C0016242
Compound::DB00960,CcSE,Side Effect::C0013395
Compound::DB01136,CcSE,Side Effect::C0030196
Compound::DB00808,CcSE,Side Effect::C0022346
Compound::DB01124,CcSE,Side Effect::C0041834
Compound::DB00999,CcSE,Side Effect::C0020625
Compound::DB00519,CcSE,Side Effect::C0013378
Compound::DB01039,CcSE,Side Effect::C0020458
Compound::DB00524,CcSE,Side Effect::C0004604
Compound::DB00672,CcSE,Side Effect::C0030312
Compound::DB00177,CcSE,Side Effect::C0042109
Compound::DB00876,CcSE,Side Effect::C0151786
Compound::DB01120,CcSE,Side Effect::C0017601
Compound::DB00945,CcSE,Side Effect::C0151763
Compound::DB01261,CcSE,Side Effect::C0036396
Compound::DB01162,CcSE,Side Effect::C0033774
Compound::DB00542,CcSE,Side Effect::C0030252
Compound::DB00275,CcSE,Side Effect::C0162429
Compound::DB00629,CcSE,Side Effect::C0575090
Compound::DB00966,CcSE,Side Effect::C0004093
Compound::DB01200,CcSE,Side Effect::C0042514
Compound::DB01029,CcSE,Side Effect::C0037023
Compound::DB01120,CcSE,Side Effect::C0029882
Compound::DB01115,CcSE,Side Effect::C0151190
Compound::DB00373,CcSE,Side Effect::C0917801
Compound::DB00966,CcSE,Side Effect::C0162119
Compound::DB01244,CcSE,Side Effect::C0020538
Compound::DB00331,CcSE,Side Effect::C0002965
Compound::DB00598,CcSE,Side Effect::C0009326
Compound::DB00492,CcSE,Side Effect::C0392525
Compound::DB01018,CcSE,Side Effect::C0030252
Compound::DB01193,CcSE,Side Effect::C0028734
Compound::DB00966,CcSE,Side Effect::C0151763
Compound::DB00999,CcSE,Side Effect::C0085649
Compound::DB00214,CcSE,Side Effect::C0035455
Compound::DB00436,CcSE,Side Effect::C0030305
Compound::DB00700,CcSE,Side Effect::C0020456
Compound::DB00641,CcSE,Side Effect::C0037763
Compound::DB01193,CcSE,Side Effect::C2363730
Compound::DB00808,CcSE,Side Effect::C1368065
Compound::DB00881,CcSE,Side Effect::C0027497
Compound::DB00594,CcSE,Side Effect::C0019151
Compound::DB00373,CcSE,Side Effect::C0314719
Compound::DB00790,CcSE,Side Effect::C1322281
Compound::DB01016,CcSE,Side Effect::C0020678
Compound::DB00973,CcSE,Side Effect::C0542476
Compound::DB08860,CcSE,Side Effect::C1443060
Compound::DB00808,CcSE,Side Effect::C0037763
Compound::DB00590,CcSE,Side Effect::C0235763
Compound::DB01200,CcSE,Side Effect::C0027441
Compound::DB01203,CcSE,Side Effect::C0006266
Compound::DB01244,CcSE,Side Effect::C0011991
Compound::DB00519,CcSE,Side Effect::C0004604
Compound::DB00945,CcSE,Side Effect::C0033774
Compound::DB01083,CcSE,Side Effect::C0687133
Compound::DB00695,CcSE,Side Effect::C0015967
Compound::DB01261,CcSE,Side Effect::C0021053
Compound::DB00695,CcSE,Side Effect::C0042373
Compound::DB00598,CcSE,Side Effect::C0687713
Compound::DB00903,CcSE,Side Effect::C0018681
Compound::DB00629,CcSE,Side Effect::C0521465
Compound::DB01120,CcSE,Side Effect::C0024894
Compound::DB00575,CcSE,Side Effect::C0043352
Compound::DB00912,CcSE,Side Effect::C0007222
Compound::DB00598,CcSE,Side Effect::C0028643
Compound::DB00700,CcSE,Side Effect::C0522055
Compound::DB01083,CcSE,Side Effect::C0010200
Compound::DB01029,CcSE,Side Effect::C0022661
Compound::DB00999,CcSE,Side Effect::C0004093
Compound::DB00912,CcSE,Side Effect::C0027051
Compound::DB01136,CcSE,Side Effect::C0002792
Compound::DB00758,CcSE,Side Effect::C0022408
Compound::DB00381,CcSE,Side Effect::C0004134
Compound::DB08816,CcSE,Side Effect::C0006145
Compound::DB01200,CcSE,Side Effect::C0042373
Compound::DB01023,CcSE,Side Effect::C1443060
Compound::DB08816,CcSE,Side Effect::C0013404
Compound::DB01083,CcSE,Side Effect::C1443060
Compound::DB00629,CcSE,Side Effect::C0043352
Compound::DB00457,CcSE,Side Effect::C0700590
Compound::DB00590,CcSE,Side Effect::C0242350
Compound::DB00331,CcSE,Side Effect::C0232807
Compound::DB00966,CcSE,Side Effect::C0002962
Compound::DB00519,CcSE,Side Effect::C0036980
Compound::DB00590,CcSE,Side Effect::C0018965
Compound::DB00622,CcSE,Side Effect::C0231528
Compound::DB00373,CcSE,Side Effect::C0003123
Compound::DB01132,CcSE,Side Effect::C0241863
Compound::DB00381,CcSE,Side Effect::C0008370
Compound::DB00178,CcSE,Side Effect::C0037199
Compound::DB00661,CcSE,Side Effect::C0008031
Compound::DB00222,CcSE,Side Effect::C0030552
Compound::DB00590,CcSE,Side Effect::C0015230
Compound::DB00524,CcSE,Side Effect::C0038325
Compound::DB00700,CcSE,Side Effect::C0041657
Compound::DB00343,CcSE,Side Effect::C0018802
Compound::DB00627,CcSE,Side Effect::C0042571
Compound::DB01241,CcSE,Side Effect::C0010200
Compound::DB00175,CcSE,Side Effect::C0151786
Compound::DB00177,CcSE,Side Effect::C0041969
Compound::DB00808,CcSE,Side Effect::C0476273
Compound::DB00524,CcSE,Side Effect::C1269683
Compound::DB00999,CcSE,Side Effect::C0003469
Compound::DB00629,CcSE,Side Effect::C0008031
Compound::DB01193,CcSE,Side Effect::C0277925
Compound::DB00177,CcSE,Side Effect::C0853760
Compound::DB00492,CcSE,Side Effect::C0020458
Compound::DB00657,CcSE,Side Effect::C0020651
Compound::DB00881,CcSE,Side Effect::C0017178
Compound::DB00627,CcSE,Side Effect::C0035455
Compound::DB01083,CcSE,Side Effect::C0012817
Compound::DB00594,CcSE,Side Effect::C0017178
Compound::DB00657,CcSE,Side Effect::C0011124
Compound::DB00695,CcSE,Side Effect::C1443060
Compound::DB00187,CcSE,Side Effect::C0004093
Compound::DB00214,CcSE,Side Effect::C1142175
Compound::DB00722,CcSE,Side Effect::C0344232
Compound::DB00195,CcSE,Side Effect::C0022904
Compound::DB00622,CcSE,Side Effect::C0019064
Compound::DB00999,CcSE,Side Effect::C0235431
Compound::DB01098,CcSE,Side Effect::C0687713
Compound::DB01203,CcSE,Side Effect::C0242429
Compound::DB08860,CcSE,Side Effect::C0033774
Compound::DB01200,CcSE,Side Effect::C0232487
Compound::DB00661,CcSE,Side Effect::C0332573
Compound::DB08816,CcSE,Side Effect::C0241742
Compound::DB00206,CcSE,Side Effect::C0015230
Compound::DB01098,CcSE,Side Effect::C0040034
Compound::DB00912,CcSE,Side Effect::C0027497
Compound::DB00594,CcSE,Side Effect::C0011603
Compound::DB00542,CcSE,Side Effect::C0026858
Compound::DB01275,CcSE,Side Effect::C0014457
Compound::DB00973,CcSE,Side Effect::C0016977
Compound::DB01132,CcSE,Side Effect::C0085605
Compound::DB00373,CcSE,Side Effect::C3665347
Compound::DB00187,CcSE,Side Effect::C0237849
Compound::DB00373,CcSE,Side Effect::C0423153
Compound::DB00571,CcSE,Side Effect::C0004093
Compound::DB00598,CcSE,Side Effect::C0278134
Compound::DB00575,CcSE,Side Effect::C0344232
Compound::DB00629,CcSE,Side Effect::C0750016
Compound::DB00542,CcSE,Side Effect::C0234987
Compound::DB00641,CcSE,Side Effect::C0002622
Compound::DB00678,CcSE,Side Effect::C0012833
Compound::DB00790,CcSE,Side Effect::C0239377
Compound::DB00661,CcSE,Side Effect::C0863113
Compound::DB00700,CcSE,Side Effect::C0595930
Compound::DB00178,CcSE,Side Effect::C0022354
Compound::DB01197,CcSE,Side Effect::C0231218
Compound::DB00590,CcSE,Side Effect::C0011603
Compound::DB00722,CcSE,Side Effect::C0030252
Compound::DB00542,CcSE,Side Effect::C0948586
Compound::DB00594,CcSE,Side Effect::C0009421
Compound::DB00492,CcSE,Side Effect::C0700363
Compound::DB00790,CcSE,Side Effect::C0034150
Compound::DB00584,CcSE,Side Effect::C0034359
Compound::DB00195,CcSE,Side Effect::C0018099
Compound::DB01016,CcSE,Side Effect::C0022354
Compound::DB00661,CcSE,Side Effect::C0232487
Compound::DB00695,CcSE,Side Effect::C1704272
Compound::DB00880,CcSE,Side Effect::C0476273
Compound::DB01193,CcSE,Side Effect::C0428977
Compound::DB01098,CcSE,Side Effect::C0151786
Compound::DB00661,CcSE,Side Effect::C0548823
Compound::DB01197,CcSE,Side Effect::C0162830
Compound::DB00264,CcSE,Side Effect::C0428977
Compound::DB00331,CcSE,Side Effect::C1291077
Compound::DB00657,CcSE,Side Effect::C0034063
Compound::DB00492,CcSE,Side Effect::C0162287
Compound::DB00700,CcSE,Side Effect::C0235431
Compound::DB00177,CcSE,Side Effect::C0850149
Compound::DB00310,CcSE,Side Effect::C0009806
Compound::DB00999,CcSE,Side Effect::C0030193
Compound::DB01067,CcSE,Side Effect::C0023218
Compound::DB01136,CcSE,Side Effect::C0151736
Compound::DB00590,CcSE,Side Effect::C0038525
Compound::DB00999,CcSE,Side Effect::C0031350
Compound::DB00790,CcSE,Side Effect::C0947912
Compound::DB01197,CcSE,Side Effect::C0022660
Compound::DB00590,CcSE,Side Effect::C0243026
Compound::DB00876,CcSE,Side Effect::C0009763
Compound::DB00457,CcSE,Side Effect::C0014591
Compound::DB08816,CcSE,Side Effect::C0018802
Compound::DB00519,CcSE,Side Effect::C0006145
Compound::DB00584,CcSE,Side Effect::C0002170
Compound::DB00722,CcSE,Side Effect::C0011991
Compound::DB00999,CcSE,Side Effect::C0040034
Compound::DB00542,CcSE,Side Effect::C0863113
Compound::DB00542,CcSE,Side Effect::C0003864
Compound::DB00758,CcSE,Side Effect::C0023218
Compound::DB00492,CcSE,Side Effect::C0235431
Compound::DB01162,CcSE,Side Effect::C0234458
Compound::DB00627,CcSE,Side Effect::C0024440
Compound::DB01132,CcSE,Side Effect::C0851341
Compound::DB00584,CcSE,Side Effect::C0011124
Compound::DB00222,CcSE,Side Effect::C0042023
Compound::DB01018,CcSE,Side Effect::C0015397
Compound::DB00187,CcSE,Side Effect::C0037274
Compound::DB00790,CcSE,Side Effect::C0042023
Compound::DB00966,CcSE,Side Effect::C0024115
Compound::DB01275,CcSE,Side Effect::C0027947
Compound::DB00222,CcSE,Side Effect::C0038325
Compound::DB01193,CcSE,Side Effect::C0020458
Compound::DB00542,CcSE,Side Effect::C0009806
Compound::DB00641,CcSE,Side Effect::C0009676
Compound::DB00598,CcSE,Side Effect::C0853619
Compound::DB01067,CcSE,Side Effect::C0003811
Compound::DB00887,CcSE,Side Effect::C0042109
Compound::DB01193,CcSE,Side Effect::C0033975
Compound::DB00401,CcSE,Side Effect::C0017181
Compound::DB01029,CcSE,Side Effect::C0178298
Compound::DB00876,CcSE,Side Effect::C0018681
Compound::DB00584,CcSE,Side Effect::C0016204
Compound::DB00264,CcSE,Side Effect::C0007166
Compound::DB00590,CcSE,Side Effect::C0010200
Compound::DB00700,CcSE,Side Effect::C0008031
Compound::DB00796,CcSE,Side Effect::C0042075
Compound::DB00222,CcSE,Side Effect::C0002962
Compound::DB00524,CcSE,Side Effect::C0012833
Compound::DB00966,CcSE,Side Effect::C0917801
Compound::DB00373,CcSE,Side Effect::C0030196
Compound::DB01039,CcSE,Side Effect::C0026858
Compound::DB00790,CcSE,Side Effect::C0028734
Compound::DB00722,CcSE,Side Effect::C0037036
Compound::DB01136,CcSE,Side Effect::C0151578
Compound::DB00177,CcSE,Side Effect::C0349506
Compound::DB00492,CcSE,Side Effect::C0003460
Compound::DB01023,CcSE,Side Effect::C0004093
Compound::DB00343,CcSE,Side Effect::C0001824
Compound::DB00876,CcSE,Side Effect::C0022650
Compound::DB00343,CcSE,Side Effect::C0085641
Compound::DB01261,CcSE,Side Effect::C0011603
Compound::DB00598,CcSE,Side Effect::C0040822
Compound::DB00373,CcSE,Side Effect::C0037199
Compound::DB01193,CcSE,Side Effect::C0220870
Compound::DB01083,CcSE,Side Effect::C0231218
Compound::DB00227,CcSE,Side Effect::C0042571
Compound::DB01275,CcSE,Side Effect::C0221733
Compound::DB00178,CcSE,Side Effect::C0036572
Compound::DB00590,CcSE,Side Effect::C0242379
Compound::DB00758,CcSE,Side Effect::C0267792
Compound::DB01115,CcSE,Side Effect::C0030554
Compound::DB00999,CcSE,Side Effect::C0017168
Compound::DB00331,CcSE,Side Effect::C0013395
Compound::DB00343,CcSE,Side Effect::C0004245
Compound::DB00195,CcSE,Side Effect::C0948595
Compound::DB00195,CcSE,Side Effect::C0344232
Compound::DB00384,CcSE,Side Effect::C0018681
Compound::DB00373,CcSE,Side Effect::C0162529
Compound::DB00876,CcSE,Side Effect::C0917801
Compound::DB00343,CcSE,Side Effect::C0025061
Compound::DB00880,CcSE,Side Effect::C0034063
Compound::DB00973,CcSE,Side Effect::C0239571
Compound::DB00187,CcSE,Side Effect::C0042109
Compound::DB00519,CcSE,Side Effect::C0013395
Compound::DB00227,CcSE,Side Effect::C0011603
Compound::DB01083,CcSE,Side Effect::C0851578
Compound::DB00412,CcSE,Side Effect::C0018802
Compound::DB00524,CcSE,Side Effect::C2363730
Compound::DB00178,CcSE,Side Effect::C0004936
Compound::DB00457,CcSE,Side Effect::C0015672
Compound::DB00284,CcSE,Side Effect::C1258215
Compound::DB00641,CcSE,Side Effect::C0022354
Compound::DB01124,CcSE,Side Effect::C0021141
Compound::DB01241,CcSE,Side Effect::C0016204
Compound::DB00657,CcSE,Side Effect::C0026961
Compound::DB00524,CcSE,Side Effect::C0011991
Compound::DB00584,CcSE,Side Effect::C0018418
Compound::DB01098,CcSE,Side Effect::C0022658
Compound::DB00775,CcSE,Side Effect::C0018926
Compound::DB01193,CcSE,Side Effect::C0001824
Compound::DB00524,CcSE,Side Effect::C0019158
Compound::DB00758,CcSE,Side Effect::C0035455
Compound::DB00622,CcSE,Side Effect::C0236075
Compound::DB01023,CcSE,Side Effect::C0162830
Compound::DB00373,CcSE,Side Effect::C0271308
Compound::DB00519,CcSE,Side Effect::C0042963
Compound::DB01018,CcSE,Side Effect::C0237849
Compound::DB01016,CcSE,Side Effect::C0042963
Compound::DB00381,CcSE,Side Effect::C2047937
Compound::DB01018,CcSE,Side Effect::C0917799
Compound::DB00227,CcSE,Side Effect::C0011633
Compound::DB00571,CcSE,Side Effect::C0018799
Compound::DB01197,CcSE,Side Effect::C0242350
Compound::DB00800,CcSE,Side Effect::C0042029
Compound::DB01018,CcSE,Side Effect::C0020538
Compound::DB01023,CcSE,Side Effect::C0039070
Compound::DB01193,CcSE,Side Effect::C0016204
Compound::DB00722,CcSE,Side Effect::C0029882
Compound::DB00492,CcSE,Side Effect::C0038999
Compound::DB00881,CcSE,Side Effect::C0042571
Compound::DB01197,CcSE,Side Effect::C0030232
Compound::DB00457,CcSE,Side Effect::C0042109
Compound::DB00627,CcSE,Side Effect::C0857370
Compound::DB00175,CcSE,Side Effect::C0027769
Compound::DB00808,CcSE,Side Effect::C0008031
Compound::DB00401,CcSE,Side Effect::C0043094
Compound::DB00790,CcSE,Side Effect::C0233794
Compound::DB01200,CcSE,Side Effect::C0080274
Compound::DB01200,CcSE,Side Effect::C0038220
Compound::DB01261,CcSE,Side Effect::C0542571
Compound::DB00373,CcSE,Side Effect::C0854097
Compound::DB00627,CcSE,Side Effect::C0030554
Compound::DB00960,CcSE,Side Effect::C0004245
Compound::DB00598,CcSE,Side Effect::C0002170
Compound::DB00571,CcSE,Side Effect::C0018790
Compound::DB00519,CcSE,Side Effect::C0235996
Compound::DB00492,CcSE,Side Effect::C0948349
Compound::DB01244,CcSE,Side Effect::C0232487
Compound::DB00227,CcSE,Side Effect::C0030196
Compound::DB01120,CcSE,Side Effect::C0015967
Compound::DB01115,CcSE,Side Effect::C0030794
Compound::DB01115,CcSE,Side Effect::C0002792
Compound::DB01261,CcSE,Side Effect::C0152029
Compound::DB00627,CcSE,Side Effect::C0008350
Compound::DB00966,CcSE,Side Effect::C0041969
Compound::DB00571,CcSE,Side Effect::C0037299
Compound::DB01039,CcSE,Side Effect::C0522055
Compound::DB00695,CcSE,Side Effect::C0392525
Compound::DB00966,CcSE,Side Effect::C0002994
Compound::DB01039,CcSE,Side Effect::C0853149
Compound::DB00270,CcSE,Side Effect::C0009782
Compound::DB00524,CcSE,Side Effect::C0011603
Compound::DB00331,CcSE,Side Effect::C0020649
Compound::DB00178,CcSE,Side Effect::C0023066
Compound::DB00960,CcSE,Side Effect::C0013144
Compound::DB00195,CcSE,Side Effect::C0042963
Compound::DB00945,CcSE,Side Effect::C1565489
Compound::DB00457,CcSE,Side Effect::C0948594
Compound::DB00973,CcSE,Side Effect::C0178298
Compound::DB00575,CcSE,Side Effect::C0002170
Compound::DB01115,CcSE,Side Effect::C0700590
Compound::DB00227,CcSE,Side Effect::C0042384
Compound::DB00175,CcSE,Side Effect::C0919980
Compound::DB00661,CcSE,Side Effect::C0012833
Compound::DB00641,CcSE,Side Effect::C0030554
Compound::DB00421,CcSE,Side Effect::C0004134
Compound::DB00622,CcSE,Side Effect::C0027497
Compound::DB00175,CcSE,Side Effect::C0022354
Compound::DB00519,CcSE,Side Effect::C0011570
Compound::DB00519,CcSE,Side Effect::C0009782
Compound::DB01039,CcSE,Side Effect::C0004238
Compound::DB00590,CcSE,Side Effect::C0004134
Compound::DB00214,CcSE,Side Effect::C0042963
Compound::DB01083,CcSE,Side Effect::C0039971
Compound::DB00343,CcSE,Side Effect::C0151529
Compound::DB00695,CcSE,Side Effect::C0018099
Compound::DB00275,CcSE,Side Effect::C2047937
Compound::DB01162,CcSE,Side Effect::C0037199
Compound::DB00881,CcSE,Side Effect::C0851341
Compound::DB00808,CcSE,Side Effect::C0231530
Compound::DB01261,CcSE,Side Effect::C0014869
Compound::DB01115,CcSE,Side Effect::C0151744
Compound::DB00627,CcSE,Side Effect::C0038990
Compound::DB00421,CcSE,Side Effect::C0014457
Compound::DB00584,CcSE,Side Effect::C0004238
Compound::DB00629,CcSE,Side Effect::C0011603
Compound::DB00584,CcSE,Side Effect::C0001824
Compound::DB00492,CcSE,Side Effect::C0149744
Compound::DB01039,CcSE,Side Effect::C0027121
Compound::DB00999,CcSE,Side Effect::C0017979
Compound::DB00758,CcSE,Side Effect::C0020649
Compound::DB00999,CcSE,Side Effect::C0033774
Compound::DB01359,CcSE,Side Effect::C0701811
Compound::DB00629,CcSE,Side Effect::C0085932
Compound::DB00227,CcSE,Side Effect::C0427055
Compound::DB00571,CcSE,Side Effect::C0030554
Compound::DB00195,CcSE,Side Effect::C0020649
Compound::DB01039,CcSE,Side Effect::C0006277
Compound::DB00177,CcSE,Side Effect::C0687713
Compound::DB01039,CcSE,Side Effect::C0030252
Compound::DB00790,CcSE,Side Effect::C0039231
Compound::DB00876,CcSE,Side Effect::C0003123
Compound::DB01115,CcSE,Side Effect::C0018681
Compound::DB00758,CcSE,Side Effect::C0036974
Compound::DB00373,CcSE,Side Effect::C1142412
Compound::DB01200,CcSE,Side Effect::C0020514
Compound::DB01200,CcSE,Side Effect::C0086525
Compound::DB00808,CcSE,Side Effect::C0013378
Compound::DB01162,CcSE,Side Effect::C0009676
Compound::DB01203,CcSE,Side Effect::C0277925
Compound::DB00722,CcSE,Side Effect::C0231528
Compound::DB00945,CcSE,Side Effect::C0011991
Compound::DB00492,CcSE,Side Effect::C0035243
Compound::DB01115,CcSE,Side Effect::C0853908
Compound::DB00590,CcSE,Side Effect::C0025222
Compound::DB01261,CcSE,Side Effect::C0041912
Compound::DB00966,CcSE,Side Effect::C0595929
Compound::DB00758,CcSE,Side Effect::C0549356
Compound::DB00881,CcSE,Side Effect::C0042029
Compound::DB01136,CcSE,Side Effect::C0233494
Compound::DB00678,CcSE,Side Effect::C0231528
Compound::DB00622,CcSE,Side Effect::C0542571
Compound::DB00627,CcSE,Side Effect::C0023067
Compound::DB00175,CcSE,Side Effect::C0008031
Compound::DB00331,CcSE,Side Effect::C1971624
Compound::DB00381,CcSE,Side Effect::C0232461
Compound::DB01029,CcSE,Side Effect::C0020517
Compound::DB00622,CcSE,Side Effect::C0032617
Compound::DB00700,CcSE,Side Effect::C0521839
Compound::DB00571,CcSE,Side Effect::C0026848
Compound::DB01261,CcSE,Side Effect::C0030305
Compound::DB01115,CcSE,Side Effect::C0017566
Compound::DB00575,CcSE,Side Effect::C0521495
Compound::DB00575,CcSE,Side Effect::C0042029
Compound::DB01200,CcSE,Side Effect::C0233763
Compound::DB00519,CcSE,Side Effect::C1443060
Compound::DB00492,CcSE,Side Effect::C0851578
Compound::DB00519,CcSE,Side Effect::C0852810
Compound::DB00519,CcSE,Side Effect::C0151908
Compound::DB01120,CcSE,Side Effect::C0040046
Compound::DB00598,CcSE,Side Effect::C0016382
Compound::DB01083,CcSE,Side Effect::C0030193
Compound::DB00381,CcSE,Side Effect::C0233471
Compound::DB00627,CcSE,Side Effect::C0344232
Compound::DB01132,CcSE,Side Effect::C0333243
Compound::DB01136,CcSE,Side Effect::C0026827
Compound::DB00790,CcSE,Side Effect::C0030554
Compound::DB01241,CcSE,Side Effect::C0085693
Compound::DB00178,CcSE,Side Effect::C0042384
Compound::DB01067,CcSE,Side Effect::C0030193
Compound::DB00960,CcSE,Side Effect::C0004093
Compound::DB00175,CcSE,Side Effect::C0344232
Compound::DB00758,CcSE,Side Effect::C0235437
Compound::DB01083,CcSE,Side Effect::C0013369
Compound::DB00678,CcSE,Side Effect::C0151786
Compound::DB01136,CcSE,Side Effect::C0026821
Compound::DB00912,CcSE,Side Effect::C0162429
Compound::DB01023,CcSE,Side Effect::C0014742
Compound::DB00622,CcSE,Side Effect::C0004093
Compound::DB00519,CcSE,Side Effect::C0687713
Compound::DB00177,CcSE,Side Effect::C0009450
Compound::DB00457,CcSE,Side Effect::C0030193
Compound::DB00774,CcSE,Side Effect::C0004093
Compound::DB00758,CcSE,Side Effect::C0006277
Compound::DB00903,CcSE,Side Effect::C0020456
Compound::DB00594,CcSE,Side Effect::C0740394
Compound::DB00214,CcSE,Side Effect::C0014518
Compound::DB00421,CcSE,Side Effect::C0018418
Compound::DB00373,CcSE,Side Effect::C0687713
Compound::DB00421,CcSE,Side Effect::C0011603
Compound::DB00622,CcSE,Side Effect::C0020580
Compound::DB00695,CcSE,Side Effect::C0023890
Compound::DB00492,CcSE,Side Effect::C0011071
Compound::DB01162,CcSE,Side Effect::C0004093
Compound::DB01136,CcSE,Side Effect::C0235439
Compound::DB00264,CcSE,Side Effect::C0039070
Compound::DB00264,CcSE,Side Effect::C0036974
Compound::DB00401,CcSE,Side Effect::C0041657
Compound::DB01136,CcSE,Side Effect::C0014518
Compound::DB00945,CcSE,Side Effect::C0011603
Compound::DB00187,CcSE,Side Effect::C0031117
Compound::DB00343,CcSE,Side Effect::C0026858
Compound::DB00195,CcSE,Side Effect::C0034882
Compound::DB01200,CcSE,Side Effect::C0042024
Compound::DB00264,CcSE,Side Effect::C0025061
Compound::DB00661,CcSE,Side Effect::C0037763
Compound::DB01029,CcSE,Side Effect::C1565489
Compound::DB00214,CcSE,Side Effect::C0518015
Compound::DB00594,CcSE,Side Effect::C0004093
Compound::DB00222,CcSE,Side Effect::C0151905
Compound::DB00945,CcSE,Side Effect::C0012833
Compound::DB00973,CcSE,Side Effect::C0151766
Compound::DB01241,CcSE,Side Effect::C0852911
Compound::DB00457,CcSE,Side Effect::C0021167
Compound::DB00524,CcSE,Side Effect::C1291077
Compound::DB01261,CcSE,Side Effect::C0858635
Compound::DB01115,CcSE,Side Effect::C0020540
Compound::DB01023,CcSE,Side Effect::C0948594
Compound::DB00264,CcSE,Side Effect::C0314719
Compound::DB00178,CcSE,Side Effect::C0003123
Compound::DB01120,CcSE,Side Effect::C2830004
Compound::DB01018,CcSE,Side Effect::C0009676
Compound::DB01136,CcSE,Side Effect::C0037199
Compound::DB01115,CcSE,Side Effect::C0013604
Compound::DB00575,CcSE,Side Effect::C0020651
Compound::DB00401,CcSE,Side Effect::C0011991
Compound::DB08882,CcSE,Side Effect::C0030196
Compound::DB00524,CcSE,Side Effect::C0020517
Compound::DB00966,CcSE,Side Effect::C0002871
Compound::DB00571,CcSE,Side Effect::C0151942
Compound::DB00999,CcSE,Side Effect::C0037023
Compound::DB00790,CcSE,Side Effect::C0040264
Compound::DB00177,CcSE,Side Effect::C0003862
Compound::DB01120,CcSE,Side Effect::C0235546
Compound::DB00343,CcSE,Side Effect::C0877055
Compound::DB00195,CcSE,Side Effect::C0231303
Compound::DB00275,CcSE,Side Effect::C0553548
Compound::DB00973,CcSE,Side Effect::C0017168
Compound::DB01120,CcSE,Side Effect::C0011603
Compound::DB01244,CcSE,Side Effect::C0152030
Compound::DB00661,CcSE,Side Effect::C0013144
Compound::DB00887,CcSE,Side Effect::C0948296
Compound::DB00945,CcSE,Side Effect::C0020538
Compound::DB01067,CcSE,Side Effect::C0231528
Compound::DB01244,CcSE,Side Effect::C0231528
Compound::DB00519,CcSE,Side Effect::C0085096
Compound::DB00758,CcSE,Side Effect::C0034152
Compound::DB00622,CcSE,Side Effect::C0687713
Compound::DB08882,CcSE,Side Effect::C0015230
Compound::DB00381,CcSE,Side Effect::C0003811
Compound::DB00575,CcSE,Side Effect::C0234215
Compound::DB01120,CcSE,Side Effect::C0022650
Compound::DB00876,CcSE,Side Effect::C0008031
Compound::DB01136,CcSE,Side Effect::C0042109
Compound::DB08816,CcSE,Side Effect::C0015402
Compound::DB00519,CcSE,Side Effect::C0242350
Compound::DB00999,CcSE,Side Effect::C0042510
Compound::DB00678,CcSE,Side Effect::C0041657
Compound::DB00264,CcSE,Side Effect::C0030554
Compound::DB01120,CcSE,Side Effect::C0423791
Compound::DB00584,CcSE,Side Effect::C0700590
Compound::DB01018,CcSE,Side Effect::C0040822
Compound::DB01115,CcSE,Side Effect::C0085612
Compound::DB00758,CcSE,Side Effect::C0030252
Compound::DB01162,CcSE,Side Effect::C2981158
Compound::DB00672,CcSE,Side Effect::C0042963
Compound::DB00722,CcSE,Side Effect::C0030312
Compound::DB00575,CcSE,Side Effect::C0039971
Compound::DB00195,CcSE,Side Effect::C0233407
Compound::DB00524,CcSE,Side Effect::C0027497
Compound::DB00722,CcSE,Side Effect::C0028173
Compound::DB00808,CcSE,Side Effect::C0235416
Compound::DB00700,CcSE,Side Effect::C0017178
Compound::DB00973,CcSE,Side Effect::C0003864
Compound::DB01115,CcSE,Side Effect::C0042023
Compound::DB00722,CcSE,Side Effect::C0043352
Compound::DB00524,CcSE,Side Effect::C0027769
Compound::DB00999,CcSE,Side Effect::C0233472
Compound::DB01120,CcSE,Side Effect::C0042029
Compound::DB01197,CcSE,Side Effect::C0035455
Compound::DB00227,CcSE,Side Effect::C0009676
Compound::DB00695,CcSE,Side Effect::C0001824
Compound::DB00519,CcSE,Side Effect::C0149931
Compound::DB01083,CcSE,Side Effect::C0574002
Compound::DB00275,CcSE,Side Effect::C0018099
Compound::DB00695,CcSE,Side Effect::C0340865
Compound::DB00758,CcSE,Side Effect::C1443060
Compound::DB00722,CcSE,Side Effect::C0043096
Compound::DB00524,CcSE,Side Effect::C0152029
Compound::DB00373,CcSE,Side Effect::C0010034
Compound::DB00519,CcSE,Side Effect::C0004093
Compound::DB00657,CcSE,Side Effect::C0042963
Compound::DB00627,CcSE,Side Effect::C0020517
Compound::DB00373,CcSE,Side Effect::C0014236
Compound::DB00627,CcSE,Side Effect::C0022593
Compound::DB01193,CcSE,Side Effect::C0042373
Compound::DB00343,CcSE,Side Effect::C0160390
Compound::DB00227,CcSE,Side Effect::C0035410
Compound::DB00264,CcSE,Side Effect::C0023530
Compound::DB00384,CcSE,Side Effect::C0041349
Compound::DB00999,CcSE,Side Effect::C2830004
Compound::DB00270,CcSE,Side Effect::C0011603
Compound::DB00973,CcSE,Side Effect::C0013395
Compound::DB00629,CcSE,Side Effect::C0020617
Compound::DB00284,CcSE,Side Effect::C0919671
Compound::DB00973,CcSE,Side Effect::C0031350
Compound::DB01016,CcSE,Side Effect::C1565489
Compound::DB00790,CcSE,Side Effect::C0022660
Compound::DB00373,CcSE,Side Effect::C0006266
Compound::DB00641,CcSE,Side Effect::C0013395
Compound::DB00381,CcSE,Side Effect::C0151786
Compound::DB00178,CcSE,Side Effect::C0151763
Compound::DB01023,CcSE,Side Effect::C0003469
Compound::DB00178,CcSE,Side Effect::C0018801
Compound::DB00598,CcSE,Side Effect::C0033774
Compound::DB00598,CcSE,Side Effect::C0085612
Compound::DB00594,CcSE,Side Effect::C0027424
Compound::DB00775,CcSE,Side Effect::C0018965
Compound::DB00629,CcSE,Side Effect::C0009676
Compound::DB00912,CcSE,Side Effect::C0042384
Compound::DB01120,CcSE,Side Effect::C0006444
Compound::DB00524,CcSE,Side Effect::C0023380
Compound::DB00641,CcSE,Side Effect::C0013404
Compound::DB00590,CcSE,Side Effect::C0000737
Compound::DB01241,CcSE,Side Effect::C0340464
Compound::DB00966,CcSE,Side Effect::C0014457
Compound::DB01162,CcSE,Side Effect::C0020517
Compound::DB01018,CcSE,Side Effect::C0020517
Compound::DB01016,CcSE,Side Effect::C2973529
Compound::DB01203,CcSE,Side Effect::C0162529
Compound::DB00178,CcSE,Side Effect::C0948008
Compound::DB00519,CcSE,Side Effect::C0023052
Compound::DB00227,CcSE,Side Effect::C0438717
Compound::DB01039,CcSE,Side Effect::C0013428
Compound::DB00401,CcSE,Side Effect::C0026826
Compound::DB01136,CcSE,Side Effect::C0002871
Compound::DB01200,CcSE,Side Effect::C0235325
Compound::DB00876,CcSE,Side Effect::C0029878
Compound::DB00436,CcSE,Side Effect::C0019151
Compound::DB01197,CcSE,Side Effect::C0027497
Compound::DB01120,CcSE,Side Effect::C0011053
Compound::DB00195,CcSE,Side Effect::C0020550
Compound::DB00657,CcSE,Side Effect::C0040822
Compound::DB00678,CcSE,Side Effect::C0009450
Compound::DB01197,CcSE,Side Effect::C0079924
Compound::DB00722,CcSE,Side Effect::C0034063
Compound::DB00796,CcSE,Side Effect::C0023530
Compound::DB00999,CcSE,Side Effect::C0231528
Compound::DB00524,CcSE,Side Effect::C1318520
Compound::DB00839,CcSE,Side Effect::C0015672
Compound::DB01261,CcSE,Side Effect::C0032285
Compound::DB01200,CcSE,Side Effect::C0012569
Compound::DB00492,CcSE,Side Effect::C0442874
Compound::DB00401,CcSE,Side Effect::C0042109
Compound::DB01200,CcSE,Side Effect::C0237938
Compound::DB00790,CcSE,Side Effect::C0003862
Compound::DB00700,CcSE,Side Effect::C0001925
Compound::DB01197,CcSE,Side Effect::C0016382
Compound::DB00381,CcSE,Side Effect::C0233472
Compound::DB01115,CcSE,Side Effect::C0085649
Compound::DB00571,CcSE,Side Effect::C0002792
Compound::DB01124,CcSE,Side Effect::C0162566
Compound::DB00722,CcSE,Side Effect::C0038325
Compound::DB00627,CcSE,Side Effect::C0151505
Compound::DB00808,CcSE,Side Effect::C0349506
Compound::DB01098,CcSE,Side Effect::C0011849
Compound::DB01193,CcSE,Side Effect::C0009782
Compound::DB01120,CcSE,Side Effect::C0403632
Compound::DB00641,CcSE,Side Effect::C0542476
Compound::DB00524,CcSE,Side Effect::C0010200
Compound::DB00575,CcSE,Side Effect::C0027765
Compound::DB01136,CcSE,Side Effect::C0152029
Compound::DB00641,CcSE,Side Effect::C0011603
Compound::DB00912,CcSE,Side Effect::C0006277
Compound::DB00880,CcSE,Side Effect::C0030305
Compound::DB00275,CcSE,Side Effect::C0013395
Compound::DB00584,CcSE,Side Effect::C0013428
Compound::DB00178,CcSE,Side Effect::C0151766
Compound::DB00195,CcSE,Side Effect::C0232461
Compound::DB00876,CcSE,Side Effect::C0040034
Compound::DB00968,CcSE,Side Effect::C0030554
Compound::DB01115,CcSE,Side Effect::C0041657
Compound::DB00584,CcSE,Side Effect::C0006277
Compound::DB01200,CcSE,Side Effect::C0042963
Compound::DB00331,CcSE,Side Effect::C0027424
Compound::DB01136,CcSE,Side Effect::C0085096
Compound::DB00177,CcSE,Side Effect::C0036974
Compound::DB00284,CcSE,Side Effect::C0042109
Compound::DB01261,CcSE,Side Effect::C0020456
Compound::DB01115,CcSE,Side Effect::C0010200
Compound::DB00594,CcSE,Side Effect::C0012797
Compound::DB00722,CcSE,Side Effect::C0025061
Compound::DB00195,CcSE,Side Effect::C0042571
Compound::DB00590,CcSE,Side Effect::C0403632
Compound::DB00195,CcSE,Side Effect::C0014236
Compound::DB00421,CcSE,Side Effect::C0020461
Compound::DB00492,CcSE,Side Effect::C0043352
Compound::DB00880,CcSE,Side Effect::C0001824
Compound::DB00903,CcSE,Side Effect::C0030193
Compound::DB00187,CcSE,Side Effect::C0032326
Compound::DB01039,CcSE,Side Effect::C0013922
Compound::DB00571,CcSE,Side Effect::C1368065
Compound::DB00175,CcSE,Side Effect::C0521516
Compound::DB01162,CcSE,Side Effect::C0162429
Compound::DB00661,CcSE,Side Effect::C0858814
Compound::DB00641,CcSE,Side Effect::C0017152
Compound::DB01241,CcSE,Side Effect::C0043096
Compound::DB00912,CcSE,Side Effect::C0018681
Compound::DB00722,CcSE,Side Effect::C0231749
Compound::DB00678,CcSE,Side Effect::C0235431
Compound::DB00227,CcSE,Side Effect::C0015230
Compound::DB00571,CcSE,Side Effect::C0002170
Compound::DB00222,CcSE,Side Effect::C0000731
Compound::DB00880,CcSE,Side Effect::C0553548
Compound::DB00275,CcSE,Side Effect::C0011991
Compound::DB01136,CcSE,Side Effect::C0018681
Compound::DB00775,CcSE,Side Effect::C0151705
Compound::DB01120,CcSE,Side Effect::C0016167
Compound::DB00373,CcSE,Side Effect::C0020458
Compound::DB00966,CcSE,Side Effect::C0235889
Compound::DB01039,CcSE,Side Effect::C0011603
Compound::DB00195,CcSE,Side Effect::C0021053
Compound::DB00222,CcSE,Side Effect::C0004093
Compound::DB00227,CcSE,Side Effect::C0025274
Compound::DB01029,CcSE,Side Effect::C0027121
Compound::DB00629,CcSE,Side Effect::C0423791
Compound::DB08860,CcSE,Side Effect::C0231218
Compound::DB00790,CcSE,Side Effect::C0857189
Compound::DB00343,CcSE,Side Effect::C0152029
Compound::DB00945,CcSE,Side Effect::C0001122
Compound::DB01029,CcSE,Side Effect::C0020461
Compound::DB00270,CcSE,Side Effect::C0917801
Compound::DB00222,CcSE,Side Effect::C0018681
Compound::DB00381,CcSE,Side Effect::C0151827
Compound::DB01244,CcSE,Side Effect::C0242350
Compound::DB01244,CcSE,Side Effect::C0085612
Compound::DB00722,CcSE,Side Effect::C0340865
Compound::DB01120,CcSE,Side Effect::C0039971
Compound::DB00973,CcSE,Side Effect::C0236075
Compound::DB00641,CcSE,Side Effect::C0409974
Compound::DB00999,CcSE,Side Effect::C0035455
Compound::DB00661,CcSE,Side Effect::C0003862
Compound::DB01244,CcSE,Side Effect::C0232461
Compound::DB00722,CcSE,Side Effect::C0151773
Compound::DB00796,CcSE,Side Effect::C0687713
Compound::DB00310,CcSE,Side Effect::C0020456
Compound::DB01115,CcSE,Side Effect::C0002871
Compound::DB01029,CcSE,Side Effect::C0013456
Compound::DB00343,CcSE,Side Effect::C0020456
Compound::DB01136,CcSE,Side Effect::C0011124
Compound::DB00627,CcSE,Side Effect::C0392025
Compound::DB00960,CcSE,Side Effect::C0232487
Compound::DB01200,CcSE,Side Effect::C0596170
Compound::DB00343,CcSE,Side Effect::C0022408
Compound::DB00731,CcSE,Side Effect::C0031117
Compound::DB01136,CcSE,Side Effect::C0004245
Compound::DB01098,CcSE,Side Effect::C0004093
Compound::DB01197,CcSE,Side Effect::C0314719
Compound::DB00960,CcSE,Side Effect::C0264886
Compound::DB00876,CcSE,Side Effect::C0234215
Compound::DB08816,CcSE,Side Effect::C0042571
Compound::DB00641,CcSE,Side Effect::C0015230
Compound::DB00912,CcSE,Side Effect::C0000737
Compound::DB01029,CcSE,Side Effect::C0014591
Compound::DB00627,CcSE,Side Effect::C0016059
Compound::DB00575,CcSE,Side Effect::C0012833
Compound::DB01275,CcSE,Side Effect::C0152031
Compound::DB01132,CcSE,Side Effect::C0032584
Compound::DB00436,CcSE,Side Effect::C0687133
Compound::DB00876,CcSE,Side Effect::C0020456
Compound::DB04861,CcSE,Side Effect::C0151691
Compound::DB00887,CcSE,Side Effect::C0085680
Compound::DB00177,CcSE,Side Effect::C0003123
Compound::DB01029,CcSE,Side Effect::C0240464
Compound::DB01029,CcSE,Side Effect::C0022346
Compound::DB01083,CcSE,Side Effect::C0015672
Compound::DB00519,CcSE,Side Effect::C0030807
Compound::DB00492,CcSE,Side Effect::C0600142
Compound::DB01067,CcSE,Side Effect::C0022354
Compound::DB01120,CcSE,Side Effect::C0017160
Compound::DB00519,CcSE,Side Effect::C0016382
Compound::DB00264,CcSE,Side Effect::C0009806
Compound::DB00584,CcSE,Side Effect::C0032617
Compound::DB00722,CcSE,Side Effect::C0151736
Compound::DB01275,CcSE,Side Effect::C0018681
Compound::DB01115,CcSE,Side Effect::C0035455
Compound::DB00629,CcSE,Side Effect::C0011175
Compound::DB01039,CcSE,Side Effect::C0043352
Compound::DB00275,CcSE,Side Effect::C0853761
Compound::DB01120,CcSE,Side Effect::C0022658
Compound::DB00881,CcSE,Side Effect::C0002962
Compound::DB00790,CcSE,Side Effect::C0020651
Compound::DB00175,CcSE,Side Effect::C0013404
Compound::DB00661,CcSE,Side Effect::C0854082
Compound::DB00187,CcSE,Side Effect::C0006266
Compound::DB00657,CcSE,Side Effect::C0008489
Compound::DB00264,CcSE,Side Effect::C0020651
Compound::DB00195,CcSE,Side Effect::C0022568
Compound::DB00790,CcSE,Side Effect::C0020649
Compound::DB00722,CcSE,Side Effect::C0014518
Compound::DB00796,CcSE,Side Effect::C0042963
Compound::DB00214,CcSE,Side Effect::C0020621
Compound::DB00808,CcSE,Side Effect::C0232459
Compound::DB00960,CcSE,Side Effect::C0020458
Compound::DB00373,CcSE,Side Effect::C0023646
Compound::DB00641,CcSE,Side Effect::C0034150
Compound::DB00275,CcSE,Side Effect::C0003123
Compound::DB00999,CcSE,Side Effect::C0026821
Compound::DB01193,CcSE,Side Effect::C0917801
Compound::DB00661,CcSE,Side Effect::C0030193
Compound::DB08882,CcSE,Side Effect::C0001339
Compound::DB00457,CcSE,Side Effect::C0011991
Compound::DB01261,CcSE,Side Effect::C0232492
Compound::DB00594,CcSE,Side Effect::C0232459
Compound::DB00187,CcSE,Side Effect::C0015376
Compound::DB00790,CcSE,Side Effect::C0233494
Compound::DB00598,CcSE,Side Effect::C0020550
Compound::DB04861,CcSE,Side Effect::C0004936
Compound::DB00175,CcSE,Side Effect::C0020458
Compound::DB00966,CcSE,Side Effect::C0149931
Compound::DB00758,CcSE,Side Effect::C0234913
Compound::DB00641,CcSE,Side Effect::C0232487
Compound::DB01193,CcSE,Side Effect::C0033774
Compound::DB00331,CcSE,Side Effect::C0027441
Compound::DB00270,CcSE,Side Effect::C2363731
Compound::DB00661,CcSE,Side Effect::C0016382
Compound::DB00881,CcSE,Side Effect::C0038454
Compound::DB00401,CcSE,Side Effect::C0149745
Compound::DB00966,CcSE,Side Effect::C0149756
Compound::DB00492,CcSE,Side Effect::C0085605
Compound::DB00945,CcSE,Side Effect::C0013395
Compound::DB01039,CcSE,Side Effect::C0003467
Compound::DB01359,CcSE,Side Effect::C0001824
Compound::DB00598,CcSE,Side Effect::C0015230
Compound::DB00175,CcSE,Side Effect::C0028259
Compound::DB01193,CcSE,Side Effect::C0004604
Compound::DB00275,CcSE,Side Effect::C0344232
Compound::DB01359,CcSE,Side Effect::C0428977
Compound::DB00275,CcSE,Side Effect::C0037317
Compound::DB00629,CcSE,Side Effect::C0860434
Compound::DB01067,CcSE,Side Effect::C0036974
Compound::DB00524,CcSE,Side Effect::C0270458
Compound::DB00641,CcSE,Side Effect::C0040822
Compound::DB00590,CcSE,Side Effect::C0041657
Compound::DB00401,CcSE,Side Effect::C0028734
Compound::DB00695,CcSE,Side Effect::C0042023
Compound::DB00966,CcSE,Side Effect::C0235416
Compound::DB00519,CcSE,Side Effect::C1167965
Compound::DB00492,CcSE,Side Effect::C0085096
Compound::DB00999,CcSE,Side Effect::C0278134
Compound::DB01197,CcSE,Side Effect::C0023052
Compound::DB00275,CcSE,Side Effect::C0020625
Compound::DB00695,CcSE,Side Effect::C0162429
Compound::DB01115,CcSE,Side Effect::C0600142
Compound::DB00627,CcSE,Side Effect::C0016204
Compound::DB00195,CcSE,Side Effect::C0009763
Compound::DB01016,CcSE,Side Effect::C0231528
Compound::DB00960,CcSE,Side Effect::C0042963
Compound::DB00999,CcSE,Side Effect::C0853034
Compound::DB01039,CcSE,Side Effect::C0011991
Compound::DB01120,CcSE,Side Effect::C1306341
Compound::DB00629,CcSE,Side Effect::C0848548
Compound::DB00270,CcSE,Side Effect::C0085649
Compound::DB00373,CcSE,Side Effect::C0013395
Compound::DB00310,CcSE,Side Effect::C0349506
Compound::DB00542,CcSE,Side Effect::C0855242
Compound::DB00758,CcSE,Side Effect::C0259749
Compound::DB00178,CcSE,Side Effect::C0014742
Compound::DB00629,CcSE,Side Effect::C1619702
Compound::DB01067,CcSE,Side Effect::C0855242
Compound::DB01115,CcSE,Side Effect::C0027769
Compound::DB00627,CcSE,Side Effect::C0008370
Compound::DB00590,CcSE,Side Effect::C0235416
Compound::DB00195,CcSE,Side Effect::C0234238
Compound::DB00695,CcSE,Side Effect::C0595930
Compound::DB00187,CcSE,Side Effect::C0232487
Compound::DB00973,CcSE,Side Effect::C0008031
Compound::DB00178,CcSE,Side Effect::C0149725
Compound::DB01261,CcSE,Side Effect::C0020517
Compound::DB00373,CcSE,Side Effect::C0019209
Compound::DB01039,CcSE,Side Effect::C0085096
Compound::DB00492,CcSE,Side Effect::C0233794
Compound::DB00584,CcSE,Side Effect::C0008031
Compound::DB00206,CcSE,Side Effect::C0039070
Compound::DB00590,CcSE,Side Effect::C0151744
Compound::DB00331,CcSE,Side Effect::C0232492
Compound::DB00966,CcSE,Side Effect::C0241863
Compound::DB00622,CcSE,Side Effect::C0522055
Compound::DB01018,CcSE,Side Effect::C0948594
Compound::DB00758,CcSE,Side Effect::C0151578
Compound::DB00284,CcSE,Side Effect::C0687713
Compound::DB00373,CcSE,Side Effect::C0004096
Compound::DB01193,CcSE,Side Effect::C0008031
Compound::DB00492,CcSE,Side Effect::C0013491
Compound::DB00175,CcSE,Side Effect::C0010200
Compound::DB00641,CcSE,Side Effect::C0003864
Compound::DB00343,CcSE,Side Effect::C0042384
Compound::DB00195,CcSE,Side Effect::C0018681
Compound::DB01203,CcSE,Side Effect::C0043094
Compound::DB00678,CcSE,Side Effect::C0014742
Compound::DB00412,CcSE,Side Effect::C0019158
Compound::DB00492,CcSE,Side Effect::C0687713
Compound::DB01029,CcSE,Side Effect::C0017168
Compound::DB00381,CcSE,Side Effect::C0003862
Compound::DB01200,CcSE,Side Effect::C0015967
Compound::DB00887,CcSE,Side Effect::C0012797
Compound::DB00178,CcSE,Side Effect::C0679403
Compound::DB00492,CcSE,Side Effect::C0028961
Compound::DB00661,CcSE,Side Effect::C0036572
Compound::DB00178,CcSE,Side Effect::C0031117
Compound::DB01200,CcSE,Side Effect::C0233494
Compound::DB00584,CcSE,Side Effect::C0152031
Compound::DB00381,CcSE,Side Effect::C0085633
Compound::DB00808,CcSE,Side Effect::C0043096
Compound::DB01261,CcSE,Side Effect::C0343378
Compound::DB00629,CcSE,Side Effect::C0015967
Compound::DB00381,CcSE,Side Effect::C0026821
Compound::DB00758,CcSE,Side Effect::C0017178
Compound::DB00594,CcSE,Side Effect::C0948594
Compound::DB00227,CcSE,Side Effect::C0002878
Compound::DB00627,CcSE,Side Effect::C0037274
Compound::DB00401,CcSE,Side Effect::C0018681
Compound::DB01120,CcSE,Side Effect::C0549356
Compound::DB01193,CcSE,Side Effect::C0012833
Compound::DB00436,CcSE,Side Effect::C0020651
Compound::DB00973,CcSE,Side Effect::C0004936
Compound::DB01162,CcSE,Side Effect::C3665386
Compound::DB00412,CcSE,Side Effect::C0020456
Compound::DB00412,CcSE,Side Effect::C0231528
Compound::DB01136,CcSE,Side Effect::C0036974
Compound::DB00629,CcSE,Side Effect::C0040034
Compound::DB01193,CcSE,Side Effect::C0039070
Compound::DB00774,CcSE,Side Effect::C0553548
Compound::DB01193,CcSE,Side Effect::C0027497
Compound::DB00270,CcSE,Side Effect::C0032617
Compound::DB00575,CcSE,Side Effect::C0025289
Compound::DB00590,CcSE,Side Effect::C0149904
Compound::DB00401,CcSE,Side Effect::C0002170
Compound::DB00492,CcSE,Side Effect::C0015967
Compound::DB00775,CcSE,Side Effect::C0019064
Compound::DB00195,CcSE,Side Effect::C0043096
Compound::DB00343,CcSE,Side Effect::C0086168
Compound::DB01115,CcSE,Side Effect::C0003811
Compound::DB00876,CcSE,Side Effect::C0042571
Compound::DB00343,CcSE,Side Effect::C0001925
Compound::DB00695,CcSE,Side Effect::C0014518
Compound::DB01120,CcSE,Side Effect::C0687713
Compound::DB00584,CcSE,Side Effect::C0040264
Compound::DB00966,CcSE,Side Effect::C0011609
Compound::DB00195,CcSE,Side Effect::C0023518
Compound::DB00373,CcSE,Side Effect::C0011991
Compound::DB00999,CcSE,Side Effect::C0031117
Compound::DB00973,CcSE,Side Effect::C0027497
Compound::DB00678,CcSE,Side Effect::C0031117
Compound::DB00661,CcSE,Side Effect::C0234133
Compound::DB00401,CcSE,Side Effect::C0151539
Compound::DB01115,CcSE,Side Effect::C0025222
Compound::DB00519,CcSE,Side Effect::C0151744
Compound::DB00275,CcSE,Side Effect::C0151662
Compound::DB01244,CcSE,Side Effect::C0018801
Compound::DB00275,CcSE,Side Effect::C0042029
Compound::DB01016,CcSE,Side Effect::C0001824
Compound::DB00492,CcSE,Side Effect::C0699744
Compound::DB00412,CcSE,Side Effect::C0857483
Compound::DB00175,CcSE,Side Effect::C0009806
Compound::DB00384,CcSE,Side Effect::C0349506
Compound::DB00999,CcSE,Side Effect::C0020461
Compound::DB00177,CcSE,Side Effect::C0010200
Compound::DB00876,CcSE,Side Effect::C0235886
Compound::DB00641,CcSE,Side Effect::C0032533
Compound::DB01115,CcSE,Side Effect::C0040034
Compound::DB00571,CcSE,Side Effect::C0014742
Compound::DB01261,CcSE,Side Effect::C0015672
Compound::DB00839,CcSE,Side Effect::C0302295
Compound::DB01115,CcSE,Side Effect::C0027497
Compound::DB01241,CcSE,Side Effect::C0349506
Compound::DB00195,CcSE,Side Effect::C0013456
Compound::DB01203,CcSE,Side Effect::C0858678
Compound::DB00492,CcSE,Side Effect::C0009450
Compound::DB00457,CcSE,Side Effect::C0917801
Compound::DB00384,CcSE,Side Effect::C0015230
Compound::DB00590,CcSE,Side Effect::C0011175
Compound::DB00790,CcSE,Side Effect::C0013456
Compound::DB00700,CcSE,Side Effect::C0014130
Compound::DB01193,CcSE,Side Effect::C0687713
Compound::DB00195,CcSE,Side Effect::C0476280
Compound::DB00421,CcSE,Side Effect::C0033774
Compound::DB00661,CcSE,Side Effect::C0021400
Compound::DB01083,CcSE,Side Effect::C0006145
Compound::DB00177,CcSE,Side Effect::C0002994
Compound::DB00187,CcSE,Side Effect::C0424790
Compound::DB00584,CcSE,Side Effect::C0003862
Compound::DB00384,CcSE,Side Effect::C0040034
Compound::DB00678,CcSE,Side Effect::C0001824
Compound::DB00206,CcSE,Side Effect::C0003467
Compound::DB00629,CcSE,Side Effect::C0030517
Compound::DB01275,CcSE,Side Effect::C0034150
Compound::DB00571,CcSE,Side Effect::C0011603
Compound::DB00966,CcSE,Side Effect::C0026826
Compound::DB00661,CcSE,Side Effect::C0042571
Compound::DB08882,CcSE,Side Effect::C0851341
Compound::DB00590,CcSE,Side Effect::C0030193
Compound::DB00999,CcSE,Side Effect::C0017160
Compound::DB00758,CcSE,Side Effect::C0040264
Compound::DB00796,CcSE,Side Effect::C0231528
Compound::DB00584,CcSE,Side Effect::C0423153
Compound::DB00700,CcSE,Side Effect::C0012833
Compound::DB00973,CcSE,Side Effect::C0745103
Compound::DB01136,CcSE,Side Effect::C0861111
Compound::DB00195,CcSE,Side Effect::C0004134
Compound::DB00695,CcSE,Side Effect::C0232849
Compound::DB01039,CcSE,Side Effect::C0002962
Compound::DB01203,CcSE,Side Effect::C0085633
Compound::DB00999,CcSE,Side Effect::C0020456
Compound::DB00629,CcSE,Side Effect::C0021053
Compound::DB01203,CcSE,Side Effect::C0233472
Compound::DB00177,CcSE,Side Effect::C0085576
Compound::DB01115,CcSE,Side Effect::C0152031
Compound::DB00590,CcSE,Side Effect::C1688637
Compound::DB00492,CcSE,Side Effect::C0948089
Compound::DB00808,CcSE,Side Effect::C0004134
Compound::DB01098,CcSE,Side Effect::C0687133
Compound::DB00790,CcSE,Side Effect::C0267406
Compound::DB00310,CcSE,Side Effect::C0018099
Compound::DB00678,CcSE,Side Effect::C0016204
Compound::DB00331,CcSE,Side Effect::C0031117
Compound::DB01162,CcSE,Side Effect::C0015230
Compound::DB00401,CcSE,Side Effect::C0013395
Compound::DB00731,CcSE,Side Effect::C0029408
Compound::DB01115,CcSE,Side Effect::C0233494
Compound::DB00284,CcSE,Side Effect::C0040034
Compound::DB00758,CcSE,Side Effect::C0009806
Compound::DB00436,CcSE,Side Effect::C0015230
Compound::DB00381,CcSE,Side Effect::C0242350
Compound::DB01132,CcSE,Side Effect::C0021400
Compound::DB01197,CcSE,Side Effect::C0030252
Compound::DB01120,CcSE,Side Effect::C0002871
Compound::DB00195,CcSE,Side Effect::C0004093
Compound::DB00808,CcSE,Side Effect::C0038990
Compound::DB01197,CcSE,Side Effect::C0042963
Compound::DB00758,CcSE,Side Effect::C0030312
Compound::DB00331,CcSE,Side Effect::C0476273
Compound::DB00412,CcSE,Side Effect::C0004604
Compound::DB00880,CcSE,Side Effect::C0085631
Compound::DB00966,CcSE,Side Effect::C0235309
Compound::DB00627,CcSE,Side Effect::C0022354
Compound::DB00222,CcSE,Side Effect::C0003537
Compound::DB00519,CcSE,Side Effect::C0015672
Compound::DB00999,CcSE,Side Effect::C0264886
Compound::DB00384,CcSE,Side Effect::C0860433
Compound::DB00284,CcSE,Side Effect::C0267373
Compound::DB00227,CcSE,Side Effect::C0033774
Compound::DB01162,CcSE,Side Effect::C1142412
Compound::DB01136,CcSE,Side Effect::C0160390
Compound::DB00700,CcSE,Side Effect::C1697943
Compound::DB00622,CcSE,Side Effect::C0015230
Compound::DB00598,CcSE,Side Effect::C0000737
Compound::DB01115,CcSE,Side Effect::C0011991
Compound::DB00722,CcSE,Side Effect::C0242429
Compound::DB00373,CcSE,Side Effect::C0497365
Compound::DB00790,CcSE,Side Effect::C0018681
Compound::DB00373,CcSE,Side Effect::C0151827
Compound::DB00401,CcSE,Side Effect::C0004096
Compound::DB00758,CcSE,Side Effect::C0019079
Compound::DB00584,CcSE,Side Effect::C0018790
Compound::DB00227,CcSE,Side Effect::C0235266
Compound::DB00973,CcSE,Side Effect::C0026821
Compound::DB00571,CcSE,Side Effect::C0178298
Compound::DB00178,CcSE,Side Effect::C0001824
Compound::DB00310,CcSE,Side Effect::C0041349
Compound::DB00343,CcSE,Side Effect::C0013390
Compound::DB00966,CcSE,Side Effect::C0243026
Compound::DB01039,CcSE,Side Effect::C0451641
Compound::DB00331,CcSE,Side Effect::C0018621
Compound::DB00594,CcSE,Side Effect::C0042571
Compound::DB00968,CcSE,Side Effect::C0037274
Compound::DB00966,CcSE,Side Effect::C0020458
Compound::DB01039,CcSE,Side Effect::C0032285
Compound::DB00627,CcSE,Side Effect::C0019360
Compound::DB01016,CcSE,Side Effect::C0857305
Compound::DB00222,CcSE,Side Effect::C0028734
Compound::DB00187,CcSE,Side Effect::C0740481
Compound::DB00790,CcSE,Side Effect::C0022650
Compound::DB00641,CcSE,Side Effect::C0152025
Compound::DB00880,CcSE,Side Effect::C0004093
Compound::DB00187,CcSE,Side Effect::C0028961
Compound::DB00722,CcSE,Side Effect::C0159056
Compound::DB00945,CcSE,Side Effect::C1384666
Compound::DB01200,CcSE,Side Effect::C0020580
Compound::DB00491,CcSE,Side Effect::C0015230
Compound::DB00999,CcSE,Side Effect::C0004604
Compound::DB01261,CcSE,Side Effect::C0019360
Compound::DB00695,CcSE,Side Effect::C0220870
Compound::DB01016,CcSE,Side Effect::C0085584
Compound::DB00519,CcSE,Side Effect::C0235416
Compound::DB01115,CcSE,Side Effect::C0004093
Compound::DB00722,CcSE,Side Effect::C0013378
Compound::DB00457,CcSE,Side Effect::C0018418
Compound::DB01162,CcSE,Side Effect::C0027769
Compound::DB00187,CcSE,Side Effect::C0027765
Compound::DB00492,CcSE,Side Effect::C0040586
Compound::DB00790,CcSE,Side Effect::C0014591
Compound::DB01136,CcSE,Side Effect::C0042023
Compound::DB01039,CcSE,Side Effect::C0018681
Compound::DB00412,CcSE,Side Effect::C0023530
Compound::DB00222,CcSE,Side Effect::C0002792
Compound::DB00275,CcSE,Side Effect::C0037933
Compound::DB00678,CcSE,Side Effect::C0687713
Compound::DB00968,CcSE,Side Effect::C0221046
Compound::DB00492,CcSE,Side Effect::C0006266
Compound::DB00381,CcSE,Side Effect::C0428977
Compound::DB04861,CcSE,Side Effect::C0037274
Compound::DB00912,CcSE,Side Effect::C0522055
Compound::DB00661,CcSE,Side Effect::C0004331
Compound::DB00627,CcSE,Side Effect::C0549386
Compound::DB00195,CcSE,Side Effect::C0428977
Compound::DB00222,CcSE,Side Effect::C0033774
Compound::DB00808,CcSE,Side Effect::C1291078
Compound::DB00678,CcSE,Side Effect::C1318520
Compound::DB00401,CcSE,Side Effect::C0017601
Compound::DB00695,CcSE,Side Effect::C0000731
Compound::DB01203,CcSE,Side Effect::C0234192
Compound::DB00598,CcSE,Side Effect::C0085633
Compound::DB01067,CcSE,Side Effect::C0687713
Compound::DB00880,CcSE,Side Effect::C0022354
Compound::DB00758,CcSE,Side Effect::C1368065
Compound::DB00881,CcSE,Side Effect::C0042075
Compound::DB00641,CcSE,Side Effect::C0035410
Compound::DB00492,CcSE,Side Effect::C0007177
Compound::DB00178,CcSE,Side Effect::C0863113
Compound::DB01203,CcSE,Side Effect::C0030554
Compound::DB00808,CcSE,Side Effect::C0947912
Compound::DB00973,CcSE,Side Effect::C0239377
Compound::DB00524,CcSE,Side Effect::C0015672
Compound::DB01261,CcSE,Side Effect::C0020615
Compound::DB00622,CcSE,Side Effect::C0035455
Compound::DB01197,CcSE,Side Effect::C0011991
Compound::DB01023,CcSE,Side Effect::C0037383
Compound::DB01261,CcSE,Side Effect::C1565489
Compound::DB00373,CcSE,Side Effect::C0012569
Compound::DB01136,CcSE,Side Effect::C0149931
Compound::DB00195,CcSE,Side Effect::C0010200
Compound::DB01162,CcSE,Side Effect::C0009806
Compound::DB00542,CcSE,Side Effect::C0034068
Compound::DB00627,CcSE,Side Effect::C0151766
Compound::DB00973,CcSE,Side Effect::C0031117
Compound::DB00331,CcSE,Side Effect::C1291078
Compound::DB01098,CcSE,Side Effect::C0239937
Compound::DB00629,CcSE,Side Effect::C2047937
Compound::DB00973,CcSE,Side Effect::C0151786
Compound::DB01193,CcSE,Side Effect::C0020580
Compound::DB00796,CcSE,Side Effect::C0700225
Compound::DB00722,CcSE,Side Effect::C0687713
Compound::DB00945,CcSE,Side Effect::C0948873
Compound::DB00343,CcSE,Side Effect::C0017178
Compound::DB00629,CcSE,Side Effect::C0015230
Compound::DB00412,CcSE,Side Effect::C0038325
Compound::DB00343,CcSE,Side Effect::C0497365
Compound::DB00492,CcSE,Side Effect::C0012833
Compound::DB00421,CcSE,Side Effect::C0234215
Compound::DB01039,CcSE,Side Effect::C0043096
Compound::DB00343,CcSE,Side Effect::C0020651
Compound::DB00436,CcSE,Side Effect::C0037763
Compound::DB01136,CcSE,Side Effect::C0042963
Compound::DB08816,CcSE,Side Effect::C0265031
Compound::DB00887,CcSE,Side Effect::C0042963
Compound::DB01136,CcSE,Side Effect::C0020453
Compound::DB00227,CcSE,Side Effect::C0151849
Compound::DB01115,CcSE,Side Effect::C0014742
Compound::DB01244,CcSE,Side Effect::C0155626
Compound::DB00264,CcSE,Side Effect::C0008031
Compound::DB00187,CcSE,Side Effect::C0020546
Compound::DB00968,CcSE,Side Effect::C0221733
Compound::DB00264,CcSE,Side Effect::C0018790
Compound::DB00966,CcSE,Side Effect::C0039503
Compound::DB00678,CcSE,Side Effect::C0004238
Compound::DB00373,CcSE,Side Effect::C0701811
Compound::DB00519,CcSE,Side Effect::C0020757
Compound::DB01039,CcSE,Side Effect::C0178298
Compound::DB01098,CcSE,Side Effect::C0151576
Compound::DB00542,CcSE,Side Effect::C0027947
Compound::DB00774,CcSE,Side Effect::C0221185
Compound::DB01136,CcSE,Side Effect::C0085614
Compound::DB01200,CcSE,Side Effect::C0039231
Compound::DB01203,CcSE,Side Effect::C0151942
Compound::DB00594,CcSE,Side Effect::C0235318
Compound::DB00808,CcSE,Side Effect::C0042023
Compound::DB00222,CcSE,Side Effect::C0042384
Compound::DB00331,CcSE,Side Effect::C0037763
Compound::DB01083,CcSE,Side Effect::C2047937
Compound::DB00880,CcSE,Side Effect::C0262988
Compound::DB00590,CcSE,Side Effect::C0015397
Compound::DB01023,CcSE,Side Effect::C0016382
Compound::DB00384,CcSE,Side Effect::C0015672
Compound::DB01241,CcSE,Side Effect::C0022354
Compound::DB00627,CcSE,Side Effect::C0000737
Compound::DB01029,CcSE,Side Effect::C0035410
Compound::DB01023,CcSE,Side Effect::C0008031
Compound::DB00796,CcSE,Side Effect::C0019158
Compound::DB00881,CcSE,Side Effect::C0036974
Compound::DB00622,CcSE,Side Effect::C0020517
Compound::DB01200,CcSE,Side Effect::C0027424
Compound::DB01067,CcSE,Side Effect::C2697368
Compound::DB00876,CcSE,Side Effect::C1368065
Compound::DB00700,CcSE,Side Effect::C0020651
Compound::DB00492,CcSE,Side Effect::C0558489
Compound::DB00678,CcSE,Side Effect::C0033774
Compound::DB00629,CcSE,Side Effect::C0231528
Compound::DB00575,CcSE,Side Effect::C0948594
Compound::DB00627,CcSE,Side Effect::C0038362
Compound::DB00966,CcSE,Side Effect::C0004936
Compound::DB00629,CcSE,Side Effect::C0232462
Compound::DB00966,CcSE,Side Effect::C0009782
Compound::DB01029,CcSE,Side Effect::C0853619
Compound::DB00373,CcSE,Side Effect::C0020615
Compound::DB00275,CcSE,Side Effect::C0004936
Compound::DB00584,CcSE,Side Effect::C0019825
Compound::DB00808,CcSE,Side Effect::C0085612
Compound::DB00187,CcSE,Side Effect::C0004245
Compound::DB00519,CcSE,Side Effect::C0041969
Compound::DB00629,CcSE,Side Effect::C0085681
Compound::DB00661,CcSE,Side Effect::C0031350
Compound::DB01115,CcSE,Side Effect::C0004134
Compound::DB00178,CcSE,Side Effect::C0021053
Compound::DB00195,CcSE,Side Effect::C0022408
Compound::DB00584,CcSE,Side Effect::C0006266
Compound::DB00275,CcSE,Side Effect::C0035410
Compound::DB00775,CcSE,Side Effect::C0027051
Compound::DB00175,CcSE,Side Effect::C1142139
Compound::DB00264,CcSE,Side Effect::C0220870
Compound::DB01120,CcSE,Side Effect::C0392525
Compound::DB00700,CcSE,Side Effect::C0162429
Compound::DB00758,CcSE,Side Effect::C0041582
Compound::DB00627,CcSE,Side Effect::C0015230
Compound::DB00966,CcSE,Side Effect::C0041834
Compound::DB00966,CcSE,Side Effect::C1384353
Compound::DB00310,CcSE,Side Effect::C0151476
Compound::DB00966,CcSE,Side Effect::C0039520
Compound::DB00968,CcSE,Side Effect::C0018418
Compound::DB00492,CcSE,Side Effect::C0013378
Compound::DB01136,CcSE,Side Effect::C0018099
Compound::DB00590,CcSE,Side Effect::C0017181
Compound::DB01029,CcSE,Side Effect::C0027051
Compound::DB00270,CcSE,Side Effect::C0042963
Compound::DB00722,CcSE,Side Effect::C0022346
Compound::DB08882,CcSE,Side Effect::C0042029
Compound::DB00381,CcSE,Side Effect::C0022408
Compound::DB00187,CcSE,Side Effect::C0036974
Compound::DB00275,CcSE,Side Effect::C0042109
Compound::DB00222,CcSE,Side Effect::C0013144
Compound::DB00575,CcSE,Side Effect::C0018418
Compound::DB01136,CcSE,Side Effect::C0004093
Compound::DB00678,CcSE,Side Effect::C0020461
Compound::DB00790,CcSE,Side Effect::C0020903
Compound::DB01136,CcSE,Side Effect::C0016204
Compound::DB00629,CcSE,Side Effect::C0151907
Compound::DB00966,CcSE,Side Effect::C2047937
Compound::DB00175,CcSE,Side Effect::C0002170
Compound::DB00774,CcSE,Side Effect::C0235416
Compound::DB00275,CcSE,Side Effect::C0001824
Compound::DB00678,CcSE,Side Effect::C0600260
Compound::DB00492,CcSE,Side Effect::C0000737
Compound::DB01029,CcSE,Side Effect::C0085593
Compound::DB00524,CcSE,Side Effect::C2830004
Compound::DB00590,CcSE,Side Effect::C0012813
Compound::DB01115,CcSE,Side Effect::C0023218
Compound::DB00999,CcSE,Side Effect::C0030554
Compound::DB00542,CcSE,Side Effect::C0085649
Compound::DB00584,CcSE,Side Effect::C0151632
Compound::DB00177,CcSE,Side Effect::C0025061
Compound::DB00524,CcSE,Side Effect::C0030193
Compound::DB00968,CcSE,Side Effect::C0242422
Compound::DB01275,CcSE,Side Effect::C0948586
Compound::DB00912,CcSE,Side Effect::C0033774
Compound::DB00695,CcSE,Side Effect::C0426390
Compound::DB01136,CcSE,Side Effect::C0040264
Compound::DB00524,CcSE,Side Effect::C1443060
Compound::DB00177,CcSE,Side Effect::C0009782
Compound::DB01120,CcSE,Side Effect::C0030196
Compound::DB00903,CcSE,Side Effect::C0344232
Compound::DB01067,CcSE,Side Effect::C0162566
Compound::DB00966,CcSE,Side Effect::C0403632
Compound::DB00881,CcSE,Side Effect::C0011633
Compound::DB00343,CcSE,Side Effect::C0026821
Compound::DB01275,CcSE,Side Effect::C0015230
Compound::DB01136,CcSE,Side Effect::C0235886
Compound::DB01115,CcSE,Side Effect::C0271240
Compound::DB00796,CcSE,Side Effect::C0031350
Compound::DB00973,CcSE,Side Effect::C0003862
Compound::DB00343,CcSE,Side Effect::C0000737
Compound::DB00661,CcSE,Side Effect::C0242979
Compound::DB01132,CcSE,Side Effect::C0011849
Compound::DB01120,CcSE,Side Effect::C0017178
Compound::DB00492,CcSE,Side Effect::C0015230
Compound::DB01067,CcSE,Side Effect::C0232462
Compound::DB00457,CcSE,Side Effect::C0042023
Compound::DB01275,CcSE,Side Effect::C1443060
Compound::DB01083,CcSE,Side Effect::C0149725
Compound::DB00436,CcSE,Side Effect::C0011991
Compound::DB08816,CcSE,Side Effect::C0476281
Compound::DB00722,CcSE,Side Effect::C0700590
Compound::DB00575,CcSE,Side Effect::C0271429
Compound::DB00373,CcSE,Side Effect::C0232492
Compound::DB00421,CcSE,Side Effect::C0002792
Compound::DB00373,CcSE,Side Effect::C0423006
Compound::DB00373,CcSE,Side Effect::C0015397
Compound::DB00966,CcSE,Side Effect::C3665386
Compound::DB00774,CcSE,Side Effect::C0027497
Compound::DB00641,CcSE,Side Effect::C0019158
Compound::DB01359,CcSE,Side Effect::C0004245
Compound::DB00999,CcSE,Side Effect::C0877359
Compound::DB01115,CcSE,Side Effect::C2830004
Compound::DB00571,CcSE,Side Effect::C0028084
Compound::DB01200,CcSE,Side Effect::C0438215
Compound::DB01023,CcSE,Side Effect::C0017566
Compound::DB00590,CcSE,Side Effect::C0040435
Compound::DB00270,CcSE,Side Effect::C0030554
Compound::DB00584,CcSE,Side Effect::C0027441
Compound::DB01359,CcSE,Side Effect::C0857305
Compound::DB00590,CcSE,Side Effect::C0497156
Compound::DB01197,CcSE,Side Effect::C0022346
Compound::DB00227,CcSE,Side Effect::C0231218
Compound::DB00695,CcSE,Side Effect::C2830004
Compound::DB00206,CcSE,Side Effect::C0014591
Compound::DB00629,CcSE,Side Effect::C0085624
Compound::DB01115,CcSE,Side Effect::C0027424
Compound::DB04861,CcSE,Side Effect::C0027051
Compound::DB01200,CcSE,Side Effect::C0277925
Compound::DB00331,CcSE,Side Effect::C0424790
Compound::DB00177,CcSE,Side Effect::C0002792
Compound::DB01023,CcSE,Side Effect::C0015967
Compound::DB00195,CcSE,Side Effect::C0027051
Compound::DB00492,CcSE,Side Effect::C0002878
Compound::DB00373,CcSE,Side Effect::C0001824
Compound::DB00800,CcSE,Side Effect::C0438717
Compound::DB01200,CcSE,Side Effect::C0018799
Compound::DB01261,CcSE,Side Effect::C0001339
Compound::DB00584,CcSE,Side Effect::C0235896
Compound::DB00775,CcSE,Side Effect::C0020458
Compound::DB00960,CcSE,Side Effect::C0006266
Compound::DB01136,CcSE,Side Effect::C0151826
Compound::DB00195,CcSE,Side Effect::C2364111
Compound::DB00966,CcSE,Side Effect::C0031350
Compound::DB00175,CcSE,Side Effect::C0234238
Compound::DB00492,CcSE,Side Effect::C0030193
Compound::DB01083,CcSE,Side Effect::C0009450
Compound::DB08816,CcSE,Side Effect::C0018924
Compound::DB00945,CcSE,Side Effect::C0027497
Compound::DB00790,CcSE,Side Effect::C0032285
Compound::DB00973,CcSE,Side Effect::C0017152
Compound::DB01193,CcSE,Side Effect::C1971624
Compound::DB00264,CcSE,Side Effect::C0021775
Compound::DB01136,CcSE,Side Effect::C0042571
Compound::DB00657,CcSE,Side Effect::C0003123
Compound::DB00973,CcSE,Side Effect::C0151763
Compound::DB00343,CcSE,Side Effect::C0014518
Compound::DB00881,CcSE,Side Effect::C0020546
Compound::DB00590,CcSE,Side Effect::C0020621
Compound::DB00598,CcSE,Side Effect::C0007398
Compound::DB01244,CcSE,Side Effect::C0030193
Compound::DB00177,CcSE,Side Effect::C0851341
Compound::DB01120,CcSE,Side Effect::C0015732
Compound::DB00876,CcSE,Side Effect::C1167965
Compound::DB00661,CcSE,Side Effect::C0151786
Compound::DB00641,CcSE,Side Effect::C0002871
Compound::DB00373,CcSE,Side Effect::C0013428
Compound::DB00808,CcSE,Side Effect::C0040479
Compound::DB00678,CcSE,Side Effect::C0235416
Compound::DB00575,CcSE,Side Effect::C0554976
Compound::DB01162,CcSE,Side Effect::C0232462
Compound::DB00275,CcSE,Side Effect::C0042075
Compound::DB00629,CcSE,Side Effect::C0853754
Compound::DB00903,CcSE,Side Effect::C0009676
Compound::DB00401,CcSE,Side Effect::C0027051
Compound::DB00661,CcSE,Side Effect::C0006266
Compound::DB01067,CcSE,Side Effect::C0344232
Compound::DB01016,CcSE,Side Effect::C0000737
Compound::DB01039,CcSE,Side Effect::C0497156
Compound::DB00492,CcSE,Side Effect::C0022658
Compound::DB01120,CcSE,Side Effect::C0162533
Compound::DB01275,CcSE,Side Effect::C0027424
Compound::DB00175,CcSE,Side Effect::C0042963
Compound::DB01197,CcSE,Side Effect::C0032961
Compound::DB01018,CcSE,Side Effect::C0023380
Compound::DB00912,CcSE,Side Effect::C0020615
Compound::DB00590,CcSE,Side Effect::C0014549
Compound::DB00880,CcSE,Side Effect::C0002874
Compound::DB00401,CcSE,Side Effect::C0032227
Compound::DB00187,CcSE,Side Effect::C0030554
Compound::DB00542,CcSE,Side Effect::C0039070
Compound::DB01039,CcSE,Side Effect::C0030305
Compound::DB00700,CcSE,Side Effect::C0151576
Compound::DB00178,CcSE,Side Effect::C0855242
Compound::DB01023,CcSE,Side Effect::C0003862
Compound::DB00622,CcSE,Side Effect::C0151828
Compound::DB01162,CcSE,Side Effect::C0000737
Compound::DB00722,CcSE,Side Effect::C0039070
Compound::DB00575,CcSE,Side Effect::C0003862
Compound::DB00524,CcSE,Side Effect::C0038999
Compound::DB01083,CcSE,Side Effect::C0004096
Compound::DB08816,CcSE,Side Effect::C0018799
Compound::DB01039,CcSE,Side Effect::C0004093
Compound::DB00966,CcSE,Side Effect::C0522055
Compound::DB01359,CcSE,Side Effect::C0233407
Compound::DB00343,CcSE,Side Effect::C0035078
Compound::DB00695,CcSE,Side Effect::C0003811
Compound::DB01132,CcSE,Side Effect::C0231528
Compound::DB00492,CcSE,Side Effect::C0023067
Compound::DB01029,CcSE,Side Effect::C0026821
Compound::DB00594,CcSE,Side Effect::C0020651
Compound::DB00519,CcSE,Side Effect::C0037274
Compound::DB01029,CcSE,Side Effect::C0018799
Compound::DB04861,CcSE,Side Effect::C0917801
Compound::DB01120,CcSE,Side Effect::C0017979
Compound::DB00575,CcSE,Side Effect::C1258215
Compound::DB00881,CcSE,Side Effect::C0023052
Compound::DB01023,CcSE,Side Effect::C0037199
Compound::DB00584,CcSE,Side Effect::C0019054
Compound::DB01136,CcSE,Side Effect::C0020461
Compound::DB01029,CcSE,Side Effect::C0011991
Compound::DB00641,CcSE,Side Effect::C0687713
Compound::DB00524,CcSE,Side Effect::C0237849
Compound::DB00678,CcSE,Side Effect::C0020651
Compound::DB00331,CcSE,Side Effect::C0004093
Compound::DB00222,CcSE,Side Effect::C0003123
Compound::DB00678,CcSE,Side Effect::C0019054
Compound::DB00966,CcSE,Side Effect::C0235886
Compound::DB00227,CcSE,Side Effect::C2981158
Compound::DB01203,CcSE,Side Effect::C0011603
Compound::DB00590,CcSE,Side Effect::C0023218
Compound::DB00584,CcSE,Side Effect::C0020651
Compound::DB01115,CcSE,Side Effect::C0013404
Compound::DB00800,CcSE,Side Effect::C0151578
Compound::DB01261,CcSE,Side Effect::C0017178
Compound::DB00542,CcSE,Side Effect::C0023052
Compound::DB00912,CcSE,Side Effect::C0041834
Compound::DB00594,CcSE,Side Effect::C0428977
Compound::DB00178,CcSE,Side Effect::C0085605
Compound::DB00661,CcSE,Side Effect::C0270790
Compound::DB01039,CcSE,Side Effect::C0009319
Compound::DB00758,CcSE,Side Effect::C0042075
Compound::DB01200,CcSE,Side Effect::C0004936
Compound::DB00627,CcSE,Side Effect::C0039070
Compound::DB00373,CcSE,Side Effect::C0349790
Compound::DB00590,CcSE,Side Effect::C0020580
Compound::DB08816,CcSE,Side Effect::C0009806
Compound::DB00700,CcSE,Side Effect::C0002871
Compound::DB00629,CcSE,Side Effect::C0023518
Compound::DB00627,CcSE,Side Effect::C0151942
Compound::DB00178,CcSE,Side Effect::C2047937
Compound::DB00584,CcSE,Side Effect::C0242350
Compound::DB00519,CcSE,Side Effect::C0014457
Compound::DB00758,CcSE,Side Effect::C0025323
Compound::DB00758,CcSE,Side Effect::C0206062
Compound::DB00598,CcSE,Side Effect::C0013428
Compound::DB01115,CcSE,Side Effect::C0855242
Compound::DB00722,CcSE,Side Effect::C0018965
Compound::DB00700,CcSE,Side Effect::C0020443
Compound::DB00881,CcSE,Side Effect::C0041969
Compound::DB01039,CcSE,Side Effect::C1142412
Compound::DB00966,CcSE,Side Effect::C0004096
Compound::DB00373,CcSE,Side Effect::C0085129
Compound::DB01029,CcSE,Side Effect::C0027707
Compound::DB00542,CcSE,Side Effect::C0035455
Compound::DB01136,CcSE,Side Effect::C0687713
Compound::DB01098,CcSE,Side Effect::C0000737
Compound::DB00808,CcSE,Side Effect::C0085680
Compound::DB00195,CcSE,Side Effect::C0233632
Compound::DB00790,CcSE,Side Effect::C0025345
Compound::DB00722,CcSE,Side Effect::C0687133
Compound::DB00275,CcSE,Side Effect::C0020473
Compound::DB00758,CcSE,Side Effect::C0018524
Compound::DB00542,CcSE,Side Effect::C0855329
Compound::DB01193,CcSE,Side Effect::C0314719
Compound::DB01115,CcSE,Side Effect::C0019080
Compound::DB00622,CcSE,Side Effect::C0031046
Compound::DB00912,CcSE,Side Effect::C0178298
Compound::DB01029,CcSE,Side Effect::C0003811
Compound::DB01115,CcSE,Side Effect::C0016204
Compound::DB01098,CcSE,Side Effect::C0027497
Compound::DB00195,CcSE,Side Effect::C1384353
Compound::DB00629,CcSE,Side Effect::C0151766
Compound::DB00206,CcSE,Side Effect::C0017601
Compound::DB00343,CcSE,Side Effect::C0035309
Compound::DB00542,CcSE,Side Effect::C0002170
Compound::DB00264,CcSE,Side Effect::C0037317
Compound::DB00966,CcSE,Side Effect::C0039070
Compound::DB00775,CcSE,Side Effect::C1536220
Compound::DB00887,CcSE,Side Effect::C0014742
Compound::DB01241,CcSE,Side Effect::C0042029
Compound::DB01132,CcSE,Side Effect::C0032961
Compound::DB01029,CcSE,Side Effect::C0234215
Compound::DB01039,CcSE,Side Effect::C0013604
Compound::DB01083,CcSE,Side Effect::C1145628
Compound::DB00275,CcSE,Side Effect::C0004604
Compound::DB01120,CcSE,Side Effect::C0027796
Compound::DB00575,CcSE,Side Effect::C0595877
Compound::DB00575,CcSE,Side Effect::C0239113
Compound::DB00227,CcSE,Side Effect::C0919980
Compound::DB00264,CcSE,Side Effect::C0234458
Compound::DB00966,CcSE,Side Effect::C0018681
Compound::DB00775,CcSE,Side Effect::C0019079
Compound::DB00401,CcSE,Side Effect::C0037199
Compound::DB01197,CcSE,Side Effect::C0546884
Compound::DB00373,CcSE,Side Effect::C0085633
Compound::DB00343,CcSE,Side Effect::C0015230
Compound::DB00758,CcSE,Side Effect::C0038362
Compound::DB00876,CcSE,Side Effect::C0043352
Compound::DB00584,CcSE,Side Effect::C0011603
Compound::DB00178,CcSE,Side Effect::C0009676
Compound::DB00206,CcSE,Side Effect::C1761613
Compound::DB00695,CcSE,Side Effect::C0271650
Compound::DB01200,CcSE,Side Effect::C0013378
Compound::DB00999,CcSE,Side Effect::C0231218
Compound::DB01120,CcSE,Side Effect::C0040435
Compound::DB00373,CcSE,Side Effect::C0917798
Compound::DB01203,CcSE,Side Effect::C0476273
Compound::DB00575,CcSE,Side Effect::C0423791
Compound::DB08816,CcSE,Side Effect::C0020538
Compound::DB01115,CcSE,Side Effect::C0750272
Compound::DB00519,CcSE,Side Effect::C0020598
Compound::DB00519,CcSE,Side Effect::C0020443
Compound::DB00973,CcSE,Side Effect::C0000737
Compound::DB01197,CcSE,Side Effect::C0009917
Compound::DB00903,CcSE,Side Effect::C0036572
Compound::DB01120,CcSE,Side Effect::C0020649
Compound::DB08860,CcSE,Side Effect::C0085605
Compound::DB00966,CcSE,Side Effect::C0003811
Compound::DB00722,CcSE,Side Effect::C3263723
Compound::DB00758,CcSE,Side Effect::C0518015
Compound::DB00912,CcSE,Side Effect::C3665347
Compound::DB01136,CcSE,Side Effect::C0032343
Compound::DB00999,CcSE,Side Effect::C0018500
Compound::DB01120,CcSE,Side Effect::C0349506
Compound::DB00227,CcSE,Side Effect::C0231528
Compound::DB00758,CcSE,Side Effect::C0009763
Compound::DB00594,CcSE,Side Effect::C1443060
Compound::DB00960,CcSE,Side Effect::C0233494
Compound::DB00700,CcSE,Side Effect::C0235639
Compound::DB01115,CcSE,Side Effect::C0038325
Compound::DB00584,CcSE,Side Effect::C0030469
Compound::DB00629,CcSE,Side Effect::C0038358
Compound::DB00700,CcSE,Side Effect::C0011071
Compound::DB01120,CcSE,Side Effect::C0041834
Compound::DB01162,CcSE,Side Effect::C0042023
Compound::DB01203,CcSE,Side Effect::C0011570
Compound::DB01162,CcSE,Side Effect::C0020649
Compound::DB00627,CcSE,Side Effect::C0404521
Compound::DB01023,CcSE,Side Effect::C0006277
Compound::DB00722,CcSE,Side Effect::C0022107
Compound::DB00222,CcSE,Side Effect::C0030196
Compound::DB08816,CcSE,Side Effect::C1956415
Compound::DB00880,CcSE,Side Effect::C0022346
Compound::DB01016,CcSE,Side Effect::C0022346
Compound::DB00960,CcSE,Side Effect::C0012833
Compound::DB00381,CcSE,Side Effect::C0018799
Compound::DB01083,CcSE,Side Effect::C0235318
Compound::DB00275,CcSE,Side Effect::C0003811
Compound::DB01016,CcSE,Side Effect::C0003864
Compound::DB00790,CcSE,Side Effect::C0221512
Compound::DB00401,CcSE,Side Effect::C0003864
Compound::DB00839,CcSE,Side Effect::C0542184
Compound::DB00700,CcSE,Side Effect::C0013404
Compound::DB00270,CcSE,Side Effect::C0043094
Compound::DB00590,CcSE,Side Effect::C0033860
Compound::DB00343,CcSE,Side Effect::C0162830
Compound::DB00808,CcSE,Side Effect::C0232461
Compound::DB00401,CcSE,Side Effect::C0235710
Compound::DB00629,CcSE,Side Effect::C0024115
Compound::DB00284,CcSE,Side Effect::C0032266
Compound::DB08882,CcSE,Side Effect::C0009450
Compound::DB00945,CcSE,Side Effect::C0020621
Compound::DB00999,CcSE,Side Effect::C0085631
Compound::DB00880,CcSE,Side Effect::C0344232
Compound::DB00178,CcSE,Side Effect::C0035067
Compound::DB00492,CcSE,Side Effect::C0017160
Compound::DB01132,CcSE,Side Effect::C0004604
Compound::DB00960,CcSE,Side Effect::C0018681
Compound::DB00264,CcSE,Side Effect::C0260662
Compound::DB00678,CcSE,Side Effect::C0011606
Compound::DB00264,CcSE,Side Effect::C3665347
Compound::DB00492,CcSE,Side Effect::C0022660
Compound::DB00629,CcSE,Side Effect::C0263540
Compound::DB00627,CcSE,Side Effect::C0021177
Compound::DB00331,CcSE,Side Effect::C0009450
Compound::DB00373,CcSE,Side Effect::C0002792
Compound::DB08860,CcSE,Side Effect::C0853875
Compound::DB00492,CcSE,Side Effect::C0042023
Compound::DB00627,CcSE,Side Effect::C0392197
Compound::DB00966,CcSE,Side Effect::C0009806
Compound::DB00968,CcSE,Side Effect::C0239571
Compound::DB00627,CcSE,Side Effect::C1167965
Compound::DB01136,CcSE,Side Effect::C0232462
Compound::DB01029,CcSE,Side Effect::C0022890
Compound::DB00590,CcSE,Side Effect::C0018681
Compound::DB00880,CcSE,Side Effect::C0015967
Compound::DB00492,CcSE,Side Effect::C0018834
Compound::DB00629,CcSE,Side Effect::C0004093
Compound::DB00590,CcSE,Side Effect::C0549622
Compound::DB00622,CcSE,Side Effect::C1142412
Compound::DB01244,CcSE,Side Effect::C0009806
Compound::DB00584,CcSE,Side Effect::C0234708
Compound::DB00881,CcSE,Side Effect::C0231528
Compound::DB00912,CcSE,Side Effect::C0008031
Compound::DB00880,CcSE,Side Effect::C0162830
Compound::DB01120,CcSE,Side Effect::C0030232
Compound::DB01029,CcSE,Side Effect::C0151825
Compound::DB01115,CcSE,Side Effect::C0847033
Compound::DB00627,CcSE,Side Effect::C0042963
Compound::DB00722,CcSE,Side Effect::C0010200
Compound::DB00457,CcSE,Side Effect::C2047937
Compound::DB00492,CcSE,Side Effect::C0026636
Compound::DB00412,CcSE,Side Effect::C0595930
Compound::DB00571,CcSE,Side Effect::C2363730
Compound::DB01023,CcSE,Side Effect::C0231528
Compound::DB00373,CcSE,Side Effect::C0178298
Compound::DB00519,CcSE,Side Effect::C0267792
Compound::DB00187,CcSE,Side Effect::C0085593
Compound::DB00796,CcSE,Side Effect::C0005779
Compound::DB00968,CcSE,Side Effect::C0013595
Compound::DB01244,CcSE,Side Effect::C0013404
Compound::DB08816,CcSE,Side Effect::C3160770
Compound::DB00790,CcSE,Side Effect::C0018944
Compound::DB00758,CcSE,Side Effect::C0687713
Compound::DB00695,CcSE,Side Effect::C0546884
Compound::DB00519,CcSE,Side Effect::C0392386
Compound::DB00373,CcSE,Side Effect::C0035243
Compound::DB00575,CcSE,Side Effect::C0015672
Compound::DB00343,CcSE,Side Effect::C0014742
Compound::DB00331,CcSE,Side Effect::C0016382
Compound::DB01275,CcSE,Side Effect::C0013395
Compound::DB00214,CcSE,Side Effect::C0017181
Compound::DB00722,CcSE,Side Effect::C0242528
Compound::DB00214,CcSE,Side Effect::C0004238
Compound::DB00758,CcSE,Side Effect::C0042109
Compound::DB00758,CcSE,Side Effect::C0232492
Compound::DB00678,CcSE,Side Effect::C0015672
Compound::DB00227,CcSE,Side Effect::C0009806
Compound::DB00175,CcSE,Side Effect::C0023530
Compound::DB01120,CcSE,Side Effect::C0542184
Compound::DB00524,CcSE,Side Effect::C0036974
Compound::DB01115,CcSE,Side Effect::C0006266
Compound::DB00758,CcSE,Side Effect::C0948594
Compound::DB00695,CcSE,Side Effect::C0233471
Compound::DB00774,CcSE,Side Effect::C1318520
Compound::DB00808,CcSE,Side Effect::C0085631
Compound::DB01261,CcSE,Side Effect::C0041969
Compound::DB00731,CcSE,Side Effect::C0012833
Compound::DB00227,CcSE,Side Effect::C0021400
Compound::DB00542,CcSE,Side Effect::C0033774
Compound::DB01136,CcSE,Side Effect::C0152031
Compound::DB00178,CcSE,Side Effect::C0006277
Compound::DB00758,CcSE,Side Effect::C0162316
Compound::DB00808,CcSE,Side Effect::C0017979
Compound::DB00808,CcSE,Side Effect::C0037274
Compound::DB00195,CcSE,Side Effect::C0152227
Compound::DB00584,CcSE,Side Effect::C0687713
Compound::DB00758,CcSE,Side Effect::C0013404
Compound::DB00264,CcSE,Side Effect::C0853692
Compound::DB00912,CcSE,Side Effect::C0002962
Compound::DB00542,CcSE,Side Effect::C0040034
Compound::DB00700,CcSE,Side Effect::C0002965
Compound::DB01136,CcSE,Side Effect::C3263723
Compound::DB04861,CcSE,Side Effect::C0027497
Compound::DB00584,CcSE,Side Effect::C0003123
Compound::DB01193,CcSE,Side Effect::C0004245
Compound::DB01115,CcSE,Side Effect::C0041912
Compound::DB00775,CcSE,Side Effect::C0040034
Compound::DB00524,CcSE,Side Effect::C0232462
Compound::DB00641,CcSE,Side Effect::C0919980
Compound::DB00343,CcSE,Side Effect::C0002994
Compound::DB01132,CcSE,Side Effect::C0013604
Compound::DB08860,CcSE,Side Effect::C0231528
Compound::DB00722,CcSE,Side Effect::C0035455
Compound::DB00227,CcSE,Side Effect::C0032961
Compound::DB00178,CcSE,Side Effect::C0855625
Compound::DB01132,CcSE,Side Effect::C0002962
Compound::DB00584,CcSE,Side Effect::C0030196
Compound::DB01016,CcSE,Side Effect::C0234222
Compound::DB00401,CcSE,Side Effect::C0232461
Compound::DB01241,CcSE,Side Effect::C0027497
Compound::DB00966,CcSE,Side Effect::C0030196
Compound::DB01018,CcSE,Side Effect::C0035455
Compound::DB00881,CcSE,Side Effect::C0040034
Compound::DB00584,CcSE,Side Effect::C0000737
Compound::DB00195,CcSE,Side Effect::C0032285
Compound::DB00880,CcSE,Side Effect::C0023530
Compound::DB00178,CcSE,Side Effect::C0009763
Compound::DB01241,CcSE,Side Effect::C0042109
Compound::DB01029,CcSE,Side Effect::C0041657
Compound::DB01261,CcSE,Side Effect::C0231528
Compound::DB00284,CcSE,Side Effect::C0042963
Compound::DB00790,CcSE,Side Effect::C0015397
Compound::DB01029,CcSE,Side Effect::C0013985
Compound::DB00214,CcSE,Side Effect::C2363730
Compound::DB00264,CcSE,Side Effect::C0009421
Compound::DB00695,CcSE,Side Effect::C0220981
Compound::DB00519,CcSE,Side Effect::C0025061
Compound::DB00758,CcSE,Side Effect::C0002792
Compound::DB01067,CcSE,Side Effect::C0085593
Compound::DB01136,CcSE,Side Effect::C2047937
Compound::DB01359,CcSE,Side Effect::C0917801
Compound::DB00381,CcSE,Side Effect::C0042571
Compound::DB00575,CcSE,Side Effect::C0151766
Compound::DB01029,CcSE,Side Effect::C0687707
Compound::DB00800,CcSE,Side Effect::C0151735
Compound::DB00373,CcSE,Side Effect::C0233472
Compound::DB01162,CcSE,Side Effect::C0038990
Compound::DB01083,CcSE,Side Effect::C0008350
Compound::DB01029,CcSE,Side Effect::C0549386
Compound::DB00758,CcSE,Side Effect::C0007222
Compound::DB01136,CcSE,Side Effect::C0546817
Compound::DB00575,CcSE,Side Effect::C0038587
Compound::DB08816,CcSE,Side Effect::C0003868
Compound::DB01120,CcSE,Side Effect::C0030252
Compound::DB00584,CcSE,Side Effect::C0013378
Compound::DB00678,CcSE,Side Effect::C0020456
Compound::DB00627,CcSE,Side Effect::C0027497
Compound::DB01244,CcSE,Side Effect::C0003467
Compound::DB00175,CcSE,Side Effect::C0018681
Compound::DB00575,CcSE,Side Effect::C0030196
Compound::DB00722,CcSE,Side Effect::C0030193
Compound::DB01162,CcSE,Side Effect::C0014591
Compound::DB01039,CcSE,Side Effect::C0006444
Compound::DB00999,CcSE,Side Effect::C0039231
Compound::DB00575,CcSE,Side Effect::C0080274
Compound::DB01029,CcSE,Side Effect::C0027497
Compound::DB01039,CcSE,Side Effect::C0020517
Compound::DB00178,CcSE,Side Effect::C0231528
Compound::DB08816,CcSE,Side Effect::C0151699
Compound::DB00722,CcSE,Side Effect::C0023052
Compound::DB00968,CcSE,Side Effect::C0020517
Compound::DB00542,CcSE,Side Effect::C0002962
Compound::DB01132,CcSE,Side Effect::C1384353
Compound::DB01193,CcSE,Side Effect::C0004093
Compound::DB01039,CcSE,Side Effect::C0700225
Compound::DB00381,CcSE,Side Effect::C0002622
Compound::DB01120,CcSE,Side Effect::C0010692
Compound::DB00672,CcSE,Side Effect::C0014742
Compound::DB00401,CcSE,Side Effect::C0085593
Compound::DB00264,CcSE,Side Effect::C0030848
Compound::DB00678,CcSE,Side Effect::C0011124
Compound::DB00722,CcSE,Side Effect::C0010692
Compound::DB01136,CcSE,Side Effect::C0235198
Compound::DB01098,CcSE,Side Effect::C0003862
Compound::DB01200,CcSE,Side Effect::C1456784
Compound::DB08816,CcSE,Side Effect::C0341164
Compound::DB00275,CcSE,Side Effect::C0042384
Compound::DB00796,CcSE,Side Effect::C0151746
Compound::DB00774,CcSE,Side Effect::C0011603
Compound::DB01261,CcSE,Side Effect::C0232462
Compound::DB01039,CcSE,Side Effect::C0948594
Compound::DB00758,CcSE,Side Effect::C0004093
Compound::DB00264,CcSE,Side Effect::C0002170
Compound::DB00412,CcSE,Side Effect::C0038454
Compound::DB00678,CcSE,Side Effect::C0035078
Compound::DB00999,CcSE,Side Effect::C0013378
Compound::DB00175,CcSE,Side Effect::C0520962
Compound::DB00492,CcSE,Side Effect::C0032231
Compound::DB00627,CcSE,Side Effect::C2830004
Compound::DB00584,CcSE,Side Effect::C3665347
Compound::DB01244,CcSE,Side Effect::C0015967
Compound::DB00999,CcSE,Side Effect::C0427008
Compound::DB00175,CcSE,Side Effect::C0030332
Compound::DB00594,CcSE,Side Effect::C0085584
Compound::DB01203,CcSE,Side Effect::C0234518
Compound::DB00264,CcSE,Side Effect::C0221512
Compound::DB00790,CcSE,Side Effect::C0152227
Compound::DB00598,CcSE,Side Effect::C3665347
Compound::DB00960,CcSE,Side Effect::C0028084
Compound::DB00598,CcSE,Side Effect::C0023066
Compound::DB00627,CcSE,Side Effect::C0302314
Compound::DB00384,CcSE,Side Effect::C0392525
Compound::DB01275,CcSE,Side Effect::C0231528
Compound::DB00519,CcSE,Side Effect::C2830004
Compound::DB00629,CcSE,Side Effect::C0011849
Compound::DB00903,CcSE,Side Effect::C0020615
Compound::DB00584,CcSE,Side Effect::C0042963
Compound::DB00436,CcSE,Side Effect::C0039971
Compound::DB00270,CcSE,Side Effect::C0028734
Compound::DB00542,CcSE,Side Effect::C0011124
Compound::DB00575,CcSE,Side Effect::C0030554
Compound::DB00641,CcSE,Side Effect::C0086565
Compound::DB01016,CcSE,Side Effect::C0001973
Compound::DB00457,CcSE,Side Effect::C0232487
Compound::DB00492,CcSE,Side Effect::C0015672
Compound::DB00492,CcSE,Side Effect::C0232462
Compound::DB01203,CcSE,Side Effect::C0018801
Compound::DB01098,CcSE,Side Effect::C0011991
Compound::DB00790,CcSE,Side Effect::C0085649
Compound::DB00800,CcSE,Side Effect::C0917801
Compound::DB01029,CcSE,Side Effect::C0000737
Compound::DB00758,CcSE,Side Effect::C1565489
Compound::DB00195,CcSE,Side Effect::C0013404
Compound::DB00876,CcSE,Side Effect::C0037199
Compound::DB00575,CcSE,Side Effect::C0010200
Compound::DB00758,CcSE,Side Effect::C0235416
Compound::DB00722,CcSE,Side Effect::C0041912
Compound::DB00584,CcSE,Side Effect::C0151905
Compound::DB00175,CcSE,Side Effect::C0281913
Compound::DB00722,CcSE,Side Effect::C0004096
Compound::DB01039,CcSE,Side Effect::C0162830
Compound::DB01098,CcSE,Side Effect::C0027080
Compound::DB00519,CcSE,Side Effect::C0018099
Compound::DB00275,CcSE,Side Effect::C0221185
Compound::DB00999,CcSE,Side Effect::C0003864
Compound::DB00575,CcSE,Side Effect::C0009806
Compound::DB01200,CcSE,Side Effect::C0240327
Compound::DB00790,CcSE,Side Effect::C0020461
Compound::DB01203,CcSE,Side Effect::C0000731
Compound::DB00678,CcSE,Side Effect::C0011849
Compound::DB00177,CcSE,Side Effect::C0018799
Compound::DB01162,CcSE,Side Effect::C0020651
Compound::DB04861,CcSE,Side Effect::C0428977
Compound::DB01023,CcSE,Side Effect::C0027497
Compound::DB00622,CcSE,Side Effect::C0018794
Compound::DB00187,CcSE,Side Effect::C0151907
Compound::DB00227,CcSE,Side Effect::C1443060
Compound::DB08860,CcSE,Side Effect::C0035410
Compound::DB00584,CcSE,Side Effect::C0521839
Compound::DB01200,CcSE,Side Effect::C0011860
Compound::DB01115,CcSE,Side Effect::C0009763
Compound::DB00187,CcSE,Side Effect::C0014549
Compound::DB01241,CcSE,Side Effect::C0031117
Compound::DB01275,CcSE,Side Effect::C0017178
Compound::DB01136,CcSE,Side Effect::C0023218
Compound::DB00177,CcSE,Side Effect::C0008031
Compound::DB00373,CcSE,Side Effect::C0003862
Compound::DB00775,CcSE,Side Effect::C0027497
Compound::DB00492,CcSE,Side Effect::C0232492
Compound::DB00590,CcSE,Side Effect::C0233494
Compound::DB00524,CcSE,Side Effect::C0014742
Compound::DB01197,CcSE,Side Effect::C0017675
Compound::DB01115,CcSE,Side Effect::C0546884
Compound::DB00790,CcSE,Side Effect::C0030805
Compound::DB01029,CcSE,Side Effect::C0022658
Compound::DB00722,CcSE,Side Effect::C0011570
Compound::DB01244,CcSE,Side Effect::C0017178
Compound::DB01136,CcSE,Side Effect::C0004604
Compound::DB00999,CcSE,Side Effect::C0026636
Compound::DB01016,CcSE,Side Effect::C0002170
Compound::DB01120,CcSE,Side Effect::C0011570
Compound::DB00731,CcSE,Side Effect::C1167965
Compound::DB01115,CcSE,Side Effect::C0015402
Compound::DB08860,CcSE,Side Effect::C0004604
Compound::DB00343,CcSE,Side Effect::C0042510
Compound::DB00187,CcSE,Side Effect::C0039070
Compound::DB00195,CcSE,Side Effect::C0039231
Compound::DB01067,CcSE,Side Effect::C0035455
Compound::DB01120,CcSE,Side Effect::C0003537
Compound::DB01023,CcSE,Side Effect::C0018681
Compound::DB01067,CcSE,Side Effect::C0017178
Compound::DB00373,CcSE,Side Effect::C0023066
Compound::DB00796,CcSE,Side Effect::C0035410
Compound::DB00758,CcSE,Side Effect::C0423791
Compound::DB08882,CcSE,Side Effect::C0085129
Compound::DB00887,CcSE,Side Effect::C0235309
Compound::DB04861,CcSE,Side Effect::C2973529
Compound::DB00381,CcSE,Side Effect::C0041969
Compound::DB01083,CcSE,Side Effect::C0917801
Compound::DB00284,CcSE,Side Effect::C0019158
Compound::DB00999,CcSE,Side Effect::C0035410
Compound::DB00195,CcSE,Side Effect::C0034951
Compound::DB00270,CcSE,Side Effect::C2047937
Compound::DB00421,CcSE,Side Effect::C0156404
Compound::DB00881,CcSE,Side Effect::C0027769
Compound::DB00758,CcSE,Side Effect::C0403632
Compound::DB01018,CcSE,Side Effect::C0085631
Compound::DB00627,CcSE,Side Effect::C0018099
Compound::DB00678,CcSE,Side Effect::C0233494
Compound::DB00519,CcSE,Side Effect::C0151905
Compound::DB00999,CcSE,Side Effect::C0037199
Compound::DB00876,CcSE,Side Effect::C0018099
Compound::DB00966,CcSE,Side Effect::C0029408
Compound::DB00796,CcSE,Side Effect::C0035455
Compound::DB01197,CcSE,Side Effect::C1443060
Compound::DB01029,CcSE,Side Effect::C0687713
Compound::DB01261,CcSE,Side Effect::C0027441
Compound::DB00275,CcSE,Side Effect::C3263723
Compound::DB00945,CcSE,Side Effect::C0036572
Compound::DB00175,CcSE,Side Effect::C0236075
Compound::DB01132,CcSE,Side Effect::C0151744
Compound::DB00178,CcSE,Side Effect::C0038454
Compound::DB00945,CcSE,Side Effect::C0042109
Compound::DB00178,CcSE,Side Effect::C0040264
Compound::DB00492,CcSE,Side Effect::C0085633
Compound::DB00722,CcSE,Side Effect::C0013447
Compound::DB00966,CcSE,Side Effect::C1565489
Compound::DB00381,CcSE,Side Effect::C1167965
Compound::DB00722,CcSE,Side Effect::C0032227
Compound::DB00808,CcSE,Side Effect::C0687713
Compound::DB00206,CcSE,Side Effect::C0085688
Compound::DB00945,CcSE,Side Effect::C0002871
Compound::DB00373,CcSE,Side Effect::C0029877
Compound::DB00575,CcSE,Side Effect::C0041912
Compound::DB01275,CcSE,Side Effect::C0042109
Compound::DB01039,CcSE,Side Effect::C0855242
Compound::DB00195,CcSE,Side Effect::C0015672
Compound::DB01067,CcSE,Side Effect::C0917801
Compound::DB00808,CcSE,Side Effect::C0024141
Compound::DB01115,CcSE,Side Effect::C0013378
Compound::DB00774,CcSE,Side Effect::C0001824
Compound::DB00722,CcSE,Side Effect::C0037011
Compound::DB00808,CcSE,Side Effect::C0011124
Compound::DB00598,CcSE,Side Effect::C0020651
Compound::DB00912,CcSE,Side Effect::C0022116
Compound::DB00881,CcSE,Side Effect::C1142412
Compound::DB00629,CcSE,Side Effect::C0003862
Compound::DB00790,CcSE,Side Effect::C0232492
Compound::DB00808,CcSE,Side Effect::C0221185
Compound::DB00343,CcSE,Side Effect::C0030332
Compound::DB00178,CcSE,Side Effect::C0007787
Compound::DB00722,CcSE,Side Effect::C2830004
Compound::DB00571,CcSE,Side Effect::C0239836
Compound::DB01120,CcSE,Side Effect::C0020557
Compound::DB00412,CcSE,Side Effect::C0015672
Compound::DB00178,CcSE,Side Effect::C0018681
Compound::DB01261,CcSE,Side Effect::C0004604
Compound::DB00758,CcSE,Side Effect::C0011053
Compound::DB00575,CcSE,Side Effect::C0687713
Compound::DB00661,CcSE,Side Effect::C0011991
Compound::DB00641,CcSE,Side Effect::C0086543
Compound::DB01162,CcSE,Side Effect::C0025320
Compound::DB01029,CcSE,Side Effect::C0547030
Compound::DB00542,CcSE,Side Effect::C0020651
Compound::DB00880,CcSE,Side Effect::C0042571
Compound::DB00178,CcSE,Side Effect::C0151632
Compound::DB01115,CcSE,Side Effect::C0948349
Compound::DB00627,CcSE,Side Effect::C0019079
Compound::DB00999,CcSE,Side Effect::C0043144
Compound::DB00887,CcSE,Side Effect::C0235416
Compound::DB00700,CcSE,Side Effect::C0017168
Compound::DB00629,CcSE,Side Effect::C3263723
Compound::DB01018,CcSE,Side Effect::C0344232
Compound::DB00187,CcSE,Side Effect::C0027051
Compound::DB01115,CcSE,Side Effect::C0002878
Compound::DB00887,CcSE,Side Effect::C0020578
Compound::DB01132,CcSE,Side Effect::C0020517
Compound::DB00264,CcSE,Side Effect::C0877609
Compound::DB01039,CcSE,Side Effect::C0038990
Compound::DB01203,CcSE,Side Effect::C0851578
Compound::DB00758,CcSE,Side Effect::C0020443
Compound::DB00492,CcSE,Side Effect::C1956346
Compound::DB01261,CcSE,Side Effect::C0043352
Compound::DB08816,CcSE,Side Effect::C0920166
Compound::DB00195,CcSE,Side Effect::C0851578
Compound::DB01136,CcSE,Side Effect::C0740394
Compound::DB01136,CcSE,Side Effect::C0042373
Compound::DB00227,CcSE,Side Effect::C0004093
Compound::DB01120,CcSE,Side Effect::C0042267
Compound::DB01120,CcSE,Side Effect::C0023222
Compound::DB01193,CcSE,Side Effect::C0231218
Compound::DB00310,CcSE,Side Effect::C0004093
Compound::DB00722,CcSE,Side Effect::C0031117
Compound::DB01115,CcSE,Side Effect::C1443060
Compound::DB00264,CcSE,Side Effect::C0002962
Compound::DB01029,CcSE,Side Effect::C0162298
Compound::DB00310,CcSE,Side Effect::C0020517
Compound::DB00381,CcSE,Side Effect::C0018418
Compound::DB01241,CcSE,Side Effect::C0542184
Compound::DB00227,CcSE,Side Effect::C0038325
Compound::DB01132,CcSE,Side Effect::C0424605
Compound::DB00195,CcSE,Side Effect::C0028643
Compound::DB00542,CcSE,Side Effect::C0340865
Compound::DB01200,CcSE,Side Effect::C1260880
Compound::DB00264,CcSE,Side Effect::C0003834
Compound::DB00206,CcSE,Side Effect::C0042164
Compound::DB00519,CcSE,Side Effect::C0750394
Compound::DB00945,CcSE,Side Effect::C0041657
Compound::DB00876,CcSE,Side Effect::C0236075
Compound::DB00629,CcSE,Side Effect::C0948715
Compound::DB00945,CcSE,Side Effect::C0085631
Compound::DB00575,CcSE,Side Effect::C0004936
Compound::DB00222,CcSE,Side Effect::C0042963
Compound::DB01023,CcSE,Side Effect::C0013428
Compound::DB00275,CcSE,Side Effect::C0041912
Compound::DB00373,CcSE,Side Effect::C2363731
Compound::DB00790,CcSE,Side Effect::C0242350
Compound::DB08816,CcSE,Side Effect::C0919874
Compound::DB00945,CcSE,Side Effect::C0004096
Compound::DB00966,CcSE,Side Effect::C0343863
Compound::DB01197,CcSE,Side Effect::C0002878
Compound::DB00594,CcSE,Side Effect::C0030196
Compound::DB00912,CcSE,Side Effect::C0020617
Compound::DB01120,CcSE,Side Effect::C0002962
Compound::DB00881,CcSE,Side Effect::C0037274
Compound::DB00999,CcSE,Side Effect::C1291078
Compound::DB01124,CcSE,Side Effect::C0015230
Compound::DB00968,CcSE,Side Effect::C0014457
Compound::DB00661,CcSE,Side Effect::C0231528
Compound::DB00584,CcSE,Side Effect::C1260880
Compound::DB00722,CcSE,Side Effect::C0015672
Compound::DB00641,CcSE,Side Effect::C0042109
Compound::DB00876,CcSE,Side Effect::C0235431
Compound::DB00731,CcSE,Side Effect::C0020615
Compound::DB00808,CcSE,Side Effect::C0011168
Compound::DB01193,CcSE,Side Effect::C0701811
Compound::DB00622,CcSE,Side Effect::C0042401
Compound::DB00381,CcSE,Side Effect::C0151908
Compound::DB00627,CcSE,Side Effect::C0852795
Compound::DB00808,CcSE,Side Effect::C0015967
Compound::DB08882,CcSE,Side Effect::C0004604
Compound::DB00999,CcSE,Side Effect::C0043251
Compound::DB00808,CcSE,Side Effect::C0020457
Compound::DB01098,CcSE,Side Effect::C0338656
Compound::DB00790,CcSE,Side Effect::C0687713
Compound::DB00175,CcSE,Side Effect::C0687133
Compound::DB00575,CcSE,Side Effect::C0013144
Compound::DB00187,CcSE,Side Effect::C0013144
Compound::DB00331,CcSE,Side Effect::C0040822
Compound::DB00492,CcSE,Side Effect::C0030312
Compound::DB00695,CcSE,Side Effect::C0863129
Compound::DB01115,CcSE,Side Effect::C0236075
Compound::DB00343,CcSE,Side Effect::C0151735
Compound::DB00195,CcSE,Side Effect::C0026821
Compound::DB00222,CcSE,Side Effect::C0745153
Compound::DB08816,CcSE,Side Effect::C0018418
Compound::DB00222,CcSE,Side Effect::C0003811
Compound::DB01083,CcSE,Side Effect::C0021400
Compound::DB00401,CcSE,Side Effect::C0038990
Compound::DB00584,CcSE,Side Effect::C0011991
Compound::DB00175,CcSE,Side Effect::C0028734
Compound::DB00622,CcSE,Side Effect::C0037199
Compound::DB01136,CcSE,Side Effect::C0009676
Compound::DB01244,CcSE,Side Effect::C0232462
Compound::DB00381,CcSE,Side Effect::C0039070
Compound::DB00331,CcSE,Side Effect::C0008031
Compound::DB00629,CcSE,Side Effect::C0042963
Compound::DB01120,CcSE,Side Effect::C0014591
Compound::DB00412,CcSE,Side Effect::C0020473
Compound::DB01162,CcSE,Side Effect::C0687713
Compound::DB01039,CcSE,Side Effect::C0856597
Compound::DB00678,CcSE,Side Effect::C0030554
Compound::DB00999,CcSE,Side Effect::C0027497
Compound::DB00373,CcSE,Side Effect::C0030193
Compound::DB04861,CcSE,Side Effect::C0006266
Compound::DB00629,CcSE,Side Effect::C0233632
Compound::DB00571,CcSE,Side Effect::C0264906
Compound::DB00973,CcSE,Side Effect::C0085649
Compound::DB00661,CcSE,Side Effect::C2830004
Compound::DB00178,CcSE,Side Effect::C0043094
Compound::DB00641,CcSE,Side Effect::C0231218
Compound::DB01039,CcSE,Side Effect::C0687713
Compound::DB00492,CcSE,Side Effect::C0013604
Compound::DB01120,CcSE,Side Effect::C0032708
Compound::DB00575,CcSE,Side Effect::C0042373
Compound::DB00373,CcSE,Side Effect::C0151942
Compound::DB00270,CcSE,Side Effect::C0428977
Compound::DB00343,CcSE,Side Effect::C0031256
Compound::DB01241,CcSE,Side Effect::C0030554
Compound::DB00373,CcSE,Side Effect::C0423271
Compound::DB01115,CcSE,Side Effect::C0235031
Compound::DB01016,CcSE,Side Effect::C0149904
Compound::DB00575,CcSE,Side Effect::C0085631
Compound::DB00195,CcSE,Side Effect::C0423602
Compound::DB00381,CcSE,Side Effect::C0085649
Compound::DB00758,CcSE,Side Effect::C0041657
Compound::DB00401,CcSE,Side Effect::C0018965
Compound::DB01067,CcSE,Side Effect::C0042571
Compound::DB00945,CcSE,Side Effect::C1291078
Compound::DB00695,CcSE,Side Effect::C0521491
Compound::DB00381,CcSE,Side Effect::C0027765
Compound::DB00695,CcSE,Side Effect::C0011606
Compound::DB01136,CcSE,Side Effect::C0042769
Compound::DB01200,CcSE,Side Effect::C0003123
Compound::DB00758,CcSE,Side Effect::C0037299
Compound::DB01132,CcSE,Side Effect::C0022116
Compound::DB01136,CcSE,Side Effect::C0017979
Compound::DB01120,CcSE,Side Effect::C0917801
Compound::DB00966,CcSE,Side Effect::C0235431
Compound::DB00887,CcSE,Side Effect::C0020649
Compound::DB00700,CcSE,Side Effect::C0009806
Compound::DB00177,CcSE,Side Effect::C0178298
Compound::DB00575,CcSE,Side Effect::C2830004
Compound::DB00790,CcSE,Side Effect::C0018790
Compound::DB00700,CcSE,Side Effect::C0027497
Compound::DB00678,CcSE,Side Effect::C0037199
Compound::DB00178,CcSE,Side Effect::C0234215
Compound::DB00629,CcSE,Side Effect::C0011991
Compound::DB00227,CcSE,Side Effect::C0020517
Compound::DB00945,CcSE,Side Effect::C0042963
Compound::DB00412,CcSE,Side Effect::C0020615
Compound::DB00584,CcSE,Side Effect::C0037383
Compound::DB01018,CcSE,Side Effect::C0086439
Compound::DB01136,CcSE,Side Effect::C0040034
Compound::DB01197,CcSE,Side Effect::C0015672
Compound::DB00264,CcSE,Side Effect::C0549249
Compound::DB01261,CcSE,Side Effect::C0002792
Compound::DB01120,CcSE,Side Effect::C0001925
Compound::DB00401,CcSE,Side Effect::C0019360
Compound::DB00195,CcSE,Side Effect::C0015230
Compound::DB00492,CcSE,Side Effect::C0239343
Compound::DB00575,CcSE,Side Effect::C0018524
Compound::DB01120,CcSE,Side Effect::C0002878
Compound::DB00641,CcSE,Side Effect::C0427055
Compound::DB00195,CcSE,Side Effect::C0040822
Compound::DB00519,CcSE,Side Effect::C0014591
Compound::DB00584,CcSE,Side Effect::C0027051
Compound::DB00678,CcSE,Side Effect::C0038325
Compound::DB01098,CcSE,Side Effect::C1443060
Compound::DB00590,CcSE,Side Effect::C0030232
Compound::DB00594,CcSE,Side Effect::C0019080
Compound::DB00999,CcSE,Side Effect::C0587246
Compound::DB01067,CcSE,Side Effect::C0015230
Compound::DB01029,CcSE,Side Effect::C0085580
Compound::DB00758,CcSE,Side Effect::C0002994
Compound::DB00178,CcSE,Side Effect::C0033860
Compound::DB00622,CcSE,Side Effect::C0242656
Compound::DB00627,CcSE,Side Effect::C0020676
Compound::DB00672,CcSE,Side Effect::C0011606
Compound::DB01200,CcSE,Side Effect::C0041657
Compound::DB00412,CcSE,Side Effect::C0162275
Compound::DB01120,CcSE,Side Effect::C0011991
Compound::DB00381,CcSE,Side Effect::C0232462
Compound::DB00722,CcSE,Side Effect::C2047937
Compound::DB00571,CcSE,Side Effect::C0277925
Compound::DB00264,CcSE,Side Effect::C0085614
Compound::DB00492,CcSE,Side Effect::C0038454
Compound::DB00641,CcSE,Side Effect::C0024141
Compound::DB00627,CcSE,Side Effect::C0010200
Compound::DB00381,CcSE,Side Effect::C0005779
Compound::DB00264,CcSE,Side Effect::C0018802
Compound::DB00876,CcSE,Side Effect::C0040822
Compound::DB00678,CcSE,Side Effect::C2364164
Compound::DB00177,CcSE,Side Effect::C0242350
Compound::DB00177,CcSE,Side Effect::C0022661
Compound::DB00808,CcSE,Side Effect::C0151878
Compound::DB00960,CcSE,Side Effect::C0015672
Compound::DB00641,CcSE,Side Effect::C0003123
Compound::DB00661,CcSE,Side Effect::C0028949
Compound::DB01098,CcSE,Side Effect::C0853875
Compound::DB00790,CcSE,Side Effect::C0002871
Compound::DB01120,CcSE,Side Effect::C0015397
Compound::DB00264,CcSE,Side Effect::C0034734
Compound::DB00790,CcSE,Side Effect::C0027441
Compound::DB00519,CcSE,Side Effect::C0085614
Compound::DB00678,CcSE,Side Effect::C0011882
Compound::DB00722,CcSE,Side Effect::C0002792
Compound::DB00590,CcSE,Side Effect::C0017574
Compound::DB08816,CcSE,Side Effect::C0033774
Compound::DB00722,CcSE,Side Effect::C0948089
Compound::DB00590,CcSE,Side Effect::C0029882
Compound::DB01200,CcSE,Side Effect::C0027765
Compound::DB01039,CcSE,Side Effect::C0012833
Compound::DB00808,CcSE,Side Effect::C0034882
Compound::DB01132,CcSE,Side Effect::C0042029
Compound::DB01162,CcSE,Side Effect::C0040822
Compound::DB00177,CcSE,Side Effect::C0232462
Compound::DB01018,CcSE,Side Effect::C0027497
Compound::DB00966,CcSE,Side Effect::C0239571
Compound::DB00661,CcSE,Side Effect::C0042384
Compound::DB00973,CcSE,Side Effect::C0042373
Compound::DB00627,CcSE,Side Effect::C0023218
Compound::DB00598,CcSE,Side Effect::C0344232
Compound::DB01124,CcSE,Side Effect::C0001824
Compound::DB01359,CcSE,Side Effect::C0162529
Compound::DB01115,CcSE,Side Effect::C0392025
Compound::DB00401,CcSE,Side Effect::C0018099
Compound::DB01083,CcSE,Side Effect::C0014335
Compound::DB01136,CcSE,Side Effect::C0021400
Compound::DB00519,CcSE,Side Effect::C0033774
Compound::DB00401,CcSE,Side Effect::C0233494
Compound::DB00598,CcSE,Side Effect::C0013404
Compound::DB00966,CcSE,Side Effect::C0003123
Compound::DB00331,CcSE,Side Effect::C0267792
Compound::DB00973,CcSE,Side Effect::C0016204
Compound::DB00590,CcSE,Side Effect::C0039971
Compound::DB00584,CcSE,Side Effect::C0014518
Compound::DB00575,CcSE,Side Effect::C0242350
Compound::DB00678,CcSE,Side Effect::C0027769
Compound::DB01162,CcSE,Side Effect::C0040264
Compound::DB00973,CcSE,Side Effect::C0041834
Compound::DB00492,CcSE,Side Effect::C0278134
Compound::DB00178,CcSE,Side Effect::C0948586
Compound::DB01241,CcSE,Side Effect::C0018681
Compound::DB00491,CcSE,Side Effect::C0000731
Compound::DB01197,CcSE,Side Effect::C0151763
Compound::DB00960,CcSE,Side Effect::C0018524
Compound::DB00966,CcSE,Side Effect::C0428977
Compound::DB00722,CcSE,Side Effect::C0015967
Compound::DB00195,CcSE,Side Effect::C0149745
Compound::DB00373,CcSE,Side Effect::C0009443
Compound::DB01244,CcSE,Side Effect::C0010200
Compound::DB00195,CcSE,Side Effect::C0038990
Compound::DB00590,CcSE,Side Effect::C0034150
Compound::DB01083,CcSE,Side Effect::C0267596
Compound::DB00722,CcSE,Side Effect::C0855242
Compound::DB01016,CcSE,Side Effect::C0542184
Compound::DB00175,CcSE,Side Effect::C0018418
Compound::DB01039,CcSE,Side Effect::C0042018
Compound::DB00808,CcSE,Side Effect::C0547030
Compound::DB00373,CcSE,Side Effect::C0008031
Compound::DB00381,CcSE,Side Effect::C0233494
Compound::DB00678,CcSE,Side Effect::C0023222
Compound::DB00590,CcSE,Side Effect::C0015672
Compound::DB00627,CcSE,Side Effect::C0574067
Compound::DB00401,CcSE,Side Effect::C0020458
Compound::DB00627,CcSE,Side Effect::C0042109
Compound::DB00270,CcSE,Side Effect::C0178298
Compound::DB00542,CcSE,Side Effect::C0013404
Compound::DB00492,CcSE,Side Effect::C0019158
Compound::DB00492,CcSE,Side Effect::C0027497
Compound::DB00808,CcSE,Side Effect::C0699744
Compound::DB01136,CcSE,Side Effect::C0428977
Compound::DB01275,CcSE,Side Effect::C0011991
Compound::DB00800,CcSE,Side Effect::C0151754
Compound::DB00343,CcSE,Side Effect::C0023530
Compound::DB00966,CcSE,Side Effect::C0006266
Compound::DB00722,CcSE,Side Effect::C0002871
Compound::DB00598,CcSE,Side Effect::C0030848
Compound::DB00590,CcSE,Side Effect::C0151786
Compound::DB00945,CcSE,Side Effect::C0220981
Compound::DB00758,CcSE,Side Effect::C0019270
Compound::DB00343,CcSE,Side Effect::C0015672
Compound::DB00627,CcSE,Side Effect::C0013395
Compound::DB01241,CcSE,Side Effect::C0151766
Compound::DB08816,CcSE,Side Effect::C0015967
Compound::DB00999,CcSE,Side Effect::C0235416
Compound::DB01115,CcSE,Side Effect::C0549209
Compound::DB00999,CcSE,Side Effect::C0009676
Compound::DB01275,CcSE,Side Effect::C0039231
Compound::DB00343,CcSE,Side Effect::C0042267
Compound::DB01023,CcSE,Side Effect::C0009676
Compound::DB00790,CcSE,Side Effect::C0019345
Compound::DB01136,CcSE,Side Effect::C0011606
Compound::DB01083,CcSE,Side Effect::C0041912
Compound::DB00790,CcSE,Side Effect::C0085631
Compound::DB00695,CcSE,Side Effect::C0017979
Compound::DB01197,CcSE,Side Effect::C0027707
Compound::DB00177,CcSE,Side Effect::C0020461
Compound::DB00195,CcSE,Side Effect::C0020555
Compound::DB01136,CcSE,Side Effect::C0235416
Compound::DB00657,CcSE,Side Effect::C0855242
Compound::DB00629,CcSE,Side Effect::C0034063
Compound::DB08816,CcSE,Side Effect::C0011991
Compound::DB01136,CcSE,Side Effect::C0019080
Compound::DB00519,CcSE,Side Effect::C0231218
Compound::DB00195,CcSE,Side Effect::C0277925
Compound::DB00177,CcSE,Side Effect::C0021053
Compound::DB00627,CcSE,Side Effect::C0947912
Compound::DB01018,CcSE,Side Effect::C0036572
Compound::DB00999,CcSE,Side Effect::C0011991
Compound::DB01067,CcSE,Side Effect::C0040822
Compound::DB00373,CcSE,Side Effect::C0024117
Compound::DB00968,CcSE,Side Effect::C0851341
Compound::DB00524,CcSE,Side Effect::C0020456
Compound::DB00571,CcSE,Side Effect::C0851341
Compound::DB01016,CcSE,Side Effect::C0017178
Compound::DB00999,CcSE,Side Effect::C0221185
Compound::DB01120,CcSE,Side Effect::C2047937
Compound::DB00678,CcSE,Side Effect::C0040034
Compound::DB00195,CcSE,Side Effect::C0234458
Compound::DB00629,CcSE,Side Effect::C2364164
Compound::DB00401,CcSE,Side Effect::C0018808
Compound::DB00524,CcSE,Side Effect::C0857448
Compound::DB01197,CcSE,Side Effect::C0020625
Compound::DB00695,CcSE,Side Effect::C0015230
Compound::DB00695,CcSE,Side Effect::C0853277
Compound::DB01029,CcSE,Side Effect::C0022354
Compound::DB01029,CcSE,Side Effect::C0232203
Compound::DB01241,CcSE,Side Effect::C0037274
Compound::DB00575,CcSE,Side Effect::C0013456
Compound::DB00343,CcSE,Side Effect::C0042571
Compound::DB00880,CcSE,Side Effect::C0037763
Compound::DB01200,CcSE,Side Effect::C0009806
Compound::DB00412,CcSE,Side Effect::C0016658
Compound::DB00264,CcSE,Side Effect::C0858678
Compound::DB00700,CcSE,Side Effect::C2047937
Compound::DB00310,CcSE,Side Effect::C0027707
Compound::DB01098,CcSE,Side Effect::C0917801
Compound::DB00590,CcSE,Side Effect::C0020649
Compound::DB00966,CcSE,Side Effect::C0232462
Compound::DB00343,CcSE,Side Effect::C0948525
Compound::DB00178,CcSE,Side Effect::C0032541
Compound::DB00519,CcSE,Side Effect::C0235431
Compound::DB00629,CcSE,Side Effect::C0015397
Compound::DB01039,CcSE,Side Effect::C0010200
Compound::DB01120,CcSE,Side Effect::C0025222
Compound::DB01241,CcSE,Side Effect::C0030193
Compound::DB00999,CcSE,Side Effect::C0013491
Compound::DB00627,CcSE,Side Effect::C0041657
Compound::DB00195,CcSE,Side Effect::C3263723
Compound::DB01029,CcSE,Side Effect::C0278134
Compound::DB00594,CcSE,Side Effect::C0027769
Compound::DB00222,CcSE,Side Effect::C0002994
Compound::DB00629,CcSE,Side Effect::C0042384
Compound::DB00178,CcSE,Side Effect::C1565489
Compound::DB00880,CcSE,Side Effect::C0037023
Compound::DB01261,CcSE,Side Effect::C0017160
Compound::DB00774,CcSE,Side Effect::C0042963
Compound::DB00492,CcSE,Side Effect::C0027769
Compound::DB01162,CcSE,Side Effect::C1688637
Compound::DB01132,CcSE,Side Effect::C0235996
Compound::DB00175,CcSE,Side Effect::C0012359
Compound::DB01039,CcSE,Side Effect::C0002871
Compound::DB00722,CcSE,Side Effect::C0002878
Compound::DB00275,CcSE,Side Effect::C0042571
Compound::DB01136,CcSE,Side Effect::C0234192
Compound::DB00678,CcSE,Side Effect::C0152031
Compound::DB00678,CcSE,Side Effect::C0151908
Compound::DB00758,CcSE,Side Effect::C0221490
Compound::DB00575,CcSE,Side Effect::C0015256
Compound::DB00945,CcSE,Side Effect::C0018834
Compound::DB00457,CcSE,Side Effect::C0030554
Compound::DB00722,CcSE,Side Effect::C0018834
Compound::DB00343,CcSE,Side Effect::C0151626
Compound::DB00373,CcSE,Side Effect::C0013378
Compound::DB08860,CcSE,Side Effect::C0003862
Compound::DB00175,CcSE,Side Effect::C0040034
Compound::DB00412,CcSE,Side Effect::C0085605
Compound::DB00519,CcSE,Side Effect::C0021308
Compound::DB00758,CcSE,Side Effect::C0268732
Compound::DB00310,CcSE,Side Effect::C0023530
Compound::DB00722,CcSE,Side Effect::C0271710
Compound::DB00641,CcSE,Side Effect::C0242350
Compound::DB00195,CcSE,Side Effect::C0031117
Compound::DB00695,CcSE,Side Effect::C1306341
Compound::DB00178,CcSE,Side Effect::C0267792
Compound::DB00999,CcSE,Side Effect::C0149931
Compound::DB01136,CcSE,Side Effect::C0853692
Compound::DB00945,CcSE,Side Effect::C0241863
Compound::DB00401,CcSE,Side Effect::C0038454
Compound::DB01136,CcSE,Side Effect::C0004238
Compound::DB00641,CcSE,Side Effect::C1142028
Compound::DB00175,CcSE,Side Effect::C0043094
Compound::DB00542,CcSE,Side Effect::C0004096
Compound::DB00876,CcSE,Side Effect::C0029408
Compound::DB00222,CcSE,Side Effect::C0162533
Compound::DB00590,CcSE,Side Effect::C0009450
Compound::DB01029,CcSE,Side Effect::C0020625
Compound::DB00968,CcSE,Side Effect::C0006145
Compound::DB00808,CcSE,Side Effect::C0038362
Compound::DB00175,CcSE,Side Effect::C0013378
Compound::DB00960,CcSE,Side Effect::C0018799
Compound::DB00876,CcSE,Side Effect::C0853692
Compound::DB01039,CcSE,Side Effect::C0019348
Compound::DB01039,CcSE,Side Effect::C0029408
Compound::DB00177,CcSE,Side Effect::C0035078
Compound::DB00876,CcSE,Side Effect::C0042024
Compound::DB00222,CcSE,Side Effect::C2973529
Compound::DB00641,CcSE,Side Effect::C0023530
Compound::DB00800,CcSE,Side Effect::C0853149
Compound::DB01115,CcSE,Side Effect::C0018801
Compound::DB00264,CcSE,Side Effect::C0085633
Compound::DB00960,CcSE,Side Effect::C0547030
Compound::DB00571,CcSE,Side Effect::C0242461
Compound::DB01162,CcSE,Side Effect::C0012833
Compound::DB00178,CcSE,Side Effect::C0917798
Compound::DB00575,CcSE,Side Effect::C0235018
Compound::DB00175,CcSE,Side Effect::C0037199
Compound::DB00542,CcSE,Side Effect::C0015230
Compound::DB00700,CcSE,Side Effect::C0553732
Compound::DB00519,CcSE,Side Effect::C0040034
Compound::DB00436,CcSE,Side Effect::C0026821
Compound::DB01039,CcSE,Side Effect::C0858118
Compound::DB01018,CcSE,Side Effect::C0040264
Compound::DB01136,CcSE,Side Effect::C0028084
Compound::DB01203,CcSE,Side Effect::C0009763
Compound::DB01083,CcSE,Side Effect::C0022658
Compound::DB00206,CcSE,Side Effect::C0041657
Compound::DB01120,CcSE,Side Effect::C0497247
Compound::DB01016,CcSE,Side Effect::C0020649
Compound::DB01244,CcSE,Side Effect::C0004093
Compound::DB00968,CcSE,Side Effect::C0178298
Compound::DB01136,CcSE,Side Effect::C0151691
Compound::DB00999,CcSE,Side Effect::C0000731
Compound::DB00876,CcSE,Side Effect::C0027121
Compound::DB00571,CcSE,Side Effect::C0917801
Compound::DB01039,CcSE,Side Effect::C0000737
Compound::DB00331,CcSE,Side Effect::C0178298
Compound::DB00421,CcSE,Side Effect::C0020555
Compound::DB00381,CcSE,Side Effect::C0037274
Compound::DB01261,CcSE,Side Effect::C0037195
Compound::DB00973,CcSE,Side Effect::C0234215
Compound::DB00627,CcSE,Side Effect::C0015397
Compound::DB01162,CcSE,Side Effect::C0030193
Compound::DB00598,CcSE,Side Effect::C0019158
Compound::DB08882,CcSE,Side Effect::C0271710
Compound::DB01083,CcSE,Side Effect::C0008031
Compound::DB00187,CcSE,Side Effect::C0042075
Compound::DB00264,CcSE,Side Effect::C0235763
Compound::DB00722,CcSE,Side Effect::C0006277
Compound::DB00695,CcSE,Side Effect::C0235198
Compound::DB01261,CcSE,Side Effect::C0037199
Compound::DB00700,CcSE,Side Effect::C0004936
Compound::DB01018,CcSE,Side Effect::C0232197
Compound::DB00195,CcSE,Side Effect::C0020458
Compound::DB00178,CcSE,Side Effect::C0948594
Compound::DB00519,CcSE,Side Effect::C0039070
Compound::DB00695,CcSE,Side Effect::C0038325
Compound::DB00722,CcSE,Side Effect::C0006266
Compound::DB00491,CcSE,Side Effect::C0042961
Compound::DB00381,CcSE,Side Effect::C0600142
Compound::DB00912,CcSE,Side Effect::C0040034
Compound::DB00678,CcSE,Side Effect::C0035410
Compound::DB00284,CcSE,Side Effect::C0011603
Compound::DB00177,CcSE,Side Effect::C0030252
Compound::DB01136,CcSE,Side Effect::C0015230
Compound::DB00492,CcSE,Side Effect::C0241075
Compound::DB00695,CcSE,Side Effect::C3665347
Compound::DB00790,CcSE,Side Effect::C0267792
Compound::DB00331,CcSE,Side Effect::C0027947
Compound::DB01359,CcSE,Side Effect::C0013395
Compound::DB01120,CcSE,Side Effect::C0162566
Compound::DB00524,CcSE,Side Effect::C0546884
Compound::DB00421,CcSE,Side Effect::C0023530
Compound::DB00412,CcSE,Side Effect::C0744727
Compound::DB01120,CcSE,Side Effect::C0041912
Compound::DB00373,CcSE,Side Effect::C0021775
Compound::DB00590,CcSE,Side Effect::C0032285
Compound::DB00343,CcSE,Side Effect::C0013378
Compound::DB01115,CcSE,Side Effect::C0003467
Compound::DB00264,CcSE,Side Effect::C0007398
Compound::DB00695,CcSE,Side Effect::C0264939
Compound::DB00641,CcSE,Side Effect::C0151786
Compound::DB00584,CcSE,Side Effect::C0497247
Compound::DB01241,CcSE,Side Effect::C0947912
Compound::DB00731,CcSE,Side Effect::C0040822
Compound::DB01067,CcSE,Side Effect::C0042109
Compound::DB00457,CcSE,Side Effect::C0018681
Compound::DB00700,CcSE,Side Effect::C0003862
Compound::DB00594,CcSE,Side Effect::C0015230
Compound::DB00945,CcSE,Side Effect::C0006147
Compound::DB00966,CcSE,Side Effect::C0029882
Compound::DB01136,CcSE,Side Effect::C0042514
Compound::DB01120,CcSE,Side Effect::C0029408
Compound::DB00722,CcSE,Side Effect::C0023067
Compound::DB00808,CcSE,Side Effect::C0017160
Compound::DB00310,CcSE,Side Effect::C0030554
Compound::DB00627,CcSE,Side Effect::C0011991
Compound::DB00401,CcSE,Side Effect::C0009676
Compound::DB01029,CcSE,Side Effect::C0863084
Compound::DB00206,CcSE,Side Effect::C0027769
Compound::DB01083,CcSE,Side Effect::C0235296
Compound::DB01261,CcSE,Side Effect::C0234215
Compound::DB01197,CcSE,Side Effect::C2830004
Compound::DB00790,CcSE,Side Effect::C0009763
Compound::DB00343,CcSE,Side Effect::C1536074
Compound::DB01275,CcSE,Side Effect::C0030312
Compound::DB01029,CcSE,Side Effect::C0162830
Compound::DB00590,CcSE,Side Effect::C0162429
Compound::DB00343,CcSE,Side Effect::C0037763
Compound::DB00629,CcSE,Side Effect::C0028961
Compound::DB01132,CcSE,Side Effect::C0151905
Compound::DB00796,CcSE,Side Effect::C0020538
Compound::DB01029,CcSE,Side Effect::C0003123
Compound::DB00912,CcSE,Side Effect::C0002878
Compound::DB00575,CcSE,Side Effect::C0016579
Compound::DB01241,CcSE,Side Effect::C2937358
Compound::DB01261,CcSE,Side Effect::C0006145
Compound::DB00594,CcSE,Side Effect::C0013428
Compound::DB04861,CcSE,Side Effect::C0033860
Compound::DB08882,CcSE,Side Effect::C0002994
Compound::DB00177,CcSE,Side Effect::C0162830
Compound::DB00590,CcSE,Side Effect::C0344232
Compound::DB00331,CcSE,Side Effect::C0162275
Compound::DB00331,CcSE,Side Effect::C0235309
Compound::DB01120,CcSE,Side Effect::C0851578
Compound::DB00876,CcSE,Side Effect::C0029882
Compound::DB01083,CcSE,Side Effect::C0013390
Compound::DB00678,CcSE,Side Effect::C0011875
Compound::DB00343,CcSE,Side Effect::C0043094
Compound::DB00343,CcSE,Side Effect::C0578454
Compound::DB00575,CcSE,Side Effect::C0025061
Compound::DB00800,CcSE,Side Effect::C0039231
Compound::DB00590,CcSE,Side Effect::C0917801
Compound::DB00214,CcSE,Side Effect::C0030305
Compound::DB00968,CcSE,Side Effect::C0002878
Compound::DB00700,CcSE,Side Effect::C0018681
Compound::DB00966,CcSE,Side Effect::C0042963
Compound::DB00412,CcSE,Side Effect::C0232097
Compound::DB00966,CcSE,Side Effect::C0008031
Compound::DB00966,CcSE,Side Effect::C0011570
Compound::DB00178,CcSE,Side Effect::C0026821
Compound::DB00722,CcSE,Side Effect::C0030554
Compound::DB00678,CcSE,Side Effect::C0086543
Compound::DB00722,CcSE,Side Effect::C0085636
Compound::DB08882,CcSE,Side Effect::C0041912
Compound::DB00590,CcSE,Side Effect::C0013456
Compound::DB00195,CcSE,Side Effect::C0006145
Compound::DB00381,CcSE,Side Effect::C0043094
Compound::DB00178,CcSE,Side Effect::C0027051
Compound::DB00758,CcSE,Side Effect::C0015397
Compound::DB00876,CcSE,Side Effect::C0003862
Compound::DB00678,CcSE,Side Effect::C0002878
Compound::DB01029,CcSE,Side Effect::C0476273
Compound::DB00700,CcSE,Side Effect::C0259749
Compound::DB00695,CcSE,Side Effect::C0022107
Compound::DB00999,CcSE,Side Effect::C0541799
Compound::DB00945,CcSE,Side Effect::C0023895
Compound::DB00270,CcSE,Side Effect::C2242996
Compound::DB00175,CcSE,Side Effect::C1368065
Compound::DB00945,CcSE,Side Effect::C0235710
Compound::DB01136,CcSE,Side Effect::C0234913
Compound::DB00492,CcSE,Side Effect::C0041349
Compound::DB00381,CcSE,Side Effect::C0234458
Compound::DB00695,CcSE,Side Effect::C0401151
Compound::DB00973,CcSE,Side Effect::C0162429
Compound::DB00808,CcSE,Side Effect::C1260880
Compound::DB00264,CcSE,Side Effect::C0001824
Compound::DB00695,CcSE,Side Effect::C1291078
Compound::DB00945,CcSE,Side Effect::C0008049
Compound::DB01120,CcSE,Side Effect::C0012569
Compound::DB00195,CcSE,Side Effect::C0155365
Compound::DB01039,CcSE,Side Effect::C0549373
Compound::DB00590,CcSE,Side Effect::C0013604
Compound::DB00999,CcSE,Side Effect::C0151786
Compound::DB00641,CcSE,Side Effect::C0853034
Compound::DB00519,CcSE,Side Effect::C1258215
Compound::DB00343,CcSE,Side Effect::C0152031
Compound::DB01115,CcSE,Side Effect::C0018834
Compound::DB00187,CcSE,Side Effect::C1306341
Compound::DB00678,CcSE,Side Effect::C0042023
Compound::DB00731,CcSE,Side Effect::C0948873
Compound::DB00629,CcSE,Side Effect::C0151205
Compound::DB00590,CcSE,Side Effect::C0233414
Compound::DB00876,CcSE,Side Effect::C0043349
Compound::DB01039,CcSE,Side Effect::C0011630
Compound::DB00731,CcSE,Side Effect::C0022346
Compound::DB00175,CcSE,Side Effect::C0852911
Compound::DB00195,CcSE,Side Effect::C0011168
Compound::DB08860,CcSE,Side Effect::C0019158
Compound::DB00590,CcSE,Side Effect::C0027092
Compound::DB00722,CcSE,Side Effect::C0403632
Compound::DB01029,CcSE,Side Effect::C0162429
Compound::DB01115,CcSE,Side Effect::C0024902
Compound::DB01275,CcSE,Side Effect::C0030252
Compound::DB01115,CcSE,Side Effect::C0877055
Compound::DB01132,CcSE,Side Effect::C0035243
Compound::DB00177,CcSE,Side Effect::C0000737
Compound::DB01136,CcSE,Side Effect::C0728899
Compound::DB01244,CcSE,Side Effect::C0012833
Compound::DB00373,CcSE,Side Effect::C0027769
Compound::DB08882,CcSE,Side Effect::C0018681
Compound::DB01039,CcSE,Side Effect::C0003123
Compound::DB01083,CcSE,Side Effect::C0151908
Compound::DB00222,CcSE,Side Effect::C0241863
Compound::DB01029,CcSE,Side Effect::C0002792
Compound::DB00373,CcSE,Side Effect::C0041657
Compound::DB00373,CcSE,Side Effect::C0920171
Compound::DB00598,CcSE,Side Effect::C0042963
Compound::DB08860,CcSE,Side Effect::C0026848
Compound::DB00722,CcSE,Side Effect::C0011124
Compound::DB00960,CcSE,Side Effect::C0009806
Compound::DB00999,CcSE,Side Effect::C0015967
Compound::DB00178,CcSE,Side Effect::C1510410
Compound::DB00492,CcSE,Side Effect::C0151578
Compound::DB01083,CcSE,Side Effect::C0013595
Compound::DB00594,CcSE,Side Effect::C0011991
Compound::DB00661,CcSE,Side Effect::C0037317
Compound::DB00178,CcSE,Side Effect::C0016382
Compound::DB01098,CcSE,Side Effect::C0231528
Compound::DB00373,CcSE,Side Effect::C0699744
Compound::DB01120,CcSE,Side Effect::C0017152
Compound::DB01067,CcSE,Side Effect::C0013395
Compound::DB00264,CcSE,Side Effect::C0011124
Compound::DB00966,CcSE,Side Effect::C0018802
Compound::DB00542,CcSE,Side Effect::C0008031
Compound::DB00796,CcSE,Side Effect::C0020649
Compound::DB00598,CcSE,Side Effect::C1443060
Compound::DB00758,CcSE,Side Effect::C0036830
Compound::DB01029,CcSE,Side Effect::C0041969
Compound::DB00722,CcSE,Side Effect::C0040264
Compound::DB00758,CcSE,Side Effect::C0085649
Compound::DB00657,CcSE,Side Effect::C0234987
Compound::DB00945,CcSE,Side Effect::C0041582
Compound::DB00264,CcSE,Side Effect::C0344320
Compound::DB00584,CcSE,Side Effect::C0542571
Compound::DB01029,CcSE,Side Effect::C0235416
Compound::DB01197,CcSE,Side Effect::C0033687
Compound::DB00222,CcSE,Side Effect::C0008370
Compound::DB01018,CcSE,Side Effect::C0022107
Compound::DB00175,CcSE,Side Effect::C0026858
Compound::DB01261,CcSE,Side Effect::C0017168
Compound::DB00571,CcSE,Side Effect::C0031350
Compound::DB00421,CcSE,Side Effect::C0242350
Compound::DB00571,CcSE,Side Effect::C0027947
Compound::DB00331,CcSE,Side Effect::C0033774
Compound::DB00641,CcSE,Side Effect::C0003862
Compound::DB00966,CcSE,Side Effect::C0700590
Compound::DB00672,CcSE,Side Effect::C0020615
Compound::DB00519,CcSE,Side Effect::C0020649
Compound::DB00758,CcSE,Side Effect::C0003864
Compound::DB00187,CcSE,Side Effect::C0013428
Compound::DB00808,CcSE,Side Effect::C0003123
Compound::DB00887,CcSE,Side Effect::C0015672
Compound::DB00227,CcSE,Side Effect::C0003123
Compound::DB01200,CcSE,Side Effect::C0042420
Compound::DB00373,CcSE,Side Effect::C0016059
Compound::DB01359,CcSE,Side Effect::C0234238
Compound::DB01120,CcSE,Side Effect::C0017168
Compound::DB00758,CcSE,Side Effect::C0006266
Compound::DB00519,CcSE,Side Effect::C0017178
Compound::DB01083,CcSE,Side Effect::C0041969
Compound::DB00275,CcSE,Side Effect::C0042769
Compound::DB08816,CcSE,Side Effect::C2937358
Compound::DB00384,CcSE,Side Effect::C0022346
Compound::DB00519,CcSE,Side Effect::C0014518
Compound::DB01115,CcSE,Side Effect::C1328327
Compound::DB00678,CcSE,Side Effect::C2830004
Compound::DB00722,CcSE,Side Effect::C0020615
Compound::DB00519,CcSE,Side Effect::C0027066
Compound::DB00175,CcSE,Side Effect::C0853875
Compound::DB00945,CcSE,Side Effect::C0239571
Compound::DB01115,CcSE,Side Effect::C0014804
Compound::DB01261,CcSE,Side Effect::C0000737
Compound::DB00999,CcSE,Side Effect::C0151576
Compound::DB00492,CcSE,Side Effect::C0220870
Compound::DB01029,CcSE,Side Effect::C0015230
Compound::DB00973,CcSE,Side Effect::C0919715
Compound::DB00195,CcSE,Side Effect::C0242350
Compound::DB00270,CcSE,Side Effect::C0233494
Compound::DB08816,CcSE,Side Effect::C0020649
Compound::DB00796,CcSE,Side Effect::C0740394
Compound::DB00641,CcSE,Side Effect::C0029089
Compound::DB00270,CcSE,Side Effect::C0041657
Compound::DB01115,CcSE,Side Effect::C0004238
Compound::DB00492,CcSE,Side Effect::C0037763
Compound::DB01067,CcSE,Side Effect::C0004093
Compound::DB01039,CcSE,Side Effect::C0004936
Compound::DB00524,CcSE,Side Effect::C0344232
Compound::DB00412,CcSE,Side Effect::C0016655
Compound::DB00331,CcSE,Side Effect::C0020538
Compound::DB01083,CcSE,Side Effect::C0085649
Compound::DB01200,CcSE,Side Effect::C0014804
Compound::DB01203,CcSE,Side Effect::C0016204
Compound::DB00661,CcSE,Side Effect::C0040264
Compound::DB00571,CcSE,Side Effect::C0476273
Compound::DB00627,CcSE,Side Effect::C0042373
Compound::DB01115,CcSE,Side Effect::C0015672
Compound::DB00492,CcSE,Side Effect::C0007785
Compound::DB00678,CcSE,Side Effect::C0002170
Compound::DB01120,CcSE,Side Effect::C0037036
Compound::DB00758,CcSE,Side Effect::C1112525
Compound::DB00722,CcSE,Side Effect::C0004936
Compound::DB01029,CcSE,Side Effect::C0549622
Compound::DB00275,CcSE,Side Effect::C0009782
Compound::DB00492,CcSE,Side Effect::C0022650
Compound::DB01200,CcSE,Side Effect::C0009450
Compound::DB00808,CcSE,Side Effect::C0740394
Compound::DB00343,CcSE,Side Effect::C0740394
Compound::DB00524,CcSE,Side Effect::C0042963
Compound::DB00178,CcSE,Side Effect::C0020651
Compound::DB00808,CcSE,Side Effect::C0001824
Compound::DB00275,CcSE,Side Effect::C0003467
Compound::DB01200,CcSE,Side Effect::C0232462
Compound::DB00175,CcSE,Side Effect::C0015230
Compound::DB00622,CcSE,Side Effect::C0242350
Compound::DB01029,CcSE,Side Effect::C0013491
Compound::DB01023,CcSE,Side Effect::C0020569
Compound::DB00571,CcSE,Side Effect::C0015672
Compound::DB01203,CcSE,Side Effect::C0043352
Compound::DB00758,CcSE,Side Effect::C0341163
Compound::DB00758,CcSE,Side Effect::C0027796
Compound::DB00700,CcSE,Side Effect::C0004093
Compound::DB08882,CcSE,Side Effect::C0011603
Compound::DB04861,CcSE,Side Effect::C0242350
Compound::DB00796,CcSE,Side Effect::C0042571
Compound::DB00590,CcSE,Side Effect::C0085584
Compound::DB01029,CcSE,Side Effect::C0233472
Compound::DB00774,CcSE,Side Effect::C0392176
Compound::DB00264,CcSE,Side Effect::C0851578
Compound::DB00343,CcSE,Side Effect::C0002170
Compound::DB00275,CcSE,Side Effect::C0017178
Compound::DB01083,CcSE,Side Effect::C0014544
Compound::DB01193,CcSE,Side Effect::C0018681
Compound::DB00678,CcSE,Side Effect::C0004093
Compound::DB00331,CcSE,Side Effect::C0234215
Compound::DB00590,CcSE,Side Effect::C0149931
Compound::DB00275,CcSE,Side Effect::C0542571
Compound::DB00381,CcSE,Side Effect::C0948594
Compound::DB00678,CcSE,Side Effect::C0041912
Compound::DB01203,CcSE,Side Effect::C0232352
Compound::DB00284,CcSE,Side Effect::C0021053
Compound::DB00275,CcSE,Side Effect::C0020456
Compound::DB01120,CcSE,Side Effect::C0020473
Compound::DB00590,CcSE,Side Effect::C0006826
Compound::DB00331,CcSE,Side Effect::C0030554
Compound::DB00590,CcSE,Side Effect::C0018418
Compound::DB00999,CcSE,Side Effect::C0520966
Compound::DB00590,CcSE,Side Effect::C0004093
Compound::DB00401,CcSE,Side Effect::C0031256
Compound::DB01275,CcSE,Side Effect::C0080274
Compound::DB00178,CcSE,Side Effect::C0042571
Compound::DB00275,CcSE,Side Effect::C0030252
Compound::DB00973,CcSE,Side Effect::C0004093
Compound::DB00373,CcSE,Side Effect::C0857073
Compound::DB00968,CcSE,Side Effect::C0030305
Compound::DB00343,CcSE,Side Effect::C1142412
Compound::DB00758,CcSE,Side Effect::C0008031
Compound::DB01241,CcSE,Side Effect::C0011606
Compound::DB01029,CcSE,Side Effect::C0020649
Compound::DB00622,CcSE,Side Effect::C0231218
Compound::DB00774,CcSE,Side Effect::C0040034
Compound::DB01162,CcSE,Side Effect::C0520966
Compound::DB00373,CcSE,Side Effect::C0849918
Compound::DB00796,CcSE,Side Effect::C0017178
Compound::DB00524,CcSE,Side Effect::C0151476
Compound::DB01115,CcSE,Side Effect::C0085688
Compound::DB00627,CcSE,Side Effect::C0020578
Compound::DB00590,CcSE,Side Effect::C0013404
Compound::DB00524,CcSE,Side Effect::C0277925
Compound::DB00175,CcSE,Side Effect::C0851578
Compound::DB00700,CcSE,Side Effect::C0023212
Compound::DB01275,CcSE,Side Effect::C0040822
Compound::DB08860,CcSE,Side Effect::C0004093
Compound::DB00275,CcSE,Side Effect::C0851341
Compound::DB00571,CcSE,Side Effect::C0687713
Compound::DB08816,CcSE,Side Effect::C0151966
Compound::DB00903,CcSE,Side Effect::C2062908
Compound::DB00270,CcSE,Side Effect::C0042023
Compound::DB00175,CcSE,Side Effect::C0037763
Compound::DB00519,CcSE,Side Effect::C0851578
Compound::DB00270,CcSE,Side Effect::C0344232
Compound::DB00678,CcSE,Side Effect::C0027707
Compound::DB00590,CcSE,Side Effect::C0007097
Compound::DB00492,CcSE,Side Effect::C0002994
Compound::DB00903,CcSE,Side Effect::C0034152
Compound::DB00492,CcSE,Side Effect::C0020580
Compound::DB00524,CcSE,Side Effect::C0022354
Compound::DB00284,CcSE,Side Effect::C0333139
Compound::DB00881,CcSE,Side Effect::C0011991
Compound::DB01039,CcSE,Side Effect::C0151904
Compound::DB00622,CcSE,Side Effect::C0151699
Compound::DB00177,CcSE,Side Effect::C0235996
Compound::DB01016,CcSE,Side Effect::C0002878
Compound::DB01197,CcSE,Side Effect::C0012833
Compound::DB00758,CcSE,Side Effect::C0017658
Compound::DB00678,CcSE,Side Effect::C0002962
Compound::DB00331,CcSE,Side Effect::C0009938
Compound::DB00966,CcSE,Side Effect::C0042267
Compound::DB00195,CcSE,Side Effect::C0232849
Compound::DB01039,CcSE,Side Effect::C0340464
Compound::DB00264,CcSE,Side Effect::C0855242
Compound::DB01083,CcSE,Side Effect::C0013604
Compound::DB00343,CcSE,Side Effect::C0234215
Compound::DB00808,CcSE,Side Effect::C0342579
Compound::DB00968,CcSE,Side Effect::C1384353
Compound::DB00808,CcSE,Side Effect::C0003811
Compound::DB01120,CcSE,Side Effect::C0013404
Compound::DB00973,CcSE,Side Effect::C0231218
Compound::DB00275,CcSE,Side Effect::C0015967
Compound::DB01016,CcSE,Side Effect::C1443060
Compound::DB00177,CcSE,Side Effect::C0015672
Compound::DB00373,CcSE,Side Effect::C0011570
Compound::DB00695,CcSE,Side Effect::C0085631
Compound::DB01132,CcSE,Side Effect::C0085649
Compound::DB00575,CcSE,Side Effect::C0740399
Compound::DB01261,CcSE,Side Effect::C0877322
Compound::DB01136,CcSE,Side Effect::C0031099
Compound::DB00758,CcSE,Side Effect::C0005779
Compound::DB00790,CcSE,Side Effect::C0032781
Compound::DB00275,CcSE,Side Effect::C0232462
Compound::DB00492,CcSE,Side Effect::C0031350
Compound::DB00945,CcSE,Side Effect::C0019080
Compound::DB00945,CcSE,Side Effect::C0032617
Compound::DB00412,CcSE,Side Effect::C0027765
Compound::DB00590,CcSE,Side Effect::C0085593
Compound::DB00175,CcSE,Side Effect::C2239176
Compound::DB00876,CcSE,Side Effect::C0011570
Compound::DB08860,CcSE,Side Effect::C0917801
Compound::DB00672,CcSE,Side Effect::C0011991
Compound::DB08816,CcSE,Side Effect::C0036974
Compound::DB00373,CcSE,Side Effect::C0034063
Compound::DB00222,CcSE,Side Effect::C0043094
Compound::DB00999,CcSE,Side Effect::C0023222
Compound::DB08816,CcSE,Side Effect::C0852361
Compound::DB01197,CcSE,Side Effect::C2242588
Compound::DB00519,CcSE,Side Effect::C0042514
Compound::DB00968,CcSE,Side Effect::C0919715
Compound::DB01018,CcSE,Side Effect::C0232487
Compound::DB01018,CcSE,Side Effect::C0028084
Compound::DB00790,CcSE,Side Effect::C0027697
Compound::DB01039,CcSE,Side Effect::C0030554
Compound::DB00796,CcSE,Side Effect::C0004604
Compound::DB00373,CcSE,Side Effect::C0037274
Compound::DB00598,CcSE,Side Effect::C0701811
Compound::DB00722,CcSE,Side Effect::C0003123
Compound::DB00381,CcSE,Side Effect::C0034150
Compound::DB00584,CcSE,Side Effect::C0025222
Compound::DB00195,CcSE,Side Effect::C0155169
Compound::DB00584,CcSE,Side Effect::C0004134
Compound::DB01083,CcSE,Side Effect::C0043352
Compound::DB00627,CcSE,Side Effect::C0030920
Compound::DB00575,CcSE,Side Effect::C0015967
Compound::DB00381,CcSE,Side Effect::C0011603
Compound::DB01244,CcSE,Side Effect::C0018681
Compound::DB01136,CcSE,Side Effect::C0002064
Compound::DB00629,CcSE,Side Effect::C0151602
Compound::DB00598,CcSE,Side Effect::C0020615
Compound::DB00584,CcSE,Side Effect::C1527344
Compound::DB00373,CcSE,Side Effect::C0042373
Compound::DB00175,CcSE,Side Effect::C0015967
Compound::DB00571,CcSE,Side Effect::C0010200
Compound::DB00264,CcSE,Side Effect::C0032285
Compound::DB00629,CcSE,Side Effect::C0877359
Compound::DB00421,CcSE,Side Effect::C0035078
Compound::DB01197,CcSE,Side Effect::C0028961
Compound::DB00695,CcSE,Side Effect::C0007682
Compound::DB00492,CcSE,Side Effect::C0948586
Compound::DB00657,CcSE,Side Effect::C0017675
Compound::DB00695,CcSE,Side Effect::C0030805
Compound::DB00598,CcSE,Side Effect::C0151539
Compound::DB00270,CcSE,Side Effect::C0011991
Compound::DB00373,CcSE,Side Effect::C0018500
Compound::DB01136,CcSE,Side Effect::C0043096
Compound::DB00519,CcSE,Side Effect::C0001824
Compound::DB01162,CcSE,Side Effect::C0011603
Compound::DB00519,CcSE,Side Effect::C0038454
Compound::DB00796,CcSE,Side Effect::C0020557
Compound::DB00594,CcSE,Side Effect::C0020625
Compound::DB01120,CcSE,Side Effect::C0030552
Compound::DB00672,CcSE,Side Effect::C0002874
Compound::DB01115,CcSE,Side Effect::C0235901
Compound::DB01261,CcSE,Side Effect::C0149514
Compound::DB00195,CcSE,Side Effect::C0423153
Compound::DB01083,CcSE,Side Effect::C0042109
Compound::DB01016,CcSE,Side Effect::C0547030
Compound::DB01197,CcSE,Side Effect::C1291078
Compound::DB00968,CcSE,Side Effect::C0855242
Compound::DB00627,CcSE,Side Effect::C0037299
Compound::DB00373,CcSE,Side Effect::C0428977
Compound::DB00678,CcSE,Side Effect::C0006145
Compound::DB00575,CcSE,Side Effect::C0233494
Compound::DB01120,CcSE,Side Effect::C0018681
Compound::DB00598,CcSE,Side Effect::C0040156
Compound::DB08816,CcSE,Side Effect::C0428977
Compound::DB00222,CcSE,Side Effect::C0232461
Compound::DB01120,CcSE,Side Effect::C0392162
Compound::DB00401,CcSE,Side Effect::C0019209
Compound::DB08860,CcSE,Side Effect::C0011603
Compound::DB01016,CcSE,Side Effect::C0235369
Compound::DB00657,CcSE,Side Effect::C0232462
Compound::DB01203,CcSE,Side Effect::C0151517
Compound::DB00758,CcSE,Side Effect::C0919883
Compound::DB01029,CcSE,Side Effect::C0270795
Compound::DB00206,CcSE,Side Effect::C0011603
Compound::DB01200,CcSE,Side Effect::C0011168
Compound::DB01200,CcSE,Side Effect::C0013404
Compound::DB00542,CcSE,Side Effect::C0700225
Compound::DB00731,CcSE,Side Effect::C0011603
Compound::DB00384,CcSE,Side Effect::C0151539
Compound::DB01083,CcSE,Side Effect::C0020621
Compound::DB00808,CcSE,Side Effect::C0013604
Compound::DB00331,CcSE,Side Effect::C1565489
Compound::DB01115,CcSE,Side Effect::C0155919
Compound::DB00381,CcSE,Side Effect::C0423791
Compound::DB01197,CcSE,Side Effect::C0234215
Compound::DB00641,CcSE,Side Effect::C0687133
Compound::DB01193,CcSE,Side Effect::C0003862
Compound::DB00876,CcSE,Side Effect::C0035410
Compound::DB00187,CcSE,Side Effect::C0030193
Compound::DB00887,CcSE,Side Effect::C0476327
Compound::DB01120,CcSE,Side Effect::C0019158
Compound::DB00695,CcSE,Side Effect::C0341742
Compound::DB01083,CcSE,Side Effect::C0000737
Compound::DB00457,CcSE,Side Effect::C0027769
Compound::DB00598,CcSE,Side Effect::C0004936
Compound::DB01120,CcSE,Side Effect::C0232487
Compound::DB00622,CcSE,Side Effect::C0151636
Compound::DB00881,CcSE,Side Effect::C0002418
Compound::DB00839,CcSE,Side Effect::C0013395
Compound::DB00796,CcSE,Side Effect::C0000737
Compound::DB00695,CcSE,Side Effect::C0014527
Compound::DB00492,CcSE,Side Effect::C0033575
Compound::DB00629,CcSE,Side Effect::C0039231
Compound::DB00227,CcSE,Side Effect::C0151798
Compound::DB01359,CcSE,Side Effect::C0242429
Compound::DB01132,CcSE,Side Effect::C0017178
Compound::DB01115,CcSE,Side Effect::C0162298
Compound::DB00808,CcSE,Side Effect::C0018099
Compound::DB00412,CcSE,Side Effect::C0234632
Compound::DB00331,CcSE,Side Effect::C0016204
Compound::DB00881,CcSE,Side Effect::C0003811
Compound::DB00331,CcSE,Side Effect::C0040425
Compound::DB00373,CcSE,Side Effect::C0018801
Compound::DB01162,CcSE,Side Effect::C0016204
Compound::DB00222,CcSE,Side Effect::C0235198
Compound::DB00381,CcSE,Side Effect::C0021053
Compound::DB00195,CcSE,Side Effect::C0011849
Compound::DB00629,CcSE,Side Effect::C0003962
Compound::DB00177,CcSE,Side Effect::C0151786
Compound::DB00214,CcSE,Side Effect::C0014742
Compound::DB01197,CcSE,Side Effect::C0027540
Compound::DB00657,CcSE,Side Effect::C0080274
Compound::DB01023,CcSE,Side Effect::C0027769
Compound::DB00968,CcSE,Side Effect::C0025061
Compound::DB00381,CcSE,Side Effect::C0030193
Compound::DB00373,CcSE,Side Effect::C0154833
Compound::DB00966,CcSE,Side Effect::C0042075
Compound::DB00722,CcSE,Side Effect::C0033774
Compound::DB00373,CcSE,Side Effect::C0859996
Compound::DB00790,CcSE,Side Effect::C0233715
Compound::DB01067,CcSE,Side Effect::C0018932
Compound::DB01261,CcSE,Side Effect::C0006384
Compound::DB00310,CcSE,Side Effect::C0085631
Compound::DB01029,CcSE,Side Effect::C0149744
Compound::DB00594,CcSE,Side Effect::C0040822
Compound::DB00808,CcSE,Side Effect::C0040128
Compound::DB01162,CcSE,Side Effect::C0042963
Compound::DB00876,CcSE,Side Effect::C0002962
Compound::DB00808,CcSE,Side Effect::C0019158
Compound::DB01162,CcSE,Side Effect::C0017152
Compound::DB00275,CcSE,Side Effect::C1384353
Compound::DB00401,CcSE,Side Effect::C0011849
Compound::DB00381,CcSE,Side Effect::C1368065
Compound::DB00381,CcSE,Side Effect::C0000737
Compound::DB00178,CcSE,Side Effect::C0017152
Compound::DB00661,CcSE,Side Effect::C3665347
Compound::DB00881,CcSE,Side Effect::C0019158
Compound::DB00629,CcSE,Side Effect::C0558489
Compound::DB01115,CcSE,Side Effect::C0017181
Compound::DB00222,CcSE,Side Effect::C0860210
Compound::DB00722,CcSE,Side Effect::C0162429
Compound::DB00384,CcSE,Side Effect::C0022650
Compound::DB01120,CcSE,Side Effect::C0043349
Compound::DB01039,CcSE,Side Effect::C0008325
Compound::DB01200,CcSE,Side Effect::C0232492
Compound::DB00960,CcSE,Side Effect::C0020649
Compound::DB00195,CcSE,Side Effect::C0007820
Compound::DB00876,CcSE,Side Effect::C0542571
Compound::DB00999,CcSE,Side Effect::C0042571
Compound::DB01016,CcSE,Side Effect::C0232462
Compound::DB00876,CcSE,Side Effect::C3665386
Compound::DB00808,CcSE,Side Effect::C0085610
Compound::DB00903,CcSE,Side Effect::C0004093
Compound::DB00373,CcSE,Side Effect::C0018524
Compound::DB01115,CcSE,Side Effect::C0151883
Compound::DB00373,CcSE,Side Effect::C0152030
Compound::DB00590,CcSE,Side Effect::C0017160
Compound::DB00722,CcSE,Side Effect::C0423729
Compound::DB00903,CcSE,Side Effect::C0231218
Compound::DB01029,CcSE,Side Effect::C0041834
Compound::DB01200,CcSE,Side Effect::C0220870
Compound::DB00575,CcSE,Side Effect::C0030232
Compound::DB00627,CcSE,Side Effect::C0024902
Compound::DB00590,CcSE,Side Effect::C2363829
Compound::DB00876,CcSE,Side Effect::C0030193
Compound::DB00571,CcSE,Side Effect::C0233407
Compound::DB00999,CcSE,Side Effect::C0002994
Compound::DB00492,CcSE,Side Effect::C0270795
Compound::DB01029,CcSE,Side Effect::C0494559
Compound::DB00214,CcSE,Side Effect::C0010200
Compound::DB00966,CcSE,Side Effect::C0231218
Compound::DB00808,CcSE,Side Effect::C0014868
Compound::DB00177,CcSE,Side Effect::C0041912
Compound::DB00790,CcSE,Side Effect::C0039971
Compound::DB00678,CcSE,Side Effect::C0027765
Compound::DB00175,CcSE,Side Effect::C0006147
Compound::DB00178,CcSE,Side Effect::C0002878
Compound::DB00661,CcSE,Side Effect::C0235893
Compound::DB00343,CcSE,Side Effect::C0032617
Compound::DB00678,CcSE,Side Effect::C0013378
Compound::DB00808,CcSE,Side Effect::C0009450
Compound::DB00700,CcSE,Side Effect::C0030193
Compound::DB00722,CcSE,Side Effect::C0085619
Compound::DB00270,CcSE,Side Effect::C0013144
Compound::DB00584,CcSE,Side Effect::C0019559
Compound::DB00627,CcSE,Side Effect::C0085624
Compound::DB00722,CcSE,Side Effect::C0024902
Compound::DB00629,CcSE,Side Effect::C0021843
Compound::DB00373,CcSE,Side Effect::C2747891
Compound::DB00641,CcSE,Side Effect::C0022346
Compound::DB00575,CcSE,Side Effect::C0040264
Compound::DB00373,CcSE,Side Effect::C0239454
Compound::DB00808,CcSE,Side Effect::C1443060
Compound::DB00700,CcSE,Side Effect::C0000737
Compound::DB00808,CcSE,Side Effect::C0018681
Compound::DB01029,CcSE,Side Effect::C0013395
Compound::DB01203,CcSE,Side Effect::C0002622
Compound::DB00808,CcSE,Side Effect::C0035078
Compound::DB00264,CcSE,Side Effect::C0242350
Compound::DB00960,CcSE,Side Effect::C0004936
Compound::DB01039,CcSE,Side Effect::C0034065
Compound::DB00381,CcSE,Side Effect::C0042023
Compound::DB00421,CcSE,Side Effect::C2363829
Compound::DB00790,CcSE,Side Effect::C0037199
Compound::DB00627,CcSE,Side Effect::C0026826
Compound::DB00373,CcSE,Side Effect::C0234238
Compound::DB00598,CcSE,Side Effect::C0018794
Compound::DB00790,CcSE,Side Effect::C0162830
Compound::DB00695,CcSE,Side Effect::C0040046
Compound::DB00796,CcSE,Side Effect::C0019080
Compound::DB01115,CcSE,Side Effect::C1167965
Compound::DB00575,CcSE,Side Effect::C0011991
Compound::DB00401,CcSE,Side Effect::C3257803
Compound::DB00178,CcSE,Side Effect::C0575090
Compound::DB00808,CcSE,Side Effect::C0033246
Compound::DB01261,CcSE,Side Effect::C0242350
Compound::DB01241,CcSE,Side Effect::C0027769
Compound::DB00571,CcSE,Side Effect::C0917799
Compound::DB00524,CcSE,Side Effect::C0231218
Compound::DB00695,CcSE,Side Effect::C0235280
Compound::DB00790,CcSE,Side Effect::C0003864
Compound::DB00968,CcSE,Side Effect::C0162848
Compound::DB00999,CcSE,Side Effect::C0948525
Compound::DB01261,CcSE,Side Effect::C0233494
Compound::DB00661,CcSE,Side Effect::C0018801
Compound::DB01083,CcSE,Side Effect::C0853225
Compound::DB01067,CcSE,Side Effect::C0221512
Compound::DB00999,CcSE,Side Effect::C0030920
Compound::DB00722,CcSE,Side Effect::C0750197
Compound::DB01200,CcSE,Side Effect::C0338831
Compound::DB01261,CcSE,Side Effect::C0020580
Compound::DB00343,CcSE,Side Effect::C0042023
Compound::DB01132,CcSE,Side Effect::C0242350
Compound::DB00973,CcSE,Side Effect::C0008325
Compound::DB00519,CcSE,Side Effect::C0007787
Compound::DB01203,CcSE,Side Effect::C0012569
Compound::DB00412,CcSE,Side Effect::C0020443
Compound::DB01120,CcSE,Side Effect::C0010068
Compound::DB00627,CcSE,Side Effect::C0039231
Compound::DB00175,CcSE,Side Effect::C0030554
Compound::DB00881,CcSE,Side Effect::C0233494
Compound::DB00178,CcSE,Side Effect::C0687713
Compound::DB00584,CcSE,Side Effect::C0002962
Compound::DB00571,CcSE,Side Effect::C0027765
Compound::DB01083,CcSE,Side Effect::C1384353
Compound::DB00195,CcSE,Side Effect::C0034150
Compound::DB00227,CcSE,Side Effect::C0345904
Compound::DB00195,CcSE,Side Effect::C0043352
Compound::DB00575,CcSE,Side Effect::C0079035
Compound::DB01039,CcSE,Side Effect::C0037299
Compound::DB01132,CcSE,Side Effect::C0855304
Compound::DB00775,CcSE,Side Effect::C0518015
Compound::DB00571,CcSE,Side Effect::C0857305
Compound::DB00598,CcSE,Side Effect::C0232492
Compound::DB00381,CcSE,Side Effect::C0014591
Compound::DB00175,CcSE,Side Effect::C0278134
Compound::DB00401,CcSE,Side Effect::C0574067
Compound::DB00492,CcSE,Side Effect::C0476280
Compound::DB01115,CcSE,Side Effect::C0232487
Compound::DB01162,CcSE,Side Effect::C0085649
Compound::DB00695,CcSE,Side Effect::C0035078
Compound::DB00590,CcSE,Side Effect::C0027051
Compound::DB00796,CcSE,Side Effect::C0019159
Compound::DB00700,CcSE,Side Effect::C0151539
Compound::DB00722,CcSE,Side Effect::C0034186
Compound::DB01023,CcSE,Side Effect::C0042023
Compound::DB01203,CcSE,Side Effect::C0022107
Compound::DB01162,CcSE,Side Effect::C0007859
Compound::DB00542,CcSE,Side Effect::C0013395
Compound::DB00641,CcSE,Side Effect::C0015967
Compound::DB00999,CcSE,Side Effect::C0262988
Compound::DB00973,CcSE,Side Effect::C0151576
Compound::DB01083,CcSE,Side Effect::C0232462
Compound::DB00731,CcSE,Side Effect::C0426576
Compound::DB00839,CcSE,Side Effect::C0004093
Compound::DB00661,CcSE,Side Effect::C0020514
Compound::DB00808,CcSE,Side Effect::C0042029
Compound::DB00839,CcSE,Side Effect::C0033774
Compound::DB01016,CcSE,Side Effect::C0221395
Compound::DB00270,CcSE,Side Effect::C0015230
Compound::DB01162,CcSE,Side Effect::C0026205
Compound::DB01023,CcSE,Side Effect::C0521839
Compound::DB00264,CcSE,Side Effect::C0687713
Compound::DB00177,CcSE,Side Effect::C0030554
Compound::DB00722,CcSE,Side Effect::C0023222
Compound::DB01083,CcSE,Side Effect::C0011603
Compound::DB00695,CcSE,Side Effect::C0233414
Compound::DB01029,CcSE,Side Effect::C0038999
Compound::DB01193,CcSE,Side Effect::C0043144
Compound::DB00401,CcSE,Side Effect::C0023530
Compound::DB00700,CcSE,Side Effect::C1565489
Compound::DB01162,CcSE,Side Effect::C0004096
Compound::DB01039,CcSE,Side Effect::C0151662
Compound::DB00187,CcSE,Side Effect::C0004936
Compound::DB00195,CcSE,Side Effect::C0041912
Compound::DB01162,CcSE,Side Effect::C0043094
Compound::DB00876,CcSE,Side Effect::C0042769
Compound::DB00839,CcSE,Side Effect::C0042109
Compound::DB00177,CcSE,Side Effect::C0019158
Compound::DB00966,CcSE,Side Effect::C0235890
Compound::DB01083,CcSE,Side Effect::C0011849
Compound::DB00641,CcSE,Side Effect::C0026857
Compound::DB00275,CcSE,Side Effect::C0003864
Compound::DB00222,CcSE,Side Effect::C0030252
Compound::DB00758,CcSE,Side Effect::C0475858
Compound::DB01016,CcSE,Side Effect::C0007682
Compound::DB00195,CcSE,Side Effect::C0018799
Compound::DB00381,CcSE,Side Effect::C0231530
Compound::DB00284,CcSE,Side Effect::C0042373
Compound::DB00524,CcSE,Side Effect::C0013378
Compound::DB00598,CcSE,Side Effect::C0037763
Compound::DB00175,CcSE,Side Effect::C0231218
Compound::DB00695,CcSE,Side Effect::C3544060
Compound::DB00310,CcSE,Side Effect::C0011991
Compound::DB01023,CcSE,Side Effect::C0011603
Compound::DB00695,CcSE,Side Effect::C1535893
Compound::DB00731,CcSE,Side Effect::C0017178
Compound::DB00722,CcSE,Side Effect::C0022354
Compound::DB00175,CcSE,Side Effect::C1510497
Compound::DB00571,CcSE,Side Effect::C0013395
Compound::DB01120,CcSE,Side Effect::C0086525
Compound::DB00177,CcSE,Side Effect::C0013378
Compound::DB08816,CcSE,Side Effect::C2979982
Compound::DB00800,CcSE,Side Effect::C0018801
Compound::DB01136,CcSE,Side Effect::C0041657
Compound::DB00575,CcSE,Side Effect::C0042109
Compound::DB00887,CcSE,Side Effect::C0043352
Compound::DB01203,CcSE,Side Effect::C0008031
Compound::DB01023,CcSE,Side Effect::C0032617
Compound::DB01197,CcSE,Side Effect::C0041582
Compound::DB00678,CcSE,Side Effect::C0003467
Compound::DB01244,CcSE,Side Effect::C0392156
Compound::DB00758,CcSE,Side Effect::C0013182
Compound::DB00722,CcSE,Side Effect::C0027497
Compound::DB01115,CcSE,Side Effect::C0041582
Compound::DB00195,CcSE,Side Effect::C0020461
Compound::DB00222,CcSE,Side Effect::C0003467
Compound::DB01136,CcSE,Side Effect::C0476273
Compound::DB01018,CcSE,Side Effect::C0043094
Compound::DB01098,CcSE,Side Effect::C0006145
Compound::DB00584,CcSE,Side Effect::C2363730
Compound::DB00575,CcSE,Side Effect::C0851578
Compound::DB00700,CcSE,Side Effect::C0024902
Compound::DB00284,CcSE,Side Effect::C0086565
Compound::DB01197,CcSE,Side Effect::C0030312
Compound::DB00700,CcSE,Side Effect::C0015967
Compound::DB01241,CcSE,Side Effect::C0033774
Compound::DB00839,CcSE,Side Effect::C0232570
Compound::DB01241,CcSE,Side Effect::C0023530
Compound::DB01261,CcSE,Side Effect::C0149931
Compound::DB01023,CcSE,Side Effect::C0549622
Compound::DB00678,CcSE,Side Effect::C0476273
Compound::DB01067,CcSE,Side Effect::C0037763
Compound::DB00881,CcSE,Side Effect::C0008031
Compound::DB00627,CcSE,Side Effect::C0023052
Compound::DB08816,CcSE,Side Effect::C0235416
Compound::DB00678,CcSE,Side Effect::C0004134
Compound::DB00960,CcSE,Side Effect::C2830004
Compound::DB00622,CcSE,Side Effect::C2830004
Compound::DB01029,CcSE,Side Effect::C0267792
Compound::DB01083,CcSE,Side Effect::C0029877
Compound::DB00672,CcSE,Side Effect::C0542203
Compound::DB00700,CcSE,Side Effect::C0041912
Compound::DB00187,CcSE,Side Effect::C0022107
Compound::DB00575,CcSE,Side Effect::C0877661
Compound::DB00222,CcSE,Side Effect::C0009676
Compound::DB00999,CcSE,Side Effect::C0043352
Compound::DB00175,CcSE,Side Effect::C0042029
Compound::DB00571,CcSE,Side Effect::C0011606
Compound::DB00590,CcSE,Side Effect::C0018099
Compound::DB01029,CcSE,Side Effect::C0013404
Compound::DB00775,CcSE,Side Effect::C0012833
Compound::DB00519,CcSE,Side Effect::C0018681
Compound::DB01261,CcSE,Side Effect::C0012833
Compound::DB00491,CcSE,Side Effect::C0000737
Compound::DB01162,CcSE,Side Effect::C0027441
Compound::DB00722,CcSE,Side Effect::C0011849
Compound::DB00275,CcSE,Side Effect::C0021831
Compound::DB01124,CcSE,Side Effect::C0020615
Compound::DB00627,CcSE,Side Effect::C0037763
Compound::DB00222,CcSE,Side Effect::C0020175
Compound::DB00584,CcSE,Side Effect::C0014742
Compound::DB01162,CcSE,Side Effect::C0004238
Compound::DB00695,CcSE,Side Effect::C1384666
Compound::DB01083,CcSE,Side Effect::C0235522
Compound::DB00598,CcSE,Side Effect::C0002962
Compound::DB00758,CcSE,Side Effect::C0023530
Compound::DB00590,CcSE,Side Effect::C0278106
Compound::DB01039,CcSE,Side Effect::C1565489
Compound::DB01115,CcSE,Side Effect::C0149931
Compound::DB00973,CcSE,Side Effect::C0019158
Compound::DB01029,CcSE,Side Effect::C0086565
Compound::DB00880,CcSE,Side Effect::C0020517
Compound::DB01193,CcSE,Side Effect::C0151904
Compound::DB01023,CcSE,Side Effect::C0031350
Compound::DB01136,CcSE,Side Effect::C0018801
Compound::DB00594,CcSE,Side Effect::C3665347
Compound::DB00275,CcSE,Side Effect::C0012833
Compound::DB01132,CcSE,Side Effect::C0231218
Compound::DB00881,CcSE,Side Effect::C0009782
Compound::DB00492,CcSE,Side Effect::C1318520
Compound::DB00206,CcSE,Side Effect::C0013604
Compound::DB00973,CcSE,Side Effect::C1384353
Compound::DB00722,CcSE,Side Effect::C0028961
Compound::DB01039,CcSE,Side Effect::C0040038
Compound::DB01120,CcSE,Side Effect::C0235522
Compound::DB01115,CcSE,Side Effect::C0040264
Compound::DB01120,CcSE,Side Effect::C0010200
Compound::DB00790,CcSE,Side Effect::C0020538
Compound::DB00421,CcSE,Side Effect::C0041582
Compound::DB00343,CcSE,Side Effect::C0232492
Compound::DB01132,CcSE,Side Effect::C0041912
Compound::DB01200,CcSE,Side Effect::C0424741
Compound::DB01083,CcSE,Side Effect::C0017152
Compound::DB01120,CcSE,Side Effect::C0015230
Compound::DB00222,CcSE,Side Effect::C0232462
Compound::DB01241,CcSE,Side Effect::C0036974
Compound::DB00575,CcSE,Side Effect::C0000737
Compound::DB00661,CcSE,Side Effect::C0042963
Compound::DB00722,CcSE,Side Effect::C0012569
Compound::DB00519,CcSE,Side Effect::C0948089
Compound::DB00584,CcSE,Side Effect::C0023518
Compound::DB00641,CcSE,Side Effect::C0234215
Compound::DB00519,CcSE,Side Effect::C0032617
Compound::DB01115,CcSE,Side Effect::C0232462
Compound::DB01039,CcSE,Side Effect::C0041912
Compound::DB00912,CcSE,Side Effect::C0004604
Compound::DB00775,CcSE,Side Effect::C0473237
Compound::DB00373,CcSE,Side Effect::C0004095
Compound::DB00178,CcSE,Side Effect::C0002622
Compound::DB00999,CcSE,Side Effect::C0020649
Compound::DB00264,CcSE,Side Effect::C0085649
Compound::DB00542,CcSE,Side Effect::C0021400
Compound::DB00195,CcSE,Side Effect::C0042373
Compound::DB00808,CcSE,Side Effect::C0002792
Compound::DB00999,CcSE,Side Effect::C0700363
Compound::DB00999,CcSE,Side Effect::C0034063
Compound::DB01120,CcSE,Side Effect::C0030193
Compound::DB00966,CcSE,Side Effect::C0037763
Compound::DB01193,CcSE,Side Effect::C0262985
Compound::DB00590,CcSE,Side Effect::C0004238
Compound::DB01261,CcSE,Side Effect::C0040586
Compound::DB00178,CcSE,Side Effect::C2830004
Compound::DB00695,CcSE,Side Effect::C0020651
Compound::DB01197,CcSE,Side Effect::C0001883
Compound::DB01200,CcSE,Side Effect::C0920289
Compound::DB01120,CcSE,Side Effect::C0241832
Compound::DB00880,CcSE,Side Effect::C0011606
Compound::DB01275,CcSE,Side Effect::C0002878
Compound::DB00519,CcSE,Side Effect::C0013604
Compound::DB01275,CcSE,Side Effect::C0231218
Compound::DB00800,CcSE,Side Effect::C0027424
Compound::DB00373,CcSE,Side Effect::C0011124
Compound::DB00421,CcSE,Side Effect::C0042963
Compound::DB01039,CcSE,Side Effect::C0019340
Compound::DB00264,CcSE,Side Effect::C1956346
Compound::DB00584,CcSE,Side Effect::C0038999
Compound::DB08816,CcSE,Side Effect::C0024115
Compound::DB01029,CcSE,Side Effect::C0043094
Compound::DB08816,CcSE,Side Effect::C1443060
Compound::DB01016,CcSE,Side Effect::C0011609
Compound::DB00222,CcSE,Side Effect::C0038990
Compound::DB00790,CcSE,Side Effect::C0020625
Compound::DB00222,CcSE,Side Effect::C1306341
Compound::DB00973,CcSE,Side Effect::C0008350
Compound::DB00195,CcSE,Side Effect::C0234215
Compound::DB00524,CcSE,Side Effect::C0023530
Compound::DB00178,CcSE,Side Effect::C0022346
Compound::DB00622,CcSE,Side Effect::C0036974
Compound::DB00722,CcSE,Side Effect::C0042769
Compound::DB00195,CcSE,Side Effect::C0036454
Compound::DB00627,CcSE,Side Effect::C0086439
Compound::DB00178,CcSE,Side Effect::C0442874
Compound::DB00968,CcSE,Side Effect::C0042384
Compound::DB00661,CcSE,Side Effect::C0037199
Compound::DB01115,CcSE,Side Effect::C0518015
Compound::DB08816,CcSE,Side Effect::C0007177
Compound::DB01261,CcSE,Side Effect::C0026858
Compound::DB00187,CcSE,Side Effect::C0003467
Compound::DB00381,CcSE,Side Effect::C0234913
Compound::DB00421,CcSE,Side Effect::C0023380
Compound::DB00457,CcSE,Side Effect::C0231218
Compound::DB00264,CcSE,Side Effect::C0917801
Compound::DB00542,CcSE,Side Effect::C0948873
Compound::DB00627,CcSE,Side Effect::C0003864
Compound::DB01193,CcSE,Side Effect::C0013404
Compound::DB00627,CcSE,Side Effect::C0002418
Compound::DB00264,CcSE,Side Effect::C0267792
Compound::DB00264,CcSE,Side Effect::C0235198
Compound::DB00270,CcSE,Side Effect::C0020580
Compound::DB01039,CcSE,Side Effect::C0014724
Compound::DB00492,CcSE,Side Effect::C0020651
Compound::DB00222,CcSE,Side Effect::C0002871
Compound::DB01023,CcSE,Side Effect::C3665347
Compound::DB00678,CcSE,Side Effect::C0042514
Compound::DB00881,CcSE,Side Effect::C0016204
Compound::DB00264,CcSE,Side Effect::C0009763
Compound::DB00492,CcSE,Side Effect::C0041657
Compound::DB00629,CcSE,Side Effect::C0237849
Compound::DB00590,CcSE,Side Effect::C0232849
Compound::DB01115,CcSE,Side Effect::C0007642
Compound::DB01029,CcSE,Side Effect::C0007787
Compound::DB00661,CcSE,Side Effect::C0522224
Compound::DB00594,CcSE,Side Effect::C1167965
Compound::DB01120,CcSE,Side Effect::C0042963
Compound::DB01136,CcSE,Side Effect::C0233632
Compound::DB00381,CcSE,Side Effect::C0035455
Compound::DB00381,CcSE,Side Effect::C0020651
Compound::DB00678,CcSE,Side Effect::C0011991
Compound::DB00584,CcSE,Side Effect::C0016512
Compound::DB00968,CcSE,Side Effect::C0242350
Compound::DB08816,CcSE,Side Effect::C0014591
Compound::DB00227,CcSE,Side Effect::C0018418
Compound::DB00999,CcSE,Side Effect::C0043094
Compound::DB01120,CcSE,Side Effect::C0870082
Compound::DB00284,CcSE,Side Effect::C0267596
Compound::DB00999,CcSE,Side Effect::C0152031
Compound::DB01098,CcSE,Side Effect::C0009241
Compound::DB00421,CcSE,Side Effect::C0014518
Compound::DB00876,CcSE,Side Effect::C0004093
Compound::DB00331,CcSE,Side Effect::C1322281
Compound::DB00178,CcSE,Side Effect::C0858678
Compound::DB01115,CcSE,Side Effect::C0037199
Compound::DB01029,CcSE,Side Effect::C0012833
Compound::DB00661,CcSE,Side Effect::C0522055
Compound::DB01098,CcSE,Side Effect::C0035455
Compound::DB01203,CcSE,Side Effect::C0034735
Compound::DB01018,CcSE,Side Effect::C0039584
Compound::DB01162,CcSE,Side Effect::C0234215
Compound::DB01244,CcSE,Side Effect::C0948594
Compound::DB00876,CcSE,Side Effect::C0600142
Compound::DB00594,CcSE,Side Effect::C2830004
Compound::DB00575,CcSE,Side Effect::C0231919
Compound::DB00222,CcSE,Side Effect::C0344232
Compound::DB01029,CcSE,Side Effect::C0011849
Compound::DB00661,CcSE,Side Effect::C0020649
Compound::DB00195,CcSE,Side Effect::C0151205
Compound::DB00524,CcSE,Side Effect::C0151799
Compound::DB00808,CcSE,Side Effect::C0013144
Compound::DB01083,CcSE,Side Effect::C0162429
Compound::DB00839,CcSE,Side Effect::C2047937
Compound::DB01120,CcSE,Side Effect::C0233494
Compound::DB00524,CcSE,Side Effect::C0553548
Compound::DB01018,CcSE,Side Effect::C0003813
Compound::DB00575,CcSE,Side Effect::C0041834
Compound::DB00187,CcSE,Side Effect::C0042373
Compound::DB01018,CcSE,Side Effect::C2981158
Compound::DB00973,CcSE,Side Effect::C0002170
Compound::DB00373,CcSE,Side Effect::C0162279
Compound::DB00629,CcSE,Side Effect::C0014742
Compound::DB00598,CcSE,Side Effect::C2363730
Compound::DB00270,CcSE,Side Effect::C0037274
Compound::DB00774,CcSE,Side Effect::C0042571
Compound::DB00373,CcSE,Side Effect::C0020538
Compound::DB01203,CcSE,Side Effect::C0018800
Compound::DB00331,CcSE,Side Effect::C0040034
Compound::DB00343,CcSE,Side Effect::C0013604
Compound::DB00284,CcSE,Side Effect::C0151763
Compound::DB00598,CcSE,Side Effect::C0232493
Compound::DB00571,CcSE,Side Effect::C3665347
Compound::DB00519,CcSE,Side Effect::C0600142
Compound::DB00222,CcSE,Side Effect::C0009421
Compound::DB01197,CcSE,Side Effect::C1167965
Compound::DB00492,CcSE,Side Effect::C0162627
Compound::DB00412,CcSE,Side Effect::C0342592
Compound::DB00796,CcSE,Side Effect::C0235416
Compound::DB00966,CcSE,Side Effect::C2830004
Compound::DB00641,CcSE,Side Effect::C0040034
Compound::DB01197,CcSE,Side Effect::C0027697
Compound::DB00270,CcSE,Side Effect::C0948089
Compound::DB00999,CcSE,Side Effect::C0948594
Compound::DB00590,CcSE,Side Effect::C0040409
Compound::DB00373,CcSE,Side Effect::C0242429
Compound::DB01083,CcSE,Side Effect::C0011991
Compound::DB01275,CcSE,Side Effect::C0234215
Compound::DB01039,CcSE,Side Effect::C0008350
Compound::DB00966,CcSE,Side Effect::C0231528
Compound::DB01018,CcSE,Side Effect::C0022660
Compound::DB00594,CcSE,Side Effect::C0030252
Compound::DB00571,CcSE,Side Effect::C0234913
Compound::DB01203,CcSE,Side Effect::C2363731
Compound::DB00912,CcSE,Side Effect::C0015397
Compound::DB00584,CcSE,Side Effect::C0042109
Compound::DB01098,CcSE,Side Effect::C0015230
Compound::DB00722,CcSE,Side Effect::C0027424
Compound::DB00492,CcSE,Side Effect::C0014457
Compound::DB00590,CcSE,Side Effect::C0522055
Compound::DB00519,CcSE,Side Effect::C0855242
Compound::DB00343,CcSE,Side Effect::C0917801
Compound::DB00214,CcSE,Side Effect::C0233494
Compound::DB00722,CcSE,Side Effect::C0022408
Compound::DB00627,CcSE,Side Effect::C0012833
Compound::DB01039,CcSE,Side Effect::C0018418
Compound::DB01193,CcSE,Side Effect::C0264906
Compound::DB00598,CcSE,Side Effect::C2363731
Compound::DB00796,CcSE,Side Effect::C0741494
Compound::DB01261,CcSE,Side Effect::C0007642
Compound::DB00331,CcSE,Side Effect::C0025061
Compound::DB01359,CcSE,Side Effect::C2363731
Compound::DB00594,CcSE,Side Effect::C0030920
Compound::DB01016,CcSE,Side Effect::C0022658
Compound::DB01039,CcSE,Side Effect::C0026826
Compound::DB00629,CcSE,Side Effect::C0020625
Compound::DB01162,CcSE,Side Effect::C0002418
Compound::DB00343,CcSE,Side Effect::C0033774
Compound::DB01029,CcSE,Side Effect::C0011168
Compound::DB00187,CcSE,Side Effect::C0013395
Compound::DB00722,CcSE,Side Effect::C0042510
Compound::DB00436,CcSE,Side Effect::C0009806
Compound::DB00343,CcSE,Side Effect::C0027962
Compound::DB00966,CcSE,Side Effect::C0019112
Compound::DB00177,CcSE,Side Effect::C0012833
Compound::DB00519,CcSE,Side Effect::C0744727
Compound::DB00195,CcSE,Side Effect::C0040034
Compound::DB00598,CcSE,Side Effect::C2047937
Compound::DB00575,CcSE,Side Effect::C0424109
Compound::DB00678,CcSE,Side Effect::C0043094
Compound::DB00331,CcSE,Side Effect::C0518988
Compound::DB00678,CcSE,Side Effect::C0039231
Compound::DB08860,CcSE,Side Effect::C0009241
Compound::DB00381,CcSE,Side Effect::C0025061
Compound::DB00775,CcSE,Side Effect::C0013604
Compound::DB01083,CcSE,Side Effect::C0232693
Compound::DB00571,CcSE,Side Effect::C1704436
Compound::DB00175,CcSE,Side Effect::C1868980
Compound::DB01098,CcSE,Side Effect::C0030305
Compound::DB00700,CcSE,Side Effect::C0853760
Compound::DB00177,CcSE,Side Effect::C0003467
Compound::DB00800,CcSE,Side Effect::C0027051
Compound::DB01261,CcSE,Side Effect::C0162429
Compound::DB00310,CcSE,Side Effect::C1291078
Compound::DB00887,CcSE,Side Effect::C0160390
Compound::DB00661,CcSE,Side Effect::C0002994
Compound::DB00695,CcSE,Side Effect::C0043352
Compound::DB00381,CcSE,Side Effect::C0009782
Compound::DB00876,CcSE,Side Effect::C0031117
Compound::DB00700,CcSE,Side Effect::C0015672
Compound::DB01016,CcSE,Side Effect::C0232459
Compound::DB00594,CcSE,Side Effect::C0017181
Compound::DB00206,CcSE,Side Effect::C0242350
Compound::DB00519,CcSE,Side Effect::C0002878
Compound::DB00519,CcSE,Side Effect::C0003123
Compound::DB00175,CcSE,Side Effect::C0014457
Compound::DB00999,CcSE,Side Effect::C0553548
Compound::DB00966,CcSE,Side Effect::C0233494
Compound::DB00758,CcSE,Side Effect::C0019159
Compound::DB00700,CcSE,Side Effect::C0020580
Compound::DB00195,CcSE,Side Effect::C0018524
Compound::DB01120,CcSE,Side Effect::C0857093
Compound::DB00661,CcSE,Side Effect::C0043352
Compound::DB01241,CcSE,Side Effect::C0017178
Compound::DB00284,CcSE,Side Effect::C0015230
Compound::DB00622,CcSE,Side Effect::C2363731
Compound::DB01261,CcSE,Side Effect::C0549373
Compound::DB00492,CcSE,Side Effect::C0033774
Compound::DB00808,CcSE,Side Effect::C0028961
Compound::DB00492,CcSE,Side Effect::C0019080
Compound::DB01241,CcSE,Side Effect::C0232493
Compound::DB00571,CcSE,Side Effect::C0006277
Compound::DB00598,CcSE,Side Effect::C0002792
Compound::DB00796,CcSE,Side Effect::C0035078
Compound::DB00195,CcSE,Side Effect::C0020517
Compound::DB00187,CcSE,Side Effect::C1145670
Compound::DB00195,CcSE,Side Effect::C0854097
Compound::DB00590,CcSE,Side Effect::C0438142
Compound::DB01029,CcSE,Side Effect::C3665347
Compound::DB00629,CcSE,Side Effect::C0858797
Compound::DB00178,CcSE,Side Effect::C0027796
Compound::DB00678,CcSE,Side Effect::C0149931
Compound::DB00598,CcSE,Side Effect::C0011609
Compound::DB01359,CcSE,Side Effect::C0242350
Compound::DB01039,CcSE,Side Effect::C2830004
Compound::DB00876,CcSE,Side Effect::C0151904
Compound::DB00264,CcSE,Side Effect::C0476273
Compound::DB00310,CcSE,Side Effect::C0018681
Compound::DB01029,CcSE,Side Effect::C0002874
Compound::DB01200,CcSE,Side Effect::C0018824
Compound::DB01200,CcSE,Side Effect::C0005747
Compound::DB00598,CcSE,Side Effect::C0234215
Compound::DB00519,CcSE,Side Effect::C0011603
Compound::DB00343,CcSE,Side Effect::C0008031
Compound::DB01244,CcSE,Side Effect::C0151766
Compound::DB00421,CcSE,Side Effect::C0001824
Compound::DB00722,CcSE,Side Effect::C0017160
Compound::DB01098,CcSE,Side Effect::C0010200
Compound::DB00187,CcSE,Side Effect::C0017178
Compound::DB00622,CcSE,Side Effect::C0020649
Compound::DB00492,CcSE,Side Effect::C0018520
Compound::DB00758,CcSE,Side Effect::C0151603
Compound::DB00542,CcSE,Side Effect::C0015672
Compound::DB00695,CcSE,Side Effect::C0151671
Compound::DB00758,CcSE,Side Effect::C0027765
Compound::DB00672,CcSE,Side Effect::C0022354
Compound::DB00661,CcSE,Side Effect::C0014742
Compound::DB00590,CcSE,Side Effect::C1167965
Compound::DB01162,CcSE,Side Effect::C0003123
Compound::DB01120,CcSE,Side Effect::C0038454
Compound::DB00175,CcSE,Side Effect::C0338908
Compound::DB00457,CcSE,Side Effect::C0003862
Compound::DB00178,CcSE,Side Effect::C0032617
Compound::DB00887,CcSE,Side Effect::C0026858
Compound::DB00575,CcSE,Side Effect::C0041657
Compound::DB01244,CcSE,Side Effect::C0031350
Compound::DB00973,CcSE,Side Effect::C0267792
Compound::DB01039,CcSE,Side Effect::C1609512
Compound::DB00968,CcSE,Side Effect::C0151763
Compound::DB00661,CcSE,Side Effect::C0015230
Compound::DB01244,CcSE,Side Effect::C0003811
Compound::DB00227,CcSE,Side Effect::C0917801
Compound::DB00343,CcSE,Side Effect::C0018790
Compound::DB01098,CcSE,Side Effect::C0037199
Compound::DB00343,CcSE,Side Effect::C0235266
Compound::DB00722,CcSE,Side Effect::C0032285
Compound::DB00195,CcSE,Side Effect::C0033581
Compound::DB00808,CcSE,Side Effect::C0027092
Compound::DB01120,CcSE,Side Effect::C1167965
Compound::DB00808,CcSE,Side Effect::C0003864
Compound::DB00960,CcSE,Side Effect::C0037763
Compound::DB00796,CcSE,Side Effect::C0004093
Compound::DB00700,CcSE,Side Effect::C0037763
Compound::DB00175,CcSE,Side Effect::C0012569
Compound::DB00412,CcSE,Side Effect::C0037199
Compound::DB00629,CcSE,Side Effect::C0009450
Compound::DB00575,CcSE,Side Effect::C0024528
Compound::DB00627,CcSE,Side Effect::C0542571
Compound::DB00722,CcSE,Side Effect::C0041657
Compound::DB00187,CcSE,Side Effect::C0332534
Compound::DB00876,CcSE,Side Effect::C0004134
Compound::DB00177,CcSE,Side Effect::C0043352
Compound::DB00178,CcSE,Side Effect::C0340865
Compound::DB00881,CcSE,Side Effect::C0011570
Compound::DB01200,CcSE,Side Effect::C0694563
Compound::DB01016,CcSE,Side Effect::C0151746
Compound::DB01120,CcSE,Side Effect::C2973529
Compound::DB00264,CcSE,Side Effect::C0028084
Compound::DB01193,CcSE,Side Effect::C0311468
Compound::DB00661,CcSE,Side Effect::C0541782
Compound::DB00758,CcSE,Side Effect::C1961112
Compound::DB01029,CcSE,Side Effect::C0948586
Compound::DB00887,CcSE,Side Effect::C0005398
Compound::DB00492,CcSE,Side Effect::C0423636
Compound::DB08816,CcSE,Side Effect::C0025222
Compound::DB01120,CcSE,Side Effect::C0242350
Compound::DB00412,CcSE,Side Effect::C0009806
Compound::DB00401,CcSE,Side Effect::C0002994
Compound::DB00492,CcSE,Side Effect::C0518015
Compound::DB00373,CcSE,Side Effect::C0015672
Compound::DB01136,CcSE,Side Effect::C0235437
Compound::DB01083,CcSE,Side Effect::C0027339
Compound::DB00492,CcSE,Side Effect::C0011168
Compound::DB00584,CcSE,Side Effect::C0022354
Compound::DB00187,CcSE,Side Effect::C0863113
Compound::DB00912,CcSE,Side Effect::C0948594
Compound::DB00401,CcSE,Side Effect::C0035305
Compound::DB00999,CcSE,Side Effect::C0014742
Compound::DB01200,CcSE,Side Effect::C0278134
Compound::DB00758,CcSE,Side Effect::C0019065
Compound::DB01029,CcSE,Side Effect::C0233571
Compound::DB00264,CcSE,Side Effect::C0042963
Compound::DB00343,CcSE,Side Effect::C0239340
Compound::DB00627,CcSE,Side Effect::C0027540
Compound::DB01120,CcSE,Side Effect::C0020443
Compound::DB00968,CcSE,Side Effect::C0220870
Compound::DB00999,CcSE,Side Effect::C0855242
Compound::DB08882,CcSE,Side Effect::C0009806
Compound::DB00264,CcSE,Side Effect::C0036980
Compound::DB00584,CcSE,Side Effect::C2830004
Compound::DB00214,CcSE,Side Effect::C0013604
Compound::DB00331,CcSE,Side Effect::C0013604
Compound::DB01039,CcSE,Side Effect::C0858635
Compound::DB00629,CcSE,Side Effect::C0003467
Compound::DB00222,CcSE,Side Effect::C0162566
Compound::DB01039,CcSE,Side Effect::C0035410
Compound::DB00401,CcSE,Side Effect::C0003862
Compound::DB08860,CcSE,Side Effect::C0030196
Compound::DB01067,CcSE,Side Effect::C2242588
Compound::DB01023,CcSE,Side Effect::C0235439
Compound::DB00999,CcSE,Side Effect::C0002170
Compound::DB00598,CcSE,Side Effect::C0151730
Compound::DB01261,CcSE,Side Effect::C0013390
Compound::DB00622,CcSE,Side Effect::C0011991
Compound::DB00661,CcSE,Side Effect::C0917801
Compound::DB00678,CcSE,Side Effect::C0028734
Compound::DB00629,CcSE,Side Effect::C0233494
Compound::DB00457,CcSE,Side Effect::C0030252
Compound::DB01193,CcSE,Side Effect::C0085593
Compound::DB01083,CcSE,Side Effect::C0025319
Compound::DB00808,CcSE,Side Effect::C0020625
Compound::DB00401,CcSE,Side Effect::C0020621
Compound::DB00343,CcSE,Side Effect::C0022650
Compound::DB00524,CcSE,Side Effect::C0085680
Compound::DB01083,CcSE,Side Effect::C0877605
Compound::DB00575,CcSE,Side Effect::C2363731
Compound::DB01241,CcSE,Side Effect::C0035410
Compound::DB00178,CcSE,Side Effect::C0162830
Compound::DB00881,CcSE,Side Effect::C0030252
Compound::DB01029,CcSE,Side Effect::C0262988
Compound::DB00808,CcSE,Side Effect::C0085636
Compound::DB01162,CcSE,Side Effect::C1443060
Compound::DB00973,CcSE,Side Effect::C0037763
Compound::DB01120,CcSE,Side Effect::C0011206
Compound::DB00519,CcSE,Side Effect::C0020473
Compound::DB00629,CcSE,Side Effect::C0027765
Compound::DB00542,CcSE,Side Effect::C0006277
Compound::DB01200,CcSE,Side Effect::C0037274
Compound::DB00195,CcSE,Side Effect::C0085633
Compound::DB00627,CcSE,Side Effect::C0080274
Compound::DB01162,CcSE,Side Effect::C0231218
Compound::DB00678,CcSE,Side Effect::C0427008
Compound::DB00590,CcSE,Side Effect::C0013144
Compound::DB00187,CcSE,Side Effect::C0340861
Compound::DB01203,CcSE,Side Effect::C0018802
Compound::DB00401,CcSE,Side Effect::C0042401
Compound::DB00519,CcSE,Side Effect::C0151578
Compound::DB00421,CcSE,Side Effect::C0038325
Compound::DB00960,CcSE,Side Effect::C0262985
Compound::DB00401,CcSE,Side Effect::C0013404
Compound::DB00227,CcSE,Side Effect::C0002170
Compound::DB01132,CcSE,Side Effect::C0522055
Compound::DB01029,CcSE,Side Effect::C0392176
Compound::DB00790,CcSE,Side Effect::C0424295
Compound::DB01193,CcSE,Side Effect::C0002622
Compound::DB00571,CcSE,Side Effect::C0233472
Compound::DB01083,CcSE,Side Effect::C0426576
Compound::DB00373,CcSE,Side Effect::C0018794
Compound::DB00973,CcSE,Side Effect::C0011991
Compound::DB01241,CcSE,Side Effect::C0080276
Compound::DB01029,CcSE,Side Effect::C0037274
Compound::DB00195,CcSE,Side Effect::C0020443
Compound::DB00622,CcSE,Side Effect::C0042023
Compound::DB00678,CcSE,Side Effect::C0085610
Compound::DB00178,CcSE,Side Effect::C0162557
Compound::DB01136,CcSE,Side Effect::C3665386
Compound::DB00966,CcSE,Side Effect::C0020580
Compound::DB00421,CcSE,Side Effect::C0009676
Compound::DB00661,CcSE,Side Effect::C0700590
Compound::DB00912,CcSE,Side Effect::C0151744
Compound::DB00999,CcSE,Side Effect::C0019559
Compound::DB00790,CcSE,Side Effect::C0232461
Compound::DB08882,CcSE,Side Effect::C0020557
Compound::DB01244,CcSE,Side Effect::C0020458
Compound::DB08816,CcSE,Side Effect::C0000737
Compound::DB00542,CcSE,Side Effect::C0014457
Compound::DB00590,CcSE,Side Effect::C0011071
Compound::DB00722,CcSE,Side Effect::C0042514
Compound::DB00722,CcSE,Side Effect::C0546959
Compound::DB00590,CcSE,Side Effect::C0855242
Compound::DB00381,CcSE,Side Effect::C0043352
Compound::DB08816,CcSE,Side Effect::C0018099
Compound::DB01039,CcSE,Side Effect::C0042029
Compound::DB00590,CcSE,Side Effect::C0012833
Compound::DB00598,CcSE,Side Effect::C2830004
Compound::DB00790,CcSE,Side Effect::C0042024
Compound::DB00598,CcSE,Side Effect::C0006266
Compound::DB00881,CcSE,Side Effect::C0042769
Compound::DB00629,CcSE,Side Effect::C0860239
Compound::DB00722,CcSE,Side Effect::C0004134
Compound::DB00310,CcSE,Side Effect::C0020621
Compound::DB00945,CcSE,Side Effect::C1443060
Compound::DB01136,CcSE,Side Effect::C0162830
Compound::DB01039,CcSE,Side Effect::C0221490
Compound::DB01016,CcSE,Side Effect::C0015397
Compound::DB00492,CcSE,Side Effect::C0002871
Compound::DB00412,CcSE,Side Effect::C1522133
Compound::DB00700,CcSE,Side Effect::C0011991
Compound::DB01203,CcSE,Side Effect::C0011124
Compound::DB01359,CcSE,Side Effect::C0004093
Compound::DB00722,CcSE,Side Effect::C0235710
Compound::DB00999,CcSE,Side Effect::C0151662
Compound::DB00178,CcSE,Side Effect::C0002170
Compound::DB00492,CcSE,Side Effect::C0236068
Compound::DB00796,CcSE,Side Effect::C0037199
Compound::DB00195,CcSE,Side Effect::C0041834
Compound::DB01244,CcSE,Side Effect::C0002962
Compound::DB00175,CcSE,Side Effect::C0234215
Compound::DB00343,CcSE,Side Effect::C0234458
Compound::DB01132,CcSE,Side Effect::C0016658
Compound::DB00373,CcSE,Side Effect::C0027765
Compound::DB00678,CcSE,Side Effect::C0000737
Compound::DB00373,CcSE,Side Effect::C0235966
Compound::DB00695,CcSE,Side Effect::C0014457
Compound::DB01193,CcSE,Side Effect::C3665347
Compound::DB00808,CcSE,Side Effect::C0004093
Compound::DB00945,CcSE,Side Effect::C2830004
Compound::DB00629,CcSE,Side Effect::C0018681
Compound::DB00412,CcSE,Side Effect::C0040034
Compound::DB00401,CcSE,Side Effect::C0018418
Compound::DB00722,CcSE,Side Effect::C0042373
Compound::DB01098,CcSE,Side Effect::C0030554
Compound::DB00575,CcSE,Side Effect::C0006145
Compound::DB00808,CcSE,Side Effect::C0028734
Compound::DB01029,CcSE,Side Effect::C0476280
Compound::DB00678,CcSE,Side Effect::C1142295
Compound::DB00594,CcSE,Side Effect::C0151763
Compound::DB00629,CcSE,Side Effect::C0000737
Compound::DB00800,CcSE,Side Effect::C0687713
Compound::DB00343,CcSE,Side Effect::C0853034
Compound::DB00695,CcSE,Side Effect::C0030554
Compound::DB00343,CcSE,Side Effect::C0031350
Compound::DB00968,CcSE,Side Effect::C0009319
Compound::DB00264,CcSE,Side Effect::C0011570
Compound::DB00270,CcSE,Side Effect::C0015672
Compound::DB00594,CcSE,Side Effect::C0234708
Compound::DB00542,CcSE,Side Effect::C0042571
Compound::DB00575,CcSE,Side Effect::C0178298
Compound::DB01039,CcSE,Side Effect::C0151905
Compound::DB00178,CcSE,Side Effect::C0013404
Compound::DB00343,CcSE,Side Effect::C0340464
Compound::DB01029,CcSE,Side Effect::C0041912
Compound::DB00966,CcSE,Side Effect::C0039231
Compound::DB01083,CcSE,Side Effect::C0232461
Compound::DB00373,CcSE,Side Effect::C2363730
Compound::DB01203,CcSE,Side Effect::C0037317
Compound::DB00373,CcSE,Side Effect::C0497201
Compound::DB01197,CcSE,Side Effect::C0002170
Compound::DB01241,CcSE,Side Effect::C0000737
Compound::DB00881,CcSE,Side Effect::C0018799
Compound::DB00343,CcSE,Side Effect::C0002418
Compound::DB00571,CcSE,Side Effect::C0020461
Compound::DB00641,CcSE,Side Effect::C0948586
Compound::DB01136,CcSE,Side Effect::C0151718
Compound::DB00222,CcSE,Side Effect::C0036974
Compound::DB00177,CcSE,Side Effect::C0038999
Compound::DB00661,CcSE,Side Effect::C0239375
Compound::DB00222,CcSE,Side Effect::C0086565
Compound::DB00343,CcSE,Side Effect::C0242422
Compound::DB01039,CcSE,Side Effect::C0039231
Compound::DB00264,CcSE,Side Effect::C0026821
Compound::DB01018,CcSE,Side Effect::C0039231
Compound::DB00187,CcSE,Side Effect::C0041657
Compound::DB00187,CcSE,Side Effect::C1443060
Compound::DB00622,CcSE,Side Effect::C0085682
Compound::DB00790,CcSE,Side Effect::C0027497
Compound::DB00590,CcSE,Side Effect::C0010692
Compound::DB00571,CcSE,Side Effect::C0011570
Compound::DB01200,CcSE,Side Effect::C0344232
Compound::DB00999,CcSE,Side Effect::C0003467
Compound::DB00594,CcSE,Side Effect::C0018418
Compound::DB01275,CcSE,Side Effect::C0012833
Compound::DB01241,CcSE,Side Effect::C0015230
Compound::DB01241,CcSE,Side Effect::C0162830
Compound::DB00808,CcSE,Side Effect::C0231528
Compound::DB01203,CcSE,Side Effect::C0001824
Compound::DB00590,CcSE,Side Effect::C2712122
Compound::DB00790,CcSE,Side Effect::C0018099
Compound::DB00966,CcSE,Side Effect::C0236141
Compound::DB01098,CcSE,Side Effect::C0009676
Compound::DB00275,CcSE,Side Effect::C0178298
Compound::DB00343,CcSE,Side Effect::C0010692
Compound::DB00722,CcSE,Side Effect::C0002994
Compound::DB00195,CcSE,Side Effect::C3665347
Compound::DB00695,CcSE,Side Effect::C0858797
Compound::DB00590,CcSE,Side Effect::C0744727
Compound::DB00758,CcSE,Side Effect::C0853697
Compound::DB00945,CcSE,Side Effect::C0005778
Compound::DB08816,CcSE,Side Effect::C0030922
Compound::DB01132,CcSE,Side Effect::C0041969
Compound::DB01359,CcSE,Side Effect::C0007398
Compound::DB00887,CcSE,Side Effect::C0035078
Compound::DB00214,CcSE,Side Effect::C0009806
Compound::DB00999,CcSE,Side Effect::C0232203
Compound::DB00672,CcSE,Side Effect::C0002878
Compound::DB00519,CcSE,Side Effect::C0042075
Compound::DB00270,CcSE,Side Effect::C0011615
Compound::DB00876,CcSE,Side Effect::C0023218
Compound::DB00264,CcSE,Side Effect::C0020458
Compound::DB08816,CcSE,Side Effect::C0017178
Compound::DB00598,CcSE,Side Effect::C0877359
Compound::DB00775,CcSE,Side Effect::C0019080
Compound::DB00695,CcSE,Side Effect::C0853692
Compound::DB00880,CcSE,Side Effect::C0011603
Compound::DB01023,CcSE,Side Effect::C1167965
Compound::DB01023,CcSE,Side Effect::C1260880
Compound::DB00590,CcSE,Side Effect::C0232726
Compound::DB01197,CcSE,Side Effect::C0340865
Compound::DB00999,CcSE,Side Effect::C0027051
Compound::DB00590,CcSE,Side Effect::C0234987
Compound::DB00275,CcSE,Side Effect::C0022346
Compound::DB01039,CcSE,Side Effect::C0011616
Compound::DB01039,CcSE,Side Effect::C0702166
Compound::DB00678,CcSE,Side Effect::C0026821
Compound::DB00401,CcSE,Side Effect::C0011603
Compound::DB00695,CcSE,Side Effect::C0011609
Compound::DB00584,CcSE,Side Effect::C0155626
Compound::DB00264,CcSE,Side Effect::C0262985
Compound::DB00412,CcSE,Side Effect::C0015230
Compound::DB00524,CcSE,Side Effect::C0040264
Compound::DB01200,CcSE,Side Effect::C0855242
Compound::DB01200,CcSE,Side Effect::C0042384
Compound::DB01083,CcSE,Side Effect::C0043345
Compound::DB00584,CcSE,Side Effect::C0002871
Compound::DB00343,CcSE,Side Effect::C0042029
Compound::DB00384,CcSE,Side Effect::C0011991
Compound::DB00331,CcSE,Side Effect::C0042963
Compound::DB00195,CcSE,Side Effect::C0158570
Compound::DB00310,CcSE,Side Effect::C0042963
Compound::DB00594,CcSE,Side Effect::C0233494
Compound::DB00775,CcSE,Side Effect::C0042109
Compound::DB01115,CcSE,Side Effect::C0018790
Compound::DB00999,CcSE,Side Effect::C0041912
Compound::DB00968,CcSE,Side Effect::C0027497
Compound::DB01018,CcSE,Side Effect::C0030552
Compound::DB00598,CcSE,Side Effect::C0154769
Compound::DB01115,CcSE,Side Effect::C1959797
Compound::DB00343,CcSE,Side Effect::C0018524
Compound::DB01200,CcSE,Side Effect::C0007815
Compound::DB01039,CcSE,Side Effect::C0006852
Compound::DB00661,CcSE,Side Effect::C0035455
Compound::DB00571,CcSE,Side Effect::C0042109
Compound::DB00373,CcSE,Side Effect::C0018790
Compound::DB00584,CcSE,Side Effect::C0019158
Compound::DB00700,CcSE,Side Effect::C0026858
Compound::DB00968,CcSE,Side Effect::C0014518
Compound::DB00966,CcSE,Side Effect::C0232849
Compound::DB00881,CcSE,Side Effect::C0010200
Compound::DB00999,CcSE,Side Effect::C1368065
Compound::DB00331,CcSE,Side Effect::C0018681
Compound::DB00542,CcSE,Side Effect::C0027497
Compound::DB00177,CcSE,Side Effect::C0020651
Compound::DB00401,CcSE,Side Effect::C0948089
Compound::DB00227,CcSE,Side Effect::C0011991
Compound::DB00492,CcSE,Side Effect::C0013144
Compound::DB00571,CcSE,Side Effect::C0547030
Compound::DB01136,CcSE,Side Effect::C0011991
Compound::DB00678,CcSE,Side Effect::C0520893
Compound::DB00227,CcSE,Side Effect::C0234215
Compound::DB00960,CcSE,Side Effect::C0039070
Compound::DB01200,CcSE,Side Effect::C0038454
Compound::DB00195,CcSE,Side Effect::C0740394
Compound::DB00881,CcSE,Side Effect::C0013395
Compound::DB01193,CcSE,Side Effect::C0038990
Compound::DB00627,CcSE,Side Effect::C0016867
Compound::DB00381,CcSE,Side Effect::C2129214
Compound::DB01261,CcSE,Side Effect::C1443060
Compound::DB00310,CcSE,Side Effect::C0548823
Compound::DB01115,CcSE,Side Effect::C0242429
Compound::DB00966,CcSE,Side Effect::C0026821
Compound::DB00373,CcSE,Side Effect::C0004093
Compound::DB00629,CcSE,Side Effect::C0012833
Compound::DB01039,CcSE,Side Effect::C0234215
Compound::DB00661,CcSE,Side Effect::C1443060
Compound::DB01039,CcSE,Side Effect::C0033575
Compound::DB00641,CcSE,Side Effect::C0032961
Compound::DB00722,CcSE,Side Effect::C0038454
Compound::DB01039,CcSE,Side Effect::C0013395
Compound::DB00519,CcSE,Side Effect::C0233471
Compound::DB00381,CcSE,Side Effect::C0032617
Compound::DB00491,CcSE,Side Effect::C0027497
Compound::DB00542,CcSE,Side Effect::C0162830
Compound::DB00575,CcSE,Side Effect::C0027441
Compound::DB00966,CcSE,Side Effect::C0013428
Compound::DB01083,CcSE,Side Effect::C0518015
Compound::DB01200,CcSE,Side Effect::C0026821
Compound::DB00284,CcSE,Side Effect::C0000737
Compound::DB01018,CcSE,Side Effect::C0030554
Compound::DB01120,CcSE,Side Effect::C0020458
Compound::DB00227,CcSE,Side Effect::C0026821
Compound::DB00966,CcSE,Side Effect::C0235996
Compound::DB01200,CcSE,Side Effect::C0037199
Compound::DB01359,CcSE,Side Effect::C0234913
Compound::DB01193,CcSE,Side Effect::C1443060
Compound::DB00175,CcSE,Side Effect::C0020538
Compound::DB00731,CcSE,Side Effect::C0039971
Compound::DB00629,CcSE,Side Effect::C0020456
Compound::DB00695,CcSE,Side Effect::C0005758
Compound::DB00373,CcSE,Side Effect::C0009450
Compound::DB00945,CcSE,Side Effect::C0039070
Compound::DB00731,CcSE,Side Effect::C0700590
Compound::DB00284,CcSE,Side Effect::C0023895
Compound::DB00627,CcSE,Side Effect::C0948594
Compound::DB00731,CcSE,Side Effect::C0010200
Compound::DB01120,CcSE,Side Effect::C0037199
Compound::DB01193,CcSE,Side Effect::C0018801
Compound::DB00887,CcSE,Side Effect::C0020625
Compound::DB00571,CcSE,Side Effect::C0004245
Compound::DB00524,CcSE,Side Effect::C0232487
Compound::DB01115,CcSE,Side Effect::C0236106
Compound::DB00381,CcSE,Side Effect::C0004604
Compound::DB00999,CcSE,Side Effect::C0037763
Compound::DB00808,CcSE,Side Effect::C0040264
Compound::DB00270,CcSE,Side Effect::C0006145
Compound::DB01039,CcSE,Side Effect::C0149931
Compound::DB00401,CcSE,Side Effect::C0027497
Compound::DB01162,CcSE,Side Effect::C0036974
Compound::DB00598,CcSE,Side Effect::C1320835
Compound::DB00275,CcSE,Side Effect::C0002792
Compound::DB00542,CcSE,Side Effect::C0012833
Compound::DB00678,CcSE,Side Effect::C0027121
Compound::DB00966,CcSE,Side Effect::C0025061
Compound::DB00887,CcSE,Side Effect::C0235431
Compound::DB00722,CcSE,Side Effect::C0917798
Compound::DB00571,CcSE,Side Effect::C1384353
Compound::DB00584,CcSE,Side Effect::C0151480
Compound::DB01039,CcSE,Side Effect::C0008031
Compound::DB00584,CcSE,Side Effect::C0042029
Compound::DB00590,CcSE,Side Effect::C0340464
Compound::DB00758,CcSE,Side Effect::C0151699
Compound::DB00310,CcSE,Side Effect::C0553548
Compound::DB01120,CcSE,Side Effect::C0043094
Compound::DB00629,CcSE,Side Effect::C0026858
Compound::DB00264,CcSE,Side Effect::C1443060
Compound::DB01029,CcSE,Side Effect::C0012359
Compound::DB01244,CcSE,Side Effect::C0011570
Compound::DB00629,CcSE,Side Effect::C0010200
Compound::DB00695,CcSE,Side Effect::C0740394
Compound::DB01136,CcSE,Side Effect::C0086439
Compound::DB00457,CcSE,Side Effect::C0086543
Compound::DB01023,CcSE,Side Effect::C0428977
Compound::DB00722,CcSE,Side Effect::C0017152
Compound::DB08816,CcSE,Side Effect::C0740394
Compound::DB00584,CcSE,Side Effect::C0314719
Compound::DB00966,CcSE,Side Effect::C0009450
Compound::DB01120,CcSE,Side Effect::C0948089
Compound::DB01200,CcSE,Side Effect::C0042571
Compound::DB00492,CcSE,Side Effect::C0004093
Compound::DB01018,CcSE,Side Effect::C0015230
Compound::DB00421,CcSE,Side Effect::C0018681
Compound::DB00542,CcSE,Side Effect::C0004093
Compound::DB00571,CcSE,Side Effect::C2363731
Compound::DB00175,CcSE,Side Effect::C0233472
Compound::DB00966,CcSE,Side Effect::C0027121
Compound::DB08882,CcSE,Side Effect::C0037274
Compound::DB00722,CcSE,Side Effect::C0034065
Compound::DB00774,CcSE,Side Effect::C0015230
Compound::DB01115,CcSE,Side Effect::C0020580
Compound::DB00542,CcSE,Side Effect::C0151539
Compound::DB01083,CcSE,Side Effect::C0853619
Compound::DB01115,CcSE,Side Effect::C0008370
Compound::DB01162,CcSE,Side Effect::C0002994
Compound::DB01136,CcSE,Side Effect::C0020557
Compound::DB00178,CcSE,Side Effect::C0004093
Compound::DB00401,CcSE,Side Effect::C0013604
Compound::DB00264,CcSE,Side Effect::C0038990
Compound::DB00594,CcSE,Side Effect::C0036974
Compound::DB00695,CcSE,Side Effect::C1619727
Compound::DB01197,CcSE,Side Effect::C0038362
Compound::DB01241,CcSE,Side Effect::C0006145
Compound::DB01029,CcSE,Side Effect::C0232492
Compound::DB00722,CcSE,Side Effect::C0027051
Compound::DB00598,CcSE,Side Effect::C0015672
Compound::DB00343,CcSE,Side Effect::C0027769
Compound::DB00343,CcSE,Side Effect::C0014236
Compound::DB01120,CcSE,Side Effect::C0235886
Compound::DB00492,CcSE,Side Effect::C0549410
Compound::DB00999,CcSE,Side Effect::C0020517
Compound::DB00641,CcSE,Side Effect::C0023895
Compound::DB00945,CcSE,Side Effect::C0220870
Compound::DB00966,CcSE,Side Effect::C0853034
Compound::DB00343,CcSE,Side Effect::C0233632
Compound::DB00887,CcSE,Side Effect::C0003862
Compound::DB00661,CcSE,Side Effect::C0009450
Compound::DB00275,CcSE,Side Effect::C0017160
Compound::DB00594,CcSE,Side Effect::C0037763
Compound::DB01029,CcSE,Side Effect::C0221185
Compound::DB00808,CcSE,Side Effect::C0178298
Compound::DB00275,CcSE,Side Effect::C0002994
Compound::DB00590,CcSE,Side Effect::C0233632
Compound::DB00790,CcSE,Side Effect::C1167965
Compound::DB01115,CcSE,Side Effect::C0029408
Compound::DB00808,CcSE,Side Effect::C0041657
Compound::DB00575,CcSE,Side Effect::C0033774
Compound::DB00960,CcSE,Side Effect::C1456822
Compound::DB00629,CcSE,Side Effect::C0542571
Compound::DB00331,CcSE,Side Effect::C0152517
Compound::DB00695,CcSE,Side Effect::C0015397
Compound::DB00695,CcSE,Side Effect::C0392176
Compound::DB01039,CcSE,Side Effect::C0022408
Compound::DB00678,CcSE,Side Effect::C0020625
Compound::DB00622,CcSE,Side Effect::C0009450
Compound::DB00381,CcSE,Side Effect::C0019080
Compound::DB01039,CcSE,Side Effect::C0027769
Compound::DB00373,CcSE,Side Effect::C0409974
Compound::DB01029,CcSE,Side Effect::C0553548
Compound::DB00999,CcSE,Side Effect::C0270795
Compound::DB00839,CcSE,Side Effect::C0042571
Compound::DB00492,CcSE,Side Effect::C0004096
Compound::DB01200,CcSE,Side Effect::C0023218
Compound::DB00584,CcSE,Side Effect::C0022346
Compound::DB00790,CcSE,Side Effect::C0015672
Compound::DB01029,CcSE,Side Effect::C0232462
Compound::DB00206,CcSE,Side Effect::C0030193
Compound::DB01029,CcSE,Side Effect::C0428974
Compound::DB00661,CcSE,Side Effect::C0008370
Compound::DB00275,CcSE,Side Effect::C0085631
Compound::DB01115,CcSE,Side Effect::C0034150
Compound::DB00187,CcSE,Side Effect::C0018799
Compound::DB01203,CcSE,Side Effect::C0027424
Compound::DB00492,CcSE,Side Effect::C0021843
Compound::DB00722,CcSE,Side Effect::C0041834
Compound::DB01029,CcSE,Side Effect::C0542571
Compound::DB01136,CcSE,Side Effect::C0035455
Compound::DB00492,CcSE,Side Effect::C0920114
Compound::DB00584,CcSE,Side Effect::C0017675
Compound::DB00966,CcSE,Side Effect::C0037299
Compound::DB00222,CcSE,Side Effect::C0013395
Compound::DB00999,CcSE,Side Effect::C0547030
Compound::DB00412,CcSE,Side Effect::C0041912
Compound::DB00876,CcSE,Side Effect::C0018965
Compound::DB00999,CcSE,Side Effect::C0028643
Compound::DB08816,CcSE,Side Effect::C0008031
Compound::DB04861,CcSE,Side Effect::C1456822
Compound::DB00373,CcSE,Side Effect::C0259799
Compound::DB00695,CcSE,Side Effect::C0017178
Compound::DB00542,CcSE,Side Effect::C0038325
Compound::DB01067,CcSE,Side Effect::C0233494
Compound::DB00331,CcSE,Side Effect::C0026946
Compound::DB00524,CcSE,Side Effect::C0178416
Compound::DB00590,CcSE,Side Effect::C0002622
Compound::DB01261,CcSE,Side Effect::C0917801
Compound::DB01039,CcSE,Side Effect::C0011124
Compound::DB01132,CcSE,Side Effect::C0016655
Compound::DB00492,CcSE,Side Effect::C0232461
Compound::DB00790,CcSE,Side Effect::C0040034
Compound::DB00343,CcSE,Side Effect::C0040822
Compound::DB00195,CcSE,Side Effect::C0011124
Compound::DB00264,CcSE,Side Effect::C0233494
Compound::DB00195,CcSE,Side Effect::C0023218
Compound::DB00960,CcSE,Side Effect::C0236036
Compound::DB01029,CcSE,Side Effect::C0587246
Compound::DB00629,CcSE,Side Effect::C0013595
Compound::DB00876,CcSE,Side Effect::C0149931
Compound::DB08860,CcSE,Side Effect::C0018681
Compound::DB00491,CcSE,Side Effect::C0030446
Compound::DB00758,CcSE,Side Effect::C2937358
Compound::DB00524,CcSE,Side Effect::C0037763
Compound::DB00796,CcSE,Side Effect::C0235431
Compound::DB01200,CcSE,Side Effect::C0021122
Compound::DB01083,CcSE,Side Effect::C0004604
Compound::DB00381,CcSE,Side Effect::C0040822
Compound::DB00790,CcSE,Side Effect::C0338656
Compound::DB01115,CcSE,Side Effect::C0038450
Compound::DB08816,CcSE,Side Effect::C0235620
Compound::DB00800,CcSE,Side Effect::C0015967
Compound::DB00627,CcSE,Side Effect::C3665386
Compound::DB00206,CcSE,Side Effect::C0011053
Compound::DB00876,CcSE,Side Effect::C0037763
Compound::DB00590,CcSE,Side Effect::C0233471
Compound::DB00401,CcSE,Side Effect::C0151908
Compound::DB00492,CcSE,Side Effect::C0031117
Compound::DB00195,CcSE,Side Effect::C0948089
Compound::DB00524,CcSE,Side Effect::C0442874
Compound::DB00700,CcSE,Side Effect::C0042373
Compound::DB00622,CcSE,Side Effect::C0009806
Compound::DB00622,CcSE,Side Effect::C0042514
Compound::DB00457,CcSE,Side Effect::C0042384
Compound::DB00331,CcSE,Side Effect::C0235430
Compound::DB01120,CcSE,Side Effect::C0178298
Compound::DB00678,CcSE,Side Effect::C0234215
Compound::DB00421,CcSE,Side Effect::C0026821
Compound::DB00796,CcSE,Side Effect::C0010200
Compound::DB00343,CcSE,Side Effect::C0863113
Compound::DB00575,CcSE,Side Effect::C1142160
Compound::DB01016,CcSE,Side Effect::C0001125
Compound::DB00457,CcSE,Side Effect::C1688637
Compound::DB00584,CcSE,Side Effect::C0013604
Compound::DB00627,CcSE,Side Effect::C0023066
Compound::DB00542,CcSE,Side Effect::C0009450
Compound::DB00373,CcSE,Side Effect::C0018802
Compound::DB01197,CcSE,Side Effect::C0025958
Compound::DB00270,CcSE,Side Effect::C0948594
Compound::DB00270,CcSE,Side Effect::C1167965
Compound::DB00775,CcSE,Side Effect::C0877172
Compound::DB00598,CcSE,Side Effect::C0233407
Compound::DB01200,CcSE,Side Effect::C0042023
Compound::DB00695,CcSE,Side Effect::C0009676
Compound::DB01203,CcSE,Side Effect::C0003123
Compound::DB00678,CcSE,Side Effect::C3263723
Compound::DB00575,CcSE,Side Effect::C0030200
Compound::DB01115,CcSE,Side Effect::C0013428
Compound::DB00175,CcSE,Side Effect::C0549622
Compound::DB00945,CcSE,Side Effect::C1145670
Compound::DB00999,CcSE,Side Effect::C0004134
Compound::DB00275,CcSE,Side Effect::C0342579
Compound::DB00310,CcSE,Side Effect::C0003811
Compound::DB00584,CcSE,Side Effect::C0039070
Compound::DB00590,CcSE,Side Effect::C0028961
Compound::DB01193,CcSE,Side Effect::C0022281
Compound::DB01115,CcSE,Side Effect::C2363731
Compound::DB01115,CcSE,Side Effect::C0000731
Compound::DB00275,CcSE,Side Effect::C0235431
Compound::DB00457,CcSE,Side Effect::C0004093
Compound::DB00571,CcSE,Side Effect::C0034734
Compound::DB00966,CcSE,Side Effect::C0162429
Compound::DB00401,CcSE,Side Effect::C0013491
Compound::DB01018,CcSE,Side Effect::C0028734
Compound::DB00700,CcSE,Side Effect::C0009450
Compound::DB00519,CcSE,Side Effect::C0033860
Compound::DB01115,CcSE,Side Effect::C0031350
Compound::DB08860,CcSE,Side Effect::C0027441
Compound::DB00641,CcSE,Side Effect::C0085605
Compound::DB00270,CcSE,Side Effect::C0018801
Compound::DB01162,CcSE,Side Effect::C0004604
Compound::DB01162,CcSE,Side Effect::C0003467
Compound::DB00571,CcSE,Side Effect::C0023066
Compound::DB00887,CcSE,Side Effect::C0860434
Compound::DB00519,CcSE,Side Effect::C0005818
Compound::DB01083,CcSE,Side Effect::C0013395
Compound::DB00524,CcSE,Side Effect::C0221490
Compound::DB00310,CcSE,Side Effect::C1368065
Compound::DB01244,CcSE,Side Effect::C0027769
Compound::DB01203,CcSE,Side Effect::C0151636
Compound::DB00222,CcSE,Side Effect::C0600142
Compound::DB01136,CcSE,Side Effect::C0700200
Compound::DB00401,CcSE,Side Effect::C0003123
Compound::DB00275,CcSE,Side Effect::C0032285
Compound::DB00598,CcSE,Side Effect::C0009676
Compound::DB01098,CcSE,Side Effect::C0281913
Compound::DB00343,CcSE,Side Effect::C0233494
Compound::DB01197,CcSE,Side Effect::C0022354
Compound::DB00373,CcSE,Side Effect::C0162285
Compound::DB01200,CcSE,Side Effect::C0085624
Compound::DB01359,CcSE,Side Effect::C0010200
Compound::DB00175,CcSE,Side Effect::C0423636
Compound::DB00790,CcSE,Side Effect::C0483455
Compound::DB00519,CcSE,Side Effect::C0011124
Compound::DB01193,CcSE,Side Effect::C0344320
Compound::DB00575,CcSE,Side Effect::C0038454
Compound::DB01083,CcSE,Side Effect::C0042963
Compound::DB01067,CcSE,Side Effect::C0023530
Compound::DB01039,CcSE,Side Effect::C0151786
Compound::DB00960,CcSE,Side Effect::C0018834
Compound::DB00808,CcSE,Side Effect::C0002622
Compound::DB00401,CcSE,Side Effect::C0039070
Compound::DB00436,CcSE,Side Effect::C0042963
Compound::DB00457,CcSE,Side Effect::C0002170
Compound::DB00999,CcSE,Side Effect::C0042384
Compound::DB01200,CcSE,Side Effect::C0021400
Compound::DB00381,CcSE,Side Effect::C3665347
Compound::DB00999,CcSE,Side Effect::C0030319
Compound::DB01016,CcSE,Side Effect::C0002874
Compound::DB00629,CcSE,Side Effect::C0017178
Compound::DB00275,CcSE,Side Effect::C0002871
Compound::DB00627,CcSE,Side Effect::C0043352
Compound::DB00876,CcSE,Side Effect::C0015672
Compound::DB01016,CcSE,Side Effect::C0030312
Compound::DB00758,CcSE,Side Effect::C0151705
Compound::DB01203,CcSE,Side Effect::C0034063
Compound::DB00524,CcSE,Side Effect::C0030305
Compound::DB00270,CcSE,Side Effect::C0013395
Compound::DB01132,CcSE,Side Effect::C0027651
Compound::DB00808,CcSE,Side Effect::C0857093
Compound::DB01029,CcSE,Side Effect::C0403447
Compound::DB00700,CcSE,Side Effect::C0002962
Compound::DB00270,CcSE,Side Effect::C0855242
Compound::DB00999,CcSE,Side Effect::C0039070
Compound::DB00195,CcSE,Side Effect::C0007859
Compound::DB00973,CcSE,Side Effect::C0853034
Compound::DB00178,CcSE,Side Effect::C0020649
Compound::DB00195,CcSE,Side Effect::C0022081
Compound::DB00722,CcSE,Side Effect::C0392699
Compound::DB00401,CcSE,Side Effect::C0011630
Compound::DB00343,CcSE,Side Effect::C0030232
Compound::DB00808,CcSE,Side Effect::C0022107
Compound::DB00678,CcSE,Side Effect::C0018681
Compound::DB01039,CcSE,Side Effect::C0231218
Compound::DB00629,CcSE,Side Effect::C0002871
Compound::DB01120,CcSE,Side Effect::C0235198
Compound::DB01018,CcSE,Side Effect::C0033774
Compound::DB01029,CcSE,Side Effect::C0027947
Compound::DB00206,CcSE,Side Effect::C0011124
Compound::DB00331,CcSE,Side Effect::C0013378
Compound::DB00584,CcSE,Side Effect::C0855242
Compound::DB00598,CcSE,Side Effect::C0344315
Compound::DB00876,CcSE,Side Effect::C0520888
Compound::DB01039,CcSE,Side Effect::C0030196
Compound::DB00373,CcSE,Side Effect::C0009766
Compound::DB01200,CcSE,Side Effect::C0017181
Compound::DB01098,CcSE,Side Effect::C0026848
Compound::DB00627,CcSE,Side Effect::C0024115
Compound::DB01083,CcSE,Side Effect::C0013378
Compound::DB00722,CcSE,Side Effect::C0002170
Compound::DB00177,CcSE,Side Effect::C0687133
Compound::DB01132,CcSE,Side Effect::C0034063
Compound::DB00758,CcSE,Side Effect::C0021845
Compound::DB00808,CcSE,Side Effect::C0021400
Compound::DB00195,CcSE,Side Effect::C0497156
Compound::DB00881,CcSE,Side Effect::C0151766
Compound::DB00270,CcSE,Side Effect::C0043352
Compound::DB00790,CcSE,Side Effect::C0033860
Compound::DB01200,CcSE,Side Effect::C0030567
Compound::DB01039,CcSE,Side Effect::C0015230
Compound::DB00222,CcSE,Side Effect::C0858217
Compound::DB01193,CcSE,Side Effect::C0259817
Compound::DB00178,CcSE,Side Effect::C0262985
Compound::DB00343,CcSE,Side Effect::C0232197
Compound::DB01136,CcSE,Side Effect::C0033860
Compound::DB01120,CcSE,Side Effect::C0001807
Compound::DB00519,CcSE,Side Effect::C0162429
Compound::DB00808,CcSE,Side Effect::C2830004
Compound::DB00641,CcSE,Side Effect::C0033774
Compound::DB00590,CcSE,Side Effect::C0151827
Compound::DB00401,CcSE,Side Effect::C0008031
Compound::DB00999,CcSE,Side Effect::C0001824
Compound::DB01029,CcSE,Side Effect::C0014868
Compound::DB01200,CcSE,Side Effect::C0023182
Compound::DB00661,CcSE,Side Effect::C0423791
Compound::DB00206,CcSE,Side Effect::C0042963
Compound::DB00966,CcSE,Side Effect::C0027769
Compound::DB00661,CcSE,Side Effect::C0151517
Compound::DB00999,CcSE,Side Effect::C0020651
Compound::DB00381,CcSE,Side Effect::C0040034
Compound::DB00598,CcSE,Side Effect::C0021775
Compound::DB00384,CcSE,Side Effect::C0162830
Compound::DB00222,CcSE,Side Effect::C0042109
Compound::DB00275,CcSE,Side Effect::C0037023
Compound::DB01029,CcSE,Side Effect::C0035455
Compound::DB00627,CcSE,Side Effect::C0002792
Compound::DB00695,CcSE,Side Effect::C0344232
Compound::DB00881,CcSE,Side Effect::C0011606
Compound::DB00629,CcSE,Side Effect::C0021400
Compound::DB01023,CcSE,Side Effect::C0020507
Compound::DB00590,CcSE,Side Effect::C0235906
Compound::DB00876,CcSE,Side Effect::C0031350
Compound::DB00758,CcSE,Side Effect::C0268000
Compound::DB01115,CcSE,Side Effect::C0043096
Compound::DB01120,CcSE,Side Effect::C0013295
Compound::DB00571,CcSE,Side Effect::C0006271
Compound::DB01261,CcSE,Side Effect::C0035243
Compound::DB00722,CcSE,Side Effect::C0042384
Compound::DB00524,CcSE,Side Effect::C2047937
Compound::DB01193,CcSE,Side Effect::C0476273
Compound::DB00876,CcSE,Side Effect::C0041657
Compound::DB00178,CcSE,Side Effect::C0002792
Compound::DB00264,CcSE,Side Effect::C0151517
Compound::DB01067,CcSE,Side Effect::C0027497
Compound::DB01136,CcSE,Side Effect::C1565489
Compound::DB01039,CcSE,Side Effect::C0019360
Compound::DB00178,CcSE,Side Effect::C0025061
Compound::DB00275,CcSE,Side Effect::C0948594
Compound::DB01359,CcSE,Side Effect::C2363730
Compound::DB01083,CcSE,Side Effect::C0033775
Compound::DB00800,CcSE,Side Effect::C0023518
Compound::DB01029,CcSE,Side Effect::C0002962
Compound::DB00808,CcSE,Side Effect::C0042109
Compound::DB00722,CcSE,Side Effect::C0151603
Compound::DB01241,CcSE,Side Effect::C0015672
Compound::DB01029,CcSE,Side Effect::C0877359
Compound::DB00678,CcSE,Side Effect::C0020458
Compound::DB00790,CcSE,Side Effect::C0038990
Compound::DB00629,CcSE,Side Effect::C0040264
Compound::DB00973,CcSE,Side Effect::C0231528
Compound::DB00187,CcSE,Side Effect::C0036572
Compound::DB00790,CcSE,Side Effect::C1368065
Compound::DB08882,CcSE,Side Effect::C0020473
Compound::DB01136,CcSE,Side Effect::C0151904
Compound::DB01197,CcSE,Side Effect::C0085932
Compound::DB00590,CcSE,Side Effect::C0036454
Compound::DB01124,CcSE,Side Effect::C0018834
Compound::DB00492,CcSE,Side Effect::C0002874
Compound::DB01132,CcSE,Side Effect::C0017160
Compound::DB00492,CcSE,Side Effect::C0497156
Compound::DB00960,CcSE,Side Effect::C0033774
Compound::DB01136,CcSE,Side Effect::C0037763
Compound::DB00270,CcSE,Side Effect::C0017178
Compound::DB01132,CcSE,Side Effect::C0271051
Compound::DB00331,CcSE,Side Effect::C0018939
Compound::DB00790,CcSE,Side Effect::C0007859
Compound::DB00222,CcSE,Side Effect::C0687713
Compound::DB01359,CcSE,Side Effect::C0015967
Compound::DB00973,CcSE,Side Effect::C0027441
Compound::DB00973,CcSE,Side Effect::C0751295
Compound::DB00175,CcSE,Side Effect::C0003123
Compound::DB00808,CcSE,Side Effect::C0558489
Compound::DB00310,CcSE,Side Effect::C0020625
Compound::DB00758,CcSE,Side Effect::C0018944
Compound::DB00571,CcSE,Side Effect::C0149725
Compound::DB00178,CcSE,Side Effect::C1167965
Compound::DB00808,CcSE,Side Effect::C0012833
Compound::DB00492,CcSE,Side Effect::C0085932
Compound::DB00590,CcSE,Side Effect::C0085632
Compound::DB00598,CcSE,Side Effect::C0020580
Compound::DB00310,CcSE,Side Effect::C0262988
Compound::DB00999,CcSE,Side Effect::C0011849
Compound::DB00598,CcSE,Side Effect::C0025517
Compound::DB00575,CcSE,Side Effect::C0521491
Compound::DB00887,CcSE,Side Effect::C0240515
Compound::DB00264,CcSE,Side Effect::C0043094
Compound::DB00672,CcSE,Side Effect::C0017178
Compound::DB00629,CcSE,Side Effect::C0037763
Compound::DB00678,CcSE,Side Effect::C1291078
Compound::DB00968,CcSE,Side Effect::C0009806
Compound::DB00412,CcSE,Side Effect::C0011991
Compound::DB01039,CcSE,Side Effect::C0015967
Compound::DB00575,CcSE,Side Effect::C0858797
Compound::DB00722,CcSE,Side Effect::C0018681
Compound::DB01132,CcSE,Side Effect::C0038990
Compound::DB00758,CcSE,Side Effect::C0852361
Compound::DB01162,CcSE,Side Effect::C0027424
Compound::DB00584,CcSE,Side Effect::C0151908
Compound::DB00945,CcSE,Side Effect::C0009938
Compound::DB01115,CcSE,Side Effect::C0018965
Compound::DB00629,CcSE,Side Effect::C0015672
Compound::DB00722,CcSE,Side Effect::C0020458
Compound::DB00492,CcSE,Side Effect::C1167965
Compound::DB00790,CcSE,Side Effect::C0041657
Compound::DB00275,CcSE,Side Effect::C0020649
Compound::DB00973,CcSE,Side Effect::C0002622
Compound::DB01132,CcSE,Side Effect::C0025061
Compound::DB01203,CcSE,Side Effect::C0340464
Compound::DB00492,CcSE,Side Effect::C0008031
Compound::DB00214,CcSE,Side Effect::C0020456
Compound::DB00876,CcSE,Side Effect::C0151474
Compound::DB00627,CcSE,Side Effect::C0003811
Compound::DB00195,CcSE,Side Effect::C0027796
Compound::DB00722,CcSE,Side Effect::C0178298
Compound::DB00722,CcSE,Side Effect::C0349506
Compound::DB00519,CcSE,Side Effect::C0027051
Compound::DB00657,CcSE,Side Effect::C0036572
Compound::DB00945,CcSE,Side Effect::C0009421
Compound::DB01275,CcSE,Side Effect::C1368065
Compound::DB00966,CcSE,Side Effect::C0006145
Compound::DB00381,CcSE,Side Effect::C0011168
Compound::DB00641,CcSE,Side Effect::C0018681
Compound::DB00594,CcSE,Side Effect::C0023895
Compound::DB00973,CcSE,Side Effect::C0687713
Compound::DB00790,CcSE,Side Effect::C1565489
Compound::DB00790,CcSE,Side Effect::C0151632
Compound::DB00275,CcSE,Side Effect::C0022354
Compound::DB01193,CcSE,Side Effect::C0027765
Compound::DB00492,CcSE,Side Effect::C0340865
Compound::DB00912,CcSE,Side Effect::C0009806
Compound::DB01039,CcSE,Side Effect::C0311468
Compound::DB01261,CcSE,Side Effect::C0011630
Compound::DB04861,CcSE,Side Effect::C0000737
Compound::DB00700,CcSE,Side Effect::C0851341
Compound::DB01067,CcSE,Side Effect::C0018681
Compound::DB00195,CcSE,Side Effect::C0037763
Compound::DB01241,CcSE,Side Effect::C0011124
Compound::DB00629,CcSE,Side Effect::C0020621
Compound::DB00310,CcSE,Side Effect::C0221512
Compound::DB00270,CcSE,Side Effect::C0547030
Compound::DB00999,CcSE,Side Effect::C0018681
Compound::DB00758,CcSE,Side Effect::C0014457
Compound::DB00373,CcSE,Side Effect::C0262985
Compound::DB00880,CcSE,Side Effect::C0012833
Compound::DB00178,CcSE,Side Effect::C0015967
Compound::DB00343,CcSE,Side Effect::C0085610
Compound::DB00575,CcSE,Side Effect::C0037320
Compound::DB00491,CcSE,Side Effect::C0009806
Compound::DB01029,CcSE,Side Effect::C0015672
Compound::DB00492,CcSE,Side Effect::C0043251
Compound::DB00672,CcSE,Side Effect::C0042109
Compound::DB00808,CcSE,Side Effect::C0038454
Compound::DB01162,CcSE,Side Effect::C0863093
Compound::DB00700,CcSE,Side Effect::C0027765
Compound::DB00722,CcSE,Side Effect::C0151480
Compound::DB00264,CcSE,Side Effect::C0231807
Compound::DB00629,CcSE,Side Effect::C0424295
Compound::DB00264,CcSE,Side Effect::C0236075
Compound::DB00722,CcSE,Side Effect::C0018790
Compound::DB00968,CcSE,Side Effect::C0030312
Compound::DB00880,CcSE,Side Effect::C0235416
Compound::DB00524,CcSE,Side Effect::C0085682
Compound::DB00678,CcSE,Side Effect::C0042029
Compound::DB00519,CcSE,Side Effect::C0022354
Compound::DB01197,CcSE,Side Effect::C0004093
Compound::DB00700,CcSE,Side Effect::C0011124
Compound::DB00678,CcSE,Side Effect::C0948594
Compound::DB00519,CcSE,Side Effect::C0036974
Compound::DB01132,CcSE,Side Effect::C0031350
Compound::DB00275,CcSE,Side Effect::C0151904
Compound::DB01029,CcSE,Side Effect::C0009450
Compound::DB01120,CcSE,Side Effect::C0027769
Compound::DB01039,CcSE,Side Effect::C0002170
Compound::DB00661,CcSE,Side Effect::C0034150
Compound::DB01136,CcSE,Side Effect::C0002170
Compound::DB00598,CcSE,Side Effect::C0231218
Compound::DB00381,CcSE,Side Effect::C0085593
Compound::DB00275,CcSE,Side Effect::C0039231
Compound::DB00966,CcSE,Side Effect::C0034150
Compound::DB01197,CcSE,Side Effect::C0027947
Compound::DB00264,CcSE,Side Effect::C0031212
Compound::DB01098,CcSE,Side Effect::C0035410
Compound::DB00206,CcSE,Side Effect::C0002962
Compound::DB00758,CcSE,Side Effect::C0521839
Compound::DB00343,CcSE,Side Effect::C0015402
Compound::DB00960,CcSE,Side Effect::C0008031
Compound::DB01200,CcSE,Side Effect::C0025061
Compound::DB00695,CcSE,Side Effect::C0178298
Compound::DB00343,CcSE,Side Effect::C0541782
Compound::DB00594,CcSE,Side Effect::C0039971
Compound::DB00912,CcSE,Side Effect::C0037199
Compound::DB00542,CcSE,Side Effect::C0398370
Compound::DB00966,CcSE,Side Effect::C0234215
Compound::DB00195,CcSE,Side Effect::C0028084
Compound::DB00627,CcSE,Side Effect::C0237849
Compound::DB00381,CcSE,Side Effect::C0013428
Compound::DB00945,CcSE,Side Effect::C0017181
Compound::DB00695,CcSE,Side Effect::C0151723
Compound::DB00808,CcSE,Side Effect::C0013428
Compound::DB00629,CcSE,Side Effect::C0162429
Compound::DB00598,CcSE,Side Effect::C0033975
Compound::DB00519,CcSE,Side Effect::C0003811
Compound::DB00584,CcSE,Side Effect::C0013404
Compound::DB00195,CcSE,Side Effect::C0009676
Compound::DB01120,CcSE,Side Effect::C0009763
Compound::DB00775,CcSE,Side Effect::C0020538
Compound::DB01136,CcSE,Side Effect::C0268000
Compound::DB00966,CcSE,Side Effect::C0006444
Compound::DB00966,CcSE,Side Effect::C0041912
Compound::DB00887,CcSE,Side Effect::C0240521
Compound::DB00275,CcSE,Side Effect::C0730345
Compound::DB00641,CcSE,Side Effect::C0006147
Compound::DB00519,CcSE,Side Effect::C0041657
Compound::DB00373,CcSE,Side Effect::C0233494
Compound::DB00177,CcSE,Side Effect::C0027121
Compound::DB00999,CcSE,Side Effect::C0018834
Compound::DB00790,CcSE,Side Effect::C0001339
Compound::DB00700,CcSE,Side Effect::C0151662
Compound::DB01197,CcSE,Side Effect::C0018418
Compound::DB00519,CcSE,Side Effect::C0042109
Compound::DB00575,CcSE,Side Effect::C1619702
Compound::DB01275,CcSE,Side Effect::C0001824
Compound::DB00594,CcSE,Side Effect::C0032617
Compound::DB00881,CcSE,Side Effect::C0015672
Compound::DB00584,CcSE,Side Effect::C0011168
Compound::DB01359,CcSE,Side Effect::C0858678
Compound::DB00678,CcSE,Side Effect::C0020615
Compound::DB00622,CcSE,Side Effect::C0042963
Compound::DB08816,CcSE,Side Effect::C0423798
Compound::DB01023,CcSE,Side Effect::C0023222
Compound::DB00999,CcSE,Side Effect::C0009806
Compound::DB01083,CcSE,Side Effect::C0006266
Compound::DB00598,CcSE,Side Effect::C0030554
Compound::DB01132,CcSE,Side Effect::C0006147
Compound::DB01115,CcSE,Side Effect::C0028734
Compound::DB00629,CcSE,Side Effect::C0031154
Compound::DB00310,CcSE,Side Effect::C1318520
Compound::DB00622,CcSE,Side Effect::C0746961
Compound::DB00966,CcSE,Side Effect::C0497247
Compound::DB00722,CcSE,Side Effect::C0442874
Compound::DB00187,CcSE,Side Effect::C0018801
Compound::DB00876,CcSE,Side Effect::C0013404
Compound::DB00310,CcSE,Side Effect::C0034063
Compound::DB00195,CcSE,Side Effect::C0151754
Compound::DB00571,CcSE,Side Effect::C0007682
Compound::DB00661,CcSE,Side Effect::C0235439
Compound::DB00839,CcSE,Side Effect::C0234215
Compound::DB00973,CcSE,Side Effect::C0600142
Compound::DB00175,CcSE,Side Effect::C0030305
Compound::DB01261,CcSE,Side Effect::C0018799
Compound::DB00758,CcSE,Side Effect::C1168290
Compound::DB00575,CcSE,Side Effect::C0497365
Compound::DB00678,CcSE,Side Effect::C0026858
Compound::DB00622,CcSE,Side Effect::C0040034
Compound::DB01136,CcSE,Side Effect::C0085649
Compound::DB00575,CcSE,Side Effect::C0857468
Compound::DB00343,CcSE,Side Effect::C0151315
Compound::DB01023,CcSE,Side Effect::C0542571
Compound::DB01023,CcSE,Side Effect::C0042963
Compound::DB00731,CcSE,Side Effect::C0011991
Compound::DB08860,CcSE,Side Effect::C0020580
Compound::DB00227,CcSE,Side Effect::C0242350
Compound::DB00758,CcSE,Side Effect::C0019080
Compound::DB00270,CcSE,Side Effect::C0041969
Compound::DB01016,CcSE,Side Effect::C0042384
Compound::DB00758,CcSE,Side Effect::C3241936
Compound::DB08816,CcSE,Side Effect::C0005940
Compound::DB01244,CcSE,Side Effect::C0030554
Compound::DB01244,CcSE,Side Effect::C2981158
Compound::DB01115,CcSE,Side Effect::C3665347
Compound::DB00381,CcSE,Side Effect::C0236075
Compound::DB01067,CcSE,Side Effect::C0030554
Compound::DB00343,CcSE,Side Effect::C0042401
Compound::DB01203,CcSE,Side Effect::C0004093
Compound::DB00960,CcSE,Side Effect::C0687713
Compound::DB01016,CcSE,Side Effect::C0000731
Compound::DB00808,CcSE,Side Effect::C0032285
Compound::DB01120,CcSE,Side Effect::C0232459
Compound::DB00343,CcSE,Side Effect::C0003123
Compound::DB00373,CcSE,Side Effect::C0004245
Compound::DB01200,CcSE,Side Effect::C0000737
Compound::DB01029,CcSE,Side Effect::C1443060
Compound::DB01261,CcSE,Side Effect::C0022660
Compound::DB00270,CcSE,Side Effect::C0011570
Compound::DB00622,CcSE,Side Effect::C0026826
Compound::DB01136,CcSE,Side Effect::C0009450
Compound::DB00796,CcSE,Side Effect::C0027051
Compound::DB00524,CcSE,Side Effect::C0000737
Compound::DB00381,CcSE,Side Effect::C0013378
Compound::DB01261,CcSE,Side Effect::C0595877
Compound::DB01261,CcSE,Side Effect::C0030196
Compound::DB01193,CcSE,Side Effect::C0015672
Compound::DB00722,CcSE,Side Effect::C0020649
Compound::DB00542,CcSE,Side Effect::C0542571
Compound::DB00178,CcSE,Side Effect::C0040034
Compound::DB00571,CcSE,Side Effect::C0000737
Compound::DB00401,CcSE,Side Effect::C0037763
Compound::DB00381,CcSE,Side Effect::C0017152
Compound::DB01018,CcSE,Side Effect::C0021053
Compound::DB00999,CcSE,Side Effect::C0476273
Compound::DB00876,CcSE,Side Effect::C0011991
Compound::DB00790,CcSE,Side Effect::C0277585
Compound::DB00731,CcSE,Side Effect::C0085649
Compound::DB08816,CcSE,Side Effect::C0700200
Compound::DB00881,CcSE,Side Effect::C0027051
Compound::DB01115,CcSE,Side Effect::C0014518
Compound::DB08882,CcSE,Side Effect::C0011991
Compound::DB00284,CcSE,Side Effect::C0009806
Compound::DB01016,CcSE,Side Effect::C0456909
Compound::DB00960,CcSE,Side Effect::C0013404
Compound::DB00999,CcSE,Side Effect::C0553704
Compound::DB00284,CcSE,Side Effect::C0022346
Compound::DB01124,CcSE,Side Effect::C0853026
Compound::DB01200,CcSE,Side Effect::C0013144
Compound::DB00695,CcSE,Side Effect::C0020621
Compound::DB01039,CcSE,Side Effect::C0040034
Compound::DB01029,CcSE,Side Effect::C0040264
Compound::DB08816,CcSE,Side Effect::C0019080
Compound::DB00590,CcSE,Side Effect::C0009763
Compound::DB01067,CcSE,Side Effect::C1167965
Compound::DB00641,CcSE,Side Effect::C0002170
Compound::DB00641,CcSE,Side Effect::C0041912
Compound::DB00187,CcSE,Side Effect::C0080274
Compound::DB01018,CcSE,Side Effect::C0022081
Compound::DB00343,CcSE,Side Effect::C0151636
Compound::DB00331,CcSE,Side Effect::C0162429
Compound::DB00492,CcSE,Side Effect::C0085602
Compound::DB00999,CcSE,Side Effect::C0392176
Compound::DB00912,CcSE,Side Effect::C0002170
Compound::DB00195,CcSE,Side Effect::C0442874
Compound::DB00973,CcSE,Side Effect::C0917801
Compound::DB00641,CcSE,Side Effect::C1510497
Compound::DB00912,CcSE,Side Effect::C0042963
Compound::DB00590,CcSE,Side Effect::C0042109
Compound::DB00999,CcSE,Side Effect::C0016204
Compound::DB00695,CcSE,Side Effect::C0011603
Compound::DB00796,CcSE,Side Effect::C0015672
Compound::DB01029,CcSE,Side Effect::C0456909
Compound::DB00264,CcSE,Side Effect::C0038218
Compound::DB00627,CcSE,Side Effect::C0917801
Compound::DB01200,CcSE,Side Effect::C0018802
Compound::DB00945,CcSE,Side Effect::C0003862
Compound::DB00960,CcSE,Side Effect::C0438717
Compound::DB00968,CcSE,Side Effect::C0027059
Compound::DB01200,CcSE,Side Effect::C0028084
Compound::DB00264,CcSE,Side Effect::C0002622
Compound::DB00722,CcSE,Side Effect::C0029408
Compound::DB01359,CcSE,Side Effect::C0020458
Compound::DB00436,CcSE,Side Effect::C0012833
Compound::DB00187,CcSE,Side Effect::C0034063
Compound::DB00275,CcSE,Side Effect::C0037763
Compound::DB01132,CcSE,Side Effect::C0042109
Compound::DB00966,CcSE,Side Effect::C0020621
Compound::DB00178,CcSE,Side Effect::C3665347
Compound::DB00590,CcSE,Side Effect::C0020458
Compound::DB00222,CcSE,Side Effect::C0000737
Compound::DB01162,CcSE,Side Effect::C0043352
Compound::DB01162,CcSE,Side Effect::C0013378
Compound::DB00966,CcSE,Side Effect::C0013395
Compound::DB00881,CcSE,Side Effect::C0002878
Compound::DB00966,CcSE,Side Effect::C3665347
Compound::DB01120,CcSE,Side Effect::C0017181
Compound::DB08860,CcSE,Side Effect::C0002622
Compound::DB01244,CcSE,Side Effect::C0000737
Compound::DB00177,CcSE,Side Effect::C0035455
Compound::DB00945,CcSE,Side Effect::C0038990
Compound::DB00999,CcSE,Side Effect::C0948089
Compound::DB00722,CcSE,Side Effect::C0020461
Compound::DB00598,CcSE,Side Effect::C0239488
Compound::DB01115,CcSE,Side Effect::C0948594
Compound::DB00331,CcSE,Side Effect::C0020615
Compound::DB00195,CcSE,Side Effect::C0004095
Compound::DB00594,CcSE,Side Effect::C0003862
Compound::DB00214,CcSE,Side Effect::C0020625
Compound::DB04861,CcSE,Side Effect::C0004245
Compound::DB01115,CcSE,Side Effect::C0340865
Compound::DB08882,CcSE,Side Effect::C0948594
Compound::DB01120,CcSE,Side Effect::C0235832
Compound::DB00178,CcSE,Side Effect::C0021141
Compound::DB00227,CcSE,Side Effect::C0009450
Compound::DB00381,CcSE,Side Effect::C0028734
Compound::DB01200,CcSE,Side Effect::C0428977
Compound::DB01067,CcSE,Side Effect::C0021141
Compound::DB00492,CcSE,Side Effect::C0744727
Compound::DB00999,CcSE,Side Effect::C0151908
Compound::DB00731,CcSE,Side Effect::C0015230
Compound::DB01197,CcSE,Side Effect::C0030554
Compound::DB00661,CcSE,Side Effect::C0011603
Compound::DB00657,CcSE,Side Effect::C0242350
Compound::DB00575,CcSE,Side Effect::C0232462
Compound::DB00622,CcSE,Side Effect::C0149871
Compound::DB08882,CcSE,Side Effect::C0020517
Compound::DB00331,CcSE,Side Effect::C0687713
Compound::DB01132,CcSE,Side Effect::C0027051
Compound::DB00492,CcSE,Side Effect::C0028643
Compound::DB01039,CcSE,Side Effect::C0018799
Compound::DB01115,CcSE,Side Effect::C0027765
Compound::DB00808,CcSE,Side Effect::C1167965
Compound::DB00275,CcSE,Side Effect::C0409974
Compound::DB00790,CcSE,Side Effect::C0015230
Compound::DB00641,CcSE,Side Effect::C0028259
Compound::DB00968,CcSE,Side Effect::C0027765
Compound::DB01197,CcSE,Side Effect::C2981158
Compound::DB01083,CcSE,Side Effect::C0015230
Compound::DB00661,CcSE,Side Effect::C0015371
Compound::DB00999,CcSE,Side Effect::C0034933
Compound::DB00401,CcSE,Side Effect::C2979982
Compound::DB00968,CcSE,Side Effect::C0948594
Compound::DB00945,CcSE,Side Effect::C0039971
Compound::DB01244,CcSE,Side Effect::C0027497
Compound::DB00731,CcSE,Side Effect::C0014742
Compound::DB01023,CcSE,Side Effect::C0030252
Compound::DB01023,CcSE,Side Effect::C0004604
Compound::DB00672,CcSE,Side Effect::C0162566
Compound::DB01083,CcSE,Side Effect::C0235309
Compound::DB00966,CcSE,Side Effect::C0005940
Compound::DB00796,CcSE,Side Effect::C0018802
Compound::DB00960,CcSE,Side Effect::C0041657
Compound::DB00590,CcSE,Side Effect::C0006277
Compound::DB00492,CcSE,Side Effect::C0002888
Compound::DB00876,CcSE,Side Effect::C0027769
Compound::DB01203,CcSE,Side Effect::C0020557
Compound::DB01193,CcSE,Side Effect::C0018524
Compound::DB00790,CcSE,Side Effect::C0042373
Compound::DB00657,CcSE,Side Effect::C0012833
Compound::DB00641,CcSE,Side Effect::C0002994
Compound::DB01039,CcSE,Side Effect::C0039520
Compound::DB00343,CcSE,Side Effect::C1167965
Compound::DB00175,CcSE,Side Effect::C0242339
Compound::DB01115,CcSE,Side Effect::C0497247
Compound::DB01197,CcSE,Side Effect::C0003862
Compound::DB01132,CcSE,Side Effect::C0037763
Compound::DB00175,CcSE,Side Effect::C0035243
Compound::DB00808,CcSE,Side Effect::C0235996
Compound::DB01029,CcSE,Side Effect::C0085649
Compound::DB01197,CcSE,Side Effect::C0004134
Compound::DB00808,CcSE,Side Effect::C0595877
Compound::DB01039,CcSE,Side Effect::C0004604
Compound::DB00678,CcSE,Side Effect::C0162830
Compound::DB00808,CcSE,Side Effect::C0855242
Compound::DB00808,CcSE,Side Effect::C0042384
Compound::DB00575,CcSE,Side Effect::C0014130
Compound::DB01359,CcSE,Side Effect::C0002170
Compound::DB00524,CcSE,Side Effect::C0085631
Compound::DB01067,CcSE,Side Effect::C0020580
Compound::DB00412,CcSE,Side Effect::C0085607
Compound::DB00195,CcSE,Side Effect::C0037317
Compound::DB00519,CcSE,Side Effect::C0851341
Compound::DB00880,CcSE,Side Effect::C0034150
Compound::DB00331,CcSE,Side Effect::C1260880
Compound::DB00492,CcSE,Side Effect::C0016382
Compound::DB00270,CcSE,Side Effect::C0002792
Compound::DB01197,CcSE,Side Effect::C0015934
Compound::DB01275,CcSE,Side Effect::C0033774
Compound::DB00343,CcSE,Side Effect::C0151904
Compound::DB00876,CcSE,Side Effect::C0231528
Compound::DB00343,CcSE,Side Effect::C0151579
Compound::DB00960,CcSE,Side Effect::C0026821
Compound::DB00758,CcSE,Side Effect::C1527407
Compound::DB00331,CcSE,Side Effect::C0413252
Compound::DB01136,CcSE,Side Effect::C0042024
Compound::DB00968,CcSE,Side Effect::C0000731
Compound::DB00594,CcSE,Side Effect::C0232462
Compound::DB00175,CcSE,Side Effect::C0022660
Compound::DB01098,CcSE,Side Effect::C0012833
Compound::DB00999,CcSE,Side Effect::C0013604
Compound::DB01241,CcSE,Side Effect::C0009782
Compound::DB00401,CcSE,Side Effect::C0035455
Compound::DB01241,CcSE,Side Effect::C0027441
Compound::DB01261,CcSE,Side Effect::C0003467
Compound::DB00590,CcSE,Side Effect::C3665347
Compound::DB00629,CcSE,Side Effect::C1443060
Compound::DB01359,CcSE,Side Effect::C0023066
Compound::DB00331,CcSE,Side Effect::C0151766
Compound::DB01120,CcSE,Side Effect::C0009676
Compound::DB00401,CcSE,Side Effect::C1306341
Compound::DB00542,CcSE,Side Effect::C0017152
Compound::DB00661,CcSE,Side Effect::C0009938
Compound::DB00373,CcSE,Side Effect::C0011603
Compound::DB01029,CcSE,Side Effect::C0042075
Compound::DB00808,CcSE,Side Effect::C0232849
Compound::DB00575,CcSE,Side Effect::C0011603
Compound::DB00178,CcSE,Side Effect::C0033687
Compound::DB00384,CcSE,Side Effect::C0022660
Compound::DB01115,CcSE,Side Effect::C0003123
Compound::DB00790,CcSE,Side Effect::C0018621
Compound::DB00790,CcSE,Side Effect::C0034068
Compound::DB00881,CcSE,Side Effect::C0004604
Compound::DB00999,CcSE,Side Effect::C0151539
Compound::DB01275,CcSE,Side Effect::C0020580
Compound::DB01016,CcSE,Side Effect::C0162566
Compound::DB00491,CcSE,Side Effect::C0032266
Compound::DB01203,CcSE,Side Effect::C0030848
Compound::DB00796,CcSE,Side Effect::C0002962
Compound::DB01203,CcSE,Side Effect::C1291077
Compound::DB01016,CcSE,Side Effect::C0151474
Compound::DB00590,CcSE,Side Effect::C0684249
Compound::DB00175,CcSE,Side Effect::C0232462
Compound::DB00381,CcSE,Side Effect::C0011551
Compound::DB00598,CcSE,Side Effect::C0001824
Compound::DB00178,CcSE,Side Effect::C0011991
Compound::DB00177,CcSE,Side Effect::C0037763
Compound::DB00887,CcSE,Side Effect::C0242528
Compound::DB00627,CcSE,Side Effect::C0017181
Compound::DB00270,CcSE,Side Effect::C0016382
Compound::DB00999,CcSE,Side Effect::C0232493
Compound::DB00790,CcSE,Side Effect::C0030807
Compound::DB01120,CcSE,Side Effect::C0023530
Compound::DB00310,CcSE,Side Effect::C0012833
Compound::DB00222,CcSE,Side Effect::C0700590
Compound::DB01120,CcSE,Side Effect::C0019209
Compound::DB01120,CcSE,Side Effect::C0009806
Compound::DB01018,CcSE,Side Effect::C0018794
Compound::DB01029,CcSE,Side Effect::C0085633
Compound::DB00264,CcSE,Side Effect::C0003864
Compound::DB00627,CcSE,Side Effect::C0042267
Compound::DB00195,CcSE,Side Effect::C0009806
Compound::DB00227,CcSE,Side Effect::C0037199
Compound::DB01200,CcSE,Side Effect::C0004134
Compound::DB00622,CcSE,Side Effect::C0235467
Compound::DB00999,CcSE,Side Effect::C0740394
Compound::DB00195,CcSE,Side Effect::C2363730
Compound::DB08816,CcSE,Side Effect::C0267373
Compound::DB01162,CcSE,Side Effect::C0340865
Compound::DB00222,CcSE,Side Effect::C0020649
Compound::DB00373,CcSE,Side Effect::C0012833
Compound::DB00381,CcSE,Side Effect::C1443060
Compound::DB01039,CcSE,Side Effect::C3665347
Compound::DB00571,CcSE,Side Effect::C0812387
Compound::DB00584,CcSE,Side Effect::C0010200
Compound::DB00571,CcSE,Side Effect::C0042963
Compound::DB00661,CcSE,Side Effect::C0740481
Compound::DB00222,CcSE,Side Effect::C1443060
Compound::DB00966,CcSE,Side Effect::C0020443
Compound::DB00195,CcSE,Side Effect::C0030554
Compound::DB00672,CcSE,Side Effect::C0013395
Compound::DB00968,CcSE,Side Effect::C0037023
Compound::DB00678,CcSE,Side Effect::C0851578
Compound::DB00275,CcSE,Side Effect::C0018965
Compound::DB00178,CcSE,Side Effect::C0014591
Compound::DB00999,CcSE,Side Effect::C1167965
Compound::DB00973,CcSE,Side Effect::C0009450
Compound::DB00695,CcSE,Side Effect::C0041969
Compound::DB00590,CcSE,Side Effect::C0011570
Compound::DB00175,CcSE,Side Effect::C0014518
Compound::DB00758,CcSE,Side Effect::C0035078
Compound::DB00999,CcSE,Side Effect::C0857172
Compound::DB00542,CcSE,Side Effect::C0026826
Compound::DB00590,CcSE,Side Effect::C0036508
Compound::DB00270,CcSE,Side Effect::C0232487
Compound::DB00264,CcSE,Side Effect::C0264886
Compound::DB08860,CcSE,Side Effect::C0948594
Compound::DB01203,CcSE,Side Effect::C0013404
Compound::DB00331,CcSE,Side Effect::C0019158
Compound::DB01241,CcSE,Side Effect::C1443060
Compound::DB00412,CcSE,Side Effect::C0003862
Compound::DB00492,CcSE,Side Effect::C0017152
Compound::DB00436,CcSE,Side Effect::C0011603
Compound::DB00491,CcSE,Side Effect::C1112565
Compound::DB00584,CcSE,Side Effect::C0231528
Compound::DB00722,CcSE,Side Effect::C0009450
Compound::DB00590,CcSE,Side Effect::C0033774
Compound::DB00187,CcSE,Side Effect::C0041834
Compound::DB01275,CcSE,Side Effect::C0027497
Compound::DB00519,CcSE,Side Effect::C0236075
Compound::DB00627,CcSE,Side Effect::C0231528
Compound::DB00641,CcSE,Side Effect::C0014518
Compound::DB00722,CcSE,Side Effect::C0018099
Compound::DB01115,CcSE,Side Effect::C0020649
Compound::DB00590,CcSE,Side Effect::C0003864
Compound::DB00401,CcSE,Side Effect::C0017675
Compound::DB00195,CcSE,Side Effect::C0031350
Compound::DB00542,CcSE,Side Effect::C0000737
Compound::DB00571,CcSE,Side Effect::C0020517
Compound::DB00722,CcSE,Side Effect::C0037278
Compound::DB00790,CcSE,Side Effect::C0235416
Compound::DB01083,CcSE,Side Effect::C0036572
Compound::DB01115,CcSE,Side Effect::C0085932
Compound::DB00575,CcSE,Side Effect::C0860239
Compound::DB00758,CcSE,Side Effect::C0151529
Compound::DB00373,CcSE,Side Effect::C0232462
Compound::DB01083,CcSE,Side Effect::C0034886
Compound::DB00973,CcSE,Side Effect::C0030193
Compound::DB00774,CcSE,Side Effect::C0026821
Compound::DB01261,CcSE,Side Effect::C1510410
Compound::DB00178,CcSE,Side Effect::C0041834
Compound::DB00839,CcSE,Side Effect::C0162830
Compound::DB01083,CcSE,Side Effect::C0241863
Compound::DB00519,CcSE,Side Effect::C0858635
Compound::DB00758,CcSE,Side Effect::C0018939
Compound::DB01067,CcSE,Side Effect::C0020625
Compound::DB00222,CcSE,Side Effect::C1142412
Compound::DB00227,CcSE,Side Effect::C2047937
Compound::DB00881,CcSE,Side Effect::C0043352
Compound::DB00966,CcSE,Side Effect::C0016204
Compound::DB00999,CcSE,Side Effect::C0232462
Compound::DB00629,CcSE,Side Effect::C0020615
Compound::DB01067,CcSE,Side Effect::C0013404
Compound::DB00774,CcSE,Side Effect::C0042109
Compound::DB00880,CcSE,Side Effect::C0041834
Compound::DB00575,CcSE,Side Effect::C0264893
Compound::DB00700,CcSE,Side Effect::C0917801
Compound::DB01200,CcSE,Side Effect::C0018681
Compound::DB08816,CcSE,Side Effect::C0013395
Compound::DB01083,CcSE,Side Effect::C0235807
Compound::DB01136,CcSE,Side Effect::C0235490
Compound::DB00270,CcSE,Side Effect::C0040034
Compound::DB00177,CcSE,Side Effect::C0162429
Compound::DB00968,CcSE,Side Effect::C0004093
Compound::DB01115,CcSE,Side Effect::C0023530
Compound::DB00331,CcSE,Side Effect::C0003123
Compound::DB00401,CcSE,Side Effect::C0043144
Compound::DB00343,CcSE,Side Effect::C0015371
Compound::DB00790,CcSE,Side Effect::C0497247
Compound::DB01193,CcSE,Side Effect::C3665386
Compound::DB01067,CcSE,Side Effect::C0042963
Compound::DB00960,CcSE,Side Effect::C0851578
Compound::DB00695,CcSE,Side Effect::C0042963
Compound::DB01120,CcSE,Side Effect::C0151908
Compound::DB00343,CcSE,Side Effect::C0009806
Compound::DB00661,CcSE,Side Effect::C0231303
Compound::DB00960,CcSE,Side Effect::C0043352
Compound::DB01098,CcSE,Side Effect::C0003811
Compound::DB00187,CcSE,Side Effect::C0392162
Compound::DB00876,CcSE,Side Effect::C0030252
Compound::DB00542,CcSE,Side Effect::C0010200
Compound::DB00695,CcSE,Side Effect::C0011053
Compound::DB00790,CcSE,Side Effect::C0851578
Compound::DB00175,CcSE,Side Effect::C0151766
Compound::DB01115,CcSE,Side Effect::C0001824
Compound::DB00264,CcSE,Side Effect::C0018681
Compound::DB00373,CcSE,Side Effect::C2830004
Compound::DB00641,CcSE,Side Effect::C0028866
Compound::DB00790,CcSE,Side Effect::C0013404
Compound::DB01244,CcSE,Side Effect::C0011603
Compound::DB00178,CcSE,Side Effect::C0162429
Compound::DB00175,CcSE,Side Effect::C3665347
Compound::DB00590,CcSE,Side Effect::C1443060
Compound::DB01200,CcSE,Side Effect::C0003811
Compound::DB00343,CcSE,Side Effect::C0006444
Compound::DB01098,CcSE,Side Effect::C0011570
Compound::DB00808,CcSE,Side Effect::C0238242
Compound::DB00790,CcSE,Side Effect::C0013595
Compound::DB00222,CcSE,Side Effect::C0011609
Compound::DB01083,CcSE,Side Effect::C0232487
Compound::DB00187,CcSE,Side Effect::C0008031
Compound::DB00629,CcSE,Side Effect::C0085593
Compound::DB00808,CcSE,Side Effect::C0016204
Compound::DB00627,CcSE,Side Effect::C0151786
Compound::DB00622,CcSE,Side Effect::C0004238
Compound::DB00695,CcSE,Side Effect::C0877055
Compound::DB00195,CcSE,Side Effect::C0040046
Compound::DB00887,CcSE,Side Effect::C0040034
Compound::DB00661,CcSE,Side Effect::C0039070
Compound::DB04861,CcSE,Side Effect::C0030554
Compound::DB08860,CcSE,Side Effect::C0542476
Compound::DB00999,CcSE,Side Effect::C0013404
Compound::DB01162,CcSE,Side Effect::C0011570
Compound::DB00629,CcSE,Side Effect::C0042109
Compound::DB00627,CcSE,Side Effect::C0019158
Compound::DB00881,CcSE,Side Effect::C0015230
Compound::DB04861,CcSE,Side Effect::C0151904
Compound::DB00672,CcSE,Side Effect::C0001824
Compound::DB00519,CcSE,Side Effect::C0021775
Compound::DB00594,CcSE,Side Effect::C0242350
Compound::DB01039,CcSE,Side Effect::C0340726
Compound::DB01203,CcSE,Side Effect::C3665347
Compound::DB01193,CcSE,Side Effect::C0023380
Compound::DB00876,CcSE,Side Effect::C0235889
Compound::DB00758,CcSE,Side Effect::C0543467
Compound::DB00492,CcSE,Side Effect::C0041912
Compound::DB01039,CcSE,Side Effect::C2711227
Compound::DB00524,CcSE,Side Effect::C0039070
Compound::DB01120,CcSE,Side Effect::C0155365
Compound::DB00966,CcSE,Side Effect::C0178298
Compound::DB01275,CcSE,Side Effect::C0011570
Compound::DB01136,CcSE,Side Effect::C0042075
Compound::DB00373,CcSE,Side Effect::C0002994
Compound::DB00177,CcSE,Side Effect::C0027947
Compound::DB00973,CcSE,Side Effect::C0851341
Compound::DB00492,CcSE,Side Effect::C0162830
Compound::DB00310,CcSE,Side Effect::C0015230
Compound::DB01162,CcSE,Side Effect::C0006277
Compound::DB00175,CcSE,Side Effect::C0338656
Compound::DB00343,CcSE,Side Effect::C0034186
Compound::DB00575,CcSE,Side Effect::C0028734
Compound::DB00187,CcSE,Side Effect::C0042963
Compound::DB00722,CcSE,Side Effect::C0231218
Compound::DB00524,CcSE,Side Effect::C0031117
Compound::DB01083,CcSE,Side Effect::C0012813
Compound::DB00966,CcSE,Side Effect::C0948089
Compound::DB00629,CcSE,Side Effect::C0019521
Compound::DB00627,CcSE,Side Effect::C0151785
Compound::DB00661,CcSE,Side Effect::C0009806
Compound::DB00966,CcSE,Side Effect::C0151786
Compound::DB01018,CcSE,Side Effect::C0036974
Compound::DB00343,CcSE,Side Effect::C0242350
Compound::DB00222,CcSE,Side Effect::C0011991
Compound::DB00187,CcSE,Side Effect::C0013604
Compound::DB00175,CcSE,Side Effect::C2981158
Compound::DB00966,CcSE,Side Effect::C0000731
Compound::DB01193,CcSE,Side Effect::C0948594
Compound::DB01162,CcSE,Side Effect::C0948873
Compound::DB01029,CcSE,Side Effect::C0015967
Compound::DB00796,CcSE,Side Effect::C0020625
Compound::DB00178,CcSE,Side Effect::C0027947
Compound::DB00584,CcSE,Side Effect::C0040034
Compound::DB01120,CcSE,Side Effect::C0026946
Compound::DB00796,CcSE,Side Effect::C0041912
Compound::DB01203,CcSE,Side Effect::C0344232
Compound::DB00584,CcSE,Side Effect::C0242429
Compound::DB00598,CcSE,Side Effect::C0011570
Compound::DB00627,CcSE,Side Effect::C0030252
Compound::DB01029,CcSE,Side Effect::C0040586
Compound::DB00839,CcSE,Side Effect::C0853026
Compound::DB01120,CcSE,Side Effect::C0039231
Compound::DB01120,CcSE,Side Effect::C0009760
Compound::DB00627,CcSE,Side Effect::C0011849
Compound::DB01120,CcSE,Side Effect::C0003864
Compound::DB01018,CcSE,Side Effect::C0011603
Compound::DB00790,CcSE,Side Effect::C0423153
Compound::DB00999,CcSE,Side Effect::C0863084
Compound::DB01016,CcSE,Side Effect::C0009676
Compound::DB00401,CcSE,Side Effect::C0023067
Compound::DB00973,CcSE,Side Effect::C0005940
Compound::DB00571,CcSE,Side Effect::C0020615
Compound::DB08816,CcSE,Side Effect::C0009782
Compound::DB00973,CcSE,Side Effect::C0042109
Compound::DB01083,CcSE,Side Effect::C0030554
Compound::DB00594,CcSE,Side Effect::C0018681
Compound::DB00695,CcSE,Side Effect::C0857807
Compound::DB00492,CcSE,Side Effect::C0233494
Compound::DB01197,CcSE,Side Effect::C0151798
Compound::DB01115,CcSE,Side Effect::C0151826
Compound::DB01018,CcSE,Side Effect::C0015672
Compound::DB00343,CcSE,Side Effect::C0039231
Compound::DB00584,CcSE,Side Effect::C1167965
Compound::DB00903,CcSE,Side Effect::C0011991
Compound::DB00881,CcSE,Side Effect::C0032961
Compound::DB00758,CcSE,Side Effect::C0032285
Compound::DB00661,CcSE,Side Effect::C0700053
Compound::DB00629,CcSE,Side Effect::C0019080
Compound::DB01115,CcSE,Side Effect::C0043144
Compound::DB08816,CcSE,Side Effect::C0333291
Compound::DB00575,CcSE,Side Effect::C0877127
Compound::DB00222,CcSE,Side Effect::C0013404
Compound::DB00722,CcSE,Side Effect::C2363731
Compound::DB01136,CcSE,Side Effect::C0020621
Compound::DB00575,CcSE,Side Effect::C0011124
Compound::DB01023,CcSE,Side Effect::C0014591
Compound::DB01016,CcSE,Side Effect::C0020458
Compound::DB00695,CcSE,Side Effect::C0023218
Compound::DB00945,CcSE,Side Effect::C0857177
Compound::DB00598,CcSE,Side Effect::C0039070
Compound::DB00401,CcSE,Side Effect::C2830004
Compound::DB00178,CcSE,Side Effect::C1443060
Compound::DB01023,CcSE,Side Effect::C0000737
Compound::DB00695,CcSE,Side Effect::C0016204
Compound::DB00343,CcSE,Side Effect::C0392525
Compound::DB00401,CcSE,Side Effect::C0040822
Compound::DB00381,CcSE,Side Effect::C0042514
Compound::DB01197,CcSE,Side Effect::C0013395
Compound::DB00575,CcSE,Side Effect::C0521839
Compound::DB00524,CcSE,Side Effect::C0014591
Compound::DB01132,CcSE,Side Effect::C0917801
Compound::DB00722,CcSE,Side Effect::C0006444
Compound::DB00492,CcSE,Side Effect::C0018099
Compound::DB00903,CcSE,Side Effect::C0003123
Compound::DB04861,CcSE,Side Effect::C0011991
Compound::DB00700,CcSE,Side Effect::C0020621
Compound::DB00887,CcSE,Side Effect::C0038325
Compound::DB00731,CcSE,Side Effect::C0000737
Compound::DB00275,CcSE,Side Effect::C0020651
Compound::DB00796,CcSE,Side Effect::C0001824
Compound::DB00178,CcSE,Side Effect::C0231218
Compound::DB00178,CcSE,Side Effect::C0948089
Compound::DB01359,CcSE,Side Effect::C0476273
Compound::DB00401,CcSE,Side Effect::C0004134
Compound::DB00973,CcSE,Side Effect::C0023895
Compound::DB00790,CcSE,Side Effect::C0235431
Compound::DB00373,CcSE,Side Effect::C0344232
Compound::DB00627,CcSE,Side Effect::C0003962
Compound::DB01115,CcSE,Side Effect::C0039971
Compound::DB00678,CcSE,Side Effect::C0239377
Compound::DB00627,CcSE,Side Effect::C0006277
Compound::DB00175,CcSE,Side Effect::C0700590
Compound::DB01197,CcSE,Side Effect::C0020545
Compound::DB00270,CcSE,Side Effect::C0008031
Compound::DB00401,CcSE,Side Effect::C0020580
Compound::DB00177,CcSE,Side Effect::C0040034
Compound::DB00627,CcSE,Side Effect::C0019270
Compound::DB00264,CcSE,Side Effect::C0019158
Compound::DB00808,CcSE,Side Effect::C0009763
Compound::DB00175,CcSE,Side Effect::C0012833
Compound::DB00571,CcSE,Side Effect::C0428977
Compound::DB00722,CcSE,Side Effect::C0521839
Compound::DB00973,CcSE,Side Effect::C0151632
Compound::DB00790,CcSE,Side Effect::C0853619
Compound::DB00876,CcSE,Side Effect::C0040460
Compound::DB01016,CcSE,Side Effect::C0302295
Compound::DB01261,CcSE,Side Effect::C0040460
Compound::DB00310,CcSE,Side Effect::C0027497
Compound::DB00492,CcSE,Side Effect::C1390484
Compound::DB00175,CcSE,Side Effect::C0024141
Compound::DB00722,CcSE,Side Effect::C0232462
Compound::DB00175,CcSE,Side Effect::C0029089
Compound::DB01132,CcSE,Side Effect::C0033687
Compound::DB01261,CcSE,Side Effect::C0948594
Compound::DB00722,CcSE,Side Effect::C0011603
Compound::DB00492,CcSE,Side Effect::C0231528
Compound::DB00758,CcSE,Side Effect::C0178298
Compound::DB01067,CcSE,Side Effect::C0003467
Compound::DB01124,CcSE,Side Effect::C0030312
Compound::DB00966,CcSE,Side Effect::C0035455
Compound::DB01359,CcSE,Side Effect::C0011991
Compound::DB00575,CcSE,Side Effect::C0234458
Compound::DB00175,CcSE,Side Effect::C0002878
Compound::DB00227,CcSE,Side Effect::C0338656
Compound::DB01115,CcSE,Side Effect::C0038990
Compound::DB00178,CcSE,Side Effect::C0232487
Compound::DB01115,CcSE,Side Effect::C0151827
Compound::DB01098,CcSE,Side Effect::C0011603
Compound::DB00758,CcSE,Side Effect::C0038358
Compound::DB01162,CcSE,Side Effect::C0020458
Compound::DB01261,CcSE,Side Effect::C0948036
Compound::DB00722,CcSE,Side Effect::C0234215
Compound::DB00695,CcSE,Side Effect::C0853813
Compound::DB00436,CcSE,Side Effect::C0018099
Compound::DB00968,CcSE,Side Effect::C0011991
Compound::DB00678,CcSE,Side Effect::C0016053
Compound::DB00436,CcSE,Side Effect::C0232462
Compound::DB00177,CcSE,Side Effect::C0026821
Compound::DB01067,CcSE,Side Effect::C0013144
Compound::DB00575,CcSE,Side Effect::C0948786
Compound::DB01029,CcSE,Side Effect::C0039070
Compound::DB00598,CcSE,Side Effect::C0152031
Compound::DB00966,CcSE,Side Effect::C0020517
Compound::DB01120,CcSE,Side Effect::C0022408
Compound::DB01136,CcSE,Side Effect::C0035204
Compound::DB00178,CcSE,Side Effect::C0011606
Compound::DB00695,CcSE,Side Effect::C0020598
Compound::DB00175,CcSE,Side Effect::C0033774
Compound::DB00412,CcSE,Side Effect::C0033774
Compound::DB00973,CcSE,Side Effect::C0006826
Compound::DB01241,CcSE,Side Effect::C0242420
Compound::DB01120,CcSE,Side Effect::C1956346
Compound::DB00519,CcSE,Side Effect::C0031350
Compound::DB00661,CcSE,Side Effect::C0344232
Compound::DB00492,CcSE,Side Effect::C0085612
Compound::DB00790,CcSE,Side Effect::C0948089
Compound::DB00629,CcSE,Side Effect::C0853893
Compound::DB01200,CcSE,Side Effect::C0031046
Compound::DB01083,CcSE,Side Effect::C0542184
Compound::DB00284,CcSE,Side Effect::C0426576
Compound::DB00275,CcSE,Side Effect::C0948309
Compound::DB01200,CcSE,Side Effect::C0700200
Compound::DB01203,CcSE,Side Effect::C0004245
Compound::DB01124,CcSE,Side Effect::C0023530
Compound::DB00331,CcSE,Side Effect::C0042373
Compound::DB01083,CcSE,Side Effect::C0030305
Compound::DB00519,CcSE,Side Effect::C0000731
Compound::DB00177,CcSE,Side Effect::C0011991
Compound::DB00373,CcSE,Side Effect::C0003811
Compound::DB08882,CcSE,Side Effect::C1384353
Compound::DB01136,CcSE,Side Effect::C0036980
Compound::DB00492,CcSE,Side Effect::C0042769
Compound::DB00622,CcSE,Side Effect::C0042571
Compound::DB00903,CcSE,Side Effect::C0235416
Compound::DB00945,CcSE,Side Effect::C0020517
Compound::DB01197,CcSE,Side Effect::C0151786
Compound::DB00598,CcSE,Side Effect::C0151798
Compound::DB00222,CcSE,Side Effect::C0043352
Compound::DB00641,CcSE,Side Effect::C0015672
Compound::DB00876,CcSE,Side Effect::C0002994
Compound::DB00774,CcSE,Side Effect::C0017979
Compound::DB01197,CcSE,Side Effect::C0018790
Compound::DB00421,CcSE,Side Effect::C0023218
Compound::DB01203,CcSE,Side Effect::C0010200
Compound::DB00343,CcSE,Side Effect::C0344232
Compound::DB00722,CcSE,Side Effect::C0012833
Compound::DB00492,CcSE,Side Effect::C1260922
Compound::DB01197,CcSE,Side Effect::C0018524
Compound::DB01241,CcSE,Side Effect::C0025061
Compound::DB01023,CcSE,Side Effect::C2242996
Compound::DB08816,CcSE,Side Effect::C0015672
Compound::DB00695,CcSE,Side Effect::C0002878
Compound::DB00999,CcSE,Side Effect::C1318520
Compound::DB00178,CcSE,Side Effect::C0948050
Compound::DB01029,CcSE,Side Effect::C0858589
Compound::DB00401,CcSE,Side Effect::C0694547
Compound::DB00966,CcSE,Side Effect::C0030554
Compound::DB00960,CcSE,Side Effect::C0033860
Compound::DB00373,CcSE,Side Effect::C0036974
Compound::DB00629,CcSE,Side Effect::C0020517
Compound::DB00887,CcSE,Side Effect::C0014518
Compound::DB00887,CcSE,Side Effect::C0011603
Compound::DB01083,CcSE,Side Effect::C0042029
Compound::DB00275,CcSE,Side Effect::C0151576
Compound::DB00800,CcSE,Side Effect::C0340464
Compound::DB01029,CcSE,Side Effect::C0019158
Compound::DB01261,CcSE,Side Effect::C0006277
Compound::DB01162,CcSE,Side Effect::C0855242
Compound::DB00492,CcSE,Side Effect::C0863113
Compound::DB00999,CcSE,Side Effect::C0234215
Compound::DB01067,CcSE,Side Effect::C0019158
Compound::DB00790,CcSE,Side Effect::C0581394
Compound::DB00492,CcSE,Side Effect::C0853087
Compound::DB00590,CcSE,Side Effect::C0033777
Compound::DB00492,CcSE,Side Effect::C0022661
Compound::DB00584,CcSE,Side Effect::C0547030
Compound::DB00808,CcSE,Side Effect::C0151825
Compound::DB00524,CcSE,Side Effect::C0042571
Compound::DB00331,CcSE,Side Effect::C0700590
Compound::DB00945,CcSE,Side Effect::C0268030
Compound::DB01029,CcSE,Side Effect::C1318520
Compound::DB00524,CcSE,Side Effect::C0026821
Compound::DB00881,CcSE,Side Effect::C0034068
Compound::DB00571,CcSE,Side Effect::C0030848
Compound::DB00590,CcSE,Side Effect::C0232487
Compound::DB00876,CcSE,Side Effect::C0423791
Compound::DB01115,CcSE,Side Effect::C0032617
Compound::DB00678,CcSE,Side Effect::C0917801
Compound::DB01200,CcSE,Side Effect::C0032231
Compound::DB00542,CcSE,Side Effect::C0948089
Compound::DB00629,CcSE,Side Effect::C0546817
Compound::DB00598,CcSE,Side Effect::C0026821
Compound::DB00187,CcSE,Side Effect::C0009676
Compound::DB00590,CcSE,Side Effect::C0019360
Compound::DB00373,CcSE,Side Effect::C0423281
Compound::DB00401,CcSE,Side Effect::C0014591
Compound::DB00590,CcSE,Side Effect::C0037763
Compound::DB00731,CcSE,Side Effect::C0004604
Compound::DB00839,CcSE,Side Effect::C0017178
Compound::DB08816,CcSE,Side Effect::C0042075
Compound::DB01136,CcSE,Side Effect::C1260922
Compound::DB00195,CcSE,Side Effect::C0020456
Compound::DB00343,CcSE,Side Effect::C0520886
Compound::DB00343,CcSE,Side Effect::C0349506
Compound::DB00700,CcSE,Side Effect::C0020625
Compound::DB00796,CcSE,Side Effect::C0008031
Compound::DB00264,CcSE,Side Effect::C0040034
Compound::DB00412,CcSE,Side Effect::C0015397
Compound::DB01200,CcSE,Side Effect::C0031048
Compound::DB00973,CcSE,Side Effect::C0020538
Compound::DB00945,CcSE,Side Effect::C0019087
Compound::DB00796,CcSE,Side Effect::C0948089
Compound::DB00331,CcSE,Side Effect::C0220982
Compound::DB01132,CcSE,Side Effect::C0232492
Compound::DB00195,CcSE,Side Effect::C0549249
Compound::DB01200,CcSE,Side Effect::C0011253
Compound::DB00973,CcSE,Side Effect::C0030326
Compound::DB00275,CcSE,Side Effect::C0231218
Compound::DB01115,CcSE,Side Effect::C0267792
Compound::DB01241,CcSE,Side Effect::C0002792
Compound::DB01029,CcSE,Side Effect::C0427008
Compound::DB00695,CcSE,Side Effect::C0040264
Compound::DB01132,CcSE,Side Effect::C1443060
Compound::DB00343,CcSE,Side Effect::C0027051
Compound::DB00808,CcSE,Side Effect::C0013390
Compound::DB00695,CcSE,Side Effect::C0003123
Compound::DB01016,CcSE,Side Effect::C0011603
Compound::DB01162,CcSE,Side Effect::C0029408
Compound::DB00598,CcSE,Side Effect::C0020517
Compound::DB00881,CcSE,Side Effect::C0013604
Compound::DB00629,CcSE,Side Effect::C0013604
Compound::DB00175,CcSE,Side Effect::C0009450
Compound::DB00401,CcSE,Side Effect::C0030252
Compound::DB00590,CcSE,Side Effect::C0037199
Compound::DB00808,CcSE,Side Effect::C0011991
Compound::DB00214,CcSE,Side Effect::C0151476
Compound::DB01193,CcSE,Side Effect::C0003467
Compound::DB00195,CcSE,Side Effect::C0033975
Compound::DB00275,CcSE,Side Effect::C0030305
Compound::DB00629,CcSE,Side Effect::C0344232
Compound::DB01261,CcSE,Side Effect::C0009782
Compound::DB00584,CcSE,Side Effect::C0013395
Compound::DB00700,CcSE,Side Effect::C0231218
Compound::DB00629,CcSE,Side Effect::C0020639
Compound::DB00381,CcSE,Side Effect::C0030554
Compound::DB00758,CcSE,Side Effect::C0013395
Compound::DB00227,CcSE,Side Effect::C0232487
Compound::DB00195,CcSE,Side Effect::C0233414
Compound::DB00519,CcSE,Side Effect::C0020456
Compound::DB01120,CcSE,Side Effect::C0001973
Compound::DB00796,CcSE,Side Effect::C0014591
Compound::DB00800,CcSE,Side Effect::C0011991
Compound::DB01018,CcSE,Side Effect::C0003862
Compound::DB00790,CcSE,Side Effect::C0028961
Compound::DB00880,CcSE,Side Effect::C0002878
Compound::DB00672,CcSE,Side Effect::C0541900
Compound::DB00421,CcSE,Side Effect::C0042109
Compound::DB01136,CcSE,Side Effect::C0030554
Compound::DB00178,CcSE,Side Effect::C0232459
Compound::DB01193,CcSE,Side Effect::C3665609
Compound::DB00590,CcSE,Side Effect::C0235756
Compound::DB00590,CcSE,Side Effect::C0232462
Compound::DB01197,CcSE,Side Effect::C0031350
Compound::DB01197,CcSE,Side Effect::C0013378
Compound::DB00808,CcSE,Side Effect::C0542571
Compound::DB00178,CcSE,Side Effect::C0851578
Compound::DB00331,CcSE,Side Effect::C0242528
Compound::DB01162,CcSE,Side Effect::C0086525
Compound::DB01115,CcSE,Side Effect::C0340464
Compound::DB00175,CcSE,Side Effect::C0042109
Compound::DB00627,CcSE,Side Effect::C0151610
Compound::DB00275,CcSE,Side Effect::C0220870
Compound::DB00876,CcSE,Side Effect::C0039231
Compound::DB00887,CcSE,Side Effect::C0033038
Compound::DB00796,CcSE,Side Effect::C2830004
Compound::DB00343,CcSE,Side Effect::C0030554
Compound::DB01039,CcSE,Side Effect::C0740394
Compound::DB00903,CcSE,Side Effect::C0011603
Compound::DB00492,CcSE,Side Effect::C0687133
Compound::DB01241,CcSE,Side Effect::C0011991
Compound::DB04861,CcSE,Side Effect::C0042109
Compound::DB00575,CcSE,Side Effect::C0085610
Compound::DB00542,CcSE,Side Effect::C0020458
Compound::DB01132,CcSE,Side Effect::C0020538
Compound::DB00222,CcSE,Side Effect::C0030312
Compound::DB01023,CcSE,Side Effect::C0547030
Compound::DB01193,CcSE,Side Effect::C0007166
Compound::DB00381,CcSE,Side Effect::C0020580
Compound::DB01120,CcSE,Side Effect::C0035243
Compound::DB00800,CcSE,Side Effect::C0428977
Compound::DB00661,CcSE,Side Effect::C0016385
Compound::DB01197,CcSE,Side Effect::C0701836
Compound::DB01023,CcSE,Side Effect::C0242350
Compound::DB00214,CcSE,Side Effect::C0008031
Compound::DB00571,CcSE,Side Effect::C0011991
Compound::DB00331,CcSE,Side Effect::C1384353
Compound::DB00622,CcSE,Side Effect::C0340464
Compound::DB00575,CcSE,Side Effect::C0013404
Compound::DB00575,CcSE,Side Effect::C0009450
Compound::DB00790,CcSE,Side Effect::C0037822
Compound::DB00945,CcSE,Side Effect::C0023530
Compound::DB00542,CcSE,Side Effect::C0020649
Compound::DB00629,CcSE,Side Effect::C0007859
Compound::DB00492,CcSE,Side Effect::C0008033
Compound::DB00627,CcSE,Side Effect::C0687713
Compound::DB01200,CcSE,Side Effect::C0035455
Compound::DB00214,CcSE,Side Effect::C1994994
Compound::DB00678,CcSE,Side Effect::C0009676
Compound::DB00381,CcSE,Side Effect::C0002994
Compound::DB00310,CcSE,Side Effect::C1971624
Compound::DB00542,CcSE,Side Effect::C0042023
Compound::DB01241,CcSE,Side Effect::C0041657
Compound::DB00524,CcSE,Side Effect::C1368065
Compound::DB08882,CcSE,Side Effect::C0025061
Compound::DB00524,CcSE,Side Effect::C0034150
Compound::DB00968,CcSE,Side Effect::C0152031
Compound::DB00195,CcSE,Side Effect::C0005741
Compound::DB01115,CcSE,Side Effect::C0151905
Compound::DB00270,CcSE,Side Effect::C0013604
Compound::DB00661,CcSE,Side Effect::C0851578
Compound::DB01083,CcSE,Side Effect::C0178298
Compound::DB00758,CcSE,Side Effect::C0400821
Compound::DB00880,CcSE,Side Effect::C0392176
Compound::DB00796,CcSE,Side Effect::C0039231
Compound::DB01115,CcSE,Side Effect::C0549622
Compound::DB01023,CcSE,Side Effect::C2939147
Compound::DB00661,CcSE,Side Effect::C0151736
Compound::DB00381,CcSE,Side Effect::C0424790
Compound::DB00790,CcSE,Side Effect::C0151636
Compound::DB00187,CcSE,Side Effect::C1720775
Compound::DB01083,CcSE,Side Effect::C0035078
Compound::DB01016,CcSE,Side Effect::C0011053
Compound::DB00542,CcSE,Side Effect::C0016382
Compound::DB00264,CcSE,Side Effect::C2981158
Compound::DB00999,CcSE,Side Effect::C0853760
Compound::DB00590,CcSE,Side Effect::C0020651
Compound::DB00790,CcSE,Side Effect::C0016382
Compound::DB00227,CcSE,Side Effect::C0233794
Compound::DB00519,CcSE,Side Effect::C0042373
Compound::DB00966,CcSE,Side Effect::C0023222
Compound::DB00912,CcSE,Side Effect::C0020517
Compound::DB00722,CcSE,Side Effect::C0085593
Compound::DB00310,CcSE,Side Effect::C0026821
Compound::DB00284,CcSE,Side Effect::C0160390
Compound::DB00622,CcSE,Side Effect::C0233494
Compound::DB00331,CcSE,Side Effect::C0013144
Compound::DB00590,CcSE,Side Effect::C0948089
Compound::DB00722,CcSE,Side Effect::C0020456
Compound::DB01120,CcSE,Side Effect::C0036572
Compound::DB00598,CcSE,Side Effect::C0023648
Compound::DB00275,CcSE,Side Effect::C1318520
Compound::DB00590,CcSE,Side Effect::C0027497
Compound::DB00175,CcSE,Side Effect::C0027441
Compound::DB01018,CcSE,Side Effect::C0393761
Compound::DB00808,CcSE,Side Effect::C1318520
Compound::DB01016,CcSE,Side Effect::C0030305
Compound::DB00594,CcSE,Side Effect::C0239571
Compound::DB00598,CcSE,Side Effect::C0004245
Compound::DB00195,CcSE,Side Effect::C0001122
Compound::DB00722,CcSE,Side Effect::C0016382
Compound::DB00571,CcSE,Side Effect::C0037274
Compound::DB00373,CcSE,Side Effect::C0234632
Compound::DB01132,CcSE,Side Effect::C0547030
Compound::DB00584,CcSE,Side Effect::C0031117
Compound::DB00270,CcSE,Side Effect::C0021053
Compound::DB00331,CcSE,Side Effect::C1167654
Compound::DB00881,CcSE,Side Effect::C0013404
Compound::DB00571,CcSE,Side Effect::C1262141
Compound::DB00622,CcSE,Side Effect::C0917801
Compound::DB00945,CcSE,Side Effect::C0025222
Compound::DB00796,CcSE,Side Effect::C0012833
Compound::DB00457,CcSE,Side Effect::C0042571
Compound::DB00808,CcSE,Side Effect::C0016382
Compound::DB00177,CcSE,Side Effect::C0151539
Compound::DB00584,CcSE,Side Effect::C0020517
Compound::DB00343,CcSE,Side Effect::C0853619
Compound::DB00331,CcSE,Side Effect::C0011603
Compound::DB00912,CcSE,Side Effect::C0267792
Compound::DB00695,CcSE,Side Effect::C0008370
Compound::DB00343,CcSE,Side Effect::C0575081
Compound::DB00401,CcSE,Side Effect::C0002418
Compound::DB00999,CcSE,Side Effect::C0039971
Compound::DB00575,CcSE,Side Effect::C0242429
Compound::DB00177,CcSE,Side Effect::C0042384
Compound::DB00264,CcSE,Side Effect::C0700361
Compound::DB01197,CcSE,Side Effect::C0014742
Compound::DB01120,CcSE,Side Effect::C0020625
Compound::DB01115,CcSE,Side Effect::C0015397
Compound::DB00227,CcSE,Side Effect::C0015967
Compound::DB01067,CcSE,Side Effect::C0020615
Compound::DB00401,CcSE,Side Effect::C0151766
Compound::DB01261,CcSE,Side Effect::C0231218
Compound::DB00661,CcSE,Side Effect::C3263723
Compound::DB00968,CcSE,Side Effect::C0011603
Compound::DB00177,CcSE,Side Effect::C0042963
Compound::DB00629,CcSE,Side Effect::C0948808
Compound::DB01029,CcSE,Side Effect::C0003864
Compound::DB00571,CcSE,Side Effect::C0314719
Compound::DB01200,CcSE,Side Effect::C0018524
Compound::DB00973,CcSE,Side Effect::C0009782
Compound::DB00966,CcSE,Side Effect::C0015672
Compound::DB04861,CcSE,Side Effect::C0027765
Compound::DB01029,CcSE,Side Effect::C0231218
Compound::DB00966,CcSE,Side Effect::C0037199
Compound::DB00227,CcSE,Side Effect::C0016204
Compound::DB00912,CcSE,Side Effect::C0948089
Compound::DB00421,CcSE,Side Effect::C0011991
Compound::DB00401,CcSE,Side Effect::C0234458
Compound::DB00627,CcSE,Side Effect::C0036974
Compound::DB01132,CcSE,Side Effect::C0009782
Compound::DB00627,CcSE,Side Effect::C0518015
Compound::DB00796,CcSE,Side Effect::C0015967
Compound::DB00421,CcSE,Side Effect::C0346156
Compound::DB01241,CcSE,Side Effect::C0151786
Compound::DB01261,CcSE,Side Effect::C0009806
Compound::DB01039,CcSE,Side Effect::C0042345
Compound::DB00195,CcSE,Side Effect::C0036974
Compound::DB00661,CcSE,Side Effect::C0019158
Compound::DB00695,CcSE,Side Effect::C0040053
Compound::DB00401,CcSE,Side Effect::C0043352
Compound::DB00264,CcSE,Side Effect::C0151766
Compound::DB01023,CcSE,Side Effect::C0149904
Compound::DB00960,CcSE,Side Effect::C0600142
Compound::DB00960,CcSE,Side Effect::C0264906
Compound::DB01115,CcSE,Side Effect::C0011603
Compound::DB00584,CcSE,Side Effect::C0392699
Compound::DB00492,CcSE,Side Effect::C0476273
Compound::DB00758,CcSE,Side Effect::C0235431
Compound::DB01115,CcSE,Side Effect::C0011606
Compound::DB01136,CcSE,Side Effect::C0518015
Compound::DB01162,CcSE,Side Effect::C0008031
Compound::DB00227,CcSE,Side Effect::C0040822
Compound::DB01039,CcSE,Side Effect::C0232849
Compound::DB00227,CcSE,Side Effect::C0751295
Compound::DB00331,CcSE,Side Effect::C0015397
Compound::DB00412,CcSE,Side Effect::C0020433
Compound::DB00175,CcSE,Side Effect::C0542476
Compound::DB00790,CcSE,Side Effect::C0522055
Compound::DB01124,CcSE,Side Effect::C0033774
Compound::DB01244,CcSE,Side Effect::C0030252
Compound::DB00629,CcSE,Side Effect::C0151609
Compound::DB00966,CcSE,Side Effect::C1145628
Compound::DB00808,CcSE,Side Effect::C0019151
Compound::DB00629,CcSE,Side Effect::C0948817
Compound::DB00343,CcSE,Side Effect::C0027765
Compound::DB00264,CcSE,Side Effect::C0021053
Compound::DB00790,CcSE,Side Effect::C0542571
Compound::DB00343,CcSE,Side Effect::C0002622
Compound::DB00187,CcSE,Side Effect::C0151799
Compound::DB00912,CcSE,Side Effect::C0547030
Compound::DB00519,CcSE,Side Effect::C0042023
Compound::DB00966,CcSE,Side Effect::C0020461
Compound::DB00575,CcSE,Side Effect::C2363730
Compound::DB00999,CcSE,Side Effect::C0151766
Compound::DB00575,CcSE,Side Effect::C0235338
Compound::DB00622,CcSE,Side Effect::C0013447
Compound::DB00177,CcSE,Side Effect::C0016204
Compound::DB00880,CcSE,Side Effect::C0009806
Compound::DB00381,CcSE,Side Effect::C0024117
Compound::DB00966,CcSE,Side Effect::C0338908
Compound::DB00627,CcSE,Side Effect::C0020651
Compound::DB00722,CcSE,Side Effect::C0026826
Compound::DB00999,CcSE,Side Effect::C0239488
Compound::DB00310,CcSE,Side Effect::C0017979
Compound::DB01023,CcSE,Side Effect::C0234233
Compound::DB01261,CcSE,Side Effect::C2830004
Compound::DB00275,CcSE,Side Effect::C0042963
Compound::DB00731,CcSE,Side Effect::C0232461
Compound::DB00373,CcSE,Side Effect::C0027497
Compound::DB00492,CcSE,Side Effect::C0011606
Compound::DB00758,CcSE,Side Effect::C0042790
Compound::DB01162,CcSE,Side Effect::C0037822
Compound::DB01120,CcSE,Side Effect::C0009421
Compound::DB00264,CcSE,Side Effect::C0004245
Compound::DB00598,CcSE,Side Effect::C0740482
Compound::DB01115,CcSE,Side Effect::C0014868
Compound::DB00412,CcSE,Side Effect::C0013604
Compound::DB00524,CcSE,Side Effect::C0233494
Compound::DB01136,CcSE,Side Effect::C0917801
Compound::DB01083,CcSE,Side Effect::C0020458
Compound::DB00373,CcSE,Side Effect::C0010200
Compound::DB00722,CcSE,Side Effect::C0027947
Compound::DB00175,CcSE,Side Effect::C0011570
Compound::DB00227,CcSE,Side Effect::C0235309
Compound::DB01275,CcSE,Side Effect::C0009763
Compound::DB00187,CcSE,Side Effect::C0016382
Compound::DB00381,CcSE,Side Effect::C0039231
Compound::DB00178,CcSE,Side Effect::C0085096
Compound::DB00178,CcSE,Side Effect::C0009782
Compound::DB00627,CcSE,Side Effect::C0423791
Compound::DB00373,CcSE,Side Effect::C0234913
Compound::DB00876,CcSE,Side Effect::C0034150
Compound::DB01275,CcSE,Side Effect::C0013428
Compound::DB00973,CcSE,Side Effect::C0014742
Compound::DB00264,CcSE,Side Effect::C0022346
Compound::DB00966,CcSE,Side Effect::C0006277
Compound::DB01115,CcSE,Side Effect::C0235198
Compound::DB01039,CcSE,Side Effect::C0005758
Compound::DB00575,CcSE,Side Effect::C0151878
Compound::DB00492,CcSE,Side Effect::C0021400
Compound::DB00310,CcSE,Side Effect::C0022354
Compound::DB00622,CcSE,Side Effect::C0020458
Compound::DB00195,CcSE,Side Effect::C0042035
Compound::DB00758,CcSE,Side Effect::C0034065
Compound::DB00678,CcSE,Side Effect::C0085580
Compound::DB01083,CcSE,Side Effect::C1167965
Compound::DB00175,CcSE,Side Effect::C0002994
Compound::DB00775,CcSE,Side Effect::C0038999
Compound::DB01136,CcSE,Side Effect::C0014742
Compound::DB00722,CcSE,Side Effect::C3665346
Compound::DB01115,CcSE,Side Effect::C1287298
Compound::DB01029,CcSE,Side Effect::C0220870
Compound::DB01023,CcSE,Side Effect::C0041912
Compound::DB01039,CcSE,Side Effect::C0035455
Compound::DB01136,CcSE,Side Effect::C0027769
Compound::DB01197,CcSE,Side Effect::C0005758
Compound::DB00598,CcSE,Side Effect::C0013604
Compound::DB00598,CcSE,Side Effect::C0233472
Compound::DB00960,CcSE,Side Effect::C0042373
Compound::DB00343,CcSE,Side Effect::C0027424
Compound::DB00887,CcSE,Side Effect::C0020456
Compound::DB01029,CcSE,Side Effect::C0031350
Compound::DB00270,CcSE,Side Effect::C0003862
Compound::DB01029,CcSE,Side Effect::C0042963
Compound::DB00758,CcSE,Side Effect::C1963943
Compound::DB00227,CcSE,Side Effect::C0234233
Compound::DB00796,CcSE,Side Effect::C0013395
Compound::DB00887,CcSE,Side Effect::C0740394
Compound::DB00960,CcSE,Side Effect::C0023380
Compound::DB00641,CcSE,Side Effect::C0234238
Compound::DB00384,CcSE,Side Effect::C0149937
Compound::DB01023,CcSE,Side Effect::C0011124
Compound::DB00661,CcSE,Side Effect::C0948089
Compound::DB00808,CcSE,Side Effect::C0006840
Compound::DB00999,CcSE,Side Effect::C0040822
Compound::DB01023,CcSE,Side Effect::C0687713
Compound::DB00876,CcSE,Side Effect::C0035078
Compound::DB01115,CcSE,Side Effect::C0030196
Compound::DB00175,CcSE,Side Effect::C0011633
Compound::DB01115,CcSE,Side Effect::C0220981
Compound::DB00310,CcSE,Side Effect::C0001824
Compound::DB00590,CcSE,Side Effect::C0042769
Compound::DB00214,CcSE,Side Effect::C0020649
Compound::DB01018,CcSE,Side Effect::C0687713
Compound::DB00629,CcSE,Side Effect::C0033771
Compound::DB00542,CcSE,Side Effect::C0031350
Compound::DB00373,CcSE,Side Effect::C0271051
Compound::DB00695,CcSE,Side Effect::C0013378
Compound::DB01203,CcSE,Side Effect::C2363730
Compound::DB00187,CcSE,Side Effect::C0033774
Compound::DB00700,CcSE,Side Effect::C0039070
Compound::DB00881,CcSE,Side Effect::C0009806
Compound::DB01039,CcSE,Side Effect::C0019158
Compound::DB00178,CcSE,Side Effect::C0442856
Compound::DB00945,CcSE,Side Effect::C0018099
Compound::DB00178,CcSE,Side Effect::C0160390
Compound::DB01193,CcSE,Side Effect::C2981158
Compound::DB01193,CcSE,Side Effect::C0010200
Compound::DB00876,CcSE,Side Effect::C0030554
Compound::DB01098,CcSE,Side Effect::C0438142
Compound::DB01275,CcSE,Side Effect::C0040034
Compound::DB01029,CcSE,Side Effect::C0699744
Compound::DB00457,CcSE,Side Effect::C0043352
Compound::DB00966,CcSE,Side Effect::C0011849
Compound::DB01197,CcSE,Side Effect::C0038363
Compound::DB00880,CcSE,Side Effect::C0042384
Compound::DB00222,CcSE,Side Effect::C0038454
Compound::DB01120,CcSE,Side Effect::C0022904
Compound::DB00584,CcSE,Side Effect::C0085606
Compound::DB00227,CcSE,Side Effect::C0014457
Compound::DB00177,CcSE,Side Effect::C0027497
Compound::DB00880,CcSE,Side Effect::C1368065
Compound::DB01098,CcSE,Side Effect::C0019158
Compound::DB00227,CcSE,Side Effect::C1510497
Compound::DB00876,CcSE,Side Effect::C0036974
Compound::DB00401,CcSE,Side Effect::C0018802
Compound::DB00412,CcSE,Side Effect::C0002871
Compound::DB01039,CcSE,Side Effect::C0027765
Compound::DB00722,CcSE,Side Effect::C0877664
Compound::DB00968,CcSE,Side Effect::C0027424
Compound::DB00629,CcSE,Side Effect::C1306341
Compound::DB00412,CcSE,Side Effect::C0151744
Compound::DB01039,CcSE,Side Effect::C0021400
Compound::DB01039,CcSE,Side Effect::C0853034
Compound::DB00800,CcSE,Side Effect::C0518015
Compound::DB00491,CcSE,Side Effect::C0011603
Compound::DB00542,CcSE,Side Effect::C0016204
Compound::DB01200,CcSE,Side Effect::C0032227
Compound::DB01120,CcSE,Side Effect::C0086543
Compound::DB00629,CcSE,Side Effect::C0151908
Compound::DB00999,CcSE,Side Effect::C0041657
Compound::DB00876,CcSE,Side Effect::C0235490
Compound::DB00622,CcSE,Side Effect::C0003467
Compound::DB00177,CcSE,Side Effect::C0020517
Compound::DB00331,CcSE,Side Effect::C0232487
Compound::DB00373,CcSE,Side Effect::C0027441
Compound::DB01023,CcSE,Side Effect::C0233494
Compound::DB00187,CcSE,Side Effect::C0020649
Compound::DB00968,CcSE,Side Effect::C0741983
Compound::DB00571,CcSE,Side Effect::C0242429
Compound::DB00381,CcSE,Side Effect::C0011991
Compound::DB00175,CcSE,Side Effect::C0151576
Compound::DB00598,CcSE,Side Effect::C0041834
Compound::DB00177,CcSE,Side Effect::C0151934
Compound::DB00903,CcSE,Side Effect::C2047937
Compound::DB01083,CcSE,Side Effect::C0376286
Compound::DB00524,CcSE,Side Effect::C0030252
Compound::DB00800,CcSE,Side Effect::C0030252
Compound::DB00542,CcSE,Side Effect::C0235431
Compound::DB00590,CcSE,Side Effect::C0003467
Compound::DB00310,CcSE,Side Effect::C0040034
Compound::DB00310,CcSE,Side Effect::C0392176
Compound::DB00343,CcSE,Side Effect::C0428908
Compound::DB00492,CcSE,Side Effect::C0234192
Compound::DB01120,CcSE,Side Effect::C0018099
Compound::DB00575,CcSE,Side Effect::C0020580
Compound::DB01200,CcSE,Side Effect::C0042109
Compound::DB00881,CcSE,Side Effect::C0002170
Compound::DB00839,CcSE,Side Effect::C0022354
Compound::DB01197,CcSE,Side Effect::C0948594
Compound::DB00584,CcSE,Side Effect::C0028961
Compound::DB00758,CcSE,Side Effect::C0019158
Compound::DB00492,CcSE,Side Effect::C0027051
Compound::DB00641,CcSE,Side Effect::C0917801
Compound::DB00808,CcSE,Side Effect::C0039240
Compound::DB00594,CcSE,Side Effect::C0085620
Compound::DB00175,CcSE,Side Effect::C0026848
Compound::DB01203,CcSE,Side Effect::C0018524
Compound::DB00575,CcSE,Side Effect::C0028084
Compound::DB00264,CcSE,Side Effect::C0042109
Compound::DB01193,CcSE,Side Effect::C0234913
Compound::DB00412,CcSE,Side Effect::C0267792
Compound::DB01162,CcSE,Side Effect::C0022346
Compound::DB00876,CcSE,Side Effect::C0042023
Compound::DB00594,CcSE,Side Effect::C0476289
Compound::DB01162,CcSE,Side Effect::C0003862
Compound::DB04861,CcSE,Side Effect::C2830004
Compound::DB01275,CcSE,Side Effect::C0018801
Compound::DB00575,CcSE,Side Effect::C0004245
Compound::DB01098,CcSE,Side Effect::C0022346
Compound::DB01115,CcSE,Side Effect::C0438215
Compound::DB00695,CcSE,Side Effect::C0220983
Compound::DB00622,CcSE,Side Effect::C0040264
Compound::DB00584,CcSE,Side Effect::C0002994
Compound::DB00960,CcSE,Side Effect::C0428977
Compound::DB00661,CcSE,Side Effect::C0235996
Compound::DB00519,CcSE,Side Effect::C0017152
Compound::DB00758,CcSE,Side Effect::C0423008
Compound::DB00177,CcSE,Side Effect::C0042373
Compound::DB01115,CcSE,Side Effect::C0020458
Compound::DB01197,CcSE,Side Effect::C0857122
Compound::DB00175,CcSE,Side Effect::C0016204
Compound::DB00960,CcSE,Side Effect::C0027765
Compound::DB00968,CcSE,Side Effect::C0022346
Compound::DB04861,CcSE,Side Effect::C0021775
Compound::DB00178,CcSE,Side Effect::C0220870
Compound::DB00571,CcSE,Side Effect::C0027125
Compound::DB01193,CcSE,Side Effect::C0234215
Compound::DB00876,CcSE,Side Effect::C0040264
Compound::DB00542,CcSE,Side Effect::C0004604
Compound::DB00722,CcSE,Side Effect::C0021308
Compound::DB01261,CcSE,Side Effect::C0595883
Compound::DB01029,CcSE,Side Effect::C0700363
Compound::DB01261,CcSE,Side Effect::C1384353
Compound::DB01244,CcSE,Side Effect::C0003123
Compound::DB01136,CcSE,Side Effect::C0034642
Compound::DB00945,CcSE,Side Effect::C0040034
Compound::DB00796,CcSE,Side Effect::C0311468
Compound::DB00275,CcSE,Side Effect::C1971624
Compound::DB00519,CcSE,Side Effect::C0853760
Compound::DB00275,CcSE,Side Effect::C0041969
Compound::DB00519,CcSE,Side Effect::C3665347
Compound::DB00222,CcSE,Side Effect::C0221161
Compound::DB00519,CcSE,Side Effect::C0014742
Compound::DB01039,CcSE,Side Effect::C0026821
Compound::DB01039,CcSE,Side Effect::C0917801
Compound::DB00524,CcSE,Side Effect::C0740394
Compound::DB00178,CcSE,Side Effect::C0002962
Compound::DB00876,CcSE,Side Effect::C0003864
Compound::DB00177,CcSE,Side Effect::C1384353
Compound::DB00384,CcSE,Side Effect::C0042963
Compound::DB01197,CcSE,Side Effect::C0857353
Compound::DB00519,CcSE,Side Effect::C0549373
Compound::DB00264,CcSE,Side Effect::C0018524
Compound::DB00492,CcSE,Side Effect::C0018681
Compound::DB00492,CcSE,Side Effect::C0003862
Compound::DB01120,CcSE,Side Effect::C0151539
Compound::DB00945,CcSE,Side Effect::C0011849
Compound::DB00790,CcSE,Side Effect::C0085633
Compound::DB01115,CcSE,Side Effect::C0151662
Compound::DB00912,CcSE,Side Effect::C0015230
Compound::DB00264,CcSE,Side Effect::C0155626
Compound::DB00214,CcSE,Side Effect::C0027497
Compound::DB00270,CcSE,Side Effect::C0018418
Compound::DB00542,CcSE,Side Effect::C0917801
Compound::DB01016,CcSE,Side Effect::C0005779
Compound::DB00598,CcSE,Side Effect::C0036974
Compound::DB00195,CcSE,Side Effect::C1443060
Compound::DB00999,CcSE,Side Effect::C0234708
Compound::DB00731,CcSE,Side Effect::C0027497
Compound::DB01115,CcSE,Side Effect::C0009421
Compound::DB00519,CcSE,Side Effect::C0005741
Compound::DB00227,CcSE,Side Effect::C0852911
Compound::DB00839,CcSE,Side Effect::C0232459
Compound::DB00492,CcSE,Side Effect::C0037023
Compound::DB00343,CcSE,Side Effect::C0020649
Compound::DB08860,CcSE,Side Effect::C0338656
Compound::DB00966,CcSE,Side Effect::C0010200
Compound::DB00177,CcSE,Side Effect::C0042075
Compound::DB00222,CcSE,Side Effect::C0012833
Compound::DB00195,CcSE,Side Effect::C0042109
Compound::DB00966,CcSE,Side Effect::C0032285
Compound::DB00270,CcSE,Side Effect::C0026821
Compound::DB00373,CcSE,Side Effect::C0030848
Compound::DB00177,CcSE,Side Effect::C0002170
Compound::DB01275,CcSE,Side Effect::C0028643
Compound::DB00421,CcSE,Side Effect::C0015230
Compound::DB01115,CcSE,Side Effect::C0234233
Compound::DB00808,CcSE,Side Effect::C0220870
Compound::DB01136,CcSE,Side Effect::C0006266
Compound::DB00331,CcSE,Side Effect::C0027497
Compound::DB00331,CcSE,Side Effect::C0428977
Compound::DB01136,CcSE,Side Effect::C0020615
Compound::DB00790,CcSE,Side Effect::C0040822
Compound::DB00966,CcSE,Side Effect::C0042571
Compound::DB00491,CcSE,Side Effect::C1258215
Compound::DB00629,CcSE,Side Effect::C0000731
Compound::DB01115,CcSE,Side Effect::C1321581
Compound::DB00584,CcSE,Side Effect::C0038362
Compound::DB00622,CcSE,Side Effect::C0007859
Compound::DB00881,CcSE,Side Effect::C0267792
Compound::DB01241,CcSE,Side Effect::C0231528
Compound::DB01261,CcSE,Side Effect::C0042075
Compound::DB01241,CcSE,Side Effect::C0233494
Compound::DB00214,CcSE,Side Effect::C0948594
Compound::DB00960,CcSE,Side Effect::C0011603
Compound::DB01120,CcSE,Side Effect::C0040584
Compound::DB00796,CcSE,Side Effect::C0033774
Compound::DB00175,CcSE,Side Effect::C0600142
Compound::DB00175,CcSE,Side Effect::C0009443
Compound::DB01200,CcSE,Side Effect::C0232493
Compound::DB00584,CcSE,Side Effect::C0002792
Compound::DB00887,CcSE,Side Effect::C0015230
Compound::DB00887,CcSE,Side Effect::C0085584
Compound::DB00310,CcSE,Side Effect::C0020651
Compound::DB01039,CcSE,Side Effect::C0017178
Compound::DB01120,CcSE,Side Effect::C0020580
Compound::DB00790,CcSE,Side Effect::C0236075
Compound::DB00790,CcSE,Side Effect::C0234458
Compound::DB01115,CcSE,Side Effect::C2697368
Compound::DB00381,CcSE,Side Effect::C0010200
Compound::DB00175,CcSE,Side Effect::C0151798
Compound::DB00903,CcSE,Side Effect::C0151766
Compound::DB00678,CcSE,Side Effect::C0344232
Compound::DB00177,CcSE,Side Effect::C0013395
Compound::DB00622,CcSE,Side Effect::C0344232
Compound::DB01359,CcSE,Side Effect::C0041912
Compound::DB00373,CcSE,Side Effect::C0242461
Compound::DB00584,CcSE,Side Effect::C0007859
Compound::DB00966,CcSE,Side Effect::C0020615
Compound::DB04861,CcSE,Side Effect::C0012833
Compound::DB00524,CcSE,Side Effect::C0031256
Compound::DB00492,CcSE,Side Effect::C0428977
Compound::DB01162,CcSE,Side Effect::C0021400
Compound::DB00270,CcSE,Side Effect::C0038454
Compound::DB00175,CcSE,Side Effect::C0040586
Compound::DB00206,CcSE,Side Effect::C0012833
Compound::DB00629,CcSE,Side Effect::C0030554
Compound::DB00575,CcSE,Side Effect::C0015230
Compound::DB01197,CcSE,Side Effect::C0011606
Compound::DB01193,CcSE,Side Effect::C0233472
Compound::DB00661,CcSE,Side Effect::C0013395
Compound::DB00999,CcSE,Side Effect::C0085584
Compound::DB00999,CcSE,Side Effect::C0162830
Compound::DB01261,CcSE,Side Effect::C0392525
Compound::DB00195,CcSE,Side Effect::C0037274
Compound::DB00999,CcSE,Side Effect::C0700225
Compound::DB01083,CcSE,Side Effect::C0029408
Compound::DB01197,CcSE,Side Effect::C0002792
Compound::DB01023,CcSE,Side Effect::C0018418
Compound::DB00373,CcSE,Side Effect::C0277925
Compound::DB00945,CcSE,Side Effect::C0235283
Compound::DB01241,CcSE,Side Effect::C0004623
Compound::DB01067,CcSE,Side Effect::C0026826
Compound::DB00876,CcSE,Side Effect::C0014868
Compound::DB00457,CcSE,Side Effect::C0035309
Compound::DB01018,CcSE,Side Effect::C0013404
Compound::DB01193,CcSE,Side Effect::C0233407
Compound::DB01029,CcSE,Side Effect::C0020458
Compound::DB00590,CcSE,Side Effect::C0151936
Compound::DB08816,CcSE,Side Effect::C0085649
Compound::DB01018,CcSE,Side Effect::C0235309
Compound::DB01120,CcSE,Side Effect::C3665347
Compound::DB00966,CcSE,Side Effect::C0027051
Compound::DB00966,CcSE,Side Effect::C1368065
Compound::DB00214,CcSE,Side Effect::C0018099
Compound::DB01136,CcSE,Side Effect::C0085633
Compound::DB00214,CcSE,Side Effect::C0042514
Compound::DB00999,CcSE,Side Effect::C0428974
Compound::DB00629,CcSE,Side Effect::C0003123
Compound::DB00758,CcSE,Side Effect::C0013595
Compound::DB00175,CcSE,Side Effect::C0438717
Compound::DB00999,CcSE,Side Effect::C0264906
Compound::DB00492,CcSE,Side Effect::C0043096
Compound::DB00627,CcSE,Side Effect::C0021400
Compound::DB00594,CcSE,Side Effect::C0518015
Compound::DB01083,CcSE,Side Effect::C0007222
Compound::DB00808,CcSE,Side Effect::C0037023
Compound::DB00264,CcSE,Side Effect::C0235398
Compound::DB00343,CcSE,Side Effect::C0085612
Compound::DB01018,CcSE,Side Effect::C2830004
Compound::DB01083,CcSE,Side Effect::C0004093
Compound::DB00903,CcSE,Side Effect::C0017181
Compound::DB01136,CcSE,Side Effect::C0020651
Compound::DB00590,CcSE,Side Effect::C0028734
Compound::DB00661,CcSE,Side Effect::C0086132
Compound::DB00973,CcSE,Side Effect::C0030252
Compound::DB00622,CcSE,Side Effect::C3665347
Compound::DB00775,CcSE,Side Effect::C0020443
Compound::DB00695,CcSE,Side Effect::C0039621
Compound::DB00629,CcSE,Side Effect::C0009782
Compound::DB01039,CcSE,Side Effect::C0025061
Compound::DB00758,CcSE,Side Effect::C0017152
Compound::DB01029,CcSE,Side Effect::C0541799
Compound::DB00524,CcSE,Side Effect::C0020621
Compound::DB00598,CcSE,Side Effect::C0027497
Compound::DB00731,CcSE,Side Effect::C0038990
Compound::DB00524,CcSE,Side Effect::C0041657
Compound::DB01136,CcSE,Side Effect::C0851578
Compound::DB01261,CcSE,Side Effect::C0042109
Compound::DB00275,CcSE,Side Effect::C0311468
Compound::DB00227,CcSE,Side Effect::C0520463
Compound::DB01029,CcSE,Side Effect::C0002994
Compound::DB01098,CcSE,Side Effect::C0018939
Compound::DB00790,CcSE,Side Effect::C0020458
Compound::DB00590,CcSE,Side Effect::C0040264
Compound::DB01241,CcSE,Side Effect::C0151849
Compound::DB00492,CcSE,Side Effect::C0032584
Compound::DB00401,CcSE,Side Effect::C0151786
Compound::DB00542,CcSE,Side Effect::C0003862
Compound::DB01203,CcSE,Side Effect::C0013395
Compound::DB01023,CcSE,Side Effect::C0035243
Compound::DB08860,CcSE,Side Effect::C0232487
Compound::DB00598,CcSE,Side Effect::C0024141
Compound::DB00808,CcSE,Side Effect::C0023530
Compound::DB00945,CcSE,Side Effect::C0002994
Compound::DB01244,CcSE,Side Effect::C0021400
Compound::DB00381,CcSE,Side Effect::C0017178
Compound::DB00881,CcSE,Side Effect::C0020458
Compound::DB00436,CcSE,Side Effect::C2973529
Compound::DB00401,CcSE,Side Effect::C0007642
Compound::DB00678,CcSE,Side Effect::C0020564
Compound::DB01132,CcSE,Side Effect::C0151766
Compound::DB01162,CcSE,Side Effect::C0035455
Compound::DB01023,CcSE,Side Effect::C0043352
Compound::DB01029,CcSE,Side Effect::C0600228
Compound::DB00178,CcSE,Side Effect::C0003467
Compound::DB01115,CcSE,Side Effect::C0042075
Compound::DB00678,CcSE,Side Effect::C0003123
Compound::DB00178,CcSE,Side Effect::C0038325
Compound::DB00457,CcSE,Side Effect::C0027424
Compound::DB00999,CcSE,Side Effect::C0011603
Compound::DB00177,CcSE,Side Effect::C0013404
Compound::DB00912,CcSE,Side Effect::C0038325
Compound::DB00331,CcSE,Side Effect::C0002888
Compound::DB01193,CcSE,Side Effect::C0858678
Compound::DB01115,CcSE,Side Effect::C0423791
Compound::DB00880,CcSE,Side Effect::C0014518
Compound::DB00678,CcSE,Side Effect::C0043352
Compound::DB01029,CcSE,Side Effect::C0040822
Compound::DB01241,CcSE,Side Effect::C0011603
Compound::DB01067,CcSE,Side Effect::C0041657
Compound::DB01124,CcSE,Side Effect::C0542184
Compound::DB00594,CcSE,Side Effect::C0009676
Compound::DB01115,CcSE,Side Effect::C0234193
Compound::DB01203,CcSE,Side Effect::C0023380
Compound::DB00774,CcSE,Side Effect::C0162830
Compound::DB00519,CcSE,Side Effect::C0020458
Compound::DB01197,CcSE,Side Effect::C0151632
Compound::DB00519,CcSE,Side Effect::C0948594
Compound::DB01039,CcSE,Side Effect::C0004096
Compound::DB01241,CcSE,Side Effect::C0009676
Compound::DB01200,CcSE,Side Effect::C0027769
Compound::DB00187,CcSE,Side Effect::C0442874
Compound::DB01132,CcSE,Side Effect::C0235398
Compound::DB01083,CcSE,Side Effect::C0019080
Compound::DB00641,CcSE,Side Effect::C0013378
Compound::DB00722,CcSE,Side Effect::C0041948
Compound::DB00195,CcSE,Side Effect::C0235416
Compound::DB00343,CcSE,Side Effect::C0016385
Compound::DB00519,CcSE,Side Effect::C0002170
Compound::DB00700,CcSE,Side Effect::C0011570
Compound::DB01067,CcSE,Side Effect::C0038990
Compound::DB01193,CcSE,Side Effect::C0151942
Compound::DB00542,CcSE,Side Effect::C0025222
Compound::DB01098,CcSE,Side Effect::C0042109
Compound::DB00945,CcSE,Side Effect::C0039231
Compound::DB01120,CcSE,Side Effect::C0812387
Compound::DB00331,CcSE,Side Effect::C0041657
Compound::DB00678,CcSE,Side Effect::C0030193
Compound::DB00912,CcSE,Side Effect::C0003862
Compound::DB00222,CcSE,Side Effect::C0030554
Compound::DB00584,CcSE,Side Effect::C0009676
Compound::DB08816,CcSE,Side Effect::C0031256
Compound::DB01023,CcSE,Side Effect::C0041657
Compound::DB00731,CcSE,Side Effect::C0004093
Compound::DB00598,CcSE,Side Effect::C0476273
Compound::DB00790,CcSE,Side Effect::C0149931
Compound::DB00492,CcSE,Side Effect::C0497247
Compound::DB00270,CcSE,Side Effect::C0033774
Compound::DB01098,CcSE,Side Effect::C0042029
Compound::DB00178,CcSE,Side Effect::C0015672
Compound::DB00343,CcSE,Side Effect::C1274594
Compound::DB00999,CcSE,Side Effect::C0231749
Compound::DB00584,CcSE,Side Effect::C0016199
Compound::DB00839,CcSE,Side Effect::C0001824
Compound::DB00598,CcSE,Side Effect::C0574002
Compound::DB01136,CcSE,Side Effect::C1306341
Compound::DB00222,CcSE,Side Effect::C0162830
Compound::DB00519,CcSE,Side Effect::C0020461
Compound::DB00492,CcSE,Side Effect::C0039503
Compound::DB00945,CcSE,Side Effect::C0233571
Compound::DB00590,CcSE,Side Effect::C0013595
Compound::DB00700,CcSE,Side Effect::C0010200
Compound::DB01029,CcSE,Side Effect::C0020538
Compound::DB00227,CcSE,Side Effect::C0034150
Compound::DB01241,CcSE,Side Effect::C0151480
Compound::DB00966,CcSE,Side Effect::C0042373
Compound::DB00966,CcSE,Side Effect::C0021053
Compound::DB00227,CcSE,Side Effect::C0009241
Compound::DB01132,CcSE,Side Effect::C0857483
Compound::DB00178,CcSE,Side Effect::C0021400
Compound::DB00492,CcSE,Side Effect::C0438215
Compound::DB00598,CcSE,Side Effect::C0012833
Compound::DB00887,CcSE,Side Effect::C0151479
Compound::DB00177,CcSE,Side Effect::C0018801
Compound::DB00629,CcSE,Side Effect::C0151723
Compound::DB00627,CcSE,Side Effect::C0740394
Compound::DB01162,CcSE,Side Effect::C0030196
Compound::DB00999,CcSE,Side Effect::C0151825
Compound::DB00758,CcSE,Side Effect::C0001824
Compound::DB01016,CcSE,Side Effect::C0040034
Compound::DB00227,CcSE,Side Effect::C0030305
Compound::DB00178,CcSE,Side Effect::C0017675
Compound::DB00966,CcSE,Side Effect::C0015967
Compound::DB00758,CcSE,Side Effect::C0034155
Compound::DB00960,CcSE,Side Effect::C0027497
Compound::DB00800,CcSE,Side Effect::C0520888
Compound::DB00808,CcSE,Side Effect::C0041834
Compound::DB00960,CcSE,Side Effect::C0277925
Compound::DB00264,CcSE,Side Effect::C0015230
Compound::DB01098,CcSE,Side Effect::C0020517
Compound::DB00722,CcSE,Side Effect::C0000737
Compound::DB01244,CcSE,Side Effect::C0040479
Compound::DB08816,CcSE,Side Effect::C0018965
Compound::DB00343,CcSE,Side Effect::C0220870
Compound::DB01275,CcSE,Side Effect::C0018802
Compound::DB00590,CcSE,Side Effect::C0038990
Compound::DB00700,CcSE,Side Effect::C0595877
Compound::DB00590,CcSE,Side Effect::C0015732
Compound::DB01203,CcSE,Side Effect::C0151908
Compound::DB00903,CcSE,Side Effect::C0015230
Compound::DB01098,CcSE,Side Effect::C0542476
Compound::DB01200,CcSE,Side Effect::C0948089
Compound::DB00343,CcSE,Side Effect::C0006277
Compound::DB00175,CcSE,Side Effect::C0242350
Compound::DB00421,CcSE,Side Effect::C0013144
Compound::DB00796,CcSE,Side Effect::C0853692
Compound::DB00790,CcSE,Side Effect::C0948586
Compound::DB00661,CcSE,Side Effect::C0031256
Compound::DB00973,CcSE,Side Effect::C0233794
Compound::DB00542,CcSE,Side Effect::C0042963
Compound::DB01241,CcSE,Side Effect::C0009806
Compound::DB00678,CcSE,Side Effect::C0553548
Compound::DB08882,CcSE,Side Effect::C0178298
Compound::DB01039,CcSE,Side Effect::C0030193
Compound::DB00808,CcSE,Side Effect::C0039231
Compound::DB01197,CcSE,Side Effect::C0020461
Compound::DB00590,CcSE,Side Effect::C0687713
Compound::DB01244,CcSE,Side Effect::C0017152
Compound::DB00700,CcSE,Side Effect::C0025345
Compound::DB01136,CcSE,Side Effect::C0027441
Compound::DB00590,CcSE,Side Effect::C0021775
Compound::DB00796,CcSE,Side Effect::C0018965
Compound::DB00880,CcSE,Side Effect::C0020456
Compound::DB01193,CcSE,Side Effect::C2830004
Compound::DB00343,CcSE,Side Effect::C0221512
Compound::DB00492,CcSE,Side Effect::C0023530
Compound::DB01067,CcSE,Side Effect::C3665386
Compound::DB00331,CcSE,Side Effect::C2830004
Compound::DB00594,CcSE,Side Effect::C0003123
Compound::DB01115,CcSE,Side Effect::C3665386
Compound::DB00790,CcSE,Side Effect::C0151786
Compound::DB01132,CcSE,Side Effect::C0860207
Compound::DB01029,CcSE,Side Effect::C0241863
Compound::DB00678,CcSE,Side Effect::C0020517
Compound::DB00594,CcSE,Side Effect::C0002962
Compound::DB00178,CcSE,Side Effect::C0020625
Compound::DB00275,CcSE,Side Effect::C0015230
Compound::DB01136,CcSE,Side Effect::C0008031
Compound::DB01098,CcSE,Side Effect::C0751295
Compound::DB00436,CcSE,Side Effect::C0020599
Compound::DB01200,CcSE,Side Effect::C0011615
Compound::DB00519,CcSE,Side Effect::C0242528
Compound::DB00275,CcSE,Side Effect::C0234215
Compound::DB00401,CcSE,Side Effect::C0005741
Compound::DB00590,CcSE,Side Effect::C0009676
Compound::DB00381,CcSE,Side Effect::C1956346
Compound::DB01023,CcSE,Side Effect::C0009938
Compound::DB01039,CcSE,Side Effect::C0149871
Compound::DB00492,CcSE,Side Effect::C1368065
Compound::DB00999,CcSE,Side Effect::C0023530
Compound::DB00731,CcSE,Side Effect::C0235996
Compound::DB00275,CcSE,Side Effect::C0917801
Compound::DB00641,CcSE,Side Effect::C0041834
Compound::DB00887,CcSE,Side Effect::C0008031
Compound::DB00590,CcSE,Side Effect::C0039231
Compound::DB00227,CcSE,Side Effect::C0003862
Compound::DB00524,CcSE,Side Effect::C0013144
Compound::DB00808,CcSE,Side Effect::C0237314
Compound::DB01136,CcSE,Side Effect::C0027497
Compound::DB01200,CcSE,Side Effect::C0000729
Compound::DB01023,CcSE,Side Effect::C0021400
Compound::DB00800,CcSE,Side Effect::C0948089
Compound::DB01039,CcSE,Side Effect::C0027441
Compound::DB00331,CcSE,Side Effect::C0231528
Compound::DB00542,CcSE,Side Effect::C0013604
Compound::DB01083,CcSE,Side Effect::C0017563
Compound::DB00881,CcSE,Side Effect::C0035078
Compound::DB01193,CcSE,Side Effect::C0151827
Compound::DB01067,CcSE,Side Effect::C0011603
Compound::DB00876,CcSE,Side Effect::C0242301
Compound::DB00401,CcSE,Side Effect::C0025222
Compound::DB08816,CcSE,Side Effect::C0041969
Compound::DB00678,CcSE,Side Effect::C0020580
Compound::DB01115,CcSE,Side Effect::C0017168
Compound::DB00264,CcSE,Side Effect::C0701811
Compound::DB00492,CcSE,Side Effect::C0015934
Compound::DB00790,CcSE,Side Effect::C0080274
Compound::DB01039,CcSE,Side Effect::C0235996
Compound::DB01275,CcSE,Side Effect::C0026821
Compound::DB00622,CcSE,Side Effect::C0520888
Compound::DB00401,CcSE,Side Effect::C0012833
Compound::DB00594,CcSE,Side Effect::C0917801
Compound::DB00912,CcSE,Side Effect::C0235996
Compound::DB00195,CcSE,Side Effect::C0235901
Compound::DB00401,CcSE,Side Effect::C0015967
Compound::DB00590,CcSE,Side Effect::C0423791
Compound::DB00627,CcSE,Side Effect::C0151883
Compound::DB00524,CcSE,Side Effect::C0917801
Compound::DB00492,CcSE,Side Effect::C0040034
Compound::DB00598,CcSE,Side Effect::C0242429
Compound::DB00571,CcSE,Side Effect::C0162529
Compound::DB00973,CcSE,Side Effect::C0151849
Compound::DB00627,CcSE,Side Effect::C0003123
Compound::DB00575,CcSE,Side Effect::C0004093
Compound::DB00331,CcSE,Side Effect::C0041912
Compound::DB00457,CcSE,Side Effect::C0344232
Compound::DB00436,CcSE,Side Effect::C0020621
Compound::DB00661,CcSE,Side Effect::C0018681
Compound::DB00722,CcSE,Side Effect::C0018524
Compound::DB00722,CcSE,Side Effect::C0034068
Compound::DB00195,CcSE,Side Effect::C0033860
Compound::DB01039,CcSE,Side Effect::C0013404
Compound::DB00331,CcSE,Side Effect::C0700361
Compound::DB01197,CcSE,Side Effect::C0948586
Compound::DB00912,CcSE,Side Effect::C0023530
Compound::DB08816,CcSE,Side Effect::C0027497
Compound::DB00999,CcSE,Side Effect::C0020443
Compound::DB00800,CcSE,Side Effect::C0235431
Compound::DB00629,CcSE,Side Effect::C0027769
Compound::DB00722,CcSE,Side Effect::C0031190
Compound::DB00331,CcSE,Side Effect::C0000737
Compound::DB00492,CcSE,Side Effect::C0564622
Compound::DB00519,CcSE,Side Effect::C0018524
Compound::DB00912,CcSE,Side Effect::C0019158
Compound::DB00373,CcSE,Side Effect::C0042963
Compound::DB08860,CcSE,Side Effect::C0009676
Compound::DB04861,CcSE,Side Effect::C0033774
Compound::DB00627,CcSE,Side Effect::C0151907
Compound::DB01018,CcSE,Side Effect::C1368065
Compound::DB00622,CcSE,Side Effect::C0242429
Compound::DB01359,CcSE,Side Effect::C0038990
Compound::DB00758,CcSE,Side Effect::C0015672
Compound::DB00876,CcSE,Side Effect::C0700590
Compound::DB01132,CcSE,Side Effect::C0234632
Compound::DB00571,CcSE,Side Effect::C0034735
Compound::DB00598,CcSE,Side Effect::C0023646
Compound::DB01241,CcSE,Side Effect::C0004936
Compound::DB00195,CcSE,Side Effect::C0178298
Compound::DB00790,CcSE,Side Effect::C3665347
Compound::DB00519,CcSE,Side Effect::C2047937
Compound::DB00999,CcSE,Side Effect::C0014591
Compound::DB00195,CcSE,Side Effect::C0040156
Compound::DB00381,CcSE,Side Effect::C0085129
Compound::DB00524,CcSE,Side Effect::C0017979
Compound::DB00700,CcSE,Side Effect::C1443060
Compound::DB00722,CcSE,Side Effect::C1443060
Compound::DB00264,CcSE,Side Effect::C0020649
Compound::DB00492,CcSE,Side Effect::C0023518
Compound::DB00590,CcSE,Side Effect::C0231528
Compound::DB00227,CcSE,Side Effect::C0030554
Compound::DB00457,CcSE,Side Effect::C0041657
Compound::DB00195,CcSE,Side Effect::C0020473
Compound::DB00571,CcSE,Side Effect::C0018802
Compound::DB00575,CcSE,Side Effect::C0013604
Compound::DB01120,CcSE,Side Effect::C0020615
Compound::DB01136,CcSE,Side Effect::C0233414
Compound::DB00960,CcSE,Side Effect::C0042023
Compound::DB00700,CcSE,Side Effect::C1956346
Compound::DB00343,CcSE,Side Effect::C0029408
Compound::DB00275,CcSE,Side Effect::C1260880
Compound::DB01067,CcSE,Side Effect::C0015397
Compound::DB00731,CcSE,Side Effect::C0013395
Compound::DB08816,CcSE,Side Effect::C0267596
Compound::DB01136,CcSE,Side Effect::C0235467
Compound::DB00584,CcSE,Side Effect::C0036974
Compound::DB00270,CcSE,Side Effect::C0242350
Compound::DB00758,CcSE,Side Effect::C0151971
Compound::DB00227,CcSE,Side Effect::C0000737
Compound::DB00641,CcSE,Side Effect::C0151576
Compound::DB00343,CcSE,Side Effect::C1306341
Compound::DB00373,CcSE,Side Effect::C1761613
Compound::DB00343,CcSE,Side Effect::C0027960
Compound::DB00598,CcSE,Side Effect::C0023380
Compound::DB01244,CcSE,Side Effect::C0426576
Compound::DB00373,CcSE,Side Effect::C0015230
Compound::DB01124,CcSE,Side Effect::C0018681
Compound::DB01136,CcSE,Side Effect::C0151539
Compound::DB01241,CcSE,Side Effect::C0042571
Compound::DB00519,CcSE,Side Effect::C0020517
Compound::DB04861,CcSE,Side Effect::C0151436
Compound::DB00270,CcSE,Side Effect::C0242429
Compound::DB00808,CcSE,Side Effect::C0014518
Compound::DB00384,CcSE,Side Effect::C0011603
Compound::DB00700,CcSE,Side Effect::C0740394
Compound::DB01120,CcSE,Side Effect::C0541900
Compound::DB00808,CcSE,Side Effect::C1504494
Compound::DB00575,CcSE,Side Effect::C0019158
Compound::DB00178,CcSE,Side Effect::C0553704
Compound::DB01200,CcSE,Side Effect::C0009782
Compound::DB08860,CcSE,Side Effect::C0015672
Compound::DB00629,CcSE,Side Effect::C0037299
Compound::DB00695,CcSE,Side Effect::C0036974
Compound::DB00175,CcSE,Side Effect::C0151480
Compound::DB01200,CcSE,Side Effect::C0015672
Compound::DB00178,CcSE,Side Effect::C2364111
Compound::DB00381,CcSE,Side Effect::C0041657
Compound::DB00758,CcSE,Side Effect::C0018965
Compound::DB00519,CcSE,Side Effect::C0852911
Compound::DB00661,CcSE,Side Effect::C0234192
Compound::DB00876,CcSE,Side Effect::C0039503
Compound::DB00590,CcSE,Side Effect::C0003811
Compound::DB00758,CcSE,Side Effect::C0010200
Compound::DB00722,CcSE,Side Effect::C0558489
Compound::DB01136,CcSE,Side Effect::C0151599
Compound::DB00839,CcSE,Side Effect::C0000731
Compound::DB00492,CcSE,Side Effect::C0014518
Compound::DB00808,CcSE,Side Effect::C0002418
Compound::DB01016,CcSE,Side Effect::C0013395
Compound::DB01136,CcSE,Side Effect::C0340865
Compound::DB00519,CcSE,Side Effect::C0016204
Compound::DB00571,CcSE,Side Effect::C0220870
Compound::DB00678,CcSE,Side Effect::C0003811
Compound::DB00575,CcSE,Side Effect::C0023380
Compound::DB00373,CcSE,Side Effect::C0020456
Compound::DB00999,CcSE,Side Effect::C0018099
Compound::DB01136,CcSE,Side Effect::C0030312
Compound::DB00343,CcSE,Side Effect::C0085614
Compound::DB01039,CcSE,Side Effect::C0687133
Compound::DB00641,CcSE,Side Effect::C0344232
Compound::DB00960,CcSE,Side Effect::C0000737
Compound::DB01162,CcSE,Side Effect::C0018099
Compound::DB00412,CcSE,Side Effect::C0018801
Compound::DB00641,CcSE,Side Effect::C0085593
Compound::DB01120,CcSE,Side Effect::C0004936
Compound::DB00195,CcSE,Side Effect::C0232462
Compound::DB00275,CcSE,Side Effect::C0241863
Compound::DB00222,CcSE,Side Effect::C0027497
Compound::DB00960,CcSE,Side Effect::C0030252
Compound::DB01261,CcSE,Side Effect::C0152517
Compound::DB00222,CcSE,Side Effect::C0015230
Compound::DB00175,CcSE,Side Effect::C0085633
Compound::DB00381,CcSE,Side Effect::C0026826
Compound::DB01197,CcSE,Side Effect::C0600260
Compound::DB00195,CcSE,Side Effect::C0012833
Compound::DB01016,CcSE,Side Effect::C0002871
Compound::DB00275,CcSE,Side Effect::C0546884
Compound::DB01115,CcSE,Side Effect::C0022650
Compound::DB01120,CcSE,Side Effect::C1565489
Compound::DB00590,CcSE,Side Effect::C0043096
Compound::DB01098,CcSE,Side Effect::C0948586
Compound::DB00999,CcSE,Side Effect::C0233494
Compound::DB01083,CcSE,Side Effect::C0085932
Compound::DB00808,CcSE,Side Effect::C0002994
Compound::DB00999,CcSE,Side Effect::C0009763
Compound::DB00881,CcSE,Side Effect::C1443060
Compound::DB00999,CcSE,Side Effect::C0030252
Compound::DB01200,CcSE,Side Effect::C2830004
Compound::DB08882,CcSE,Side Effect::C0042109
Compound::DB01018,CcSE,Side Effect::C0043352
Compound::DB00187,CcSE,Side Effect::C0151636
Compound::DB01018,CcSE,Side Effect::C0020649
Compound::DB00519,CcSE,Side Effect::C0003864
Compound::DB00584,CcSE,Side Effect::C0004096
Compound::DB00790,CcSE,Side Effect::C0042384
Compound::DB00195,CcSE,Side Effect::C0151904
Compound::DB00790,CcSE,Side Effect::C0042075
Compound::DB00672,CcSE,Side Effect::C0033247
Compound::DB00790,CcSE,Side Effect::C0392525
Compound::DB00177,CcSE,Side Effect::C0031350
Compound::DB00594,CcSE,Side Effect::C0040264
Compound::DB01083,CcSE,Side Effect::C0231528
Compound::DB00808,CcSE,Side Effect::C0020456
Compound::DB00968,CcSE,Side Effect::C0267792
Compound::DB00584,CcSE,Side Effect::C0026858
Compound::DB00227,CcSE,Side Effect::C0015672
Compound::DB00876,CcSE,Side Effect::C0233494
Compound::DB01359,CcSE,Side Effect::C0018681
Compound::DB01124,CcSE,Side Effect::C0232570
Compound::DB01029,CcSE,Side Effect::C0037763
Compound::DB00584,CcSE,Side Effect::C0042571
Compound::DB00524,CcSE,Side Effect::C0022281
Compound::DB00973,CcSE,Side Effect::C0232462
Compound::DB01018,CcSE,Side Effect::C0011606
Compound::DB01098,CcSE,Side Effect::C0013395
Compound::DB00175,CcSE,Side Effect::C0022346
Compound::DB00796,CcSE,Side Effect::C0020461
Compound::DB00758,CcSE,Side Effect::C0029445
Compound::DB00808,CcSE,Side Effect::C0151786
Compound::DB00700,CcSE,Side Effect::C0016204
Compound::DB00627,CcSE,Side Effect::C0018681
Compound::DB01029,CcSE,Side Effect::C2939147
Compound::DB00678,CcSE,Side Effect::C2047937
Compound::DB01067,CcSE,Side Effect::C0162830
Compound::DB01132,CcSE,Side Effect::C0006145
Compound::DB00275,CcSE,Side Effect::C0035078
Compound::DB01241,CcSE,Side Effect::C0344232
Compound::DB00627,CcSE,Side Effect::C0000889
Compound::DB01115,CcSE,Side Effect::C0009676
Compound::DB00270,CcSE,Side Effect::C0007787
Compound::DB00284,CcSE,Side Effect::C1112565
Compound::DB04861,CcSE,Side Effect::C0155919
Compound::DB00519,CcSE,Side Effect::C0522055
Compound::DB00275,CcSE,Side Effect::C0549356
Compound::DB01200,CcSE,Side Effect::C0043352
Compound::DB00790,CcSE,Side Effect::C0011991
Compound::DB00876,CcSE,Side Effect::C0032617
Compound::DB00492,CcSE,Side Effect::C0151908
Compound::DB00187,CcSE,Side Effect::C0033860
Compound::DB01120,CcSE,Side Effect::C0745153
Compound::DB00722,CcSE,Side Effect::C0155709
Compound::DB01115,CcSE,Side Effect::C0947912
Compound::DB01023,CcSE,Side Effect::C0040822
Compound::DB00401,CcSE,Side Effect::C0027121
Compound::DB00966,CcSE,Side Effect::C0004604
Compound::DB00876,CcSE,Side Effect::C0235437
Compound::DB00492,CcSE,Side Effect::C0221185
Compound::DB01115,CcSE,Side Effect::C0026826
Compound::DB00999,CcSE,Side Effect::C0231230
Compound::DB00598,CcSE,Side Effect::C0340865
Compound::DB00384,CcSE,Side Effect::C0020517
Compound::DB00700,CcSE,Side Effect::C0042075
Compound::DB00661,CcSE,Side Effect::C0085631
Compound::DB00284,CcSE,Side Effect::C0011991
Compound::DB00775,CcSE,Side Effect::C0151699
Compound::DB01083,CcSE,Side Effect::C0015732
Compound::DB01241,CcSE,Side Effect::C0035455
Compound::DB01029,CcSE,Side Effect::C0043251
Compound::DB00264,CcSE,Side Effect::C0017178
Compound::DB00519,CcSE,Side Effect::C0085649
Compound::DB00343,CcSE,Side Effect::C0877232
Compound::DB01016,CcSE,Side Effect::C0033774
Compound::DB00331,CcSE,Side Effect::C0017178
Compound::DB00175,CcSE,Side Effect::C0003862
Compound::DB04861,CcSE,Side Effect::C0008031
Compound::DB00966,CcSE,Side Effect::C0013378
Compound::DB01136,CcSE,Side Effect::C0001925
Compound::DB00373,CcSE,Side Effect::C0235763
Compound::DB00758,CcSE,Side Effect::C0030554
Compound::DB00381,CcSE,Side Effect::C1510410
Compound::DB00343,CcSE,Side Effect::C0029882
Compound::DB01197,CcSE,Side Effect::C0002962
Compound::DB00700,CcSE,Side Effect::C0020461
Compound::DB00808,CcSE,Side Effect::C0024115
Compound::DB00839,CcSE,Side Effect::C0018834
Compound::DB08816,CcSE,Side Effect::C0006826
Compound::DB01039,CcSE,Side Effect::C0009450
Compound::DB01200,CcSE,Side Effect::C0027849
Compound::DB01115,CcSE,Side Effect::C0028084
Compound::DB00187,CcSE,Side Effect::C0494475
Compound::DB00584,CcSE,Side Effect::C0917801
Compound::DB00758,CcSE,Side Effect::C0019069
Compound::DB01203,CcSE,Side Effect::C0001396
Compound::DB00542,CcSE,Side Effect::C0038990
Compound::DB00264,CcSE,Side Effect::C0235290
Compound::DB01083,CcSE,Side Effect::C0267792
Compound::DB00966,CcSE,Side Effect::C0687713
Compound::DB01016,CcSE,Side Effect::C0040822
Compound::DB01197,CcSE,Side Effect::C0009806
Compound::DB00571,CcSE,Side Effect::C0014518
Compound::DB00966,CcSE,Side Effect::C0085593
Compound::DB01018,CcSE,Side Effect::C0917801
Compound::DB00999,CcSE,Side Effect::C0542571
Compound::DB00381,CcSE,Side Effect::C0036974
Compound::DB00700,CcSE,Side Effect::C0085649
Compound::DB00678,CcSE,Side Effect::C0031350
Compound::DB01193,CcSE,Side Effect::C0006266
Compound::DB01275,CcSE,Side Effect::C2047937
Compound::DB01120,CcSE,Side Effect::C3665386
Compound::DB01162,CcSE,Side Effect::C0013395
Compound::DB00584,CcSE,Side Effect::C0340464
Compound::DB00700,CcSE,Side Effect::C0041969
Compound::DB00796,CcSE,Side Effect::C0041969
Compound::DB00524,CcSE,Side Effect::C0242429
Compound::DB00973,CcSE,Side Effect::C0009806
Compound::DB00695,CcSE,Side Effect::C0085680
Compound::DB00722,CcSE,Side Effect::C0155713
Compound::DB00808,CcSE,Side Effect::C0013456
Compound::DB00524,CcSE,Side Effect::C2363731
Compound::DB00584,CcSE,Side Effect::C0034065
Compound::DB00331,CcSE,Side Effect::C2129214
Compound::DB00571,CcSE,Side Effect::C0034150
Compound::DB01241,CcSE,Side Effect::C1610056
Compound::DB00195,CcSE,Side Effect::C0026826
Compound::DB01136,CcSE,Side Effect::C0006384
Compound::DB00627,CcSE,Side Effect::C0235378
Compound::DB00758,CcSE,Side Effect::C0042373
Compound::DB01023,CcSE,Side Effect::C0151436
Compound::DB08816,CcSE,Side Effect::C0020683
Compound::DB00222,CcSE,Side Effect::C0542184
Compound::DB00492,CcSE,Side Effect::C0033771
Compound::DB00421,CcSE,Side Effect::C0027497
Compound::DB00629,CcSE,Side Effect::C0851341
Compound::DB01067,CcSE,Side Effect::C0002874
Compound::DB00627,CcSE,Side Effect::C0085932
Compound::DB01197,CcSE,Side Effect::C0013404
Compound::DB00880,CcSE,Side Effect::C0026821
Compound::DB00373,CcSE,Side Effect::C0234215
Compound::DB00912,CcSE,Side Effect::C0011991
Compound::DB00524,CcSE,Side Effect::C0948594
Compound::DB00722,CcSE,Side Effect::C0003864
Compound::DB00790,CcSE,Side Effect::C0030193
Compound::DB00722,CcSE,Side Effect::C0020625
Compound::DB00214,CcSE,Side Effect::C0242429
Compound::DB00800,CcSE,Side Effect::C0028961
Compound::DB00175,CcSE,Side Effect::C1384666
Compound::DB00571,CcSE,Side Effect::C0022107
Compound::DB01039,CcSE,Side Effect::C0014868
Compound::DB01115,CcSE,Side Effect::C0235467
Compound::DB00264,CcSE,Side Effect::C0011991
Compound::DB00575,CcSE,Side Effect::C0152517
Compound::DB01193,CcSE,Side Effect::C0031350
Compound::DB00175,CcSE,Side Effect::C3267047
Compound::DB00178,CcSE,Side Effect::C0030312
Compound::DB00774,CcSE,Side Effect::C0085631
Compound::DB00790,CcSE,Side Effect::C1443060
Compound::DB00575,CcSE,Side Effect::C0003467
Compound::DB00629,CcSE,Side Effect::C0021368
Compound::DB00775,CcSE,Side Effect::C0020517
Compound::DB00960,CcSE,Side Effect::C0011991
Compound::DB00575,CcSE,Side Effect::C0042963
Compound::DB00222,CcSE,Side Effect::C0014742
Compound::DB00945,CcSE,Side Effect::C0151746
Compound::DB01039,CcSE,Side Effect::C0852911
Compound::DB00999,CcSE,Side Effect::C0013395
Compound::DB00622,CcSE,Side Effect::C0039240
Compound::DB00594,CcSE,Side Effect::C0009806
Compound::DB01029,CcSE,Side Effect::C0041349
Compound::DB00222,CcSE,Side Effect::C0042401
Compound::DB00880,CcSE,Side Effect::C0020651
Compound::DB01200,CcSE,Side Effect::C0011603
Compound::DB00881,CcSE,Side Effect::C0036980
Compound::DB00758,CcSE,Side Effect::C0854029
Compound::DB00457,CcSE,Side Effect::C0042024
Compound::DB00575,CcSE,Side Effect::C0037763
Compound::DB01200,CcSE,Side Effect::C0011849
Compound::DB01275,CcSE,Side Effect::C0002871
Compound::DB00524,CcSE,Side Effect::C0003467
Compound::DB00412,CcSE,Side Effect::C0042109
Compound::DB00722,CcSE,Side Effect::C0232849
Compound::DB00222,CcSE,Side Effect::C0085605
Compound::DB00876,CcSE,Side Effect::C0027497
Compound::DB00590,CcSE,Side Effect::C0392525
Compound::DB00187,CcSE,Side Effect::C0027497
Compound::DB00542,CcSE,Side Effect::C0019158
Compound::DB01359,CcSE,Side Effect::C0013404
Compound::DB00401,CcSE,Side Effect::C0234215
Compound::DB00672,CcSE,Side Effect::C0018681
Compound::DB01120,CcSE,Side Effect::C0000731
Compound::DB01039,CcSE,Side Effect::C0043094
Compound::DB00222,CcSE,Side Effect::C0022346
Compound::DB01275,CcSE,Side Effect::C0003862
Compound::DB00187,CcSE,Side Effect::C0037822
Compound::DB00492,CcSE,Side Effect::C0014742
Compound::DB00542,CcSE,Side Effect::C0520966
Compound::DB00629,CcSE,Side Effect::C0006145
Compound::DB00912,CcSE,Side Effect::C0022346
Compound::DB00264,CcSE,Side Effect::C2363731
Compound::DB00661,CcSE,Side Effect::C0013491
Compound::DB00412,CcSE,Side Effect::C0032227
Compound::DB08816,CcSE,Side Effect::C0018926
Compound::DB00661,CcSE,Side Effect::C0020458
Compound::DB00790,CcSE,Side Effect::C0162429
Compound::DB00270,CcSE,Side Effect::C0162429
Compound::DB01018,CcSE,Side Effect::C0002622
Compound::DB01200,CcSE,Side Effect::C3665347
Compound::DB00178,CcSE,Side Effect::C0549336
Compound::DB00584,CcSE,Side Effect::C0234215
Compound::DB01115,CcSE,Side Effect::C0549262
Compound::DB01023,CcSE,Side Effect::C0015230
Compound::DB01115,CcSE,Side Effect::C0234913
Compound::DB00175,CcSE,Side Effect::C0018799
Compound::DB00492,CcSE,Side Effect::C0860433
Compound::DB08816,CcSE,Side Effect::C0520532
Compound::DB00758,CcSE,Side Effect::C1096116
Compound::DB00222,CcSE,Side Effect::C0162429
Compound::DB00661,CcSE,Side Effect::C0039231
Compound::DB01120,CcSE,Side Effect::C0014518
Compound::DB00187,CcSE,Side Effect::C0018794
Compound::DB00790,CcSE,Side Effect::C0018808
Compound::DB00973,CcSE,Side Effect::C0021400
Compound::DB01359,CcSE,Side Effect::C0233472
Compound::DB00758,CcSE,Side Effect::C0015230
Compound::DB01039,CcSE,Side Effect::C0023067
Compound::DB00227,CcSE,Side Effect::C0232462
Compound::DB00661,CcSE,Side Effect::C0030446
Compound::DB00492,CcSE,Side Effect::C0232203
Compound::DB01193,CcSE,Side Effect::C0023066
Compound::DB00524,CcSE,Side Effect::C0018681
Compound::DB00195,CcSE,Side Effect::C0086543
Compound::DB00796,CcSE,Side Effect::C0151539
Compound::DB01132,CcSE,Side Effect::C0037274
Compound::DB00999,CcSE,Side Effect::C0027769
Compound::DB00373,CcSE,Side Effect::C0155177
Compound::DB00912,CcSE,Side Effect::C0013395
Compound::DB00175,CcSE,Side Effect::C0035455
Compound::DB00421,CcSE,Side Effect::C0234913
Compound::DB00594,CcSE,Side Effect::C0020461
Compound::DB00594,CcSE,Side Effect::C0011124
Compound::DB00175,CcSE,Side Effect::C0011603
Compound::DB00700,CcSE,Side Effect::C0018799
Compound::DB01029,CcSE,Side Effect::C0017979
Compound::DB00214,CcSE,Side Effect::C0003864
Compound::DB01203,CcSE,Side Effect::C0242350
Compound::DB00524,CcSE,Side Effect::C0003862
Compound::DB01115,CcSE,Side Effect::C0025345
Compound::DB00519,CcSE,Side Effect::C0338480
Compound::DB01261,CcSE,Side Effect::C0014742
Compound::DB00519,CcSE,Side Effect::C0151601
Compound::DB01200,CcSE,Side Effect::C0919582
Compound::DB00695,CcSE,Side Effect::C0013274
Compound::DB00629,CcSE,Side Effect::C0242301
Compound::DB00731,CcSE,Side Effect::C0021053
Compound::DB01193,CcSE,Side Effect::C0018834
Compound::DB00758,CcSE,Side Effect::C0333291
Compound::DB00542,CcSE,Side Effect::C0948050
Compound::DB01115,CcSE,Side Effect::C0002170
Compound::DB00960,CcSE,Side Effect::C0025061
Compound::DB00264,CcSE,Side Effect::C0018834
Compound::DB01115,CcSE,Side Effect::C0497156
Compound::DB00175,CcSE,Side Effect::C0239571
Compound::DB00575,CcSE,Side Effect::C2981158
Compound::DB04861,CcSE,Side Effect::C0013404
Compound::DB01244,CcSE,Side Effect::C0042401
Compound::DB01136,CcSE,Side Effect::C0043352
Compound::DB01016,CcSE,Side Effect::C0002994
Compound::DB01162,CcSE,Side Effect::C0542571
Compound::DB00227,CcSE,Side Effect::C0086565
Compound::DB00222,CcSE,Side Effect::C0011849
Compound::DB01193,CcSE,Side Effect::C0013604
Compound::DB00722,CcSE,Side Effect::C0001824
Compound::DB00629,CcSE,Side Effect::C0004604
Compound::DB00622,CcSE,Side Effect::C0948089
Compound::DB01115,CcSE,Side Effect::C0011124
Compound::DB00968,CcSE,Side Effect::C0002962
Compound::DB00627,CcSE,Side Effect::C0232462
Compound::DB01200,CcSE,Side Effect::C0338575
Compound::DB00178,CcSE,Side Effect::C0041657
Compound::DB00903,CcSE,Side Effect::C0011168
Compound::DB00876,CcSE,Side Effect::C0031099
Compound::DB01039,CcSE,Side Effect::C0020538
Compound::DB00343,CcSE,Side Effect::C0043352
Compound::DB01023,CcSE,Side Effect::C0152031
Compound::DB00808,CcSE,Side Effect::C0029408
Compound::DB00331,CcSE,Side Effect::C0027339
Compound::DB00800,CcSE,Side Effect::C0151744
Compound::DB01136,CcSE,Side Effect::C0234215
Compound::DB00270,CcSE,Side Effect::C3665347
Compound::DB04861,CcSE,Side Effect::C0018681
Compound::DB00178,CcSE,Side Effect::C0038990
Compound::DB00903,CcSE,Side Effect::C0232487
Compound::DB00678,CcSE,Side Effect::C0948525
Compound::DB00641,CcSE,Side Effect::C0027497
Compound::DB00876,CcSE,Side Effect::C0042963
Compound::DB00331,CcSE,Side Effect::C0042109
Compound::DB00722,CcSE,Side Effect::C0003467
Compound::DB01098,CcSE,Side Effect::C0009806
Compound::DB00175,CcSE,Side Effect::C0086565
Compound::DB01261,CcSE,Side Effect::C0011570
Compound::DB00968,CcSE,Side Effect::C0019158
Compound::DB00722,CcSE,Side Effect::C0235431
Compound::DB00629,CcSE,Side Effect::C0234215
Compound::DB00381,CcSE,Side Effect::C0030305
Compound::DB00519,CcSE,Side Effect::C0428977
Compound::DB00641,CcSE,Side Effect::C0017178
Compound::DB00195,CcSE,Side Effect::C0264714
Compound::DB00492,CcSE,Side Effect::C1527344
Compound::DB00678,CcSE,Side Effect::C0003469
Compound::DB00758,CcSE,Side Effect::C0015967
Compound::DB01115,CcSE,Side Effect::C0233472
Compound::DB00758,CcSE,Side Effect::C0221512
Compound::DB00175,CcSE,Side Effect::C0041912
Compound::DB00661,CcSE,Side Effect::C1368065
Compound::DB00331,CcSE,Side Effect::C0240327
Compound::DB00722,CcSE,Side Effect::C0014742
Compound::DB00598,CcSE,Side Effect::C2981158
Compound::DB00412,CcSE,Side Effect::C0018681
Compound::DB01098,CcSE,Side Effect::C0028084
Compound::DB00227,CcSE,Side Effect::C0014518
Compound::DB00187,CcSE,Side Effect::C0033036
Compound::DB01023,CcSE,Side Effect::C0009806
Compound::DB01124,CcSE,Side Effect::C0020625
Compound::DB01039,CcSE,Side Effect::C0031542
Compound::DB00195,CcSE,Side Effect::C0027441
Compound::DB01359,CcSE,Side Effect::C0030193
Compound::DB01261,CcSE,Side Effect::C0004936
Compound::DB00412,CcSE,Side Effect::C0271051
Compound::DB00790,CcSE,Side Effect::C0030305
Compound::DB00672,CcSE,Side Effect::C0033774
Compound::DB08860,CcSE,Side Effect::C3267047
Compound::DB01193,CcSE,Side Effect::C0234238
Compound::DB00187,CcSE,Side Effect::C0043352
Compound::DB00678,CcSE,Side Effect::C0677500
Compound::DB00343,CcSE,Side Effect::C0010200
Compound::DB00722,CcSE,Side Effect::C0035078
Compound::DB00284,CcSE,Side Effect::C0020517
Compound::DB00575,CcSE,Side Effect::C0241705
Compound::DB00722,CcSE,Side Effect::C0024031
Compound::DB00264,CcSE,Side Effect::C0033774
Compound::DB00436,CcSE,Side Effect::C0857353
Compound::DB01120,CcSE,Side Effect::C0040264
Compound::DB00808,CcSE,Side Effect::C0032617
Compound::DB00590,CcSE,Side Effect::C0235490
Compound::DB00175,CcSE,Side Effect::C0151908
Compound::DB00275,CcSE,Side Effect::C0858635
Compound::DB00584,CcSE,Side Effect::C1384666
Compound::DB01241,CcSE,Side Effect::C0002170
Compound::DB00491,CcSE,Side Effect::C0017178
Compound::DB00758,CcSE,Side Effect::C0011609
Compound::DB01241,CcSE,Side Effect::C0857323
Compound::DB00187,CcSE,Side Effect::C0027441
Compound::DB00584,CcSE,Side Effect::C0016382
Compound::DB01132,CcSE,Side Effect::C3263723
Compound::DB00401,CcSE,Side Effect::C0019348
Compound::DB01132,CcSE,Side Effect::C0017979
Compound::DB00758,CcSE,Side Effect::C0340865
Compound::DB00968,CcSE,Side Effect::C1274594
Compound::DB00284,CcSE,Side Effect::C0302809
Compound::DB00629,CcSE,Side Effect::C0016204
Compound::DB00881,CcSE,Side Effect::C0025061
Compound::DB00343,CcSE,Side Effect::C0033575
Compound::DB00622,CcSE,Side Effect::C0030554
Compound::DB00887,CcSE,Side Effect::C0032617
Compound::DB00195,CcSE,Side Effect::C0013595
Compound::DB00310,CcSE,Side Effect::C0221185
Compound::DB00912,CcSE,Side Effect::C0021053
Compound::DB00903,CcSE,Side Effect::C0015672
Compound::DB00968,CcSE,Side Effect::C0241832
Compound::DB00270,CcSE,Side Effect::C0036974
Compound::DB00584,CcSE,Side Effect::C0349506
Compound::DB00175,CcSE,Side Effect::C0013395
Compound::DB01039,CcSE,Side Effect::C0003862
Compound::DB00575,CcSE,Side Effect::C1443060
Compound::DB00178,CcSE,Side Effect::C0877167
Compound::DB01098,CcSE,Side Effect::C0030193
Compound::DB00876,CcSE,Side Effect::C0392525
Compound::DB00598,CcSE,Side Effect::C0242350
Compound::DB00641,CcSE,Side Effect::C0151763
Compound::DB00622,CcSE,Side Effect::C0027051
Compound::DB00214,CcSE,Side Effect::C0040034
Compound::DB01193,CcSE,Side Effect::C0036973
Compound::DB00678,CcSE,Side Effect::C1368065
Compound::DB00343,CcSE,Side Effect::C0018799
Compound::DB00381,CcSE,Side Effect::C0018802
Compound::DB00880,CcSE,Side Effect::C0027497
Compound::DB01136,CcSE,Side Effect::C0007820
Compound::DB00912,CcSE,Side Effect::C0037274
Compound::DB00381,CcSE,Side Effect::C2830004
Compound::DB00808,CcSE,Side Effect::C0038325
Compound::DB01197,CcSE,Side Effect::C0003460
Compound::DB00343,CcSE,Side Effect::C0018418
Compound::DB00973,CcSE,Side Effect::C0151904
Compound::DB00331,CcSE,Side Effect::C0085593
Compound::DB00492,CcSE,Side Effect::C0036974
Compound::DB01132,CcSE,Side Effect::C0018801
Compound::DB00678,CcSE,Side Effect::C0013604
Compound::DB00622,CcSE,Side Effect::C0028734
Compound::DB00178,CcSE,Side Effect::C0152025
Compound::DB00966,CcSE,Side Effect::C0392025
Compound::DB01197,CcSE,Side Effect::C0947912
Compound::DB01023,CcSE,Side Effect::C0020517
Compound::DB00999,CcSE,Side Effect::C0030305
Compound::DB00627,CcSE,Side Effect::C0085593
Compound::DB00264,CcSE,Side Effect::C0009782
Compound::DB01132,CcSE,Side Effect::C0020615
Compound::DB00881,CcSE,Side Effect::C0917801
Compound::DB01039,CcSE,Side Effect::C0015397
Compound::DB00381,CcSE,Side Effect::C0149931
Compound::DB00187,CcSE,Side Effect::C0042510
Compound::DB01029,CcSE,Side Effect::C0002878
Compound::DB00808,CcSE,Side Effect::C0039070
Compound::DB00672,CcSE,Side Effect::C0012833
Compound::DB00594,CcSE,Side Effect::C0030193
Compound::DB00590,CcSE,Side Effect::C1306341
Compound::DB00880,CcSE,Side Effect::C0011991
Compound::DB00331,CcSE,Side Effect::C0030305
Compound::DB00275,CcSE,Side Effect::C0205707
Compound::DB00381,CcSE,Side Effect::C0043096
Compound::DB00175,CcSE,Side Effect::C0013604
Compound::DB01067,CcSE,Side Effect::C0232487
Compound::DB01023,CcSE,Side Effect::C0003811
Compound::DB00519,CcSE,Side Effect::C0151480
Compound::DB00524,CcSE,Side Effect::C0001824
Compound::DB01197,CcSE,Side Effect::C0011603
Compound::DB01275,CcSE,Side Effect::C0015967
Compound::DB00966,CcSE,Side Effect::C0004238
Compound::DB00973,CcSE,Side Effect::C0162830
Compound::DB01197,CcSE,Side Effect::C0030920
Compound::DB00758,CcSE,Side Effect::C0152169
Compound::DB00381,CcSE,Side Effect::C0549622
Compound::DB00758,CcSE,Side Effect::C0231528
Compound::DB00177,CcSE,Side Effect::C0518015
Compound::DB00542,CcSE,Side Effect::C0242350
Compound::DB00973,CcSE,Side Effect::C0085605
Compound::DB00758,CcSE,Side Effect::C0022660
Compound::DB00973,CcSE,Side Effect::C0017178
Compound::DB00270,CcSE,Side Effect::C0162830
Compound::DB00275,CcSE,Side Effect::C0027765
Compound::DB00796,CcSE,Side Effect::C0027497
Compound::DB00457,CcSE,Side Effect::C0027497
Compound::DB00492,CcSE,Side Effect::C0034063
Compound::DB00175,CcSE,Side Effect::C0151849
Compound::DB00627,CcSE,Side Effect::C0013595
Compound::DB00629,CcSE,Side Effect::C0518015
Compound::DB01261,CcSE,Side Effect::C0038325
Compound::DB00629,CcSE,Side Effect::C0017152
Compound::DB00457,CcSE,Side Effect::C0040264
Compound::DB00796,CcSE,Side Effect::C0700590
Compound::DB00590,CcSE,Side Effect::C0235357
Compound::DB00195,CcSE,Side Effect::C0085593
Compound::DB00343,CcSE,Side Effect::C0028734
Compound::DB00808,CcSE,Side Effect::C0013298
Compound::DB00590,CcSE,Side Effect::C0014544
Compound::DB00584,CcSE,Side Effect::C0030305
Compound::DB00227,CcSE,Side Effect::C0030193
Compound::DB01200,CcSE,Side Effect::C0030920
Compound::DB01067,CcSE,Side Effect::C0016204
Compound::DB01241,CcSE,Side Effect::C0027813
Compound::DB01018,CcSE,Side Effect::C0013395
Compound::DB01275,CcSE,Side Effect::C0008033
Compound::DB00808,CcSE,Side Effect::C0085932
Compound::DB01197,CcSE,Side Effect::C0011849
Compound::DB01136,CcSE,Side Effect::C1142135
Compound::DB00571,CcSE,Side Effect::C0340865
Compound::DB08816,CcSE,Side Effect::C0700225
Compound::DB01136,CcSE,Side Effect::C1384666
Compound::DB01120,CcSE,Side Effect::C0004093
Compound::DB00519,CcSE,Side Effect::C2937358
Compound::DB00966,CcSE,Side Effect::C0009763
Compound::DB00622,CcSE,Side Effect::C0009763
Compound::DB00641,CcSE,Side Effect::C0031117
Compound::DB00722,CcSE,Side Effect::C0151636
Compound::DB00968,CcSE,Side Effect::C0239113
Compound::DB00195,CcSE,Side Effect::C0003862
Compound::DB00575,CcSE,Side Effect::C0018681
Compound::DB08816,CcSE,Side Effect::C0178298
Compound::DB01039,CcSE,Side Effect::C1956346
Compound::DB00343,CcSE,Side Effect::C0232849
Compound::DB00790,CcSE,Side Effect::C0016199
Compound::DB00401,CcSE,Side Effect::C0040147
Compound::DB00457,CcSE,Side Effect::C0012833
Compound::DB00678,CcSE,Side Effect::C0014518
Compound::DB00722,CcSE,Side Effect::C0026821
Compound::DB00492,CcSE,Side Effect::C0242073
Compound::DB00627,CcSE,Side Effect::C0040264
Compound::DB01083,CcSE,Side Effect::C0020676
Compound::DB00275,CcSE,Side Effect::C0151773
Compound::DB01162,CcSE,Side Effect::C0015967
Compound::DB00412,CcSE,Side Effect::C0014742
Compound::DB01244,CcSE,Side Effect::C0041657
Compound::DB00343,CcSE,Side Effect::C0549209
Compound::DB01016,CcSE,Side Effect::C0085762
Compound::DB00881,CcSE,Side Effect::C0234215
Compound::DB00695,CcSE,Side Effect::C2712871
Compound::DB00629,CcSE,Side Effect::C0085631
Compound::DB00973,CcSE,Side Effect::C0042384
Compound::DB01136,CcSE,Side Effect::C0020443
Compound::DB00629,CcSE,Side Effect::C0687713
Compound::DB00758,CcSE,Side Effect::C0027543
Compound::DB01083,CcSE,Side Effect::C0235818
Compound::DB01203,CcSE,Side Effect::C0040264
Compound::DB00903,CcSE,Side Effect::C1443060
Compound::DB01018,CcSE,Side Effect::C0030232
Compound::DB00542,CcSE,Side Effect::C0033687
Compound::DB01023,CcSE,Side Effect::C0855242
Compound::DB00678,CcSE,Side Effect::C0019559
Compound::DB01136,CcSE,Side Effect::C0041969
Compound::DB00401,CcSE,Side Effect::C0231874
Compound::DB00808,CcSE,Side Effect::C0027497
Compound::DB00678,CcSE,Side Effect::C0020649
Compound::DB01067,CcSE,Side Effect::C0011991
Compound::DB00661,CcSE,Side Effect::C0015672
Compound::DB00178,CcSE,Side Effect::C0006266
Compound::DB00880,CcSE,Side Effect::C0221185
Compound::DB01200,CcSE,Side Effect::C0012833
Compound::DB00999,CcSE,Side Effect::C0151904
Compound::DB00178,CcSE,Side Effect::C0151746
Compound::DB00887,CcSE,Side Effect::C0004093
Compound::DB00808,CcSE,Side Effect::C0546884
Compound::DB01359,CcSE,Side Effect::C0151942
Compound::DB00492,CcSE,Side Effect::C1443060
Compound::DB00678,CcSE,Side Effect::C0019158
Compound::DB00584,CcSE,Side Effect::C0038325
Compound::DB00876,CcSE,Side Effect::C0232462
Compound::DB00876,CcSE,Side Effect::C0019348
Compound::DB00960,CcSE,Side Effect::C0948594
Compound::DB00270,CcSE,Side Effect::C0042075
Compound::DB01115,CcSE,Side Effect::C0547030
Compound::DB00457,CcSE,Side Effect::C0151480
Compound::DB00661,CcSE,Side Effect::C0152031
Compound::DB00492,CcSE,Side Effect::C0039070
Compound::DB00584,CcSE,Side Effect::C0004604
Compound::DB00966,CcSE,Side Effect::C0027765
Compound::DB01120,CcSE,Side Effect::C0231528
Compound::DB00790,CcSE,Side Effect::C0017160
Compound::DB08816,CcSE,Side Effect::C0009676
Compound::DB01115,CcSE,Side Effect::C0034642
Compound::DB00945,CcSE,Side Effect::C0020458
Compound::DB00722,CcSE,Side Effect::C0003460
Compound::DB01029,CcSE,Side Effect::C0948349
Compound::DB01018,CcSE,Side Effect::C0151905
Compound::DB01115,CcSE,Side Effect::C0042373
Compound::DB00492,CcSE,Side Effect::C0033687
Compound::DB00678,CcSE,Side Effect::C0857172
Compound::DB01115,CcSE,Side Effect::C0008031
Compound::DB00519,CcSE,Side Effect::C0547030
Compound::DB00575,CcSE,Side Effect::C0037052
Compound::DB00590,CcSE,Side Effect::C0080274
Compound::DB00519,CcSE,Side Effect::C0232462
Compound::DB01067,CcSE,Side Effect::C0023895
Compound::DB01115,CcSE,Side Effect::C0234215
Compound::DB00876,CcSE,Side Effect::C0232849
Compound::DB08816,CcSE,Side Effect::C0011603
Compound::DB01197,CcSE,Side Effect::C0036974
Compound::DB00421,CcSE,Side Effect::C0015967
Compound::DB01120,CcSE,Side Effect::C0438215
Compound::DB00590,CcSE,Side Effect::C0494475
Compound::DB01120,CcSE,Side Effect::C0003467
Compound::DB00175,CcSE,Side Effect::C0040264
Compound::DB00575,CcSE,Side Effect::C2225524
Compound::DB00175,CcSE,Side Effect::C0085593
Compound::DB00284,CcSE,Side Effect::C0021843
Compound::DB00206,CcSE,Side Effect::C0234238
Compound::DB00195,CcSE,Side Effect::C0259799
Compound::DB00808,CcSE,Side Effect::C0030305
Compound::DB00678,CcSE,Side Effect::C0013395
Compound::DB00270,CcSE,Side Effect::C0023530
Compound::DB01200,CcSE,Side Effect::C0036974
Compound::DB00584,CcSE,Side Effect::C0034886
Compound::DB00627,CcSE,Side Effect::C0234193
Compound::DB00880,CcSE,Side Effect::C1291078
Compound::DB00629,CcSE,Side Effect::C0020649
Compound::DB00695,CcSE,Side Effect::C0267792
Compound::DB00629,CcSE,Side Effect::C0043094
Compound::DB00678,CcSE,Side Effect::C0042963
Compound::DB00887,CcSE,Side Effect::C0687713
Compound::DB00175,CcSE,Side Effect::C0520463
Compound::DB00968,CcSE,Side Effect::C0013604
Compound::DB00571,CcSE,Side Effect::C0085633
Compound::DB00542,CcSE,Side Effect::C0003467
Compound::DB01029,CcSE,Side Effect::C0948594
Compound::DB00966,CcSE,Side Effect::C0017168
Compound::DB01120,CcSE,Side Effect::C0031350
Compound::DB01115,CcSE,Side Effect::C0037317
Compound::DB00331,CcSE,Side Effect::C0442874
Compound::DB00758,CcSE,Side Effect::C0019123
Compound::DB00808,CcSE,Side Effect::C0005758
Compound::DB00492,CcSE,Side Effect::C0042109
Compound::DB00381,CcSE,Side Effect::C0042075
Compound::DB00275,CcSE,Side Effect::C0851578
Compound::DB00436,CcSE,Side Effect::C0020649
Compound::DB01067,CcSE,Side Effect::C0035317
Compound::DB01016,CcSE,Side Effect::C0700590
Compound::DB00457,CcSE,Side Effect::C0020458
Compound::DB00412,CcSE,Side Effect::C0020557
Compound::DB00590,CcSE,Side Effect::C0235750
Compound::DB08882,CcSE,Side Effect::C0237849
Compound::DB01200,CcSE,Side Effect::C0001206
Compound::DB00584,CcSE,Side Effect::C0002878
Compound::DB01241,CcSE,Side Effect::C0042963
Compound::DB00421,CcSE,Side Effect::C0022660
Compound::DB00373,CcSE,Side Effect::C0549622
Compound::DB00227,CcSE,Side Effect::C1368065
Compound::DB00598,CcSE,Side Effect::C0278106
Compound::DB00195,CcSE,Side Effect::C0004096
Compound::DB00722,CcSE,Side Effect::C0220870
Compound::DB01241,CcSE,Side Effect::C0042384
Compound::DB04861,CcSE,Side Effect::C0041657
Compound::DB08860,CcSE,Side Effect::C0234215
Compound::DB00178,CcSE,Side Effect::C0033774
Compound::DB00373,CcSE,Side Effect::C0021053
Compound::DB01203,CcSE,Side Effect::C0026896
Compound::DB00331,CcSE,Side Effect::C0030252
Compound::DB01115,CcSE,Side Effect::C0018099
Compound::DB00542,CcSE,Side Effect::C0020517
Compound::DB00519,CcSE,Side Effect::C0085631
Compound::DB00214,CcSE,Side Effect::C0039070
Compound::DB00722,CcSE,Side Effect::C0020651
Compound::DB00966,CcSE,Side Effect::C0020538
Compound::DB00968,CcSE,Side Effect::C0040034
Compound::DB01136,CcSE,Side Effect::C0042510
Compound::DB00584,CcSE,Side Effect::C0340865
Compound::DB00373,CcSE,Side Effect::C0423602
Compound::DB01241,CcSE,Side Effect::C0015397
Compound::DB01136,CcSE,Side Effect::C0030252
Compound::DB00629,CcSE,Side Effect::C1608945
Compound::DB00657,CcSE,Side Effect::C0027497
Compound::DB00622,CcSE,Side Effect::C0012833
Compound::DB00175,CcSE,Side Effect::C0013428
Compound::DB01197,CcSE,Side Effect::C0349506
Compound::DB00641,CcSE,Side Effect::C0851578
Compound::DB00700,CcSE,Side Effect::C0027051
Compound::DB00343,CcSE,Side Effect::C0264906
Compound::DB00195,CcSE,Side Effect::C0023066
Compound::DB00968,CcSE,Side Effect::C0009782
Compound::DB01203,CcSE,Side Effect::C0855242
Compound::DB01083,CcSE,Side Effect::C0037763
Compound::DB00270,CcSE,Side Effect::C1443060
Compound::DB01200,CcSE,Side Effect::C0030232
Compound::DB00678,CcSE,Side Effect::C0002874
Compound::DB00584,CcSE,Side Effect::C0948586
Compound::DB00758,CcSE,Side Effect::C0030305
Compound::DB00722,CcSE,Side Effect::C0151578
Compound::DB00195,CcSE,Side Effect::C0004245
Compound::DB01261,CcSE,Side Effect::C0035078
Compound::DB00808,CcSE,Side Effect::C0020649
Compound::DB00881,CcSE,Side Effect::C0022660
Compound::DB01115,CcSE,Side Effect::C0155003
Compound::DB00310,CcSE,Side Effect::C0014518
Compound::DB01039,CcSE,Side Effect::C0151754
Compound::DB01115,CcSE,Side Effect::C0004936
Compound::DB01039,CcSE,Side Effect::C0232462
Compound::DB00790,CcSE,Side Effect::C0042963
Compound::DB00177,CcSE,Side Effect::C0344232
Compound::DB00331,CcSE,Side Effect::C2047937
Compound::DB01136,CcSE,Side Effect::C0344315
Compound::DB00722,CcSE,Side Effect::C0031350
Compound::DB01136,CcSE,Side Effect::C0038454
Compound::DB01115,CcSE,Side Effect::C0242073
Compound::DB01115,CcSE,Side Effect::C0043352
Compound::DB00343,CcSE,Side Effect::C0151576
Compound::DB00678,CcSE,Side Effect::C0034152
Compound::DB00519,CcSE,Side Effect::C0018801
Compound::DB00758,CcSE,Side Effect::C0235818
Compound::DB01029,CcSE,Side Effect::C0033575
Compound::DB00839,CcSE,Side Effect::C0541900
Compound::DB00790,CcSE,Side Effect::C0036749
Compound::DB01244,CcSE,Side Effect::C1142412
Compound::DB00178,CcSE,Side Effect::C0003811
Compound::DB00421,CcSE,Side Effect::C0235756
Compound::DB00381,CcSE,Side Effect::C0042384
Compound::DB00519,CcSE,Side Effect::C0004245
Compound::DB00722,CcSE,Side Effect::C0151632
Compound::DB00222,CcSE,Side Effect::C0151436
Compound::DB00175,CcSE,Side Effect::C0009241
Compound::DB00222,CcSE,Side Effect::C0917801
Compound::DB00195,CcSE,Side Effect::C0948294
Compound::DB00641,CcSE,Side Effect::C0234233
Compound::DB00968,CcSE,Side Effect::C0151766
Compound::DB01018,CcSE,Side Effect::C0393760
Compound::DB00973,CcSE,Side Effect::C0338656
Compound::DB00519,CcSE,Side Effect::C0349506
Compound::DB00492,CcSE,Side Effect::C0233472
Compound::DB00678,CcSE,Side Effect::C0015230
Compound::DB00912,CcSE,Side Effect::C0035455
Compound::DB00492,CcSE,Side Effect::C0020538
Compound::DB01120,CcSE,Side Effect::C0233414
Compound::DB01120,CcSE,Side Effect::C0232461
Compound::DB00381,CcSE,Side Effect::C0012569
Compound::DB00731,CcSE,Side Effect::C0234369
Compound::DB00175,CcSE,Side Effect::C0206062
Compound::DB00960,CcSE,Side Effect::C1443060
Compound::DB00373,CcSE,Side Effect::C0014591
Compound::DB00275,CcSE,Side Effect::C0017979
Compound::DB01115,CcSE,Side Effect::C0424295
Compound::DB00622,CcSE,Side Effect::C0018681
Compound::DB00903,CcSE,Side Effect::C0233485
Compound::DB01132,CcSE,Side Effect::C0018965
Compound::DB01197,CcSE,Side Effect::C0001122
Compound::DB00796,CcSE,Side Effect::C0006277
Compound::DB01115,CcSE,Side Effect::C0022346
Compound::DB00731,CcSE,Side Effect::C0042963
Compound::DB01115,CcSE,Side Effect::C0022408
Compound::DB00790,CcSE,Side Effect::C0009806
Compound::DB01083,CcSE,Side Effect::C0030252
Compound::DB00584,CcSE,Side Effect::C0687133
Compound::DB00264,CcSE,Side Effect::C0043144
Compound::DB01018,CcSE,Side Effect::C0038990
Compound::DB01197,CcSE,Side Effect::C0020649
Compound::DB01136,CcSE,Side Effect::C0020456
Compound::DB00598,CcSE,Side Effect::C0162529
Compound::DB00808,CcSE,Side Effect::C0009806
Compound::DB01098,CcSE,Side Effect::C0851578
Compound::DB01023,CcSE,Side Effect::C0085606
Compound::DB01083,CcSE,Side Effect::C0040435
Compound::DB01136,CcSE,Side Effect::C0234533
Compound::DB00178,CcSE,Side Effect::C0030305
Compound::DB00381,CcSE,Side Effect::C0020458
Compound::DB00657,CcSE,Side Effect::C0016059
Compound::DB01120,CcSE,Side Effect::C0035309
Compound::DB00519,CcSE,Side Effect::C0026821
Compound::DB01193,CcSE,Side Effect::C0024141
Compound::DB01067,CcSE,Side Effect::C0547030
Compound::DB00627,CcSE,Side Effect::C0162834
Compound::DB01029,CcSE,Side Effect::C0233494
Compound::DB01029,CcSE,Side Effect::C0035078
Compound::DB00381,CcSE,Side Effect::C0020456
Compound::DB00758,CcSE,Side Effect::C2711227
Compound::DB01244,CcSE,Side Effect::C0035455
Compound::DB00491,CcSE,Side Effect::C0426576
Compound::DB00999,CcSE,Side Effect::C0085633
Compound::DB01241,CcSE,Side Effect::C0003615
Compound::DB00275,CcSE,Side Effect::C0023380
Compound::DB00966,CcSE,Side Effect::C0036974
Compound::DB04861,CcSE,Side Effect::C0015230
Compound::DB00206,CcSE,Side Effect::C0013404
Compound::DB01120,CcSE,Side Effect::C0278134
Compound::DB00594,CcSE,Side Effect::C0553704
Compound::DB01197,CcSE,Side Effect::C0006266
Compound::DB00331,CcSE,Side Effect::C0020580
Compound::DB00195,CcSE,Side Effect::C0036104
Compound::DB01193,CcSE,Side Effect::C0007398
Compound::DB00973,CcSE,Side Effect::C0013404
Compound::DB00999,CcSE,Side Effect::C0236075
Compound::DB00790,CcSE,Side Effect::C0013395
Compound::DB00808,CcSE,Side Effect::C0020621
Compound::DB01083,CcSE,Side Effect::C1519353
Compound::DB01275,CcSE,Side Effect::C0085631
Compound::DB01120,CcSE,Side Effect::C0003811
Compound::DB01115,CcSE,Side Effect::C1368065
Compound::DB01136,CcSE,Side Effect::C0020433
Compound::DB00790,CcSE,Side Effect::C0277925
Compound::DB00695,CcSE,Side Effect::C0011991
Compound::DB00912,CcSE,Side Effect::C0085649
Compound::DB00999,CcSE,Side Effect::C0003811
Compound::DB00457,CcSE,Side Effect::C0020517
Compound::DB01193,CcSE,Side Effect::C0011991
Compound::DB00722,CcSE,Side Effect::C0040822
Compound::DB00175,CcSE,Side Effect::C0023895
Compound::DB00227,CcSE,Side Effect::C0026848
Compound::DB00275,CcSE,Side Effect::C0042373
Compound::DB00214,CcSE,Side Effect::C0740394
Compound::DB00519,CcSE,Side Effect::C0151632
Compound::DB01083,CcSE,Side Effect::C0016658
Compound::DB00876,CcSE,Side Effect::C0020649
Compound::DB00457,CcSE,Side Effect::C0015230
Compound::DB00695,CcSE,Side Effect::C0687133
Compound::DB00575,CcSE,Side Effect::C0014591
Compound::DB00903,CcSE,Side Effect::C0022346
Compound::DB00264,CcSE,Side Effect::C0027769
Compound::DB00945,CcSE,Side Effect::C0034150
Compound::DB01083,CcSE,Side Effect::C0037199
Compound::DB00584,CcSE,Side Effect::C0021141
Compound::DB00187,CcSE,Side Effect::C0340305
Compound::DB00657,CcSE,Side Effect::C0004093
Compound::DB00331,CcSE,Side Effect::C0232462
Compound::DB01200,CcSE,Side Effect::C0002418
Compound::DB01039,CcSE,Side Effect::C0151539
Compound::DB00800,CcSE,Side Effect::C0038990
Compound::DB00412,CcSE,Side Effect::C0435002
Compound::DB00808,CcSE,Side Effect::C0403632
Compound::DB00584,CcSE,Side Effect::C0003864
Compound::DB01018,CcSE,Side Effect::C0014394
Compound::DB00808,CcSE,Side Effect::C0040435
Compound::DB00973,CcSE,Side Effect::C0040034
Compound::DB01120,CcSE,Side Effect::C0497538
Compound::DB01136,CcSE,Side Effect::C0028173
Compound::DB00800,CcSE,Side Effect::C0003467
Compound::DB00758,CcSE,Side Effect::C0037274
Compound::DB00177,CcSE,Side Effect::C0235431
Compound::DB00175,CcSE,Side Effect::C0000731
Compound::DB00880,CcSE,Side Effect::C0242350
Compound::DB00966,CcSE,Side Effect::C0018965
Compound::DB00227,CcSE,Side Effect::C0151576
Compound::DB00945,CcSE,Side Effect::C0036974
Compound::DB00381,CcSE,Side Effect::C0178298
Compound::DB00790,CcSE,Side Effect::C0021775
Compound::DB01067,CcSE,Side Effect::C0020517
Compound::DB00492,CcSE,Side Effect::C0039231
Compound::DB00672,CcSE,Side Effect::C0232462
Compound::DB00661,CcSE,Side Effect::C0023380
Compound::DB00966,CcSE,Side Effect::C0003864
Compound::DB00584,CcSE,Side Effect::C0041657
Compound::DB01016,CcSE,Side Effect::C0004093
Compound::DB01197,CcSE,Side Effect::C0687133
Compound::DB00629,CcSE,Side Effect::C1096035
Compound::DB01136,CcSE,Side Effect::C0027051
Compound::DB01018,CcSE,Side Effect::C3665347
Compound::DB01197,CcSE,Side Effect::C0232462
Compound::DB00758,CcSE,Side Effect::C0002871
Compound::DB01193,CcSE,Side Effect::C0232462
Compound::DB01203,CcSE,Side Effect::C0020458
Compound::DB00678,CcSE,Side Effect::C0041349
Compound::DB01098,CcSE,Side Effect::C0027121
Compound::DB00590,CcSE,Side Effect::C0236075
Compound::DB00678,CcSE,Side Effect::C0013491
Compound::DB00270,CcSE,Side Effect::C0039231
Compound::DB00214,CcSE,Side Effect::C0231528
Compound::DB00264,CcSE,Side Effect::C0854382
Compound::DB00594,CcSE,Side Effect::C0016204
Compound::DB01197,CcSE,Side Effect::C0497247
Compound::DB00790,CcSE,Side Effect::C0022346
Compound::DB01120,CcSE,Side Effect::C0038325
Compound::DB00177,CcSE,Side Effect::C2364111
Compound::DB00790,CcSE,Side Effect::C3665386
Compound::DB00622,CcSE,Side Effect::C0018965
Compound::DB00275,CcSE,Side Effect::C0020557
Compound::DB01029,CcSE,Side Effect::C0948089
Compound::DB00331,CcSE,Side Effect::C0018799
Compound::DB00412,CcSE,Side Effect::C0235996
Compound::DB01115,CcSE,Side Effect::C0017574
Compound::DB01120,CcSE,Side Effect::C0016204
Compound::DB00401,CcSE,Side Effect::C0023218
Compound::DB00175,CcSE,Side Effect::C0011053
Compound::DB00903,CcSE,Side Effect::C0239182
Compound::DB00999,CcSE,Side Effect::C0000737
Compound::DB00519,CcSE,Side Effect::C0428974
Compound::DB01098,CcSE,Side Effect::C0002994
Compound::DB01039,CcSE,Side Effect::C0041747
Compound::DB00808,CcSE,Side Effect::C0013491
Compound::DB00373,CcSE,Side Effect::C0005741
Compound::DB00575,CcSE,Side Effect::C0344320
Compound::DB01039,CcSE,Side Effect::C0235431
Compound::DB00175,CcSE,Side Effect::C0231528
Compound::DB01115,CcSE,Side Effect::C0014457
Compound::DB00808,CcSE,Side Effect::C0035410
Compound::DB00903,CcSE,Side Effect::C0040264
Compound::DB01197,CcSE,Side Effect::C0032617
Compound::DB00629,CcSE,Side Effect::C0011609
Compound::DB00808,CcSE,Side Effect::C0006277
Compound::DB01197,CcSE,Side Effect::C0917801
Compound::DB00206,CcSE,Side Effect::C0018418
Compound::DB00571,CcSE,Side Effect::C0234458
Compound::DB00214,CcSE,Side Effect::C3160741
Compound::DB00264,CcSE,Side Effect::C0600260
Compound::DB01197,CcSE,Side Effect::C0043352
Compound::DB00800,CcSE,Side Effect::C0002962
Compound::DB01098,CcSE,Side Effect::C0022660
Compound::DB00542,CcSE,Side Effect::C0541923
Compound::DB01136,CcSE,Side Effect::C0020517
Compound::DB00594,CcSE,Side Effect::C0853760
Compound::DB01039,CcSE,Side Effect::C0151746
Compound::DB00571,CcSE,Side Effect::C0024141
Compound::DB01136,CcSE,Side Effect::C0017181
Compound::DB00584,CcSE,Side Effect::C0009763
Compound::DB01200,CcSE,Side Effect::C0020538
Compound::DB00584,CcSE,Side Effect::C0030807
Compound::DB00641,CcSE,Side Effect::C0011570
Compound::DB00661,CcSE,Side Effect::C0235660
Compound::DB00966,CcSE,Side Effect::C0259749
Compound::DB00206,CcSE,Side Effect::C0011991
Compound::DB00800,CcSE,Side Effect::C0020621
Compound::DB00758,CcSE,Side Effect::C0009676
Compound::DB00275,CcSE,Side Effect::C0020461
Compound::DB00575,CcSE,Side Effect::C0235234
Compound::DB00343,CcSE,Side Effect::C0007859
Compound::DB00880,CcSE,Side Effect::C0740394
Compound::DB00421,CcSE,Side Effect::C0678222
Compound::DB00796,CcSE,Side Effect::C0042109
Compound::DB00758,CcSE,Side Effect::C0021775
Compound::DB01244,CcSE,Side Effect::C0040822
Compound::DB00343,CcSE,Side Effect::C0039971
Compound::DB01120,CcSE,Side Effect::C0020635
Compound::DB00519,CcSE,Side Effect::C0018799
Compound::DB01039,CcSE,Side Effect::C0042571
Compound::DB00381,CcSE,Side Effect::C0917801
Compound::DB01018,CcSE,Side Effect::C0151766
Compound::DB01023,CcSE,Side Effect::C0022107
Compound::DB00401,CcSE,Side Effect::C0013428
Compound::DB01200,CcSE,Side Effect::C0857353
Compound::DB00575,CcSE,Side Effect::C0549622
Compound::DB00641,CcSE,Side Effect::C0006277
Compound::DB01039,CcSE,Side Effect::C0349506
Compound::DB00584,CcSE,Side Effect::C0023530
Compound::DB01162,CcSE,Side Effect::C0013604
Compound::DB01136,CcSE,Side Effect::C0041912
Compound::DB00264,CcSE,Side Effect::C0015967
Compound::DB00575,CcSE,Side Effect::C0039070
Compound::DB00966,CcSE,Side Effect::C0392171
Compound::DB01039,CcSE,Side Effect::C0020615
Compound::DB00960,CcSE,Side Effect::C0003862
Compound::DB00401,CcSE,Side Effect::C0021400
Compound::DB00264,CcSE,Side Effect::C0150450
Compound::DB00175,CcSE,Side Effect::C0040822
Compound::DB01203,CcSE,Side Effect::C0234238
Compound::DB00275,CcSE,Side Effect::C0262988
Compound::DB00678,CcSE,Side Effect::C1443060
Compound::DB00968,CcSE,Side Effect::C2225524
Compound::DB00178,CcSE,Side Effect::C0010200
Compound::DB01120,CcSE,Side Effect::C0040822
Compound::DB00381,CcSE,Side Effect::C0015397
Compound::DB01039,CcSE,Side Effect::C0877359
Compound::DB01120,CcSE,Side Effect::C0750857
Compound::DB00519,CcSE,Side Effect::C0021053
Compound::DB00758,CcSE,Side Effect::C0027497
Compound::DB00178,CcSE,Side Effect::C0023530
Compound::DB00966,CcSE,Side Effect::C0007222
Compound::DB01241,CcSE,Side Effect::C0002994
Compound::DB01120,CcSE,Side Effect::C0035455
Compound::DB00700,CcSE,Side Effect::C0151904
Compound::DB01241,CcSE,Side Effect::C0018099
Compound::DB00695,CcSE,Side Effect::C1291077
Compound::DB00373,CcSE,Side Effect::C0234458
Compound::DB00227,CcSE,Side Effect::C0023222
Compound::DB00270,CcSE,Side Effect::C0004238
Compound::DB00973,CcSE,Side Effect::C0004604
Compound::DB00264,CcSE,Side Effect::C0038454
Compound::DB00790,CcSE,Side Effect::C0038362
Compound::DB00195,CcSE,Side Effect::C1368065
Compound::DB00808,CcSE,Side Effect::C0042571
Compound::DB00310,CcSE,Side Effect::C0740394
Compound::DB01115,CcSE,Side Effect::C0151971
Compound::DB00722,CcSE,Side Effect::C0019559
Compound::DB00542,CcSE,Side Effect::C0002878
Compound::DB00373,CcSE,Side Effect::C0007398
Compound::DB00966,CcSE,Side Effect::C0542571
Compound::DB01197,CcSE,Side Effect::C0030807
Compound::DB00175,CcSE,Side Effect::C0018834
Compound::DB00270,CcSE,Side Effect::C0039070
Compound::DB00275,CcSE,Side Effect::C0022660
Compound::DB01200,CcSE,Side Effect::C0012739
Compound::DB00627,CcSE,Side Effect::C0020433
Compound::DB01241,CcSE,Side Effect::C0012833
Compound::DB00519,CcSE,Side Effect::C0042029
Compound::DB00195,CcSE,Side Effect::C0700361
Compound::DB01261,CcSE,Side Effect::C0020538
Compound::DB01200,CcSE,Side Effect::C0011206
Compound::DB00945,CcSE,Side Effect::C0020615
Compound::DB00700,CcSE,Side Effect::C0042963
Compound::DB00214,CcSE,Side Effect::C0546884
Compound::DB00758,CcSE,Side Effect::C0162119
Compound::DB01067,CcSE,Side Effect::C0003862
Compound::DB00584,CcSE,Side Effect::C0020625
Compound::DB00966,CcSE,Side Effect::C0043352
Compound::DB00270,CcSE,Side Effect::C0018681
Compound::DB00758,CcSE,Side Effect::C0002884
Compound::DB01132,CcSE,Side Effect::C0151736
Compound::DB00421,CcSE,Side Effect::C0002453
Compound::DB00457,CcSE,Side Effect::C0013604
Compound::DB00700,CcSE,Side Effect::C0016382
Compound::DB01193,CcSE,Side Effect::C0042963
Compound::DB00270,CcSE,Side Effect::C0877359
Compound::DB01203,CcSE,Side Effect::C0853692
Compound::DB00661,CcSE,Side Effect::C0392703
Compound::DB00594,CcSE,Side Effect::C0013395
Compound::DB00966,CcSE,Side Effect::C0033774
Compound::DB01162,CcSE,Side Effect::C0917801
Compound::DB00195,CcSE,Side Effect::C0948594
Compound::DB01115,CcSE,Side Effect::C0002418
Compound::DB01083,CcSE,Side Effect::C0259749
Compound::DB00590,CcSE,Side Effect::C0857121
Compound::DB00412,CcSE,Side Effect::C0086565
Compound::DB00758,CcSE,Side Effect::C0015695
Compound::DB00876,CcSE,Side Effect::C0017574
Compound::DB01115,CcSE,Side Effect::C0151766
Compound::DB01193,CcSE,Side Effect::C0011603
Compound::DB00590,CcSE,Side Effect::C0016382
Compound::DB00264,CcSE,Side Effect::C0857305
Compound::DB00401,CcSE,Side Effect::C0030554
Compound::DB00678,CcSE,Side Effect::C0008031
Compound::DB00678,CcSE,Side Effect::C0542571
Compound::DB01115,CcSE,Side Effect::C0034063
Compound::DB00629,CcSE,Side Effect::C1608397
Compound::DB00590,CcSE,Side Effect::C0011551
Compound::DB01067,CcSE,Side Effect::C0162533
Compound::DB01136,CcSE,Side Effect::C0151603
Compound::DB00275,CcSE,Side Effect::C0853760
Compound::DB00590,CcSE,Side Effect::C0014591
Compound::DB00457,CcSE,Side Effect::C0033774
Compound::DB00343,CcSE,Side Effect::C0042514
Compound::DB01018,CcSE,Side Effect::C0027769
Compound::DB00270,CcSE,Side Effect::C2363730
Compound::DB00175,CcSE,Side Effect::C2047937
Compound::DB00839,CcSE,Side Effect::C0020625
Compound::DB00598,CcSE,Side Effect::C0267410
Compound::DB00960,CcSE,Side Effect::C0027769
Compound::DB01029,CcSE,Side Effect::C0023530
Compound::DB00492,CcSE,Side Effect::C0043094
Compound::DB01039,CcSE,Side Effect::C0010692
Compound::DB00343,CcSE,Side Effect::C0027441
Compound::DB01197,CcSE,Side Effect::C0497156
Compound::DB00695,CcSE,Side Effect::C1368065
Compound::DB00876,CcSE,Side Effect::C0016867
Compound::DB01016,CcSE,Side Effect::C0013604
Compound::DB00519,CcSE,Side Effect::C0043352
Compound::DB00622,CcSE,Side Effect::C2047937
Compound::DB01124,CcSE,Side Effect::C0302295
Compound::DB01120,CcSE,Side Effect::C0151436
Compound::DB00790,CcSE,Side Effect::C2939186
Compound::DB01203,CcSE,Side Effect::C0042963
Compound::DB00966,CcSE,Side Effect::C0424790
Compound::DB00722,CcSE,Side Effect::C0338908
Compound::DB00999,CcSE,Side Effect::C0042514
Compound::DB00195,CcSE,Side Effect::C0013395
Compound::DB08816,CcSE,Side Effect::C1112525
Compound::DB00627,CcSE,Side Effect::C0004093
Compound::DB08816,CcSE,Side Effect::C2712054
Compound::DB01115,CcSE,Side Effect::C0017178
Compound::DB00195,CcSE,Side Effect::C1145670
Compound::DB00912,CcSE,Side Effect::C0003811
Compound::DB01039,CcSE,Side Effect::C0013295
Compound::DB00519,CcSE,Side Effect::C0035078
Compound::DB01039,CcSE,Side Effect::C0027796
Compound::DB00598,CcSE,Side Effect::C0428977
Compound::DB01120,CcSE,Side Effect::C0018834
Compound::DB00700,CcSE,Side Effect::C0235416
Compound::DB00999,CcSE,Side Effect::C0019158
Compound::DB00590,CcSE,Side Effect::C0042035
Compound::DB00343,CcSE,Side Effect::C0011991
Compound::DB00598,CcSE,Side Effect::C0042109
Compound::DB00222,CcSE,Side Effect::C0017178
Compound::DB00275,CcSE,Side Effect::C0037199
Compound::DB00622,CcSE,Side Effect::C0085631
Compound::DB00695,CcSE,Side Effect::C0020649
Compound::DB00177,CcSE,Side Effect::C0700225
Compound::DB00678,CcSE,Side Effect::C0855242
Compound::DB01200,CcSE,Side Effect::C0040264
Compound::DB01241,CcSE,Side Effect::C0026858
Compound::DB01162,CcSE,Side Effect::C0039231
Compound::DB00590,CcSE,Side Effect::C0392025
Compound::DB01018,CcSE,Side Effect::C0009763
Compound::DB01098,CcSE,Side Effect::C0026826
Compound::DB01120,CcSE,Side Effect::C0027339
Compound::DB00881,CcSE,Side Effect::C0003862
Compound::DB00590,CcSE,Side Effect::C0015393
Compound::DB01039,CcSE,Side Effect::C0151547
Compound::DB00641,CcSE,Side Effect::C0026848
Compound::DB00401,CcSE,Side Effect::C0423791
Compound::DB00661,CcSE,Side Effect::C0870082
Compound::DB01132,CcSE,Side Effect::C0042075
Compound::DB00195,CcSE,Side Effect::C1305875
Compound::DB00524,CcSE,Side Effect::C0014518
Compound::DB00808,CcSE,Side Effect::C0006384
Compound::DB00275,CcSE,Side Effect::C0040034
Compound::DB00584,CcSE,Side Effect::C0004093
Compound::DB00206,CcSE,Side Effect::C0036974
Compound::DB00966,CcSE,Side Effect::C0010692
Compound::DB01120,CcSE,Side Effect::C0022660
Compound::DB01115,CcSE,Side Effect::C0022661
Compound::DB00627,CcSE,Side Effect::C0162429
Compound::DB00661,CcSE,Side Effect::C0027497
Compound::DB01029,CcSE,Side Effect::C0013604
Compound::DB01029,CcSE,Side Effect::C0037317
Compound::DB00790,CcSE,Side Effect::C0033687
Compound::DB00519,CcSE,Side Effect::C0034068
Compound::DB00641,CcSE,Side Effect::C0239571
Compound::DB00331,CcSE,Side Effect::C0015672
Compound::DB00590,CcSE,Side Effect::C0542571
Compound::DB01203,CcSE,Side Effect::C0857121
Compound::DB01039,CcSE,Side Effect::C0003864
Compound::DB00678,CcSE,Side Effect::C0014591
Compound::DB01203,CcSE,Side Effect::C0002170
Compound::DB01039,CcSE,Side Effect::C0438215
Compound::DB01039,CcSE,Side Effect::C0013491
Compound::DB00264,CcSE,Side Effect::C0041657
Compound::DB00598,CcSE,Side Effect::C0235439
Compound::DB01136,CcSE,Side Effect::C0151746
Compound::DB01039,CcSE,Side Effect::C0019372
Compound::DB00695,CcSE,Side Effect::C0020458
Compound::DB00187,CcSE,Side Effect::C3665386
Compound::DB00492,CcSE,Side Effect::C0079924
Compound::DB00331,CcSE,Side Effect::C0856110
Compound::DB01098,CcSE,Side Effect::C0009450
Compound::DB00790,CcSE,Side Effect::C0011606
Compound::DB00457,CcSE,Side Effect::C0233494
Compound::DB00310,CcSE,Side Effect::C0042571
Compound::DB01115,CcSE,Side Effect::C0162429
Compound::DB00275,CcSE,Side Effect::C0009806
Compound::DB00960,CcSE,Side Effect::C0030554
Compound::DB00622,CcSE,Side Effect::C0038990
Compound::DB00195,CcSE,Side Effect::C0018801
Compound::DB00519,CcSE,Side Effect::C0239134
Compound::DB00758,CcSE,Side Effect::C0740394
Compound::DB01018,CcSE,Side Effect::C0012833
Compound::DB08860,CcSE,Side Effect::C0027497
Compound::DB00590,CcSE,Side Effect::C0740394
Compound::DB00575,CcSE,Side Effect::C0018799
Compound::DB00195,CcSE,Side Effect::C0033774
Compound::DB00373,CcSE,Side Effect::C0020649
Compound::DB00808,CcSE,Side Effect::C0026821
Compound::DB00373,CcSE,Side Effect::C0241705
Compound::DB00178,CcSE,Side Effect::C1610056
Compound::DB00519,CcSE,Side Effect::C0038990
Compound::DB01193,CcSE,Side Effect::C0030196
Compound::DB00178,CcSE,Side Effect::C0853760
Compound::DB01136,CcSE,Side Effect::C0034063
Compound::DB00264,CcSE,Side Effect::C0728936
Compound::DB00542,CcSE,Side Effect::C0011991
Compound::DB00401,CcSE,Side Effect::C0036974
Compound::DB00584,CcSE,Side Effect::C0039503
Compound::DB00960,CcSE,Side Effect::C0542052
Compound::DB00775,CcSE,Side Effect::C0007177
Compound::DB00343,CcSE,Side Effect::C0004093
Compound::DB00187,CcSE,Side Effect::C0035508
Compound::DB00758,CcSE,Side Effect::C0004604
Compound::DB00722,CcSE,Side Effect::C0917801
Compound::DB01029,CcSE,Side Effect::C0027769
Compound::DB00622,CcSE,Side Effect::C0040822
Compound::DB01115,CcSE,Side Effect::C0233414
Compound::DB01083,CcSE,Side Effect::C0002792
Compound::DB00627,CcSE,Side Effect::C0030193
Compound::DB00722,CcSE,Side Effect::C0006145
Compound::DB00758,CcSE,Side Effect::C0042029
Compound::DB00275,CcSE,Side Effect::C0024141
Compound::DB00629,CcSE,Side Effect::C0342579
Compound::DB01016,CcSE,Side Effect::C0021141
Compound::DB01244,CcSE,Side Effect::C0013604
Compound::DB01115,CcSE,Side Effect::C0234428
Compound::DB01016,CcSE,Side Effect::C0012569
